[2025-12-05 20:05:53] 🟢 Geotag + Tree-Sorting service started successfully.
[2025-12-05 20:05:53] 🔍 Scanning C:\Users\Recap\OneDrive\Documents\Banana_Project\Geotag_images\PlaceholderUSB for new images...
[2025-12-05 20:05:57] 🔍 Scanning C:\Users\Recap\OneDrive\Documents\Banana_Project\Geotag_images\PlaceholderUSB for new images...
[2025-12-05 20:06:01] 🔍 Scanning C:\Users\Recap\OneDrive\Documents\Banana_Project\Geotag_images\PlaceholderUSB for new images...
[2025-12-05 20:06:01] 🔍 Scanning C:\Users\Recap\OneDrive\Documents\Banana_Project\Geotag_images\PlaceholderUSB for new images...
[2025-12-05 20:06:02] 🔍 Scanning C:\Users\Recap\OneDrive\Documents\Banana_Project\Geotag_images\PlaceholderUSB for new images...
[2025-12-05 20:06:03] 🔍 Scanning C:\Users\Recap\OneDrive\Documents\Banana_Project\Geotag_images\PlaceholderUSB for new images...
[2025-12-05 20:06:03] 🔍 Scanning C:\Users\Recap\OneDrive\Documents\Banana_Project\Geotag_images\PlaceholderUSB for new images...
[2025-12-05 20:06:07] 🔍 Scanning C:\Users\Recap\OneDrive\Documents\Banana_Project\Geotag_images\PlaceholderUSB for new images...
[2025-12-05 20:06:11] 🔍 Scanning C:\Users\Recap\OneDrive\Documents\Banana_Project\Geotag_images\PlaceholderUSB for new images...
[2025-12-05 20:06:11] 🔍 Scanning C:\Users\Recap\OneDrive\Documents\Banana_Project\Geotag_images\PlaceholderUSB for new images...
[2025-12-05 20:06:12] 🔍 Scanning C:\Users\Recap\OneDrive\Documents\Banana_Project\Geotag_images\PlaceholderUSB for new images...
[2025-12-05 20:06:13] 🔍 Scanning C:\Users\Recap\OneDrive\Documents\Banana_Project\Geotag_images\PlaceholderUSB for new images...
[2025-12-05 20:06:13] 🔍 Scanning C:\Users\Recap\OneDrive\Documents\Banana_Project\Geotag_images\PlaceholderUSB for new images...
[2025-12-05 20:06:17] 🔍 Scanning C:\Users\Recap\OneDrive\Documents\Banana_Project\Geotag_images\PlaceholderUSB for new images...
[2025-12-05 20:06:21] 🔍 Scanning C:\Users\Recap\OneDrive\Documents\Banana_Project\Geotag_images\PlaceholderUSB for new images...
[2025-12-05 20:06:21] 🔍 Scanning C:\Users\Recap\OneDrive\Documents\Banana_Project\Geotag_images\PlaceholderUSB for new images...
[2025-12-05 20:06:22] 🔍 Scanning C:\Users\Recap\OneDrive\Documents\Banana_Project\Geotag_images\PlaceholderUSB for new images...
[2025-12-05 20:06:23] 🔍 Scanning C:\Users\Recap\OneDrive\Documents\Banana_Project\Geotag_images\PlaceholderUSB for new images...
[2025-12-05 20:06:23] 🔍 Scanning C:\Users\Recap\OneDrive\Documents\Banana_Project\Geotag_images\PlaceholderUSB for new images...
[2025-12-05 20:06:27] 🔍 Scanning C:\Users\Recap\OneDrive\Documents\Banana_Project\Geotag_images\PlaceholderUSB for new images...
[2025-12-05 20:06:31] 🔍 Scanning C:\Users\Recap\OneDrive\Documents\Banana_Project\Geotag_images\PlaceholderUSB for new images...
[2025-12-05 20:06:31] 🔍 Scanning C:\Users\Recap\OneDrive\Documents\Banana_Project\Geotag_images\PlaceholderUSB for new images...
[2025-12-05 20:06:32] 🔍 Scanning C:\Users\Recap\OneDrive\Documents\Banana_Project\Geotag_images\PlaceholderUSB for new images...
[2025-12-05 20:06:33] 🔍 Scanning C:\Users\Recap\OneDrive\Documents\Banana_Project\Geotag_images\PlaceholderUSB for new images...
[2025-12-05 20:06:33] 🔍 Scanning C:\Users\Recap\OneDrive\Documents\Banana_Project\Geotag_images\PlaceholderUSB for new images...
[2025-12-05 20:06:37] 🔍 Scanning C:\Users\Recap\OneDrive\Documents\Banana_Project\Geotag_images\PlaceholderUSB for new images...
[2025-12-05 20:06:41] 🔍 Scanning C:\Users\Recap\OneDrive\Documents\Banana_Project\Geotag_images\PlaceholderUSB for new images...
[2025-12-05 20:06:41] 🔍 Scanning C:\Users\Recap\OneDrive\Documents\Banana_Project\Geotag_images\PlaceholderUSB for new images...
[2025-12-05 20:06:42] 🔍 Scanning C:\Users\Recap\OneDrive\Documents\Banana_Project\Geotag_images\PlaceholderUSB for new images...
[2025-12-05 20:06:43] 🔍 Scanning C:\Users\Recap\OneDrive\Documents\Banana_Project\Geotag_images\PlaceholderUSB for new images...
[2025-12-05 20:06:43] 🔍 Scanning C:\Users\Recap\OneDrive\Documents\Banana_Project\Geotag_images\PlaceholderUSB for new images...
[2025-12-05 20:06:47] 🔍 Scanning C:\Users\Recap\OneDrive\Documents\Banana_Project\Geotag_images\PlaceholderUSB for new images...
[2025-12-05 20:06:51] 🔍 Scanning C:\Users\Recap\OneDrive\Documents\Banana_Project\Geotag_images\PlaceholderUSB for new images...
[2025-12-05 20:06:51] 🔍 Scanning C:\Users\Recap\OneDrive\Documents\Banana_Project\Geotag_images\PlaceholderUSB for new images...
[2025-12-05 20:06:52] 🔍 Scanning C:\Users\Recap\OneDrive\Documents\Banana_Project\Geotag_images\PlaceholderUSB for new images...
[2025-12-05 20:06:53] 🔍 Scanning C:\Users\Recap\OneDrive\Documents\Banana_Project\Geotag_images\PlaceholderUSB for new images...
[2025-12-05 20:06:53] 🔍 Scanning C:\Users\Recap\OneDrive\Documents\Banana_Project\Geotag_images\PlaceholderUSB for new images...
[2025-12-05 20:06:57] 🔍 Scanning C:\Users\Recap\OneDrive\Documents\Banana_Project\Geotag_images\PlaceholderUSB for new images...
[2025-12-05 20:07:01] 🔍 Scanning C:\Users\Recap\OneDrive\Documents\Banana_Project\Geotag_images\PlaceholderUSB for new images...
[2025-12-05 20:07:01] 🔍 Scanning C:\Users\Recap\OneDrive\Documents\Banana_Project\Geotag_images\PlaceholderUSB for new images...
[2025-12-05 20:07:02] 🔍 Scanning C:\Users\Recap\OneDrive\Documents\Banana_Project\Geotag_images\PlaceholderUSB for new images...
[2025-12-05 20:07:03] 🔍 Scanning C:\Users\Recap\OneDrive\Documents\Banana_Project\Geotag_images\PlaceholderUSB for new images...
[2025-12-05 20:07:03] 🔍 Scanning C:\Users\Recap\OneDrive\Documents\Banana_Project\Geotag_images\PlaceholderUSB for new images...
[2025-12-05 20:07:07] 🔍 Scanning C:\Users\Recap\OneDrive\Documents\Banana_Project\Geotag_images\PlaceholderUSB for new images...
[2025-12-05 20:07:11] 🔍 Scanning C:\Users\Recap\OneDrive\Documents\Banana_Project\Geotag_images\PlaceholderUSB for new images...
[2025-12-05 20:07:11] 🔍 Scanning C:\Users\Recap\OneDrive\Documents\Banana_Project\Geotag_images\PlaceholderUSB for new images...
[2025-12-05 20:07:12] 🔍 Scanning C:\Users\Recap\OneDrive\Documents\Banana_Project\Geotag_images\PlaceholderUSB for new images...
[2025-12-05 20:07:13] 🔍 Scanning C:\Users\Recap\OneDrive\Documents\Banana_Project\Geotag_images\PlaceholderUSB for new images...
[2025-12-05 20:07:13] 🔍 Scanning C:\Users\Recap\OneDrive\Documents\Banana_Project\Geotag_images\PlaceholderUSB for new images...
[2025-12-05 20:07:17] 🔍 Scanning C:\Users\Recap\OneDrive\Documents\Banana_Project\Geotag_images\PlaceholderUSB for new images...
[2025-12-05 20:07:21] 🔍 Scanning C:\Users\Recap\OneDrive\Documents\Banana_Project\Geotag_images\PlaceholderUSB for new images...
[2025-12-05 20:07:21] 🔍 Scanning C:\Users\Recap\OneDrive\Documents\Banana_Project\Geotag_images\PlaceholderUSB for new images...
[2025-12-05 20:07:22] 🔍 Scanning C:\Users\Recap\OneDrive\Documents\Banana_Project\Geotag_images\PlaceholderUSB for new images...
[2025-12-05 20:07:23] 🔍 Scanning C:\Users\Recap\OneDrive\Documents\Banana_Project\Geotag_images\PlaceholderUSB for new images...
[2025-12-05 20:07:23] 🔍 Scanning C:\Users\Recap\OneDrive\Documents\Banana_Project\Geotag_images\PlaceholderUSB for new images...
[2025-12-05 20:07:27] 🔍 Scanning C:\Users\Recap\OneDrive\Documents\Banana_Project\Geotag_images\PlaceholderUSB for new images...
[2025-12-05 20:07:31] 🔍 Scanning C:\Users\Recap\OneDrive\Documents\Banana_Project\Geotag_images\PlaceholderUSB for new images...
[2025-12-05 20:07:31] 🔍 Scanning C:\Users\Recap\OneDrive\Documents\Banana_Project\Geotag_images\PlaceholderUSB for new images...
[2025-12-05 20:07:32] 🔍 Scanning C:\Users\Recap\OneDrive\Documents\Banana_Project\Geotag_images\PlaceholderUSB for new images...
[2025-12-05 20:07:33] 🔍 Scanning C:\Users\Recap\OneDrive\Documents\Banana_Project\Geotag_images\PlaceholderUSB for new images...
[2025-12-05 20:07:33] 🔍 Scanning C:\Users\Recap\OneDrive\Documents\Banana_Project\Geotag_images\PlaceholderUSB for new images...
[2025-12-05 20:07:37] 🔍 Scanning C:\Users\Recap\OneDrive\Documents\Banana_Project\Geotag_images\PlaceholderUSB for new images...
[2025-12-05 20:07:41] 🔍 Scanning C:\Users\Recap\OneDrive\Documents\Banana_Project\Geotag_images\PlaceholderUSB for new images...
[2025-12-05 20:07:41] 🔍 Scanning C:\Users\Recap\OneDrive\Documents\Banana_Project\Geotag_images\PlaceholderUSB for new images...
[2025-12-05 20:07:42] 🔍 Scanning C:\Users\Recap\OneDrive\Documents\Banana_Project\Geotag_images\PlaceholderUSB for new images...
[2025-12-05 20:07:43] 🔍 Scanning C:\Users\Recap\OneDrive\Documents\Banana_Project\Geotag_images\PlaceholderUSB for new images...
[2025-12-05 20:07:43] 🔍 Scanning C:\Users\Recap\OneDrive\Documents\Banana_Project\Geotag_images\PlaceholderUSB for new images...
[2025-12-05 20:07:47] 🔍 Scanning C:\Users\Recap\OneDrive\Documents\Banana_Project\Geotag_images\PlaceholderUSB for new images...
[2025-12-05 20:07:51] 🔍 Scanning C:\Users\Recap\OneDrive\Documents\Banana_Project\Geotag_images\PlaceholderUSB for new images...
[2025-12-05 20:07:51] 🔍 Scanning C:\Users\Recap\OneDrive\Documents\Banana_Project\Geotag_images\PlaceholderUSB for new images...
[2025-12-05 20:07:52] 🔍 Scanning C:\Users\Recap\OneDrive\Documents\Banana_Project\Geotag_images\PlaceholderUSB for new images...
[2025-12-05 20:07:53] 🔍 Scanning C:\Users\Recap\OneDrive\Documents\Banana_Project\Geotag_images\PlaceholderUSB for new images...
[2025-12-05 20:07:53] 🔍 Scanning C:\Users\Recap\OneDrive\Documents\Banana_Project\Geotag_images\PlaceholderUSB for new images...
[2025-12-05 20:07:57] 🔍 Scanning C:\Users\Recap\OneDrive\Documents\Banana_Project\Geotag_images\PlaceholderUSB for new images...
[2025-12-05 20:08:01] 🔍 Scanning C:\Users\Recap\OneDrive\Documents\Banana_Project\Geotag_images\PlaceholderUSB for new images...
[2025-12-05 20:08:01] 🔍 Scanning C:\Users\Recap\OneDrive\Documents\Banana_Project\Geotag_images\PlaceholderUSB for new images...
[2025-12-05 20:08:02] 🔍 Scanning C:\Users\Recap\OneDrive\Documents\Banana_Project\Geotag_images\PlaceholderUSB for new images...
[2025-12-05 20:08:03] 🔍 Scanning C:\Users\Recap\OneDrive\Documents\Banana_Project\Geotag_images\PlaceholderUSB for new images...
[2025-12-05 20:08:03] 🔍 Scanning C:\Users\Recap\OneDrive\Documents\Banana_Project\Geotag_images\PlaceholderUSB for new images...
[2025-12-05 20:08:07] 🔍 Scanning C:\Users\Recap\OneDrive\Documents\Banana_Project\Geotag_images\PlaceholderUSB for new images...
[2025-12-05 20:08:11] 🔍 Scanning C:\Users\Recap\OneDrive\Documents\Banana_Project\Geotag_images\PlaceholderUSB for new images...
[2025-12-05 20:08:11] 🔍 Scanning C:\Users\Recap\OneDrive\Documents\Banana_Project\Geotag_images\PlaceholderUSB for new images...
[2025-12-05 20:08:12] 🔍 Scanning C:\Users\Recap\OneDrive\Documents\Banana_Project\Geotag_images\PlaceholderUSB for new images...
[2025-12-05 20:08:13] 🔍 Scanning C:\Users\Recap\OneDrive\Documents\Banana_Project\Geotag_images\PlaceholderUSB for new images...
[2025-12-05 20:08:13] 🔍 Scanning C:\Users\Recap\OneDrive\Documents\Banana_Project\Geotag_images\PlaceholderUSB for new images...
[2025-12-05 20:08:17] 🔍 Scanning C:\Users\Recap\OneDrive\Documents\Banana_Project\Geotag_images\PlaceholderUSB for new images...
[2025-12-05 20:08:21] 🔍 Scanning C:\Users\Recap\OneDrive\Documents\Banana_Project\Geotag_images\PlaceholderUSB for new images...
[2025-12-05 20:08:21] 🔍 Scanning C:\Users\Recap\OneDrive\Documents\Banana_Project\Geotag_images\PlaceholderUSB for new images...
[2025-12-05 20:08:22] 🔍 Scanning C:\Users\Recap\OneDrive\Documents\Banana_Project\Geotag_images\PlaceholderUSB for new images...
[2025-12-05 20:08:23] 🔍 Scanning C:\Users\Recap\OneDrive\Documents\Banana_Project\Geotag_images\PlaceholderUSB for new images...
[2025-12-05 20:08:23] 🔍 Scanning C:\Users\Recap\OneDrive\Documents\Banana_Project\Geotag_images\PlaceholderUSB for new images...
[2025-12-05 20:08:27] 🔍 Scanning C:\Users\Recap\OneDrive\Documents\Banana_Project\Geotag_images\PlaceholderUSB for new images...
[2025-12-05 20:08:31] 🔍 Scanning C:\Users\Recap\OneDrive\Documents\Banana_Project\Geotag_images\PlaceholderUSB for new images...
[2025-12-05 20:08:31] 🔍 Scanning C:\Users\Recap\OneDrive\Documents\Banana_Project\Geotag_images\PlaceholderUSB for new images...
[2025-12-05 20:08:32] 🔍 Scanning C:\Users\Recap\OneDrive\Documents\Banana_Project\Geotag_images\PlaceholderUSB for new images...
[2025-12-05 20:08:33] 🔍 Scanning C:\Users\Recap\OneDrive\Documents\Banana_Project\Geotag_images\PlaceholderUSB for new images...
[2025-12-05 20:08:33] 🔍 Scanning C:\Users\Recap\OneDrive\Documents\Banana_Project\Geotag_images\PlaceholderUSB for new images...
[2025-12-05 20:08:37] 🔍 Scanning C:\Users\Recap\OneDrive\Documents\Banana_Project\Geotag_images\PlaceholderUSB for new images...
[2025-12-05 20:08:41] 🔍 Scanning C:\Users\Recap\OneDrive\Documents\Banana_Project\Geotag_images\PlaceholderUSB for new images...
[2025-12-05 20:08:41] 🔍 Scanning C:\Users\Recap\OneDrive\Documents\Banana_Project\Geotag_images\PlaceholderUSB for new images...
[2025-12-05 20:08:42] 🔍 Scanning C:\Users\Recap\OneDrive\Documents\Banana_Project\Geotag_images\PlaceholderUSB for new images...
[2025-12-05 20:08:43] 🔍 Scanning C:\Users\Recap\OneDrive\Documents\Banana_Project\Geotag_images\PlaceholderUSB for new images...
[2025-12-05 20:08:43] 🔍 Scanning C:\Users\Recap\OneDrive\Documents\Banana_Project\Geotag_images\PlaceholderUSB for new images...
[2025-12-05 20:08:47] 🔍 Scanning C:\Users\Recap\OneDrive\Documents\Banana_Project\Geotag_images\PlaceholderUSB for new images...
[2025-12-05 20:08:51] 🔍 Scanning C:\Users\Recap\OneDrive\Documents\Banana_Project\Geotag_images\PlaceholderUSB for new images...
[2025-12-05 20:08:51] 🔍 Scanning C:\Users\Recap\OneDrive\Documents\Banana_Project\Geotag_images\PlaceholderUSB for new images...
[2025-12-05 20:08:52] 🔍 Scanning C:\Users\Recap\OneDrive\Documents\Banana_Project\Geotag_images\PlaceholderUSB for new images...
[2025-12-05 20:08:53] 🔍 Scanning C:\Users\Recap\OneDrive\Documents\Banana_Project\Geotag_images\PlaceholderUSB for new images...
[2025-12-05 20:08:53] 🔍 Scanning C:\Users\Recap\OneDrive\Documents\Banana_Project\Geotag_images\PlaceholderUSB for new images...
[2025-12-05 20:08:57] 🔍 Scanning C:\Users\Recap\OneDrive\Documents\Banana_Project\Geotag_images\PlaceholderUSB for new images...
[2025-12-05 20:09:01] 🔍 Scanning C:\Users\Recap\OneDrive\Documents\Banana_Project\Geotag_images\PlaceholderUSB for new images...
[2025-12-05 20:09:01] 🔍 Scanning C:\Users\Recap\OneDrive\Documents\Banana_Project\Geotag_images\PlaceholderUSB for new images...
[2025-12-05 20:09:02] 🔍 Scanning C:\Users\Recap\OneDrive\Documents\Banana_Project\Geotag_images\PlaceholderUSB for new images...
[2025-12-05 20:09:03] 🔍 Scanning C:\Users\Recap\OneDrive\Documents\Banana_Project\Geotag_images\PlaceholderUSB for new images...
[2025-12-05 20:09:03] 🔍 Scanning C:\Users\Recap\OneDrive\Documents\Banana_Project\Geotag_images\PlaceholderUSB for new images...
[2025-12-05 20:09:07] 🔍 Scanning C:\Users\Recap\OneDrive\Documents\Banana_Project\Geotag_images\PlaceholderUSB for new images...
[2025-12-05 20:09:11] 🔍 Scanning C:\Users\Recap\OneDrive\Documents\Banana_Project\Geotag_images\PlaceholderUSB for new images...
[2025-12-05 20:09:11] 🔍 Scanning C:\Users\Recap\OneDrive\Documents\Banana_Project\Geotag_images\PlaceholderUSB for new images...
[2025-12-05 20:09:12] 🔍 Scanning C:\Users\Recap\OneDrive\Documents\Banana_Project\Geotag_images\PlaceholderUSB for new images...
[2025-12-05 20:09:13] 🔍 Scanning C:\Users\Recap\OneDrive\Documents\Banana_Project\Geotag_images\PlaceholderUSB for new images...
[2025-12-05 20:09:13] 🔍 Scanning C:\Users\Recap\OneDrive\Documents\Banana_Project\Geotag_images\PlaceholderUSB for new images...
[2025-12-05 20:09:17] 🔍 Scanning C:\Users\Recap\OneDrive\Documents\Banana_Project\Geotag_images\PlaceholderUSB for new images...
[2025-12-05 20:09:21] 🔍 Scanning C:\Users\Recap\OneDrive\Documents\Banana_Project\Geotag_images\PlaceholderUSB for new images...
[2025-12-05 20:09:21] 🔍 Scanning C:\Users\Recap\OneDrive\Documents\Banana_Project\Geotag_images\PlaceholderUSB for new images...
[2025-12-05 20:09:22] 🔍 Scanning C:\Users\Recap\OneDrive\Documents\Banana_Project\Geotag_images\PlaceholderUSB for new images...
[2025-12-05 20:09:23] 🔍 Scanning C:\Users\Recap\OneDrive\Documents\Banana_Project\Geotag_images\PlaceholderUSB for new images...
[2025-12-05 20:09:23] 🔍 Scanning C:\Users\Recap\OneDrive\Documents\Banana_Project\Geotag_images\PlaceholderUSB for new images...
[2025-12-05 20:09:27] 🔍 Scanning C:\Users\Recap\OneDrive\Documents\Banana_Project\Geotag_images\PlaceholderUSB for new images...
[2025-12-05 20:09:31] 🔍 Scanning C:\Users\Recap\OneDrive\Documents\Banana_Project\Geotag_images\PlaceholderUSB for new images...
[2025-12-05 20:09:31] 🔍 Scanning C:\Users\Recap\OneDrive\Documents\Banana_Project\Geotag_images\PlaceholderUSB for new images...
[2025-12-05 20:09:32] 🔍 Scanning C:\Users\Recap\OneDrive\Documents\Banana_Project\Geotag_images\PlaceholderUSB for new images...
[2025-12-05 20:09:33] 🔍 Scanning C:\Users\Recap\OneDrive\Documents\Banana_Project\Geotag_images\PlaceholderUSB for new images...
[2025-12-05 20:09:33] 🔍 Scanning C:\Users\Recap\OneDrive\Documents\Banana_Project\Geotag_images\PlaceholderUSB for new images...
[2025-12-05 20:09:37] 🔍 Scanning C:\Users\Recap\OneDrive\Documents\Banana_Project\Geotag_images\PlaceholderUSB for new images...
[2025-12-05 20:09:41] 🔍 Scanning C:\Users\Recap\OneDrive\Documents\Banana_Project\Geotag_images\PlaceholderUSB for new images...
[2025-12-05 20:09:41] 🔍 Scanning C:\Users\Recap\OneDrive\Documents\Banana_Project\Geotag_images\PlaceholderUSB for new images...
[2025-12-05 20:09:42] 🔍 Scanning C:\Users\Recap\OneDrive\Documents\Banana_Project\Geotag_images\PlaceholderUSB for new images...
[2025-12-05 20:09:43] 🔍 Scanning C:\Users\Recap\OneDrive\Documents\Banana_Project\Geotag_images\PlaceholderUSB for new images...
[2025-12-05 20:09:43] 🔍 Scanning C:\Users\Recap\OneDrive\Documents\Banana_Project\Geotag_images\PlaceholderUSB for new images...
[2025-12-05 20:09:47] 🔍 Scanning C:\Users\Recap\OneDrive\Documents\Banana_Project\Geotag_images\PlaceholderUSB for new images...
[2025-12-05 20:09:51] 🔍 Scanning C:\Users\Recap\OneDrive\Documents\Banana_Project\Geotag_images\PlaceholderUSB for new images...
[2025-12-05 20:09:51] 🔍 Scanning C:\Users\Recap\OneDrive\Documents\Banana_Project\Geotag_images\PlaceholderUSB for new images...
[2025-12-05 20:09:52] 🔍 Scanning C:\Users\Recap\OneDrive\Documents\Banana_Project\Geotag_images\PlaceholderUSB for new images...
[2025-12-05 20:09:53] 🔍 Scanning C:\Users\Recap\OneDrive\Documents\Banana_Project\Geotag_images\PlaceholderUSB for new images...
[2025-12-05 20:09:53] 🔍 Scanning C:\Users\Recap\OneDrive\Documents\Banana_Project\Geotag_images\PlaceholderUSB for new images...
[2025-12-05 20:09:57] 🔍 Scanning C:\Users\Recap\OneDrive\Documents\Banana_Project\Geotag_images\PlaceholderUSB for new images...
[2025-12-05 20:10:01] 🔍 Scanning C:\Users\Recap\OneDrive\Documents\Banana_Project\Geotag_images\PlaceholderUSB for new images...
[2025-12-05 20:10:01] 🔍 Scanning C:\Users\Recap\OneDrive\Documents\Banana_Project\Geotag_images\PlaceholderUSB for new images...
[2025-12-05 20:10:02] 🔍 Scanning C:\Users\Recap\OneDrive\Documents\Banana_Project\Geotag_images\PlaceholderUSB for new images...
[2025-12-05 20:10:03] 🔍 Scanning C:\Users\Recap\OneDrive\Documents\Banana_Project\Geotag_images\PlaceholderUSB for new images...
[2025-12-05 20:10:03] 🔍 Scanning C:\Users\Recap\OneDrive\Documents\Banana_Project\Geotag_images\PlaceholderUSB for new images...
[2025-12-05 20:10:07] 🔍 Scanning C:\Users\Recap\OneDrive\Documents\Banana_Project\Geotag_images\PlaceholderUSB for new images...
[2025-12-05 20:10:11] 🔍 Scanning C:\Users\Recap\OneDrive\Documents\Banana_Project\Geotag_images\PlaceholderUSB for new images...
[2025-12-05 20:10:11] 🔍 Scanning C:\Users\Recap\OneDrive\Documents\Banana_Project\Geotag_images\PlaceholderUSB for new images...
[2025-12-05 20:10:12] 🔍 Scanning C:\Users\Recap\OneDrive\Documents\Banana_Project\Geotag_images\PlaceholderUSB for new images...
[2025-12-05 20:10:13] 🔍 Scanning C:\Users\Recap\OneDrive\Documents\Banana_Project\Geotag_images\PlaceholderUSB for new images...
[2025-12-05 20:10:13] 🔍 Scanning C:\Users\Recap\OneDrive\Documents\Banana_Project\Geotag_images\PlaceholderUSB for new images...
[2025-12-05 20:10:17] 🔍 Scanning C:\Users\Recap\OneDrive\Documents\Banana_Project\Geotag_images\PlaceholderUSB for new images...
[2025-12-05 20:10:21] 🔍 Scanning C:\Users\Recap\OneDrive\Documents\Banana_Project\Geotag_images\PlaceholderUSB for new images...
[2025-12-05 20:10:21] 🔍 Scanning C:\Users\Recap\OneDrive\Documents\Banana_Project\Geotag_images\PlaceholderUSB for new images...
[2025-12-05 20:10:22] 🔍 Scanning C:\Users\Recap\OneDrive\Documents\Banana_Project\Geotag_images\PlaceholderUSB for new images...
[2025-12-05 20:10:23] 🔍 Scanning C:\Users\Recap\OneDrive\Documents\Banana_Project\Geotag_images\PlaceholderUSB for new images...
[2025-12-05 20:10:23] 🔍 Scanning C:\Users\Recap\OneDrive\Documents\Banana_Project\Geotag_images\PlaceholderUSB for new images...
[2025-12-05 20:10:27] 🔍 Scanning C:\Users\Recap\OneDrive\Documents\Banana_Project\Geotag_images\PlaceholderUSB for new images...
[2025-12-05 20:10:31] 🔍 Scanning C:\Users\Recap\OneDrive\Documents\Banana_Project\Geotag_images\PlaceholderUSB for new images...
[2025-12-05 20:10:31] 🔍 Scanning C:\Users\Recap\OneDrive\Documents\Banana_Project\Geotag_images\PlaceholderUSB for new images...
[2025-12-05 20:10:32] 🔍 Scanning C:\Users\Recap\OneDrive\Documents\Banana_Project\Geotag_images\PlaceholderUSB for new images...
[2025-12-05 20:10:33] 🔍 Scanning C:\Users\Recap\OneDrive\Documents\Banana_Project\Geotag_images\PlaceholderUSB for new images...
[2025-12-05 20:10:33] 🔍 Scanning C:\Users\Recap\OneDrive\Documents\Banana_Project\Geotag_images\PlaceholderUSB for new images...
[2025-12-05 20:10:37] 🔍 Scanning C:\Users\Recap\OneDrive\Documents\Banana_Project\Geotag_images\PlaceholderUSB for new images...
[2025-12-05 20:10:41] 🔍 Scanning C:\Users\Recap\OneDrive\Documents\Banana_Project\Geotag_images\PlaceholderUSB for new images...
[2025-12-05 20:10:41] 🔍 Scanning C:\Users\Recap\OneDrive\Documents\Banana_Project\Geotag_images\PlaceholderUSB for new images...
[2025-12-05 20:10:42] 🔍 Scanning C:\Users\Recap\OneDrive\Documents\Banana_Project\Geotag_images\PlaceholderUSB for new images...
[2025-12-05 20:10:43] 🔍 Scanning C:\Users\Recap\OneDrive\Documents\Banana_Project\Geotag_images\PlaceholderUSB for new images...
[2025-12-05 20:10:43] 🔍 Scanning C:\Users\Recap\OneDrive\Documents\Banana_Project\Geotag_images\PlaceholderUSB for new images...
[2025-12-05 20:10:47] 🔍 Scanning C:\Users\Recap\OneDrive\Documents\Banana_Project\Geotag_images\PlaceholderUSB for new images...
[2025-12-05 20:10:51] 🔍 Scanning C:\Users\Recap\OneDrive\Documents\Banana_Project\Geotag_images\PlaceholderUSB for new images...
[2025-12-05 20:10:51] 🔍 Scanning C:\Users\Recap\OneDrive\Documents\Banana_Project\Geotag_images\PlaceholderUSB for new images...
[2025-12-05 20:10:52] 🔍 Scanning C:\Users\Recap\OneDrive\Documents\Banana_Project\Geotag_images\PlaceholderUSB for new images...
[2025-12-05 20:10:53] 🔍 Scanning C:\Users\Recap\OneDrive\Documents\Banana_Project\Geotag_images\PlaceholderUSB for new images...
[2025-12-05 20:10:53] 🔍 Scanning C:\Users\Recap\OneDrive\Documents\Banana_Project\Geotag_images\PlaceholderUSB for new images...
[2025-12-05 20:10:57] 🔍 Scanning C:\Users\Recap\OneDrive\Documents\Banana_Project\Geotag_images\PlaceholderUSB for new images...
[2025-12-05 20:11:01] 🔍 Scanning C:\Users\Recap\OneDrive\Documents\Banana_Project\Geotag_images\PlaceholderUSB for new images...
[2025-12-05 20:11:02] 🔍 Scanning C:\Users\Recap\OneDrive\Documents\Banana_Project\Geotag_images\PlaceholderUSB for new images...
[2025-12-05 20:11:02] 🔍 Scanning C:\Users\Recap\OneDrive\Documents\Banana_Project\Geotag_images\PlaceholderUSB for new images...
[2025-12-05 20:11:03] 🔍 Scanning C:\Users\Recap\OneDrive\Documents\Banana_Project\Geotag_images\PlaceholderUSB for new images...
[2025-12-05 20:11:03] 🔍 Scanning C:\Users\Recap\OneDrive\Documents\Banana_Project\Geotag_images\PlaceholderUSB for new images...
[2025-12-05 20:11:07] 🔍 Scanning C:\Users\Recap\OneDrive\Documents\Banana_Project\Geotag_images\PlaceholderUSB for new images...
[2025-12-05 20:11:11] 🔍 Scanning C:\Users\Recap\OneDrive\Documents\Banana_Project\Geotag_images\PlaceholderUSB for new images...
[2025-12-05 20:11:12] 🔍 Scanning C:\Users\Recap\OneDrive\Documents\Banana_Project\Geotag_images\PlaceholderUSB for new images...
[2025-12-05 20:11:12] 🔍 Scanning C:\Users\Recap\OneDrive\Documents\Banana_Project\Geotag_images\PlaceholderUSB for new images...
[2025-12-05 20:11:13] 🔍 Scanning C:\Users\Recap\OneDrive\Documents\Banana_Project\Geotag_images\PlaceholderUSB for new images...
[2025-12-05 20:11:13] 🔍 Scanning C:\Users\Recap\OneDrive\Documents\Banana_Project\Geotag_images\PlaceholderUSB for new images...
[2025-12-05 20:11:17] 🔍 Scanning C:\Users\Recap\OneDrive\Documents\Banana_Project\Geotag_images\PlaceholderUSB for new images...
[2025-12-05 20:11:21] 🔍 Scanning C:\Users\Recap\OneDrive\Documents\Banana_Project\Geotag_images\PlaceholderUSB for new images...
[2025-12-05 20:11:22] 🔍 Scanning C:\Users\Recap\OneDrive\Documents\Banana_Project\Geotag_images\PlaceholderUSB for new images...
[2025-12-05 20:11:22] 🔍 Scanning C:\Users\Recap\OneDrive\Documents\Banana_Project\Geotag_images\PlaceholderUSB for new images...
[2025-12-05 20:11:23] 🔍 Scanning C:\Users\Recap\OneDrive\Documents\Banana_Project\Geotag_images\PlaceholderUSB for new images...
[2025-12-05 20:11:23] 🔍 Scanning C:\Users\Recap\OneDrive\Documents\Banana_Project\Geotag_images\PlaceholderUSB for new images...
[2025-12-05 20:11:27] 🔍 Scanning C:\Users\Recap\OneDrive\Documents\Banana_Project\Geotag_images\PlaceholderUSB for new images...
[2025-12-05 20:11:31] 🔍 Scanning C:\Users\Recap\OneDrive\Documents\Banana_Project\Geotag_images\PlaceholderUSB for new images...
[2025-12-05 20:11:32] 🔍 Scanning C:\Users\Recap\OneDrive\Documents\Banana_Project\Geotag_images\PlaceholderUSB for new images...
[2025-12-05 20:11:32] 🔍 Scanning C:\Users\Recap\OneDrive\Documents\Banana_Project\Geotag_images\PlaceholderUSB for new images...
[2025-12-05 20:11:33] 🔍 Scanning C:\Users\Recap\OneDrive\Documents\Banana_Project\Geotag_images\PlaceholderUSB for new images...
[2025-12-05 20:11:33] 🔍 Scanning C:\Users\Recap\OneDrive\Documents\Banana_Project\Geotag_images\PlaceholderUSB for new images...
[2025-12-05 20:11:34] ✅ Geotagged & sorted 10_20251204_120916_143_10_20251204_120501_176_DJI_0093.JPG → B10 (Δ 0.0s, 14.153670, 121.262459)
[2025-12-05 20:11:34] ✅ Geotagged & sorted 11_20251204_120916_368_11_20251204_120501_482_DJI_0095.JPG → B11 (Δ 0.0s, 14.153697, 121.262457)
[2025-12-05 20:11:34] ✅ Geotagged & sorted 12_20251204_120916_590_12_20251204_120501_772_DJI_0096.JPG → B12 (Δ 0.0s, 14.153681, 121.262390)
[2025-12-05 20:11:34] ✅ Geotagged & sorted 13_20251204_120916_815_13_20251204_120502_044_DJI_0097.JPG → B13 (Δ 0.4s, 14.153722, 121.262441)
[2025-12-05 20:11:35] ✅ Geotagged & sorted 14_20251204_120917_038_14_20251204_120502_328_DJI_0098.JPG → B14 (Δ 0.1s, 14.153776, 121.262452)
[2025-12-05 20:11:35] ✅ Geotagged & sorted 15_20251204_120917_248_15_20251204_120502_588_DJI_0099.JPG → B15 (Δ 0.1s, 14.153804, 121.262428)
[2025-12-05 20:11:35] ✅ Geotagged & sorted 16_20251204_120917_485_16_20251204_120502_853_DJI_0100.JPG → B16 (Δ 0.3s, 14.153839, 121.262448)
[2025-12-05 20:11:35] ✅ Geotagged & sorted 17_20251204_120917_738_17_20251204_120503_113_DJI_0101.JPG → B17 (Δ 0.3s, 14.153847, 121.262428)
[2025-12-05 20:11:36] ✅ Geotagged & sorted 18_20251204_120917_962_18_20251204_120503_376_DJI_0088.JPG → B18 (Δ 0.1s, 14.153592, 121.262434)
[2025-12-05 20:11:36] ✅ Geotagged & sorted 19_20251204_120918_184_19_20251204_120503_641_DJI_0102.JPG → B19 (Δ 0.0s, 14.153855, 121.262402)
[2025-12-05 20:11:36] ✅ Geotagged & sorted 19_20251204_120918_389_19_20251204_120503_881_DJI_0103.JPG → B19 (Δ 0.1s, 14.153854, 121.262402)
[2025-12-05 20:11:36] ✅ Geotagged & sorted 1_20251204_120915_709_1_20251204_120350_965_DJI_0080.JPG → B1 (Δ 0.1s, 14.153555, 121.262457)
[2025-12-05 20:11:36] ✅ Geotagged & sorted 1_20251204_120915_909_1_20251204_120351_232_DJI_0081.JPG → B1 (Δ 0.1s, 14.153556, 121.262456)
[2025-12-05 20:11:37] ✅ Geotagged & sorted 20_20251204_120919_077_20_20251204_120504_137_DJI_0104.JPG → B20 (Δ 0.0s, 14.153704, 121.262422)
[2025-12-05 20:11:37] ✅ Geotagged & sorted 2_20251204_120918_604_2_20251204_120422_540_DJI_0082.JPG → B2 (Δ 0.1s, 14.153550, 121.262419)
[2025-12-05 20:11:37] 🔍 Scanning C:\Users\Recap\OneDrive\Documents\Banana_Project\Geotag_images\PlaceholderUSB for new images...
[2025-12-05 20:11:37] ✅ Geotagged & sorted 2_20251204_120918_854_2_20251204_120423_104_DJI_0083.JPG → B2 (Δ 0.1s, 14.153551, 121.262421)
[2025-12-05 20:11:37] ⚠️ Error processing 2_20251204_120918_854_2_20251204_120423_104_DJI_0083.JPG: Traceback (most recent call last):
  File "C:\Users\Recap\OneDrive\Documents\Banana_Project\Geotag_images\Auto_geotag.pyw", line 154, in <module>
    exif_dict = piexif.load(img_path)
  File "C:\Users\Recap\AppData\Local\Programs\Python\Python310\lib\site-packages\piexif\_load.py", line 28, in load
    exifReader = _ExifReader(input_data)
  File "C:\Users\Recap\AppData\Local\Programs\Python\Python310\lib\site-packages\piexif\_load.py", line 85, in __init__
    with open(data, 'rb') as f:
FileNotFoundError: [Errno 2] No such file or directory: 'C:\\Users\\Recap\\OneDrive\\Documents\\Banana_Project\\Geotag_images\\PlaceholderUSB\\2_20251204_120918_854_2_20251204_120423_104_DJI_0083.JPG'

[2025-12-05 20:11:37] ✅ Geotagged & sorted 3_20251204_120919_314_3_20251204_120458_579_DJI_0084.JPG → B3 (Δ 0.0s, 14.153545, 121.262378)
[2025-12-05 20:11:37] ⚠️ Error processing 3_20251204_120919_314_3_20251204_120458_579_DJI_0084.JPG: Traceback (most recent call last):
  File "C:\Users\Recap\OneDrive\Documents\Banana_Project\Geotag_images\Auto_geotag.pyw", line 154, in <module>
    exif_dict = piexif.load(img_path)
  File "C:\Users\Recap\AppData\Local\Programs\Python\Python310\lib\site-packages\piexif\_load.py", line 28, in load
    exifReader = _ExifReader(input_data)
  File "C:\Users\Recap\AppData\Local\Programs\Python\Python310\lib\site-packages\piexif\_load.py", line 85, in __init__
    with open(data, 'rb') as f:
FileNotFoundError: [Errno 2] No such file or directory: 'C:\\Users\\Recap\\OneDrive\\Documents\\Banana_Project\\Geotag_images\\PlaceholderUSB\\3_20251204_120919_314_3_20251204_120458_579_DJI_0084.JPG'

[2025-12-05 20:11:37] ✅ Geotagged & sorted 3_20251204_120919_546_3_20251204_120459_003_DJI_0085.JPG → B3 (Δ 0.2s, 14.153546, 121.262378)
[2025-12-05 20:11:38] ⚠️ Error processing 3_20251204_120919_546_3_20251204_120459_003_DJI_0085.JPG: Traceback (most recent call last):
  File "C:\Users\Recap\OneDrive\Documents\Banana_Project\Geotag_images\Auto_geotag.pyw", line 154, in <module>
    exif_dict = piexif.load(img_path)
  File "C:\Users\Recap\AppData\Local\Programs\Python\Python310\lib\site-packages\piexif\_load.py", line 28, in load
    exifReader = _ExifReader(input_data)
  File "C:\Users\Recap\AppData\Local\Programs\Python\Python310\lib\site-packages\piexif\_load.py", line 85, in __init__
    with open(data, 'rb') as f:
FileNotFoundError: [Errno 2] No such file or directory: 'C:\\Users\\Recap\\OneDrive\\Documents\\Banana_Project\\Geotag_images\\PlaceholderUSB\\3_20251204_120919_546_3_20251204_120459_003_DJI_0085.JPG'

[2025-12-05 20:11:38] ✅ Geotagged & sorted 4_20251204_120919_783_4_20251204_120459_292_DJI_0086.JPG → B4 (Δ 0.0s, 14.153571, 121.262358)
[2025-12-05 20:11:38] ⚠️ Error processing 4_20251204_120919_783_4_20251204_120459_292_DJI_0086.JPG: Traceback (most recent call last):
  File "C:\Users\Recap\OneDrive\Documents\Banana_Project\Geotag_images\Auto_geotag.pyw", line 154, in <module>
    exif_dict = piexif.load(img_path)
  File "C:\Users\Recap\AppData\Local\Programs\Python\Python310\lib\site-packages\piexif\_load.py", line 28, in load
    exifReader = _ExifReader(input_data)
  File "C:\Users\Recap\AppData\Local\Programs\Python\Python310\lib\site-packages\piexif\_load.py", line 85, in __init__
    with open(data, 'rb') as f:
FileNotFoundError: [Errno 2] No such file or directory: 'C:\\Users\\Recap\\OneDrive\\Documents\\Banana_Project\\Geotag_images\\PlaceholderUSB\\4_20251204_120919_783_4_20251204_120459_292_DJI_0086.JPG'

[2025-12-05 20:11:38] ✅ Geotagged & sorted 5_20251204_120920_054_5_20251204_120459_618_DJI_0087.JPG → B5 (Δ 0.0s, 14.153591, 121.262399)
[2025-12-05 20:11:38] ⚠️ Error processing 5_20251204_120920_054_5_20251204_120459_618_DJI_0087.JPG: Traceback (most recent call last):
  File "C:\Users\Recap\OneDrive\Documents\Banana_Project\Geotag_images\Auto_geotag.pyw", line 154, in <module>
    exif_dict = piexif.load(img_path)
  File "C:\Users\Recap\AppData\Local\Programs\Python\Python310\lib\site-packages\piexif\_load.py", line 28, in load
    exifReader = _ExifReader(input_data)
  File "C:\Users\Recap\AppData\Local\Programs\Python\Python310\lib\site-packages\piexif\_load.py", line 85, in __init__
    with open(data, 'rb') as f:
FileNotFoundError: [Errno 2] No such file or directory: 'C:\\Users\\Recap\\OneDrive\\Documents\\Banana_Project\\Geotag_images\\PlaceholderUSB\\5_20251204_120920_054_5_20251204_120459_618_DJI_0087.JPG'

[2025-12-05 20:11:38] ✅ Geotagged & sorted 6_20251204_120920_264_6_20251204_120459_859_DJI_0089.JPG → B6 (Δ 0.1s, 14.153607, 121.262382)
[2025-12-05 20:11:38] ✅ Geotagged & sorted 6_20251204_120920_264_6_20251204_120459_859_DJI_0089.JPG → B6 (Δ 0.1s, 14.153607, 121.262382)
[2025-12-05 20:11:38] ✅ Geotagged & sorted 7_20251204_120920_484_7_20251204_120500_167_DJI_0090.JPG → B7 (Δ 0.2s, 14.153642, 121.262391)
[2025-12-05 20:11:38] ⚠️ Error processing 7_20251204_120920_484_7_20251204_120500_167_DJI_0090.JPG: Traceback (most recent call last):
  File "C:\Users\Recap\OneDrive\Documents\Banana_Project\Geotag_images\Auto_geotag.pyw", line 154, in <module>
    exif_dict = piexif.load(img_path)
  File "C:\Users\Recap\AppData\Local\Programs\Python\Python310\lib\site-packages\piexif\_load.py", line 28, in load
    exifReader = _ExifReader(input_data)
  File "C:\Users\Recap\AppData\Local\Programs\Python\Python310\lib\site-packages\piexif\_load.py", line 85, in __init__
    with open(data, 'rb') as f:
FileNotFoundError: [Errno 2] No such file or directory: 'C:\\Users\\Recap\\OneDrive\\Documents\\Banana_Project\\Geotag_images\\PlaceholderUSB\\7_20251204_120920_484_7_20251204_120500_167_DJI_0090.JPG'

[2025-12-05 20:11:39] ✅ Geotagged & sorted 8_20251204_120920_710_8_20251204_120500_433_DJI_0091.JPG → B8 (Δ 0.3s, 14.153627, 121.262436)
[2025-12-05 20:11:39] ⚠️ Error processing 8_20251204_120920_710_8_20251204_120500_433_DJI_0091.JPG: Traceback (most recent call last):
  File "C:\Users\Recap\OneDrive\Documents\Banana_Project\Geotag_images\Auto_geotag.pyw", line 163, in <module>
    piexif.insert(exif_bytes, img_path)
  File "C:\Users\Recap\AppData\Local\Programs\Python\Python310\lib\site-packages\piexif\_insert.py", line 39, in insert
    raise InvalidImageDataError
piexif._exceptions.InvalidImageDataError

[2025-12-05 20:11:39] ✅ Geotagged & sorted 9_20251204_120920_926_9_20251204_120500_685_DJI_0092.JPG → B9 (Δ 0.2s, 14.153641, 121.262457)
[2025-12-05 20:11:39] ⚠️ Error processing 9_20251204_120920_926_9_20251204_120500_685_DJI_0092.JPG: Traceback (most recent call last):
  File "C:\Users\Recap\OneDrive\Documents\Banana_Project\Geotag_images\Auto_geotag.pyw", line 154, in <module>
    exif_dict = piexif.load(img_path)
  File "C:\Users\Recap\AppData\Local\Programs\Python\Python310\lib\site-packages\piexif\_load.py", line 28, in load
    exifReader = _ExifReader(input_data)
  File "C:\Users\Recap\AppData\Local\Programs\Python\Python310\lib\site-packages\piexif\_load.py", line 85, in __init__
    with open(data, 'rb') as f:
FileNotFoundError: [Errno 2] No such file or directory: 'C:\\Users\\Recap\\OneDrive\\Documents\\Banana_Project\\Geotag_images\\PlaceholderUSB\\9_20251204_120920_926_9_20251204_120500_685_DJI_0092.JPG'

[2025-12-05 20:11:39] ✅ Geotagged & sorted 9_20251204_120921_135_9_20251204_120500_914_DJI_0094.JPG → B9 (Δ 0.0s, 14.153641, 121.262454)
[2025-12-05 20:11:39] ✅ Geotagged & sorted 9_20251204_120921_135_9_20251204_120500_914_DJI_0094.JPG → B9 (Δ 0.0s, 14.153641, 121.262454)
[2025-12-05 20:11:41] 🔍 Scanning C:\Users\Recap\OneDrive\Documents\Banana_Project\Geotag_images\PlaceholderUSB for new images...
[2025-12-05 20:11:42] 🔍 Scanning C:\Users\Recap\OneDrive\Documents\Banana_Project\Geotag_images\PlaceholderUSB for new images...
[2025-12-05 20:11:42] 🔍 Scanning C:\Users\Recap\OneDrive\Documents\Banana_Project\Geotag_images\PlaceholderUSB for new images...
[2025-12-05 20:11:43] 🔍 Scanning C:\Users\Recap\OneDrive\Documents\Banana_Project\Geotag_images\PlaceholderUSB for new images...
[2025-12-05 20:11:49] 🔍 Scanning C:\Users\Recap\OneDrive\Documents\Banana_Project\Geotag_images\PlaceholderUSB for new images...
[2025-12-05 20:11:49] 🔍 Scanning C:\Users\Recap\OneDrive\Documents\Banana_Project\Geotag_images\PlaceholderUSB for new images...
[2025-12-05 20:11:51] 🔍 Scanning C:\Users\Recap\OneDrive\Documents\Banana_Project\Geotag_images\PlaceholderUSB for new images...
[2025-12-05 20:11:52] 🔍 Scanning C:\Users\Recap\OneDrive\Documents\Banana_Project\Geotag_images\PlaceholderUSB for new images...
[2025-12-05 20:11:52] 🔍 Scanning C:\Users\Recap\OneDrive\Documents\Banana_Project\Geotag_images\PlaceholderUSB for new images...
[2025-12-05 20:11:53] 🔍 Scanning C:\Users\Recap\OneDrive\Documents\Banana_Project\Geotag_images\PlaceholderUSB for new images...
[2025-12-05 20:11:59] 🔍 Scanning C:\Users\Recap\OneDrive\Documents\Banana_Project\Geotag_images\PlaceholderUSB for new images...
[2025-12-05 20:11:59] 🔍 Scanning C:\Users\Recap\OneDrive\Documents\Banana_Project\Geotag_images\PlaceholderUSB for new images...
[2025-12-05 20:12:01] 🔍 Scanning C:\Users\Recap\OneDrive\Documents\Banana_Project\Geotag_images\PlaceholderUSB for new images...
[2025-12-05 20:12:02] 🔍 Scanning C:\Users\Recap\OneDrive\Documents\Banana_Project\Geotag_images\PlaceholderUSB for new images...
[2025-12-05 20:12:02] 🔍 Scanning C:\Users\Recap\OneDrive\Documents\Banana_Project\Geotag_images\PlaceholderUSB for new images...
[2025-12-05 20:12:03] 🔍 Scanning C:\Users\Recap\OneDrive\Documents\Banana_Project\Geotag_images\PlaceholderUSB for new images...
[2025-12-05 20:12:09] 🔍 Scanning C:\Users\Recap\OneDrive\Documents\Banana_Project\Geotag_images\PlaceholderUSB for new images...
[2025-12-05 20:12:09] 🔍 Scanning C:\Users\Recap\OneDrive\Documents\Banana_Project\Geotag_images\PlaceholderUSB for new images...
[2025-12-05 20:12:11] 🔍 Scanning C:\Users\Recap\OneDrive\Documents\Banana_Project\Geotag_images\PlaceholderUSB for new images...
[2025-12-05 20:12:12] 🔍 Scanning C:\Users\Recap\OneDrive\Documents\Banana_Project\Geotag_images\PlaceholderUSB for new images...
[2025-12-05 20:12:12] 🔍 Scanning C:\Users\Recap\OneDrive\Documents\Banana_Project\Geotag_images\PlaceholderUSB for new images...
[2025-12-05 20:12:13] 🔍 Scanning C:\Users\Recap\OneDrive\Documents\Banana_Project\Geotag_images\PlaceholderUSB for new images...
[2025-12-05 20:12:19] 🔍 Scanning C:\Users\Recap\OneDrive\Documents\Banana_Project\Geotag_images\PlaceholderUSB for new images...
[2025-12-05 20:12:19] 🔍 Scanning C:\Users\Recap\OneDrive\Documents\Banana_Project\Geotag_images\PlaceholderUSB for new images...
[2025-12-05 20:12:21] 🔍 Scanning C:\Users\Recap\OneDrive\Documents\Banana_Project\Geotag_images\PlaceholderUSB for new images...
[2025-12-05 20:12:22] 🔍 Scanning C:\Users\Recap\OneDrive\Documents\Banana_Project\Geotag_images\PlaceholderUSB for new images...
[2025-12-05 20:12:22] 🔍 Scanning C:\Users\Recap\OneDrive\Documents\Banana_Project\Geotag_images\PlaceholderUSB for new images...
[2025-12-05 20:12:23] 🔍 Scanning C:\Users\Recap\OneDrive\Documents\Banana_Project\Geotag_images\PlaceholderUSB for new images...
[2025-12-05 20:12:29] 🔍 Scanning C:\Users\Recap\OneDrive\Documents\Banana_Project\Geotag_images\PlaceholderUSB for new images...
[2025-12-05 20:12:29] 🔍 Scanning C:\Users\Recap\OneDrive\Documents\Banana_Project\Geotag_images\PlaceholderUSB for new images...
[2025-12-05 20:12:31] 🔍 Scanning C:\Users\Recap\OneDrive\Documents\Banana_Project\Geotag_images\PlaceholderUSB for new images...
[2025-12-05 20:12:32] 🔍 Scanning C:\Users\Recap\OneDrive\Documents\Banana_Project\Geotag_images\PlaceholderUSB for new images...
[2025-12-05 20:12:32] 🔍 Scanning C:\Users\Recap\OneDrive\Documents\Banana_Project\Geotag_images\PlaceholderUSB for new images...
[2025-12-05 20:12:33] 🔍 Scanning C:\Users\Recap\OneDrive\Documents\Banana_Project\Geotag_images\PlaceholderUSB for new images...
[2025-12-05 20:12:39] 🔍 Scanning C:\Users\Recap\OneDrive\Documents\Banana_Project\Geotag_images\PlaceholderUSB for new images...
[2025-12-05 20:12:39] 🔍 Scanning C:\Users\Recap\OneDrive\Documents\Banana_Project\Geotag_images\PlaceholderUSB for new images...
[2025-12-05 20:12:41] 🔍 Scanning C:\Users\Recap\OneDrive\Documents\Banana_Project\Geotag_images\PlaceholderUSB for new images...
[2025-12-05 20:12:42] 🔍 Scanning C:\Users\Recap\OneDrive\Documents\Banana_Project\Geotag_images\PlaceholderUSB for new images...
[2025-12-05 20:12:42] 🔍 Scanning C:\Users\Recap\OneDrive\Documents\Banana_Project\Geotag_images\PlaceholderUSB for new images...
[2025-12-05 20:12:43] 🔍 Scanning C:\Users\Recap\OneDrive\Documents\Banana_Project\Geotag_images\PlaceholderUSB for new images...
[2025-12-05 20:12:49] 🔍 Scanning C:\Users\Recap\OneDrive\Documents\Banana_Project\Geotag_images\PlaceholderUSB for new images...
[2025-12-05 20:12:49] 🔍 Scanning C:\Users\Recap\OneDrive\Documents\Banana_Project\Geotag_images\PlaceholderUSB for new images...
[2025-12-05 20:12:51] 🔍 Scanning C:\Users\Recap\OneDrive\Documents\Banana_Project\Geotag_images\PlaceholderUSB for new images...
[2025-12-05 20:12:52] 🔍 Scanning C:\Users\Recap\OneDrive\Documents\Banana_Project\Geotag_images\PlaceholderUSB for new images...
[2025-12-05 20:12:52] 🔍 Scanning C:\Users\Recap\OneDrive\Documents\Banana_Project\Geotag_images\PlaceholderUSB for new images...
[2025-12-05 20:12:53] 🔍 Scanning C:\Users\Recap\OneDrive\Documents\Banana_Project\Geotag_images\PlaceholderUSB for new images...
[2025-12-05 20:12:59] 🔍 Scanning C:\Users\Recap\OneDrive\Documents\Banana_Project\Geotag_images\PlaceholderUSB for new images...
[2025-12-05 20:12:59] 🔍 Scanning C:\Users\Recap\OneDrive\Documents\Banana_Project\Geotag_images\PlaceholderUSB for new images...
[2025-12-05 20:13:01] 🔍 Scanning C:\Users\Recap\OneDrive\Documents\Banana_Project\Geotag_images\PlaceholderUSB for new images...
[2025-12-05 20:13:02] 🔍 Scanning C:\Users\Recap\OneDrive\Documents\Banana_Project\Geotag_images\PlaceholderUSB for new images...
[2025-12-05 20:13:02] 🔍 Scanning C:\Users\Recap\OneDrive\Documents\Banana_Project\Geotag_images\PlaceholderUSB for new images...
[2025-12-05 20:13:03] 🔍 Scanning C:\Users\Recap\OneDrive\Documents\Banana_Project\Geotag_images\PlaceholderUSB for new images...
[2025-12-05 20:13:09] 🔍 Scanning C:\Users\Recap\OneDrive\Documents\Banana_Project\Geotag_images\PlaceholderUSB for new images...
[2025-12-05 20:13:09] 🔍 Scanning C:\Users\Recap\OneDrive\Documents\Banana_Project\Geotag_images\PlaceholderUSB for new images...
[2025-12-05 20:13:11] 🔍 Scanning C:\Users\Recap\OneDrive\Documents\Banana_Project\Geotag_images\PlaceholderUSB for new images...
[2025-12-05 20:13:12] 🔍 Scanning C:\Users\Recap\OneDrive\Documents\Banana_Project\Geotag_images\PlaceholderUSB for new images...
[2025-12-05 20:13:12] 🔍 Scanning C:\Users\Recap\OneDrive\Documents\Banana_Project\Geotag_images\PlaceholderUSB for new images...
[2025-12-05 20:13:13] 🔍 Scanning C:\Users\Recap\OneDrive\Documents\Banana_Project\Geotag_images\PlaceholderUSB for new images...
[2025-12-05 20:13:19] 🔍 Scanning C:\Users\Recap\OneDrive\Documents\Banana_Project\Geotag_images\PlaceholderUSB for new images...
[2025-12-05 20:13:19] 🔍 Scanning C:\Users\Recap\OneDrive\Documents\Banana_Project\Geotag_images\PlaceholderUSB for new images...
[2025-12-05 20:13:21] 🔍 Scanning C:\Users\Recap\OneDrive\Documents\Banana_Project\Geotag_images\PlaceholderUSB for new images...
[2025-12-05 20:13:22] 🔍 Scanning C:\Users\Recap\OneDrive\Documents\Banana_Project\Geotag_images\PlaceholderUSB for new images...
[2025-12-05 20:13:22] 🔍 Scanning C:\Users\Recap\OneDrive\Documents\Banana_Project\Geotag_images\PlaceholderUSB for new images...
[2025-12-05 20:13:23] 🔍 Scanning C:\Users\Recap\OneDrive\Documents\Banana_Project\Geotag_images\PlaceholderUSB for new images...
[2025-12-05 20:13:29] 🔍 Scanning C:\Users\Recap\OneDrive\Documents\Banana_Project\Geotag_images\PlaceholderUSB for new images...
[2025-12-05 20:13:29] 🔍 Scanning C:\Users\Recap\OneDrive\Documents\Banana_Project\Geotag_images\PlaceholderUSB for new images...
[2025-12-05 20:13:31] 🔍 Scanning C:\Users\Recap\OneDrive\Documents\Banana_Project\Geotag_images\PlaceholderUSB for new images...
[2025-12-05 20:13:32] 🔍 Scanning C:\Users\Recap\OneDrive\Documents\Banana_Project\Geotag_images\PlaceholderUSB for new images...
[2025-12-05 20:13:32] 🔍 Scanning C:\Users\Recap\OneDrive\Documents\Banana_Project\Geotag_images\PlaceholderUSB for new images...
[2025-12-05 20:13:33] 🔍 Scanning C:\Users\Recap\OneDrive\Documents\Banana_Project\Geotag_images\PlaceholderUSB for new images...
[2025-12-05 20:13:39] 🔍 Scanning C:\Users\Recap\OneDrive\Documents\Banana_Project\Geotag_images\PlaceholderUSB for new images...
[2025-12-05 20:13:39] 🔍 Scanning C:\Users\Recap\OneDrive\Documents\Banana_Project\Geotag_images\PlaceholderUSB for new images...
[2025-12-05 20:13:41] 🔍 Scanning C:\Users\Recap\OneDrive\Documents\Banana_Project\Geotag_images\PlaceholderUSB for new images...
[2025-12-05 20:13:42] 🔍 Scanning C:\Users\Recap\OneDrive\Documents\Banana_Project\Geotag_images\PlaceholderUSB for new images...
[2025-12-05 20:13:42] 🔍 Scanning C:\Users\Recap\OneDrive\Documents\Banana_Project\Geotag_images\PlaceholderUSB for new images...
[2025-12-05 20:13:43] 🔍 Scanning C:\Users\Recap\OneDrive\Documents\Banana_Project\Geotag_images\PlaceholderUSB for new images...
[2025-12-05 20:13:49] 🔍 Scanning C:\Users\Recap\OneDrive\Documents\Banana_Project\Geotag_images\PlaceholderUSB for new images...
[2025-12-05 20:13:49] 🔍 Scanning C:\Users\Recap\OneDrive\Documents\Banana_Project\Geotag_images\PlaceholderUSB for new images...
[2025-12-05 20:13:51] 🔍 Scanning C:\Users\Recap\OneDrive\Documents\Banana_Project\Geotag_images\PlaceholderUSB for new images...
[2025-12-05 20:13:52] 🔍 Scanning C:\Users\Recap\OneDrive\Documents\Banana_Project\Geotag_images\PlaceholderUSB for new images...
[2025-12-05 20:13:52] 🔍 Scanning C:\Users\Recap\OneDrive\Documents\Banana_Project\Geotag_images\PlaceholderUSB for new images...
[2025-12-05 20:13:53] 🔍 Scanning C:\Users\Recap\OneDrive\Documents\Banana_Project\Geotag_images\PlaceholderUSB for new images...
[2025-12-05 20:13:59] 🔍 Scanning C:\Users\Recap\OneDrive\Documents\Banana_Project\Geotag_images\PlaceholderUSB for new images...
[2025-12-05 20:13:59] 🔍 Scanning C:\Users\Recap\OneDrive\Documents\Banana_Project\Geotag_images\PlaceholderUSB for new images...
[2025-12-05 20:14:01] 🔍 Scanning C:\Users\Recap\OneDrive\Documents\Banana_Project\Geotag_images\PlaceholderUSB for new images...
[2025-12-05 20:14:02] 🔍 Scanning C:\Users\Recap\OneDrive\Documents\Banana_Project\Geotag_images\PlaceholderUSB for new images...
[2025-12-05 20:14:02] 🔍 Scanning C:\Users\Recap\OneDrive\Documents\Banana_Project\Geotag_images\PlaceholderUSB for new images...
[2025-12-05 20:14:03] 🔍 Scanning C:\Users\Recap\OneDrive\Documents\Banana_Project\Geotag_images\PlaceholderUSB for new images...
[2025-12-05 20:14:09] 🔍 Scanning C:\Users\Recap\OneDrive\Documents\Banana_Project\Geotag_images\PlaceholderUSB for new images...
[2025-12-05 20:14:09] 🔍 Scanning C:\Users\Recap\OneDrive\Documents\Banana_Project\Geotag_images\PlaceholderUSB for new images...
[2025-12-05 20:14:11] 🔍 Scanning C:\Users\Recap\OneDrive\Documents\Banana_Project\Geotag_images\PlaceholderUSB for new images...
[2025-12-05 20:14:12] 🔍 Scanning C:\Users\Recap\OneDrive\Documents\Banana_Project\Geotag_images\PlaceholderUSB for new images...
[2025-12-05 20:14:12] 🔍 Scanning C:\Users\Recap\OneDrive\Documents\Banana_Project\Geotag_images\PlaceholderUSB for new images...
[2025-12-05 20:14:13] 🔍 Scanning C:\Users\Recap\OneDrive\Documents\Banana_Project\Geotag_images\PlaceholderUSB for new images...
[2025-12-05 20:14:19] 🔍 Scanning C:\Users\Recap\OneDrive\Documents\Banana_Project\Geotag_images\PlaceholderUSB for new images...
[2025-12-05 20:14:19] 🔍 Scanning C:\Users\Recap\OneDrive\Documents\Banana_Project\Geotag_images\PlaceholderUSB for new images...
[2025-12-05 20:14:21] 🔍 Scanning C:\Users\Recap\OneDrive\Documents\Banana_Project\Geotag_images\PlaceholderUSB for new images...
[2025-12-05 20:14:22] 🔍 Scanning C:\Users\Recap\OneDrive\Documents\Banana_Project\Geotag_images\PlaceholderUSB for new images...
[2025-12-05 20:14:22] 🔍 Scanning C:\Users\Recap\OneDrive\Documents\Banana_Project\Geotag_images\PlaceholderUSB for new images...
[2025-12-05 20:14:23] 🔍 Scanning C:\Users\Recap\OneDrive\Documents\Banana_Project\Geotag_images\PlaceholderUSB for new images...
[2025-12-05 20:14:29] 🔍 Scanning C:\Users\Recap\OneDrive\Documents\Banana_Project\Geotag_images\PlaceholderUSB for new images...
[2025-12-05 20:14:29] 🔍 Scanning C:\Users\Recap\OneDrive\Documents\Banana_Project\Geotag_images\PlaceholderUSB for new images...
[2025-12-05 20:14:31] 🔍 Scanning C:\Users\Recap\OneDrive\Documents\Banana_Project\Geotag_images\PlaceholderUSB for new images...
[2025-12-05 20:14:32] 🔍 Scanning C:\Users\Recap\OneDrive\Documents\Banana_Project\Geotag_images\PlaceholderUSB for new images...
[2025-12-05 20:14:32] 🔍 Scanning C:\Users\Recap\OneDrive\Documents\Banana_Project\Geotag_images\PlaceholderUSB for new images...
[2025-12-05 20:14:33] 🔍 Scanning C:\Users\Recap\OneDrive\Documents\Banana_Project\Geotag_images\PlaceholderUSB for new images...
[2025-12-05 20:14:39] 🔍 Scanning C:\Users\Recap\OneDrive\Documents\Banana_Project\Geotag_images\PlaceholderUSB for new images...
[2025-12-05 20:14:39] 🔍 Scanning C:\Users\Recap\OneDrive\Documents\Banana_Project\Geotag_images\PlaceholderUSB for new images...
[2025-12-05 20:14:41] 🔍 Scanning C:\Users\Recap\OneDrive\Documents\Banana_Project\Geotag_images\PlaceholderUSB for new images...
[2025-12-05 20:14:42] 🔍 Scanning C:\Users\Recap\OneDrive\Documents\Banana_Project\Geotag_images\PlaceholderUSB for new images...
[2025-12-05 20:14:42] 🔍 Scanning C:\Users\Recap\OneDrive\Documents\Banana_Project\Geotag_images\PlaceholderUSB for new images...
[2025-12-05 20:14:43] 🔍 Scanning C:\Users\Recap\OneDrive\Documents\Banana_Project\Geotag_images\PlaceholderUSB for new images...
[2025-12-05 20:14:49] 🔍 Scanning C:\Users\Recap\OneDrive\Documents\Banana_Project\Geotag_images\PlaceholderUSB for new images...
[2025-12-05 20:14:49] 🔍 Scanning C:\Users\Recap\OneDrive\Documents\Banana_Project\Geotag_images\PlaceholderUSB for new images...
[2025-12-05 20:14:51] 🔍 Scanning C:\Users\Recap\OneDrive\Documents\Banana_Project\Geotag_images\PlaceholderUSB for new images...
[2025-12-05 20:14:52] 🔍 Scanning C:\Users\Recap\OneDrive\Documents\Banana_Project\Geotag_images\PlaceholderUSB for new images...
[2025-12-05 20:14:52] 🔍 Scanning C:\Users\Recap\OneDrive\Documents\Banana_Project\Geotag_images\PlaceholderUSB for new images...
[2025-12-05 20:14:53] 🔍 Scanning C:\Users\Recap\OneDrive\Documents\Banana_Project\Geotag_images\PlaceholderUSB for new images...
[2025-12-05 20:14:59] 🔍 Scanning C:\Users\Recap\OneDrive\Documents\Banana_Project\Geotag_images\PlaceholderUSB for new images...
[2025-12-05 20:14:59] 🔍 Scanning C:\Users\Recap\OneDrive\Documents\Banana_Project\Geotag_images\PlaceholderUSB for new images...
[2025-12-05 20:15:01] 🔍 Scanning C:\Users\Recap\OneDrive\Documents\Banana_Project\Geotag_images\PlaceholderUSB for new images...
[2025-12-05 20:15:02] 🔍 Scanning C:\Users\Recap\OneDrive\Documents\Banana_Project\Geotag_images\PlaceholderUSB for new images...
[2025-12-05 20:15:02] 🔍 Scanning C:\Users\Recap\OneDrive\Documents\Banana_Project\Geotag_images\PlaceholderUSB for new images...
[2025-12-05 20:15:03] 🔍 Scanning C:\Users\Recap\OneDrive\Documents\Banana_Project\Geotag_images\PlaceholderUSB for new images...
[2025-12-05 20:15:09] 🔍 Scanning C:\Users\Recap\OneDrive\Documents\Banana_Project\Geotag_images\PlaceholderUSB for new images...
[2025-12-05 20:15:09] 🔍 Scanning C:\Users\Recap\OneDrive\Documents\Banana_Project\Geotag_images\PlaceholderUSB for new images...
[2025-12-05 20:15:11] 🔍 Scanning C:\Users\Recap\OneDrive\Documents\Banana_Project\Geotag_images\PlaceholderUSB for new images...
[2025-12-05 20:15:12] 🔍 Scanning C:\Users\Recap\OneDrive\Documents\Banana_Project\Geotag_images\PlaceholderUSB for new images...
[2025-12-05 20:15:12] 🔍 Scanning C:\Users\Recap\OneDrive\Documents\Banana_Project\Geotag_images\PlaceholderUSB for new images...
[2025-12-05 20:15:13] 🔍 Scanning C:\Users\Recap\OneDrive\Documents\Banana_Project\Geotag_images\PlaceholderUSB for new images...
[2025-12-05 20:15:19] 🔍 Scanning C:\Users\Recap\OneDrive\Documents\Banana_Project\Geotag_images\PlaceholderUSB for new images...
[2025-12-05 20:15:19] 🔍 Scanning C:\Users\Recap\OneDrive\Documents\Banana_Project\Geotag_images\PlaceholderUSB for new images...
[2025-12-05 20:15:21] 🔍 Scanning C:\Users\Recap\OneDrive\Documents\Banana_Project\Geotag_images\PlaceholderUSB for new images...
[2025-12-05 20:15:22] 🔍 Scanning C:\Users\Recap\OneDrive\Documents\Banana_Project\Geotag_images\PlaceholderUSB for new images...
[2025-12-05 20:15:22] 🔍 Scanning C:\Users\Recap\OneDrive\Documents\Banana_Project\Geotag_images\PlaceholderUSB for new images...
[2025-12-05 20:15:23] 🔍 Scanning C:\Users\Recap\OneDrive\Documents\Banana_Project\Geotag_images\PlaceholderUSB for new images...
[2025-12-05 20:15:29] 🔍 Scanning C:\Users\Recap\OneDrive\Documents\Banana_Project\Geotag_images\PlaceholderUSB for new images...
[2025-12-05 20:15:29] 🔍 Scanning C:\Users\Recap\OneDrive\Documents\Banana_Project\Geotag_images\PlaceholderUSB for new images...
[2025-12-05 20:15:31] 🔍 Scanning C:\Users\Recap\OneDrive\Documents\Banana_Project\Geotag_images\PlaceholderUSB for new images...
[2025-12-05 20:15:32] 🔍 Scanning C:\Users\Recap\OneDrive\Documents\Banana_Project\Geotag_images\PlaceholderUSB for new images...
[2025-12-05 20:15:32] 🔍 Scanning C:\Users\Recap\OneDrive\Documents\Banana_Project\Geotag_images\PlaceholderUSB for new images...
[2025-12-05 20:15:33] 🔍 Scanning C:\Users\Recap\OneDrive\Documents\Banana_Project\Geotag_images\PlaceholderUSB for new images...
[2025-12-05 20:15:39] 🔍 Scanning C:\Users\Recap\OneDrive\Documents\Banana_Project\Geotag_images\PlaceholderUSB for new images...
[2025-12-05 20:15:39] 🔍 Scanning C:\Users\Recap\OneDrive\Documents\Banana_Project\Geotag_images\PlaceholderUSB for new images...
[2025-12-05 20:15:41] 🔍 Scanning C:\Users\Recap\OneDrive\Documents\Banana_Project\Geotag_images\PlaceholderUSB for new images...
[2025-12-05 20:15:42] 🔍 Scanning C:\Users\Recap\OneDrive\Documents\Banana_Project\Geotag_images\PlaceholderUSB for new images...
[2025-12-05 20:15:42] 🔍 Scanning C:\Users\Recap\OneDrive\Documents\Banana_Project\Geotag_images\PlaceholderUSB for new images...
[2025-12-05 20:15:43] 🔍 Scanning C:\Users\Recap\OneDrive\Documents\Banana_Project\Geotag_images\PlaceholderUSB for new images...
[2025-12-05 20:15:49] 🔍 Scanning C:\Users\Recap\OneDrive\Documents\Banana_Project\Geotag_images\PlaceholderUSB for new images...
[2025-12-05 20:15:49] 🔍 Scanning C:\Users\Recap\OneDrive\Documents\Banana_Project\Geotag_images\PlaceholderUSB for new images...
[2025-12-05 20:15:51] 🔍 Scanning C:\Users\Recap\OneDrive\Documents\Banana_Project\Geotag_images\PlaceholderUSB for new images...
[2025-12-05 20:15:52] 🔍 Scanning C:\Users\Recap\OneDrive\Documents\Banana_Project\Geotag_images\PlaceholderUSB for new images...
[2025-12-05 20:15:52] 🔍 Scanning C:\Users\Recap\OneDrive\Documents\Banana_Project\Geotag_images\PlaceholderUSB for new images...
[2025-12-05 20:15:53] 🔍 Scanning C:\Users\Recap\OneDrive\Documents\Banana_Project\Geotag_images\PlaceholderUSB for new images...
[2025-12-05 20:15:59] 🔍 Scanning C:\Users\Recap\OneDrive\Documents\Banana_Project\Geotag_images\PlaceholderUSB for new images...
[2025-12-05 20:15:59] 🔍 Scanning C:\Users\Recap\OneDrive\Documents\Banana_Project\Geotag_images\PlaceholderUSB for new images...
[2025-12-05 20:16:01] 🔍 Scanning C:\Users\Recap\OneDrive\Documents\Banana_Project\Geotag_images\PlaceholderUSB for new images...
[2025-12-05 20:16:02] 🔍 Scanning C:\Users\Recap\OneDrive\Documents\Banana_Project\Geotag_images\PlaceholderUSB for new images...
[2025-12-05 20:16:02] 🔍 Scanning C:\Users\Recap\OneDrive\Documents\Banana_Project\Geotag_images\PlaceholderUSB for new images...
[2025-12-05 20:16:03] 🔍 Scanning C:\Users\Recap\OneDrive\Documents\Banana_Project\Geotag_images\PlaceholderUSB for new images...
[2025-12-05 20:16:09] 🔍 Scanning C:\Users\Recap\OneDrive\Documents\Banana_Project\Geotag_images\PlaceholderUSB for new images...
[2025-12-05 20:16:09] 🔍 Scanning C:\Users\Recap\OneDrive\Documents\Banana_Project\Geotag_images\PlaceholderUSB for new images...
[2025-12-05 20:16:11] 🔍 Scanning C:\Users\Recap\OneDrive\Documents\Banana_Project\Geotag_images\PlaceholderUSB for new images...
[2025-12-05 20:16:12] 🔍 Scanning C:\Users\Recap\OneDrive\Documents\Banana_Project\Geotag_images\PlaceholderUSB for new images...
[2025-12-05 20:16:12] 🔍 Scanning C:\Users\Recap\OneDrive\Documents\Banana_Project\Geotag_images\PlaceholderUSB for new images...
[2025-12-05 20:16:13] 🔍 Scanning C:\Users\Recap\OneDrive\Documents\Banana_Project\Geotag_images\PlaceholderUSB for new images...
[2025-12-05 20:16:19] 🔍 Scanning C:\Users\Recap\OneDrive\Documents\Banana_Project\Geotag_images\PlaceholderUSB for new images...
[2025-12-05 20:16:19] 🔍 Scanning C:\Users\Recap\OneDrive\Documents\Banana_Project\Geotag_images\PlaceholderUSB for new images...
[2025-12-05 20:16:21] 🔍 Scanning C:\Users\Recap\OneDrive\Documents\Banana_Project\Geotag_images\PlaceholderUSB for new images...
[2025-12-05 20:16:22] 🔍 Scanning C:\Users\Recap\OneDrive\Documents\Banana_Project\Geotag_images\PlaceholderUSB for new images...
[2025-12-05 20:16:22] 🔍 Scanning C:\Users\Recap\OneDrive\Documents\Banana_Project\Geotag_images\PlaceholderUSB for new images...
[2025-12-05 20:16:23] 🔍 Scanning C:\Users\Recap\OneDrive\Documents\Banana_Project\Geotag_images\PlaceholderUSB for new images...
[2025-12-05 20:16:29] 🔍 Scanning C:\Users\Recap\OneDrive\Documents\Banana_Project\Geotag_images\PlaceholderUSB for new images...
[2025-12-05 20:16:29] 🔍 Scanning C:\Users\Recap\OneDrive\Documents\Banana_Project\Geotag_images\PlaceholderUSB for new images...
[2025-12-05 20:16:31] 🔍 Scanning C:\Users\Recap\OneDrive\Documents\Banana_Project\Geotag_images\PlaceholderUSB for new images...
[2025-12-05 20:16:32] 🔍 Scanning C:\Users\Recap\OneDrive\Documents\Banana_Project\Geotag_images\PlaceholderUSB for new images...
[2025-12-05 20:16:32] 🔍 Scanning C:\Users\Recap\OneDrive\Documents\Banana_Project\Geotag_images\PlaceholderUSB for new images...
[2025-12-05 20:16:33] 🔍 Scanning C:\Users\Recap\OneDrive\Documents\Banana_Project\Geotag_images\PlaceholderUSB for new images...
[2025-12-05 20:16:39] 🔍 Scanning C:\Users\Recap\OneDrive\Documents\Banana_Project\Geotag_images\PlaceholderUSB for new images...
[2025-12-05 20:16:39] 🔍 Scanning C:\Users\Recap\OneDrive\Documents\Banana_Project\Geotag_images\PlaceholderUSB for new images...
[2025-12-05 20:16:41] 🔍 Scanning C:\Users\Recap\OneDrive\Documents\Banana_Project\Geotag_images\PlaceholderUSB for new images...
[2025-12-05 20:16:42] 🔍 Scanning C:\Users\Recap\OneDrive\Documents\Banana_Project\Geotag_images\PlaceholderUSB for new images...
[2025-12-05 20:16:42] 🔍 Scanning C:\Users\Recap\OneDrive\Documents\Banana_Project\Geotag_images\PlaceholderUSB for new images...
[2025-12-05 20:16:43] 🔍 Scanning C:\Users\Recap\OneDrive\Documents\Banana_Project\Geotag_images\PlaceholderUSB for new images...
[2025-12-05 20:16:49] 🔍 Scanning C:\Users\Recap\OneDrive\Documents\Banana_Project\Geotag_images\PlaceholderUSB for new images...
[2025-12-05 20:16:49] 🔍 Scanning C:\Users\Recap\OneDrive\Documents\Banana_Project\Geotag_images\PlaceholderUSB for new images...
[2025-12-05 20:16:51] 🔍 Scanning C:\Users\Recap\OneDrive\Documents\Banana_Project\Geotag_images\PlaceholderUSB for new images...
[2025-12-05 20:16:52] 🔍 Scanning C:\Users\Recap\OneDrive\Documents\Banana_Project\Geotag_images\PlaceholderUSB for new images...
[2025-12-05 20:16:52] 🔍 Scanning C:\Users\Recap\OneDrive\Documents\Banana_Project\Geotag_images\PlaceholderUSB for new images...
[2025-12-05 20:16:53] 🔍 Scanning C:\Users\Recap\OneDrive\Documents\Banana_Project\Geotag_images\PlaceholderUSB for new images...
[2025-12-05 20:16:59] 🔍 Scanning C:\Users\Recap\OneDrive\Documents\Banana_Project\Geotag_images\PlaceholderUSB for new images...
[2025-12-05 20:16:59] 🔍 Scanning C:\Users\Recap\OneDrive\Documents\Banana_Project\Geotag_images\PlaceholderUSB for new images...
[2025-12-05 20:17:01] 🔍 Scanning C:\Users\Recap\OneDrive\Documents\Banana_Project\Geotag_images\PlaceholderUSB for new images...
[2025-12-05 20:17:02] 🔍 Scanning C:\Users\Recap\OneDrive\Documents\Banana_Project\Geotag_images\PlaceholderUSB for new images...
[2025-12-05 20:17:02] 🔍 Scanning C:\Users\Recap\OneDrive\Documents\Banana_Project\Geotag_images\PlaceholderUSB for new images...
[2025-12-05 20:17:03] 🔍 Scanning C:\Users\Recap\OneDrive\Documents\Banana_Project\Geotag_images\PlaceholderUSB for new images...
[2025-12-05 20:17:09] 🔍 Scanning C:\Users\Recap\OneDrive\Documents\Banana_Project\Geotag_images\PlaceholderUSB for new images...
[2025-12-05 20:17:09] 🔍 Scanning C:\Users\Recap\OneDrive\Documents\Banana_Project\Geotag_images\PlaceholderUSB for new images...
[2025-12-05 20:17:11] 🔍 Scanning C:\Users\Recap\OneDrive\Documents\Banana_Project\Geotag_images\PlaceholderUSB for new images...
[2025-12-05 20:17:12] 🔍 Scanning C:\Users\Recap\OneDrive\Documents\Banana_Project\Geotag_images\PlaceholderUSB for new images...
[2025-12-05 20:17:12] 🔍 Scanning C:\Users\Recap\OneDrive\Documents\Banana_Project\Geotag_images\PlaceholderUSB for new images...
[2025-12-05 20:17:13] 🔍 Scanning C:\Users\Recap\OneDrive\Documents\Banana_Project\Geotag_images\PlaceholderUSB for new images...
[2025-12-05 20:17:19] 🔍 Scanning C:\Users\Recap\OneDrive\Documents\Banana_Project\Geotag_images\PlaceholderUSB for new images...
[2025-12-05 20:17:19] 🔍 Scanning C:\Users\Recap\OneDrive\Documents\Banana_Project\Geotag_images\PlaceholderUSB for new images...
[2025-12-05 20:17:21] 🔍 Scanning C:\Users\Recap\OneDrive\Documents\Banana_Project\Geotag_images\PlaceholderUSB for new images...
[2025-12-05 20:17:22] 🔍 Scanning C:\Users\Recap\OneDrive\Documents\Banana_Project\Geotag_images\PlaceholderUSB for new images...
[2025-12-05 20:17:22] 🔍 Scanning C:\Users\Recap\OneDrive\Documents\Banana_Project\Geotag_images\PlaceholderUSB for new images...
[2025-12-05 20:17:23] 🔍 Scanning C:\Users\Recap\OneDrive\Documents\Banana_Project\Geotag_images\PlaceholderUSB for new images...
[2025-12-05 20:17:29] 🔍 Scanning C:\Users\Recap\OneDrive\Documents\Banana_Project\Geotag_images\PlaceholderUSB for new images...
[2025-12-05 20:17:29] 🔍 Scanning C:\Users\Recap\OneDrive\Documents\Banana_Project\Geotag_images\PlaceholderUSB for new images...
[2025-12-05 20:17:31] 🔍 Scanning C:\Users\Recap\OneDrive\Documents\Banana_Project\Geotag_images\PlaceholderUSB for new images...
[2025-12-05 20:17:32] 🔍 Scanning C:\Users\Recap\OneDrive\Documents\Banana_Project\Geotag_images\PlaceholderUSB for new images...
[2025-12-05 20:17:32] 🔍 Scanning C:\Users\Recap\OneDrive\Documents\Banana_Project\Geotag_images\PlaceholderUSB for new images...
[2025-12-05 20:17:33] 🔍 Scanning C:\Users\Recap\OneDrive\Documents\Banana_Project\Geotag_images\PlaceholderUSB for new images...
[2025-12-05 20:17:39] 🔍 Scanning C:\Users\Recap\OneDrive\Documents\Banana_Project\Geotag_images\PlaceholderUSB for new images...
[2025-12-05 20:17:39] 🔍 Scanning C:\Users\Recap\OneDrive\Documents\Banana_Project\Geotag_images\PlaceholderUSB for new images...
[2025-12-05 20:17:41] 🔍 Scanning C:\Users\Recap\OneDrive\Documents\Banana_Project\Geotag_images\PlaceholderUSB for new images...
[2025-12-05 20:17:42] 🔍 Scanning C:\Users\Recap\OneDrive\Documents\Banana_Project\Geotag_images\PlaceholderUSB for new images...
[2025-12-05 20:17:42] 🔍 Scanning C:\Users\Recap\OneDrive\Documents\Banana_Project\Geotag_images\PlaceholderUSB for new images...
[2025-12-05 20:17:43] 🔍 Scanning C:\Users\Recap\OneDrive\Documents\Banana_Project\Geotag_images\PlaceholderUSB for new images...
[2025-12-05 20:17:49] 🔍 Scanning C:\Users\Recap\OneDrive\Documents\Banana_Project\Geotag_images\PlaceholderUSB for new images...
[2025-12-05 20:17:50] 🔍 Scanning C:\Users\Recap\OneDrive\Documents\Banana_Project\Geotag_images\PlaceholderUSB for new images...
[2025-12-05 20:17:51] 🔍 Scanning C:\Users\Recap\OneDrive\Documents\Banana_Project\Geotag_images\PlaceholderUSB for new images...
[2025-12-05 20:17:52] 🔍 Scanning C:\Users\Recap\OneDrive\Documents\Banana_Project\Geotag_images\PlaceholderUSB for new images...
[2025-12-05 20:17:52] 🔍 Scanning C:\Users\Recap\OneDrive\Documents\Banana_Project\Geotag_images\PlaceholderUSB for new images...
[2025-12-05 20:17:53] 🔍 Scanning C:\Users\Recap\OneDrive\Documents\Banana_Project\Geotag_images\PlaceholderUSB for new images...
[2025-12-05 20:17:59] 🔍 Scanning C:\Users\Recap\OneDrive\Documents\Banana_Project\Geotag_images\PlaceholderUSB for new images...
[2025-12-05 20:18:00] 🔍 Scanning C:\Users\Recap\OneDrive\Documents\Banana_Project\Geotag_images\PlaceholderUSB for new images...
[2025-12-05 20:18:01] 🔍 Scanning C:\Users\Recap\OneDrive\Documents\Banana_Project\Geotag_images\PlaceholderUSB for new images...
[2025-12-05 20:18:02] 🔍 Scanning C:\Users\Recap\OneDrive\Documents\Banana_Project\Geotag_images\PlaceholderUSB for new images...
[2025-12-05 20:18:02] 🔍 Scanning C:\Users\Recap\OneDrive\Documents\Banana_Project\Geotag_images\PlaceholderUSB for new images...
[2025-12-05 20:18:03] 🔍 Scanning C:\Users\Recap\OneDrive\Documents\Banana_Project\Geotag_images\PlaceholderUSB for new images...
[2025-12-05 20:18:09] 🔍 Scanning C:\Users\Recap\OneDrive\Documents\Banana_Project\Geotag_images\PlaceholderUSB for new images...
[2025-12-05 20:18:10] 🔍 Scanning C:\Users\Recap\OneDrive\Documents\Banana_Project\Geotag_images\PlaceholderUSB for new images...
[2025-12-05 20:18:11] 🔍 Scanning C:\Users\Recap\OneDrive\Documents\Banana_Project\Geotag_images\PlaceholderUSB for new images...
[2025-12-05 20:18:12] 🔍 Scanning C:\Users\Recap\OneDrive\Documents\Banana_Project\Geotag_images\PlaceholderUSB for new images...
[2025-12-05 20:18:12] 🔍 Scanning C:\Users\Recap\OneDrive\Documents\Banana_Project\Geotag_images\PlaceholderUSB for new images...
[2025-12-05 20:18:13] 🔍 Scanning C:\Users\Recap\OneDrive\Documents\Banana_Project\Geotag_images\PlaceholderUSB for new images...
[2025-12-05 20:18:20] 🔍 Scanning C:\Users\Recap\OneDrive\Documents\Banana_Project\Geotag_images\PlaceholderUSB for new images...
[2025-12-05 20:18:20] 🔍 Scanning C:\Users\Recap\OneDrive\Documents\Banana_Project\Geotag_images\PlaceholderUSB for new images...
[2025-12-05 20:18:21] 🔍 Scanning C:\Users\Recap\OneDrive\Documents\Banana_Project\Geotag_images\PlaceholderUSB for new images...
[2025-12-05 20:18:22] 🔍 Scanning C:\Users\Recap\OneDrive\Documents\Banana_Project\Geotag_images\PlaceholderUSB for new images...
[2025-12-05 20:18:22] 🔍 Scanning C:\Users\Recap\OneDrive\Documents\Banana_Project\Geotag_images\PlaceholderUSB for new images...
[2025-12-05 20:18:23] 🔍 Scanning C:\Users\Recap\OneDrive\Documents\Banana_Project\Geotag_images\PlaceholderUSB for new images...
[2025-12-05 20:18:30] 🔍 Scanning C:\Users\Recap\OneDrive\Documents\Banana_Project\Geotag_images\PlaceholderUSB for new images...
[2025-12-05 20:18:30] 🔍 Scanning C:\Users\Recap\OneDrive\Documents\Banana_Project\Geotag_images\PlaceholderUSB for new images...
[2025-12-05 20:18:31] 🔍 Scanning C:\Users\Recap\OneDrive\Documents\Banana_Project\Geotag_images\PlaceholderUSB for new images...
[2025-12-05 20:18:32] 🔍 Scanning C:\Users\Recap\OneDrive\Documents\Banana_Project\Geotag_images\PlaceholderUSB for new images...
[2025-12-05 20:18:32] 🔍 Scanning C:\Users\Recap\OneDrive\Documents\Banana_Project\Geotag_images\PlaceholderUSB for new images...
[2025-12-05 20:18:33] 🔍 Scanning C:\Users\Recap\OneDrive\Documents\Banana_Project\Geotag_images\PlaceholderUSB for new images...
[2025-12-05 20:18:40] 🔍 Scanning C:\Users\Recap\OneDrive\Documents\Banana_Project\Geotag_images\PlaceholderUSB for new images...
[2025-12-05 20:18:40] 🔍 Scanning C:\Users\Recap\OneDrive\Documents\Banana_Project\Geotag_images\PlaceholderUSB for new images...
[2025-12-05 20:18:41] 🔍 Scanning C:\Users\Recap\OneDrive\Documents\Banana_Project\Geotag_images\PlaceholderUSB for new images...
[2025-12-05 20:18:42] 🔍 Scanning C:\Users\Recap\OneDrive\Documents\Banana_Project\Geotag_images\PlaceholderUSB for new images...
[2025-12-05 20:18:42] 🔍 Scanning C:\Users\Recap\OneDrive\Documents\Banana_Project\Geotag_images\PlaceholderUSB for new images...
[2025-12-05 20:18:43] 🔍 Scanning C:\Users\Recap\OneDrive\Documents\Banana_Project\Geotag_images\PlaceholderUSB for new images...
[2025-12-05 20:18:50] 🔍 Scanning C:\Users\Recap\OneDrive\Documents\Banana_Project\Geotag_images\PlaceholderUSB for new images...
[2025-12-05 20:18:50] 🔍 Scanning C:\Users\Recap\OneDrive\Documents\Banana_Project\Geotag_images\PlaceholderUSB for new images...
[2025-12-05 20:18:51] 🔍 Scanning C:\Users\Recap\OneDrive\Documents\Banana_Project\Geotag_images\PlaceholderUSB for new images...
[2025-12-05 20:18:52] 🔍 Scanning C:\Users\Recap\OneDrive\Documents\Banana_Project\Geotag_images\PlaceholderUSB for new images...
[2025-12-05 20:18:52] 🔍 Scanning C:\Users\Recap\OneDrive\Documents\Banana_Project\Geotag_images\PlaceholderUSB for new images...
[2025-12-05 20:18:53] 🔍 Scanning C:\Users\Recap\OneDrive\Documents\Banana_Project\Geotag_images\PlaceholderUSB for new images...
[2025-12-05 20:19:00] 🔍 Scanning C:\Users\Recap\OneDrive\Documents\Banana_Project\Geotag_images\PlaceholderUSB for new images...
[2025-12-05 20:19:00] 🔍 Scanning C:\Users\Recap\OneDrive\Documents\Banana_Project\Geotag_images\PlaceholderUSB for new images...
[2025-12-05 20:19:01] 🔍 Scanning C:\Users\Recap\OneDrive\Documents\Banana_Project\Geotag_images\PlaceholderUSB for new images...
[2025-12-05 20:19:02] 🔍 Scanning C:\Users\Recap\OneDrive\Documents\Banana_Project\Geotag_images\PlaceholderUSB for new images...
[2025-12-05 20:19:02] 🔍 Scanning C:\Users\Recap\OneDrive\Documents\Banana_Project\Geotag_images\PlaceholderUSB for new images...
[2025-12-05 20:19:03] 🔍 Scanning C:\Users\Recap\OneDrive\Documents\Banana_Project\Geotag_images\PlaceholderUSB for new images...
[2025-12-05 20:19:10] 🔍 Scanning C:\Users\Recap\OneDrive\Documents\Banana_Project\Geotag_images\PlaceholderUSB for new images...
[2025-12-05 20:19:10] 🔍 Scanning C:\Users\Recap\OneDrive\Documents\Banana_Project\Geotag_images\PlaceholderUSB for new images...
[2025-12-05 20:19:11] 🔍 Scanning C:\Users\Recap\OneDrive\Documents\Banana_Project\Geotag_images\PlaceholderUSB for new images...
[2025-12-05 20:19:12] 🔍 Scanning C:\Users\Recap\OneDrive\Documents\Banana_Project\Geotag_images\PlaceholderUSB for new images...
[2025-12-05 20:19:12] 🔍 Scanning C:\Users\Recap\OneDrive\Documents\Banana_Project\Geotag_images\PlaceholderUSB for new images...
[2025-12-05 20:19:13] 🔍 Scanning C:\Users\Recap\OneDrive\Documents\Banana_Project\Geotag_images\PlaceholderUSB for new images...
[2025-12-05 20:19:20] 🔍 Scanning C:\Users\Recap\OneDrive\Documents\Banana_Project\Geotag_images\PlaceholderUSB for new images...
[2025-12-05 20:19:20] 🔍 Scanning C:\Users\Recap\OneDrive\Documents\Banana_Project\Geotag_images\PlaceholderUSB for new images...
[2025-12-05 20:19:21] 🔍 Scanning C:\Users\Recap\OneDrive\Documents\Banana_Project\Geotag_images\PlaceholderUSB for new images...
[2025-12-05 20:19:22] 🔍 Scanning C:\Users\Recap\OneDrive\Documents\Banana_Project\Geotag_images\PlaceholderUSB for new images...
[2025-12-05 20:19:22] 🔍 Scanning C:\Users\Recap\OneDrive\Documents\Banana_Project\Geotag_images\PlaceholderUSB for new images...
[2025-12-05 20:19:23] 🔍 Scanning C:\Users\Recap\OneDrive\Documents\Banana_Project\Geotag_images\PlaceholderUSB for new images...
[2025-12-05 20:19:30] 🔍 Scanning C:\Users\Recap\OneDrive\Documents\Banana_Project\Geotag_images\PlaceholderUSB for new images...
[2025-12-05 20:19:30] 🔍 Scanning C:\Users\Recap\OneDrive\Documents\Banana_Project\Geotag_images\PlaceholderUSB for new images...
[2025-12-05 20:19:31] 🔍 Scanning C:\Users\Recap\OneDrive\Documents\Banana_Project\Geotag_images\PlaceholderUSB for new images...
[2025-12-05 20:19:32] 🔍 Scanning C:\Users\Recap\OneDrive\Documents\Banana_Project\Geotag_images\PlaceholderUSB for new images...
[2025-12-05 20:19:32] 🔍 Scanning C:\Users\Recap\OneDrive\Documents\Banana_Project\Geotag_images\PlaceholderUSB for new images...
[2025-12-05 20:19:33] 🔍 Scanning C:\Users\Recap\OneDrive\Documents\Banana_Project\Geotag_images\PlaceholderUSB for new images...
[2025-12-05 20:19:40] 🔍 Scanning C:\Users\Recap\OneDrive\Documents\Banana_Project\Geotag_images\PlaceholderUSB for new images...
[2025-12-05 20:19:40] 🔍 Scanning C:\Users\Recap\OneDrive\Documents\Banana_Project\Geotag_images\PlaceholderUSB for new images...
[2025-12-05 20:19:41] 🔍 Scanning C:\Users\Recap\OneDrive\Documents\Banana_Project\Geotag_images\PlaceholderUSB for new images...
[2025-12-05 20:19:42] 🔍 Scanning C:\Users\Recap\OneDrive\Documents\Banana_Project\Geotag_images\PlaceholderUSB for new images...
[2025-12-05 20:19:42] 🔍 Scanning C:\Users\Recap\OneDrive\Documents\Banana_Project\Geotag_images\PlaceholderUSB for new images...
[2025-12-05 20:19:43] 🔍 Scanning C:\Users\Recap\OneDrive\Documents\Banana_Project\Geotag_images\PlaceholderUSB for new images...
[2025-12-05 20:19:50] 🔍 Scanning C:\Users\Recap\OneDrive\Documents\Banana_Project\Geotag_images\PlaceholderUSB for new images...
[2025-12-05 20:19:50] 🔍 Scanning C:\Users\Recap\OneDrive\Documents\Banana_Project\Geotag_images\PlaceholderUSB for new images...
[2025-12-05 20:19:51] 🔍 Scanning C:\Users\Recap\OneDrive\Documents\Banana_Project\Geotag_images\PlaceholderUSB for new images...
[2025-12-05 20:19:52] 🔍 Scanning C:\Users\Recap\OneDrive\Documents\Banana_Project\Geotag_images\PlaceholderUSB for new images...
[2025-12-05 20:19:52] 🔍 Scanning C:\Users\Recap\OneDrive\Documents\Banana_Project\Geotag_images\PlaceholderUSB for new images...
[2025-12-05 20:19:53] 🔍 Scanning C:\Users\Recap\OneDrive\Documents\Banana_Project\Geotag_images\PlaceholderUSB for new images...
[2025-12-05 20:20:00] 🔍 Scanning C:\Users\Recap\OneDrive\Documents\Banana_Project\Geotag_images\PlaceholderUSB for new images...
[2025-12-05 20:20:00] 🔍 Scanning C:\Users\Recap\OneDrive\Documents\Banana_Project\Geotag_images\PlaceholderUSB for new images...
[2025-12-05 20:20:01] 🔍 Scanning C:\Users\Recap\OneDrive\Documents\Banana_Project\Geotag_images\PlaceholderUSB for new images...
[2025-12-05 20:20:02] 🔍 Scanning C:\Users\Recap\OneDrive\Documents\Banana_Project\Geotag_images\PlaceholderUSB for new images...
[2025-12-05 20:20:02] 🔍 Scanning C:\Users\Recap\OneDrive\Documents\Banana_Project\Geotag_images\PlaceholderUSB for new images...
[2025-12-05 20:20:03] 🔍 Scanning C:\Users\Recap\OneDrive\Documents\Banana_Project\Geotag_images\PlaceholderUSB for new images...
[2025-12-05 20:20:10] 🔍 Scanning C:\Users\Recap\OneDrive\Documents\Banana_Project\Geotag_images\PlaceholderUSB for new images...
[2025-12-05 20:20:10] 🔍 Scanning C:\Users\Recap\OneDrive\Documents\Banana_Project\Geotag_images\PlaceholderUSB for new images...
[2025-12-05 20:20:11] 🔍 Scanning C:\Users\Recap\OneDrive\Documents\Banana_Project\Geotag_images\PlaceholderUSB for new images...
[2025-12-05 20:20:12] 🔍 Scanning C:\Users\Recap\OneDrive\Documents\Banana_Project\Geotag_images\PlaceholderUSB for new images...
[2025-12-05 20:20:12] 🔍 Scanning C:\Users\Recap\OneDrive\Documents\Banana_Project\Geotag_images\PlaceholderUSB for new images...
[2025-12-05 20:20:13] 🔍 Scanning C:\Users\Recap\OneDrive\Documents\Banana_Project\Geotag_images\PlaceholderUSB for new images...
[2025-12-05 20:20:20] 🔍 Scanning C:\Users\Recap\OneDrive\Documents\Banana_Project\Geotag_images\PlaceholderUSB for new images...
[2025-12-05 20:20:20] 🔍 Scanning C:\Users\Recap\OneDrive\Documents\Banana_Project\Geotag_images\PlaceholderUSB for new images...
[2025-12-05 20:20:21] 🔍 Scanning C:\Users\Recap\OneDrive\Documents\Banana_Project\Geotag_images\PlaceholderUSB for new images...
[2025-12-05 20:20:22] 🔍 Scanning C:\Users\Recap\OneDrive\Documents\Banana_Project\Geotag_images\PlaceholderUSB for new images...
[2025-12-05 20:20:22] 🔍 Scanning C:\Users\Recap\OneDrive\Documents\Banana_Project\Geotag_images\PlaceholderUSB for new images...
[2025-12-05 20:20:23] 🔍 Scanning C:\Users\Recap\OneDrive\Documents\Banana_Project\Geotag_images\PlaceholderUSB for new images...
[2025-12-05 20:20:30] 🔍 Scanning C:\Users\Recap\OneDrive\Documents\Banana_Project\Geotag_images\PlaceholderUSB for new images...
[2025-12-05 20:20:30] 🔍 Scanning C:\Users\Recap\OneDrive\Documents\Banana_Project\Geotag_images\PlaceholderUSB for new images...
[2025-12-05 20:20:31] 🔍 Scanning C:\Users\Recap\OneDrive\Documents\Banana_Project\Geotag_images\PlaceholderUSB for new images...
[2025-12-05 20:20:32] 🔍 Scanning C:\Users\Recap\OneDrive\Documents\Banana_Project\Geotag_images\PlaceholderUSB for new images...
[2025-12-05 20:20:32] 🔍 Scanning C:\Users\Recap\OneDrive\Documents\Banana_Project\Geotag_images\PlaceholderUSB for new images...
[2025-12-05 20:20:33] 🔍 Scanning C:\Users\Recap\OneDrive\Documents\Banana_Project\Geotag_images\PlaceholderUSB for new images...
[2025-12-05 20:20:40] 🔍 Scanning C:\Users\Recap\OneDrive\Documents\Banana_Project\Geotag_images\PlaceholderUSB for new images...
[2025-12-05 20:20:40] 🔍 Scanning C:\Users\Recap\OneDrive\Documents\Banana_Project\Geotag_images\PlaceholderUSB for new images...
[2025-12-05 20:20:41] 🔍 Scanning C:\Users\Recap\OneDrive\Documents\Banana_Project\Geotag_images\PlaceholderUSB for new images...
[2025-12-05 20:20:42] 🔍 Scanning C:\Users\Recap\OneDrive\Documents\Banana_Project\Geotag_images\PlaceholderUSB for new images...
[2025-12-05 20:20:42] 🔍 Scanning C:\Users\Recap\OneDrive\Documents\Banana_Project\Geotag_images\PlaceholderUSB for new images...
[2025-12-05 20:20:43] 🔍 Scanning C:\Users\Recap\OneDrive\Documents\Banana_Project\Geotag_images\PlaceholderUSB for new images...
[2025-12-05 20:20:50] 🔍 Scanning C:\Users\Recap\OneDrive\Documents\Banana_Project\Geotag_images\PlaceholderUSB for new images...
[2025-12-05 20:20:50] 🔍 Scanning C:\Users\Recap\OneDrive\Documents\Banana_Project\Geotag_images\PlaceholderUSB for new images...
[2025-12-05 20:20:51] 🔍 Scanning C:\Users\Recap\OneDrive\Documents\Banana_Project\Geotag_images\PlaceholderUSB for new images...
[2025-12-05 20:20:52] 🔍 Scanning C:\Users\Recap\OneDrive\Documents\Banana_Project\Geotag_images\PlaceholderUSB for new images...
[2025-12-05 20:20:52] 🔍 Scanning C:\Users\Recap\OneDrive\Documents\Banana_Project\Geotag_images\PlaceholderUSB for new images...
[2025-12-05 20:20:53] 🔍 Scanning C:\Users\Recap\OneDrive\Documents\Banana_Project\Geotag_images\PlaceholderUSB for new images...
[2025-12-05 20:21:00] 🔍 Scanning C:\Users\Recap\OneDrive\Documents\Banana_Project\Geotag_images\PlaceholderUSB for new images...
[2025-12-05 20:21:00] 🔍 Scanning C:\Users\Recap\OneDrive\Documents\Banana_Project\Geotag_images\PlaceholderUSB for new images...
[2025-12-05 20:21:01] 🔍 Scanning C:\Users\Recap\OneDrive\Documents\Banana_Project\Geotag_images\PlaceholderUSB for new images...
[2025-12-05 20:21:02] 🔍 Scanning C:\Users\Recap\OneDrive\Documents\Banana_Project\Geotag_images\PlaceholderUSB for new images...
[2025-12-05 20:21:02] 🔍 Scanning C:\Users\Recap\OneDrive\Documents\Banana_Project\Geotag_images\PlaceholderUSB for new images...
[2025-12-05 20:21:03] 🔍 Scanning C:\Users\Recap\OneDrive\Documents\Banana_Project\Geotag_images\PlaceholderUSB for new images...
[2025-12-05 20:21:10] 🔍 Scanning C:\Users\Recap\OneDrive\Documents\Banana_Project\Geotag_images\PlaceholderUSB for new images...
[2025-12-05 20:21:10] 🔍 Scanning C:\Users\Recap\OneDrive\Documents\Banana_Project\Geotag_images\PlaceholderUSB for new images...
[2025-12-05 20:21:11] 🔍 Scanning C:\Users\Recap\OneDrive\Documents\Banana_Project\Geotag_images\PlaceholderUSB for new images...
[2025-12-05 20:21:12] 🔍 Scanning C:\Users\Recap\OneDrive\Documents\Banana_Project\Geotag_images\PlaceholderUSB for new images...
[2025-12-05 20:21:12] 🔍 Scanning C:\Users\Recap\OneDrive\Documents\Banana_Project\Geotag_images\PlaceholderUSB for new images...
[2025-12-05 20:21:13] 🔍 Scanning C:\Users\Recap\OneDrive\Documents\Banana_Project\Geotag_images\PlaceholderUSB for new images...
[2025-12-05 20:21:20] 🔍 Scanning C:\Users\Recap\OneDrive\Documents\Banana_Project\Geotag_images\PlaceholderUSB for new images...
[2025-12-05 20:21:20] 🔍 Scanning C:\Users\Recap\OneDrive\Documents\Banana_Project\Geotag_images\PlaceholderUSB for new images...
[2025-12-05 20:21:21] 🔍 Scanning C:\Users\Recap\OneDrive\Documents\Banana_Project\Geotag_images\PlaceholderUSB for new images...
[2025-12-05 20:21:22] 🔍 Scanning C:\Users\Recap\OneDrive\Documents\Banana_Project\Geotag_images\PlaceholderUSB for new images...
[2025-12-05 20:21:22] 🔍 Scanning C:\Users\Recap\OneDrive\Documents\Banana_Project\Geotag_images\PlaceholderUSB for new images...
[2025-12-05 20:21:23] 🔍 Scanning C:\Users\Recap\OneDrive\Documents\Banana_Project\Geotag_images\PlaceholderUSB for new images...
[2025-12-05 20:21:30] 🔍 Scanning C:\Users\Recap\OneDrive\Documents\Banana_Project\Geotag_images\PlaceholderUSB for new images...
[2025-12-05 20:21:30] 🔍 Scanning C:\Users\Recap\OneDrive\Documents\Banana_Project\Geotag_images\PlaceholderUSB for new images...
[2025-12-05 20:21:31] 🔍 Scanning C:\Users\Recap\OneDrive\Documents\Banana_Project\Geotag_images\PlaceholderUSB for new images...
[2025-12-05 20:21:32] 🔍 Scanning C:\Users\Recap\OneDrive\Documents\Banana_Project\Geotag_images\PlaceholderUSB for new images...
[2025-12-05 20:21:32] 🔍 Scanning C:\Users\Recap\OneDrive\Documents\Banana_Project\Geotag_images\PlaceholderUSB for new images...
[2025-12-05 20:21:33] 🔍 Scanning C:\Users\Recap\OneDrive\Documents\Banana_Project\Geotag_images\PlaceholderUSB for new images...
[2025-12-05 20:21:40] 🔍 Scanning C:\Users\Recap\OneDrive\Documents\Banana_Project\Geotag_images\PlaceholderUSB for new images...
[2025-12-05 20:21:40] 🔍 Scanning C:\Users\Recap\OneDrive\Documents\Banana_Project\Geotag_images\PlaceholderUSB for new images...
[2025-12-05 20:21:41] 🔍 Scanning C:\Users\Recap\OneDrive\Documents\Banana_Project\Geotag_images\PlaceholderUSB for new images...
[2025-12-05 20:21:42] 🔍 Scanning C:\Users\Recap\OneDrive\Documents\Banana_Project\Geotag_images\PlaceholderUSB for new images...
[2025-12-05 20:21:42] 🔍 Scanning C:\Users\Recap\OneDrive\Documents\Banana_Project\Geotag_images\PlaceholderUSB for new images...
[2025-12-05 20:21:43] 🔍 Scanning C:\Users\Recap\OneDrive\Documents\Banana_Project\Geotag_images\PlaceholderUSB for new images...
[2025-12-05 20:21:50] 🔍 Scanning C:\Users\Recap\OneDrive\Documents\Banana_Project\Geotag_images\PlaceholderUSB for new images...
[2025-12-05 20:21:50] 🔍 Scanning C:\Users\Recap\OneDrive\Documents\Banana_Project\Geotag_images\PlaceholderUSB for new images...
[2025-12-05 20:21:51] 🔍 Scanning C:\Users\Recap\OneDrive\Documents\Banana_Project\Geotag_images\PlaceholderUSB for new images...
[2025-12-05 20:21:52] 🔍 Scanning C:\Users\Recap\OneDrive\Documents\Banana_Project\Geotag_images\PlaceholderUSB for new images...
[2025-12-05 20:21:52] 🔍 Scanning C:\Users\Recap\OneDrive\Documents\Banana_Project\Geotag_images\PlaceholderUSB for new images...
[2025-12-05 20:21:53] 🔍 Scanning C:\Users\Recap\OneDrive\Documents\Banana_Project\Geotag_images\PlaceholderUSB for new images...
[2025-12-05 20:22:00] 🔍 Scanning C:\Users\Recap\OneDrive\Documents\Banana_Project\Geotag_images\PlaceholderUSB for new images...
[2025-12-05 20:22:00] 🔍 Scanning C:\Users\Recap\OneDrive\Documents\Banana_Project\Geotag_images\PlaceholderUSB for new images...
[2025-12-05 20:22:01] 🔍 Scanning C:\Users\Recap\OneDrive\Documents\Banana_Project\Geotag_images\PlaceholderUSB for new images...
[2025-12-05 20:22:02] 🔍 Scanning C:\Users\Recap\OneDrive\Documents\Banana_Project\Geotag_images\PlaceholderUSB for new images...
[2025-12-05 20:22:02] 🔍 Scanning C:\Users\Recap\OneDrive\Documents\Banana_Project\Geotag_images\PlaceholderUSB for new images...
[2025-12-05 20:22:03] 🔍 Scanning C:\Users\Recap\OneDrive\Documents\Banana_Project\Geotag_images\PlaceholderUSB for new images...
[2025-12-05 20:22:10] 🔍 Scanning C:\Users\Recap\OneDrive\Documents\Banana_Project\Geotag_images\PlaceholderUSB for new images...
[2025-12-05 20:22:10] 🔍 Scanning C:\Users\Recap\OneDrive\Documents\Banana_Project\Geotag_images\PlaceholderUSB for new images...
[2025-12-05 20:22:11] 🔍 Scanning C:\Users\Recap\OneDrive\Documents\Banana_Project\Geotag_images\PlaceholderUSB for new images...
[2025-12-05 20:22:12] 🔍 Scanning C:\Users\Recap\OneDrive\Documents\Banana_Project\Geotag_images\PlaceholderUSB for new images...
[2025-12-05 20:22:12] 🔍 Scanning C:\Users\Recap\OneDrive\Documents\Banana_Project\Geotag_images\PlaceholderUSB for new images...
[2025-12-05 20:22:13] 🔍 Scanning C:\Users\Recap\OneDrive\Documents\Banana_Project\Geotag_images\PlaceholderUSB for new images...
[2025-12-05 20:22:20] 🔍 Scanning C:\Users\Recap\OneDrive\Documents\Banana_Project\Geotag_images\PlaceholderUSB for new images...
[2025-12-05 20:22:20] 🔍 Scanning C:\Users\Recap\OneDrive\Documents\Banana_Project\Geotag_images\PlaceholderUSB for new images...
[2025-12-05 20:22:21] 🔍 Scanning C:\Users\Recap\OneDrive\Documents\Banana_Project\Geotag_images\PlaceholderUSB for new images...
[2025-12-05 20:22:22] 🔍 Scanning C:\Users\Recap\OneDrive\Documents\Banana_Project\Geotag_images\PlaceholderUSB for new images...
[2025-12-05 20:22:22] 🔍 Scanning C:\Users\Recap\OneDrive\Documents\Banana_Project\Geotag_images\PlaceholderUSB for new images...
[2025-12-05 20:22:24] 🔍 Scanning C:\Users\Recap\OneDrive\Documents\Banana_Project\Geotag_images\PlaceholderUSB for new images...
[2025-12-05 20:22:30] 🔍 Scanning C:\Users\Recap\OneDrive\Documents\Banana_Project\Geotag_images\PlaceholderUSB for new images...
[2025-12-05 20:22:30] 🔍 Scanning C:\Users\Recap\OneDrive\Documents\Banana_Project\Geotag_images\PlaceholderUSB for new images...
[2025-12-05 20:22:31] 🔍 Scanning C:\Users\Recap\OneDrive\Documents\Banana_Project\Geotag_images\PlaceholderUSB for new images...
[2025-12-05 20:22:32] 🔍 Scanning C:\Users\Recap\OneDrive\Documents\Banana_Project\Geotag_images\PlaceholderUSB for new images...
[2025-12-05 20:22:32] 🔍 Scanning C:\Users\Recap\OneDrive\Documents\Banana_Project\Geotag_images\PlaceholderUSB for new images...
[2025-12-05 20:22:34] 🔍 Scanning C:\Users\Recap\OneDrive\Documents\Banana_Project\Geotag_images\PlaceholderUSB for new images...
[2025-12-05 20:22:40] 🔍 Scanning C:\Users\Recap\OneDrive\Documents\Banana_Project\Geotag_images\PlaceholderUSB for new images...
[2025-12-05 20:22:40] 🔍 Scanning C:\Users\Recap\OneDrive\Documents\Banana_Project\Geotag_images\PlaceholderUSB for new images...
[2025-12-05 20:22:41] 🔍 Scanning C:\Users\Recap\OneDrive\Documents\Banana_Project\Geotag_images\PlaceholderUSB for new images...
[2025-12-05 20:22:42] 🔍 Scanning C:\Users\Recap\OneDrive\Documents\Banana_Project\Geotag_images\PlaceholderUSB for new images...
[2025-12-05 20:22:42] 🔍 Scanning C:\Users\Recap\OneDrive\Documents\Banana_Project\Geotag_images\PlaceholderUSB for new images...
[2025-12-05 20:22:44] 🔍 Scanning C:\Users\Recap\OneDrive\Documents\Banana_Project\Geotag_images\PlaceholderUSB for new images...
[2025-12-05 20:22:50] 🔍 Scanning C:\Users\Recap\OneDrive\Documents\Banana_Project\Geotag_images\PlaceholderUSB for new images...
[2025-12-05 20:22:50] 🔍 Scanning C:\Users\Recap\OneDrive\Documents\Banana_Project\Geotag_images\PlaceholderUSB for new images...
[2025-12-05 20:22:51] 🔍 Scanning C:\Users\Recap\OneDrive\Documents\Banana_Project\Geotag_images\PlaceholderUSB for new images...
[2025-12-05 20:22:52] 🔍 Scanning C:\Users\Recap\OneDrive\Documents\Banana_Project\Geotag_images\PlaceholderUSB for new images...
[2025-12-05 20:22:52] 🔍 Scanning C:\Users\Recap\OneDrive\Documents\Banana_Project\Geotag_images\PlaceholderUSB for new images...
[2025-12-05 20:22:54] 🔍 Scanning C:\Users\Recap\OneDrive\Documents\Banana_Project\Geotag_images\PlaceholderUSB for new images...
[2025-12-05 20:23:00] 🔍 Scanning C:\Users\Recap\OneDrive\Documents\Banana_Project\Geotag_images\PlaceholderUSB for new images...
[2025-12-05 20:23:00] 🔍 Scanning C:\Users\Recap\OneDrive\Documents\Banana_Project\Geotag_images\PlaceholderUSB for new images...
[2025-12-05 20:23:01] 🔍 Scanning C:\Users\Recap\OneDrive\Documents\Banana_Project\Geotag_images\PlaceholderUSB for new images...
[2025-12-05 20:23:02] 🔍 Scanning C:\Users\Recap\OneDrive\Documents\Banana_Project\Geotag_images\PlaceholderUSB for new images...
[2025-12-05 20:23:02] 🔍 Scanning C:\Users\Recap\OneDrive\Documents\Banana_Project\Geotag_images\PlaceholderUSB for new images...
[2025-12-05 20:23:04] 🔍 Scanning C:\Users\Recap\OneDrive\Documents\Banana_Project\Geotag_images\PlaceholderUSB for new images...
[2025-12-05 20:23:10] 🔍 Scanning C:\Users\Recap\OneDrive\Documents\Banana_Project\Geotag_images\PlaceholderUSB for new images...
[2025-12-05 20:23:10] 🔍 Scanning C:\Users\Recap\OneDrive\Documents\Banana_Project\Geotag_images\PlaceholderUSB for new images...
[2025-12-05 20:23:11] 🔍 Scanning C:\Users\Recap\OneDrive\Documents\Banana_Project\Geotag_images\PlaceholderUSB for new images...
[2025-12-05 20:23:12] 🔍 Scanning C:\Users\Recap\OneDrive\Documents\Banana_Project\Geotag_images\PlaceholderUSB for new images...
[2025-12-05 20:23:12] 🔍 Scanning C:\Users\Recap\OneDrive\Documents\Banana_Project\Geotag_images\PlaceholderUSB for new images...
[2025-12-05 20:23:14] 🔍 Scanning C:\Users\Recap\OneDrive\Documents\Banana_Project\Geotag_images\PlaceholderUSB for new images...
[2025-12-05 20:23:20] 🔍 Scanning C:\Users\Recap\OneDrive\Documents\Banana_Project\Geotag_images\PlaceholderUSB for new images...
[2025-12-05 20:23:20] 🔍 Scanning C:\Users\Recap\OneDrive\Documents\Banana_Project\Geotag_images\PlaceholderUSB for new images...
[2025-12-05 20:23:22] 🔍 Scanning C:\Users\Recap\OneDrive\Documents\Banana_Project\Geotag_images\PlaceholderUSB for new images...
[2025-12-05 20:23:22] 🔍 Scanning C:\Users\Recap\OneDrive\Documents\Banana_Project\Geotag_images\PlaceholderUSB for new images...
[2025-12-05 20:23:22] 🔍 Scanning C:\Users\Recap\OneDrive\Documents\Banana_Project\Geotag_images\PlaceholderUSB for new images...
[2025-12-05 20:23:24] 🔍 Scanning C:\Users\Recap\OneDrive\Documents\Banana_Project\Geotag_images\PlaceholderUSB for new images...
[2025-12-05 20:23:30] 🔍 Scanning C:\Users\Recap\OneDrive\Documents\Banana_Project\Geotag_images\PlaceholderUSB for new images...
[2025-12-05 20:23:30] 🔍 Scanning C:\Users\Recap\OneDrive\Documents\Banana_Project\Geotag_images\PlaceholderUSB for new images...
[2025-12-05 20:23:32] 🔍 Scanning C:\Users\Recap\OneDrive\Documents\Banana_Project\Geotag_images\PlaceholderUSB for new images...
[2025-12-05 20:23:32] 🔍 Scanning C:\Users\Recap\OneDrive\Documents\Banana_Project\Geotag_images\PlaceholderUSB for new images...
[2025-12-05 20:23:32] 🔍 Scanning C:\Users\Recap\OneDrive\Documents\Banana_Project\Geotag_images\PlaceholderUSB for new images...
[2025-12-05 20:23:34] 🔍 Scanning C:\Users\Recap\OneDrive\Documents\Banana_Project\Geotag_images\PlaceholderUSB for new images...
[2025-12-05 20:23:40] 🔍 Scanning C:\Users\Recap\OneDrive\Documents\Banana_Project\Geotag_images\PlaceholderUSB for new images...
[2025-12-05 20:23:40] 🔍 Scanning C:\Users\Recap\OneDrive\Documents\Banana_Project\Geotag_images\PlaceholderUSB for new images...
[2025-12-05 20:23:42] 🔍 Scanning C:\Users\Recap\OneDrive\Documents\Banana_Project\Geotag_images\PlaceholderUSB for new images...
[2025-12-05 20:23:42] 🔍 Scanning C:\Users\Recap\OneDrive\Documents\Banana_Project\Geotag_images\PlaceholderUSB for new images...
[2025-12-05 20:23:42] 🔍 Scanning C:\Users\Recap\OneDrive\Documents\Banana_Project\Geotag_images\PlaceholderUSB for new images...
[2025-12-05 20:23:44] 🔍 Scanning C:\Users\Recap\OneDrive\Documents\Banana_Project\Geotag_images\PlaceholderUSB for new images...
[2025-12-05 20:23:50] 🔍 Scanning C:\Users\Recap\OneDrive\Documents\Banana_Project\Geotag_images\PlaceholderUSB for new images...
[2025-12-05 20:23:50] 🔍 Scanning C:\Users\Recap\OneDrive\Documents\Banana_Project\Geotag_images\PlaceholderUSB for new images...
[2025-12-05 20:23:52] 🔍 Scanning C:\Users\Recap\OneDrive\Documents\Banana_Project\Geotag_images\PlaceholderUSB for new images...
[2025-12-05 20:23:52] 🔍 Scanning C:\Users\Recap\OneDrive\Documents\Banana_Project\Geotag_images\PlaceholderUSB for new images...
[2025-12-05 20:23:53] 🔍 Scanning C:\Users\Recap\OneDrive\Documents\Banana_Project\Geotag_images\PlaceholderUSB for new images...
[2025-12-05 20:23:54] 🔍 Scanning C:\Users\Recap\OneDrive\Documents\Banana_Project\Geotag_images\PlaceholderUSB for new images...
[2025-12-05 20:24:00] 🔍 Scanning C:\Users\Recap\OneDrive\Documents\Banana_Project\Geotag_images\PlaceholderUSB for new images...
[2025-12-05 20:24:00] 🔍 Scanning C:\Users\Recap\OneDrive\Documents\Banana_Project\Geotag_images\PlaceholderUSB for new images...
[2025-12-05 20:24:02] 🔍 Scanning C:\Users\Recap\OneDrive\Documents\Banana_Project\Geotag_images\PlaceholderUSB for new images...
[2025-12-05 20:24:02] 🔍 Scanning C:\Users\Recap\OneDrive\Documents\Banana_Project\Geotag_images\PlaceholderUSB for new images...
[2025-12-05 20:24:03] 🔍 Scanning C:\Users\Recap\OneDrive\Documents\Banana_Project\Geotag_images\PlaceholderUSB for new images...
[2025-12-05 20:24:04] 🔍 Scanning C:\Users\Recap\OneDrive\Documents\Banana_Project\Geotag_images\PlaceholderUSB for new images...
[2025-12-05 20:24:10] 🔍 Scanning C:\Users\Recap\OneDrive\Documents\Banana_Project\Geotag_images\PlaceholderUSB for new images...
[2025-12-05 20:24:10] 🔍 Scanning C:\Users\Recap\OneDrive\Documents\Banana_Project\Geotag_images\PlaceholderUSB for new images...
[2025-12-05 20:24:12] 🔍 Scanning C:\Users\Recap\OneDrive\Documents\Banana_Project\Geotag_images\PlaceholderUSB for new images...
[2025-12-05 20:24:12] 🔍 Scanning C:\Users\Recap\OneDrive\Documents\Banana_Project\Geotag_images\PlaceholderUSB for new images...
[2025-12-05 20:24:13] 🔍 Scanning C:\Users\Recap\OneDrive\Documents\Banana_Project\Geotag_images\PlaceholderUSB for new images...
[2025-12-05 20:24:14] 🔍 Scanning C:\Users\Recap\OneDrive\Documents\Banana_Project\Geotag_images\PlaceholderUSB for new images...
[2025-12-05 20:24:20] 🔍 Scanning C:\Users\Recap\OneDrive\Documents\Banana_Project\Geotag_images\PlaceholderUSB for new images...
[2025-12-05 20:24:20] 🔍 Scanning C:\Users\Recap\OneDrive\Documents\Banana_Project\Geotag_images\PlaceholderUSB for new images...
[2025-12-05 20:24:22] 🔍 Scanning C:\Users\Recap\OneDrive\Documents\Banana_Project\Geotag_images\PlaceholderUSB for new images...
[2025-12-05 20:24:22] 🔍 Scanning C:\Users\Recap\OneDrive\Documents\Banana_Project\Geotag_images\PlaceholderUSB for new images...
[2025-12-05 20:24:23] 🔍 Scanning C:\Users\Recap\OneDrive\Documents\Banana_Project\Geotag_images\PlaceholderUSB for new images...
[2025-12-05 20:24:24] 🔍 Scanning C:\Users\Recap\OneDrive\Documents\Banana_Project\Geotag_images\PlaceholderUSB for new images...
[2025-12-05 20:24:30] 🔍 Scanning C:\Users\Recap\OneDrive\Documents\Banana_Project\Geotag_images\PlaceholderUSB for new images...
[2025-12-05 20:24:30] 🔍 Scanning C:\Users\Recap\OneDrive\Documents\Banana_Project\Geotag_images\PlaceholderUSB for new images...
[2025-12-05 20:24:32] 🔍 Scanning C:\Users\Recap\OneDrive\Documents\Banana_Project\Geotag_images\PlaceholderUSB for new images...
[2025-12-05 20:24:32] 🔍 Scanning C:\Users\Recap\OneDrive\Documents\Banana_Project\Geotag_images\PlaceholderUSB for new images...
[2025-12-05 20:24:33] 🔍 Scanning C:\Users\Recap\OneDrive\Documents\Banana_Project\Geotag_images\PlaceholderUSB for new images...
[2025-12-05 20:24:34] 🔍 Scanning C:\Users\Recap\OneDrive\Documents\Banana_Project\Geotag_images\PlaceholderUSB for new images...
[2025-12-05 20:24:40] 🔍 Scanning C:\Users\Recap\OneDrive\Documents\Banana_Project\Geotag_images\PlaceholderUSB for new images...
[2025-12-05 20:24:40] 🔍 Scanning C:\Users\Recap\OneDrive\Documents\Banana_Project\Geotag_images\PlaceholderUSB for new images...
[2025-12-05 20:24:42] 🔍 Scanning C:\Users\Recap\OneDrive\Documents\Banana_Project\Geotag_images\PlaceholderUSB for new images...
[2025-12-05 20:24:42] 🔍 Scanning C:\Users\Recap\OneDrive\Documents\Banana_Project\Geotag_images\PlaceholderUSB for new images...
[2025-12-05 20:24:43] 🔍 Scanning C:\Users\Recap\OneDrive\Documents\Banana_Project\Geotag_images\PlaceholderUSB for new images...
[2025-12-05 20:24:44] 🔍 Scanning C:\Users\Recap\OneDrive\Documents\Banana_Project\Geotag_images\PlaceholderUSB for new images...
[2025-12-05 20:24:50] 🔍 Scanning C:\Users\Recap\OneDrive\Documents\Banana_Project\Geotag_images\PlaceholderUSB for new images...
[2025-12-05 20:24:50] 🔍 Scanning C:\Users\Recap\OneDrive\Documents\Banana_Project\Geotag_images\PlaceholderUSB for new images...
[2025-12-05 20:24:52] 🔍 Scanning C:\Users\Recap\OneDrive\Documents\Banana_Project\Geotag_images\PlaceholderUSB for new images...
[2025-12-05 20:24:52] 🔍 Scanning C:\Users\Recap\OneDrive\Documents\Banana_Project\Geotag_images\PlaceholderUSB for new images...
[2025-12-05 20:24:53] 🔍 Scanning C:\Users\Recap\OneDrive\Documents\Banana_Project\Geotag_images\PlaceholderUSB for new images...
[2025-12-05 20:24:54] 🔍 Scanning C:\Users\Recap\OneDrive\Documents\Banana_Project\Geotag_images\PlaceholderUSB for new images...
[2025-12-05 20:25:00] 🔍 Scanning C:\Users\Recap\OneDrive\Documents\Banana_Project\Geotag_images\PlaceholderUSB for new images...
[2025-12-05 20:25:00] 🔍 Scanning C:\Users\Recap\OneDrive\Documents\Banana_Project\Geotag_images\PlaceholderUSB for new images...
[2025-12-05 20:25:02] 🔍 Scanning C:\Users\Recap\OneDrive\Documents\Banana_Project\Geotag_images\PlaceholderUSB for new images...
[2025-12-05 20:25:02] 🔍 Scanning C:\Users\Recap\OneDrive\Documents\Banana_Project\Geotag_images\PlaceholderUSB for new images...
[2025-12-05 20:25:03] 🔍 Scanning C:\Users\Recap\OneDrive\Documents\Banana_Project\Geotag_images\PlaceholderUSB for new images...
[2025-12-05 20:25:04] 🔍 Scanning C:\Users\Recap\OneDrive\Documents\Banana_Project\Geotag_images\PlaceholderUSB for new images...
[2025-12-05 20:25:10] 🔍 Scanning C:\Users\Recap\OneDrive\Documents\Banana_Project\Geotag_images\PlaceholderUSB for new images...
[2025-12-05 20:25:10] 🔍 Scanning C:\Users\Recap\OneDrive\Documents\Banana_Project\Geotag_images\PlaceholderUSB for new images...
[2025-12-05 20:25:12] 🔍 Scanning C:\Users\Recap\OneDrive\Documents\Banana_Project\Geotag_images\PlaceholderUSB for new images...
[2025-12-05 20:25:12] 🔍 Scanning C:\Users\Recap\OneDrive\Documents\Banana_Project\Geotag_images\PlaceholderUSB for new images...
[2025-12-05 20:25:13] 🔍 Scanning C:\Users\Recap\OneDrive\Documents\Banana_Project\Geotag_images\PlaceholderUSB for new images...
[2025-12-05 20:25:14] 🔍 Scanning C:\Users\Recap\OneDrive\Documents\Banana_Project\Geotag_images\PlaceholderUSB for new images...
[2025-12-05 20:25:20] 🔍 Scanning C:\Users\Recap\OneDrive\Documents\Banana_Project\Geotag_images\PlaceholderUSB for new images...
[2025-12-05 20:25:20] 🔍 Scanning C:\Users\Recap\OneDrive\Documents\Banana_Project\Geotag_images\PlaceholderUSB for new images...
[2025-12-05 20:25:22] 🔍 Scanning C:\Users\Recap\OneDrive\Documents\Banana_Project\Geotag_images\PlaceholderUSB for new images...
[2025-12-05 20:25:22] 🔍 Scanning C:\Users\Recap\OneDrive\Documents\Banana_Project\Geotag_images\PlaceholderUSB for new images...
[2025-12-05 20:25:23] 🔍 Scanning C:\Users\Recap\OneDrive\Documents\Banana_Project\Geotag_images\PlaceholderUSB for new images...
[2025-12-05 20:25:24] 🔍 Scanning C:\Users\Recap\OneDrive\Documents\Banana_Project\Geotag_images\PlaceholderUSB for new images...
[2025-12-05 20:25:30] 🔍 Scanning C:\Users\Recap\OneDrive\Documents\Banana_Project\Geotag_images\PlaceholderUSB for new images...
[2025-12-05 20:25:30] 🔍 Scanning C:\Users\Recap\OneDrive\Documents\Banana_Project\Geotag_images\PlaceholderUSB for new images...
[2025-12-05 20:25:32] 🔍 Scanning C:\Users\Recap\OneDrive\Documents\Banana_Project\Geotag_images\PlaceholderUSB for new images...
[2025-12-05 20:25:32] 🔍 Scanning C:\Users\Recap\OneDrive\Documents\Banana_Project\Geotag_images\PlaceholderUSB for new images...
[2025-12-05 20:25:33] 🔍 Scanning C:\Users\Recap\OneDrive\Documents\Banana_Project\Geotag_images\PlaceholderUSB for new images...
[2025-12-05 20:25:34] 🔍 Scanning C:\Users\Recap\OneDrive\Documents\Banana_Project\Geotag_images\PlaceholderUSB for new images...
[2025-12-05 20:25:40] 🔍 Scanning C:\Users\Recap\OneDrive\Documents\Banana_Project\Geotag_images\PlaceholderUSB for new images...
[2025-12-05 20:25:40] 🔍 Scanning C:\Users\Recap\OneDrive\Documents\Banana_Project\Geotag_images\PlaceholderUSB for new images...
[2025-12-05 20:25:42] 🔍 Scanning C:\Users\Recap\OneDrive\Documents\Banana_Project\Geotag_images\PlaceholderUSB for new images...
[2025-12-05 20:25:42] 🔍 Scanning C:\Users\Recap\OneDrive\Documents\Banana_Project\Geotag_images\PlaceholderUSB for new images...
[2025-12-05 20:25:43] 🔍 Scanning C:\Users\Recap\OneDrive\Documents\Banana_Project\Geotag_images\PlaceholderUSB for new images...
[2025-12-05 20:25:44] 🔍 Scanning C:\Users\Recap\OneDrive\Documents\Banana_Project\Geotag_images\PlaceholderUSB for new images...
[2025-12-05 20:25:50] 🔍 Scanning C:\Users\Recap\OneDrive\Documents\Banana_Project\Geotag_images\PlaceholderUSB for new images...
[2025-12-05 20:25:50] 🔍 Scanning C:\Users\Recap\OneDrive\Documents\Banana_Project\Geotag_images\PlaceholderUSB for new images...
[2025-12-05 20:25:52] 🔍 Scanning C:\Users\Recap\OneDrive\Documents\Banana_Project\Geotag_images\PlaceholderUSB for new images...
[2025-12-05 20:25:52] 🔍 Scanning C:\Users\Recap\OneDrive\Documents\Banana_Project\Geotag_images\PlaceholderUSB for new images...
[2025-12-05 20:25:53] 🔍 Scanning C:\Users\Recap\OneDrive\Documents\Banana_Project\Geotag_images\PlaceholderUSB for new images...
[2025-12-05 20:25:54] 🔍 Scanning C:\Users\Recap\OneDrive\Documents\Banana_Project\Geotag_images\PlaceholderUSB for new images...
[2025-12-05 20:26:00] 🔍 Scanning C:\Users\Recap\OneDrive\Documents\Banana_Project\Geotag_images\PlaceholderUSB for new images...
[2025-12-05 20:26:00] 🔍 Scanning C:\Users\Recap\OneDrive\Documents\Banana_Project\Geotag_images\PlaceholderUSB for new images...
[2025-12-05 20:26:02] 🔍 Scanning C:\Users\Recap\OneDrive\Documents\Banana_Project\Geotag_images\PlaceholderUSB for new images...
[2025-12-05 20:26:02] 🔍 Scanning C:\Users\Recap\OneDrive\Documents\Banana_Project\Geotag_images\PlaceholderUSB for new images...
[2025-12-05 20:26:03] 🔍 Scanning C:\Users\Recap\OneDrive\Documents\Banana_Project\Geotag_images\PlaceholderUSB for new images...
[2025-12-05 20:26:04] 🔍 Scanning C:\Users\Recap\OneDrive\Documents\Banana_Project\Geotag_images\PlaceholderUSB for new images...
[2025-12-05 20:26:10] 🔍 Scanning C:\Users\Recap\OneDrive\Documents\Banana_Project\Geotag_images\PlaceholderUSB for new images...
[2025-12-05 20:26:10] 🔍 Scanning C:\Users\Recap\OneDrive\Documents\Banana_Project\Geotag_images\PlaceholderUSB for new images...
[2025-12-05 20:26:12] 🔍 Scanning C:\Users\Recap\OneDrive\Documents\Banana_Project\Geotag_images\PlaceholderUSB for new images...
[2025-12-05 20:26:12] 🔍 Scanning C:\Users\Recap\OneDrive\Documents\Banana_Project\Geotag_images\PlaceholderUSB for new images...
[2025-12-05 20:26:13] 🔍 Scanning C:\Users\Recap\OneDrive\Documents\Banana_Project\Geotag_images\PlaceholderUSB for new images...
[2025-12-05 20:26:14] 🔍 Scanning C:\Users\Recap\OneDrive\Documents\Banana_Project\Geotag_images\PlaceholderUSB for new images...
[2025-12-05 20:26:20] 🔍 Scanning C:\Users\Recap\OneDrive\Documents\Banana_Project\Geotag_images\PlaceholderUSB for new images...
[2025-12-05 20:26:20] 🔍 Scanning C:\Users\Recap\OneDrive\Documents\Banana_Project\Geotag_images\PlaceholderUSB for new images...
[2025-12-05 20:26:22] 🔍 Scanning C:\Users\Recap\OneDrive\Documents\Banana_Project\Geotag_images\PlaceholderUSB for new images...
[2025-12-05 20:26:22] 🔍 Scanning C:\Users\Recap\OneDrive\Documents\Banana_Project\Geotag_images\PlaceholderUSB for new images...
[2025-12-05 20:26:23] 🔍 Scanning C:\Users\Recap\OneDrive\Documents\Banana_Project\Geotag_images\PlaceholderUSB for new images...
[2025-12-05 20:26:24] 🔍 Scanning C:\Users\Recap\OneDrive\Documents\Banana_Project\Geotag_images\PlaceholderUSB for new images...
[2025-12-05 20:26:30] 🔍 Scanning C:\Users\Recap\OneDrive\Documents\Banana_Project\Geotag_images\PlaceholderUSB for new images...
[2025-12-05 20:26:30] 🔍 Scanning C:\Users\Recap\OneDrive\Documents\Banana_Project\Geotag_images\PlaceholderUSB for new images...
[2025-12-05 20:26:32] 🔍 Scanning C:\Users\Recap\OneDrive\Documents\Banana_Project\Geotag_images\PlaceholderUSB for new images...
[2025-12-05 20:26:32] 🔍 Scanning C:\Users\Recap\OneDrive\Documents\Banana_Project\Geotag_images\PlaceholderUSB for new images...
[2025-12-05 20:26:33] 🔍 Scanning C:\Users\Recap\OneDrive\Documents\Banana_Project\Geotag_images\PlaceholderUSB for new images...
[2025-12-05 20:26:34] 🔍 Scanning C:\Users\Recap\OneDrive\Documents\Banana_Project\Geotag_images\PlaceholderUSB for new images...
[2025-12-05 20:26:40] 🔍 Scanning C:\Users\Recap\OneDrive\Documents\Banana_Project\Geotag_images\PlaceholderUSB for new images...
[2025-12-05 20:26:40] 🔍 Scanning C:\Users\Recap\OneDrive\Documents\Banana_Project\Geotag_images\PlaceholderUSB for new images...
[2025-12-05 20:26:42] 🔍 Scanning C:\Users\Recap\OneDrive\Documents\Banana_Project\Geotag_images\PlaceholderUSB for new images...
[2025-12-05 20:26:42] 🔍 Scanning C:\Users\Recap\OneDrive\Documents\Banana_Project\Geotag_images\PlaceholderUSB for new images...
[2025-12-05 20:26:43] 🔍 Scanning C:\Users\Recap\OneDrive\Documents\Banana_Project\Geotag_images\PlaceholderUSB for new images...
[2025-12-05 20:26:44] 🔍 Scanning C:\Users\Recap\OneDrive\Documents\Banana_Project\Geotag_images\PlaceholderUSB for new images...
[2025-12-05 20:26:50] 🔍 Scanning C:\Users\Recap\OneDrive\Documents\Banana_Project\Geotag_images\PlaceholderUSB for new images...
[2025-12-05 20:26:50] 🔍 Scanning C:\Users\Recap\OneDrive\Documents\Banana_Project\Geotag_images\PlaceholderUSB for new images...
[2025-12-05 20:26:52] 🔍 Scanning C:\Users\Recap\OneDrive\Documents\Banana_Project\Geotag_images\PlaceholderUSB for new images...
[2025-12-05 20:26:52] 🔍 Scanning C:\Users\Recap\OneDrive\Documents\Banana_Project\Geotag_images\PlaceholderUSB for new images...
[2025-12-05 20:26:53] 🔍 Scanning C:\Users\Recap\OneDrive\Documents\Banana_Project\Geotag_images\PlaceholderUSB for new images...
[2025-12-05 20:26:54] 🔍 Scanning C:\Users\Recap\OneDrive\Documents\Banana_Project\Geotag_images\PlaceholderUSB for new images...
[2025-12-05 20:27:00] 🔍 Scanning C:\Users\Recap\OneDrive\Documents\Banana_Project\Geotag_images\PlaceholderUSB for new images...
[2025-12-05 20:27:00] 🔍 Scanning C:\Users\Recap\OneDrive\Documents\Banana_Project\Geotag_images\PlaceholderUSB for new images...
[2025-12-05 20:27:02] 🔍 Scanning C:\Users\Recap\OneDrive\Documents\Banana_Project\Geotag_images\PlaceholderUSB for new images...
[2025-12-05 20:27:02] 🔍 Scanning C:\Users\Recap\OneDrive\Documents\Banana_Project\Geotag_images\PlaceholderUSB for new images...
[2025-12-05 20:27:03] 🔍 Scanning C:\Users\Recap\OneDrive\Documents\Banana_Project\Geotag_images\PlaceholderUSB for new images...
[2025-12-05 20:27:04] 🔍 Scanning C:\Users\Recap\OneDrive\Documents\Banana_Project\Geotag_images\PlaceholderUSB for new images...
[2025-12-05 20:27:10] 🔍 Scanning C:\Users\Recap\OneDrive\Documents\Banana_Project\Geotag_images\PlaceholderUSB for new images...
[2025-12-05 20:27:10] 🔍 Scanning C:\Users\Recap\OneDrive\Documents\Banana_Project\Geotag_images\PlaceholderUSB for new images...
[2025-12-05 20:27:12] 🔍 Scanning C:\Users\Recap\OneDrive\Documents\Banana_Project\Geotag_images\PlaceholderUSB for new images...
[2025-12-05 20:27:12] 🔍 Scanning C:\Users\Recap\OneDrive\Documents\Banana_Project\Geotag_images\PlaceholderUSB for new images...
[2025-12-05 20:27:13] 🔍 Scanning C:\Users\Recap\OneDrive\Documents\Banana_Project\Geotag_images\PlaceholderUSB for new images...
[2025-12-05 20:27:14] 🔍 Scanning C:\Users\Recap\OneDrive\Documents\Banana_Project\Geotag_images\PlaceholderUSB for new images...
[2025-12-05 20:27:20] 🔍 Scanning C:\Users\Recap\OneDrive\Documents\Banana_Project\Geotag_images\PlaceholderUSB for new images...
[2025-12-05 20:27:20] 🔍 Scanning C:\Users\Recap\OneDrive\Documents\Banana_Project\Geotag_images\PlaceholderUSB for new images...
[2025-12-05 20:27:22] 🔍 Scanning C:\Users\Recap\OneDrive\Documents\Banana_Project\Geotag_images\PlaceholderUSB for new images...
[2025-12-05 20:27:22] 🔍 Scanning C:\Users\Recap\OneDrive\Documents\Banana_Project\Geotag_images\PlaceholderUSB for new images...
[2025-12-05 20:27:23] 🔍 Scanning C:\Users\Recap\OneDrive\Documents\Banana_Project\Geotag_images\PlaceholderUSB for new images...
[2025-12-05 20:27:24] 🔍 Scanning C:\Users\Recap\OneDrive\Documents\Banana_Project\Geotag_images\PlaceholderUSB for new images...
[2025-12-05 20:27:30] 🔍 Scanning C:\Users\Recap\OneDrive\Documents\Banana_Project\Geotag_images\PlaceholderUSB for new images...
[2025-12-05 20:27:30] 🔍 Scanning C:\Users\Recap\OneDrive\Documents\Banana_Project\Geotag_images\PlaceholderUSB for new images...
[2025-12-05 20:27:32] 🔍 Scanning C:\Users\Recap\OneDrive\Documents\Banana_Project\Geotag_images\PlaceholderUSB for new images...
[2025-12-05 20:27:32] 🔍 Scanning C:\Users\Recap\OneDrive\Documents\Banana_Project\Geotag_images\PlaceholderUSB for new images...
[2025-12-05 20:27:33] 🔍 Scanning C:\Users\Recap\OneDrive\Documents\Banana_Project\Geotag_images\PlaceholderUSB for new images...
[2025-12-05 20:27:34] 🔍 Scanning C:\Users\Recap\OneDrive\Documents\Banana_Project\Geotag_images\PlaceholderUSB for new images...
[2025-12-05 20:27:40] 🔍 Scanning C:\Users\Recap\OneDrive\Documents\Banana_Project\Geotag_images\PlaceholderUSB for new images...
[2025-12-05 20:27:40] 🔍 Scanning C:\Users\Recap\OneDrive\Documents\Banana_Project\Geotag_images\PlaceholderUSB for new images...
[2025-12-05 20:27:42] 🔍 Scanning C:\Users\Recap\OneDrive\Documents\Banana_Project\Geotag_images\PlaceholderUSB for new images...
[2025-12-05 20:27:42] 🔍 Scanning C:\Users\Recap\OneDrive\Documents\Banana_Project\Geotag_images\PlaceholderUSB for new images...
[2025-12-05 20:27:43] 🔍 Scanning C:\Users\Recap\OneDrive\Documents\Banana_Project\Geotag_images\PlaceholderUSB for new images...
[2025-12-05 20:27:44] 🔍 Scanning C:\Users\Recap\OneDrive\Documents\Banana_Project\Geotag_images\PlaceholderUSB for new images...
[2025-12-05 20:27:50] 🔍 Scanning C:\Users\Recap\OneDrive\Documents\Banana_Project\Geotag_images\PlaceholderUSB for new images...
[2025-12-05 20:27:50] 🔍 Scanning C:\Users\Recap\OneDrive\Documents\Banana_Project\Geotag_images\PlaceholderUSB for new images...
[2025-12-05 20:27:52] 🔍 Scanning C:\Users\Recap\OneDrive\Documents\Banana_Project\Geotag_images\PlaceholderUSB for new images...
[2025-12-05 20:27:52] 🔍 Scanning C:\Users\Recap\OneDrive\Documents\Banana_Project\Geotag_images\PlaceholderUSB for new images...
[2025-12-05 20:27:53] 🔍 Scanning C:\Users\Recap\OneDrive\Documents\Banana_Project\Geotag_images\PlaceholderUSB for new images...
[2025-12-05 20:27:54] 🔍 Scanning C:\Users\Recap\OneDrive\Documents\Banana_Project\Geotag_images\PlaceholderUSB for new images...
[2025-12-05 20:28:00] 🔍 Scanning C:\Users\Recap\OneDrive\Documents\Banana_Project\Geotag_images\PlaceholderUSB for new images...
[2025-12-05 20:28:00] 🔍 Scanning C:\Users\Recap\OneDrive\Documents\Banana_Project\Geotag_images\PlaceholderUSB for new images...
[2025-12-05 20:28:02] 🔍 Scanning C:\Users\Recap\OneDrive\Documents\Banana_Project\Geotag_images\PlaceholderUSB for new images...
[2025-12-05 20:28:02] 🔍 Scanning C:\Users\Recap\OneDrive\Documents\Banana_Project\Geotag_images\PlaceholderUSB for new images...
[2025-12-05 20:28:03] 🔍 Scanning C:\Users\Recap\OneDrive\Documents\Banana_Project\Geotag_images\PlaceholderUSB for new images...
[2025-12-05 20:28:04] 🔍 Scanning C:\Users\Recap\OneDrive\Documents\Banana_Project\Geotag_images\PlaceholderUSB for new images...
[2025-12-05 20:28:10] 🔍 Scanning C:\Users\Recap\OneDrive\Documents\Banana_Project\Geotag_images\PlaceholderUSB for new images...
[2025-12-05 20:28:10] 🔍 Scanning C:\Users\Recap\OneDrive\Documents\Banana_Project\Geotag_images\PlaceholderUSB for new images...
[2025-12-05 20:28:12] 🔍 Scanning C:\Users\Recap\OneDrive\Documents\Banana_Project\Geotag_images\PlaceholderUSB for new images...
[2025-12-05 20:28:12] 🔍 Scanning C:\Users\Recap\OneDrive\Documents\Banana_Project\Geotag_images\PlaceholderUSB for new images...
[2025-12-05 20:28:13] 🔍 Scanning C:\Users\Recap\OneDrive\Documents\Banana_Project\Geotag_images\PlaceholderUSB for new images...
[2025-12-05 20:28:14] 🔍 Scanning C:\Users\Recap\OneDrive\Documents\Banana_Project\Geotag_images\PlaceholderUSB for new images...
[2025-12-05 20:28:20] 🔍 Scanning C:\Users\Recap\OneDrive\Documents\Banana_Project\Geotag_images\PlaceholderUSB for new images...
[2025-12-05 20:28:20] 🔍 Scanning C:\Users\Recap\OneDrive\Documents\Banana_Project\Geotag_images\PlaceholderUSB for new images...
[2025-12-05 20:28:22] 🔍 Scanning C:\Users\Recap\OneDrive\Documents\Banana_Project\Geotag_images\PlaceholderUSB for new images...
[2025-12-05 20:28:22] 🔍 Scanning C:\Users\Recap\OneDrive\Documents\Banana_Project\Geotag_images\PlaceholderUSB for new images...
[2025-12-05 20:28:23] 🔍 Scanning C:\Users\Recap\OneDrive\Documents\Banana_Project\Geotag_images\PlaceholderUSB for new images...
[2025-12-05 20:28:24] 🔍 Scanning C:\Users\Recap\OneDrive\Documents\Banana_Project\Geotag_images\PlaceholderUSB for new images...
[2025-12-05 20:28:30] 🔍 Scanning C:\Users\Recap\OneDrive\Documents\Banana_Project\Geotag_images\PlaceholderUSB for new images...
[2025-12-05 20:28:30] 🔍 Scanning C:\Users\Recap\OneDrive\Documents\Banana_Project\Geotag_images\PlaceholderUSB for new images...
[2025-12-05 20:28:32] 🔍 Scanning C:\Users\Recap\OneDrive\Documents\Banana_Project\Geotag_images\PlaceholderUSB for new images...
[2025-12-05 20:28:32] 🔍 Scanning C:\Users\Recap\OneDrive\Documents\Banana_Project\Geotag_images\PlaceholderUSB for new images...
[2025-12-05 20:28:33] 🔍 Scanning C:\Users\Recap\OneDrive\Documents\Banana_Project\Geotag_images\PlaceholderUSB for new images...
[2025-12-05 20:28:34] 🔍 Scanning C:\Users\Recap\OneDrive\Documents\Banana_Project\Geotag_images\PlaceholderUSB for new images...
[2025-12-05 20:28:40] 🔍 Scanning C:\Users\Recap\OneDrive\Documents\Banana_Project\Geotag_images\PlaceholderUSB for new images...
[2025-12-05 20:28:40] 🔍 Scanning C:\Users\Recap\OneDrive\Documents\Banana_Project\Geotag_images\PlaceholderUSB for new images...
[2025-12-05 20:28:42] 🔍 Scanning C:\Users\Recap\OneDrive\Documents\Banana_Project\Geotag_images\PlaceholderUSB for new images...
[2025-12-05 20:28:42] 🔍 Scanning C:\Users\Recap\OneDrive\Documents\Banana_Project\Geotag_images\PlaceholderUSB for new images...
[2025-12-05 20:28:43] 🔍 Scanning C:\Users\Recap\OneDrive\Documents\Banana_Project\Geotag_images\PlaceholderUSB for new images...
[2025-12-05 20:28:44] 🔍 Scanning C:\Users\Recap\OneDrive\Documents\Banana_Project\Geotag_images\PlaceholderUSB for new images...
[2025-12-05 20:28:50] 🔍 Scanning C:\Users\Recap\OneDrive\Documents\Banana_Project\Geotag_images\PlaceholderUSB for new images...
[2025-12-05 20:28:50] 🔍 Scanning C:\Users\Recap\OneDrive\Documents\Banana_Project\Geotag_images\PlaceholderUSB for new images...
[2025-12-05 20:28:52] 🔍 Scanning C:\Users\Recap\OneDrive\Documents\Banana_Project\Geotag_images\PlaceholderUSB for new images...
[2025-12-05 20:28:52] 🔍 Scanning C:\Users\Recap\OneDrive\Documents\Banana_Project\Geotag_images\PlaceholderUSB for new images...
[2025-12-05 20:28:53] 🔍 Scanning C:\Users\Recap\OneDrive\Documents\Banana_Project\Geotag_images\PlaceholderUSB for new images...
[2025-12-05 20:28:54] 🔍 Scanning C:\Users\Recap\OneDrive\Documents\Banana_Project\Geotag_images\PlaceholderUSB for new images...
[2025-12-05 20:29:00] 🔍 Scanning C:\Users\Recap\OneDrive\Documents\Banana_Project\Geotag_images\PlaceholderUSB for new images...
[2025-12-05 20:29:00] 🔍 Scanning C:\Users\Recap\OneDrive\Documents\Banana_Project\Geotag_images\PlaceholderUSB for new images...
[2025-12-05 20:29:02] 🔍 Scanning C:\Users\Recap\OneDrive\Documents\Banana_Project\Geotag_images\PlaceholderUSB for new images...
[2025-12-05 20:29:03] 🔍 Scanning C:\Users\Recap\OneDrive\Documents\Banana_Project\Geotag_images\PlaceholderUSB for new images...
[2025-12-05 20:29:03] 🔍 Scanning C:\Users\Recap\OneDrive\Documents\Banana_Project\Geotag_images\PlaceholderUSB for new images...
[2025-12-05 20:29:04] 🔍 Scanning C:\Users\Recap\OneDrive\Documents\Banana_Project\Geotag_images\PlaceholderUSB for new images...
[2025-12-05 20:29:10] 🔍 Scanning C:\Users\Recap\OneDrive\Documents\Banana_Project\Geotag_images\PlaceholderUSB for new images...
[2025-12-05 20:29:10] 🔍 Scanning C:\Users\Recap\OneDrive\Documents\Banana_Project\Geotag_images\PlaceholderUSB for new images...
[2025-12-05 20:29:12] 🔍 Scanning C:\Users\Recap\OneDrive\Documents\Banana_Project\Geotag_images\PlaceholderUSB for new images...
[2025-12-05 20:29:13] 🔍 Scanning C:\Users\Recap\OneDrive\Documents\Banana_Project\Geotag_images\PlaceholderUSB for new images...
[2025-12-05 20:29:13] 🔍 Scanning C:\Users\Recap\OneDrive\Documents\Banana_Project\Geotag_images\PlaceholderUSB for new images...
[2025-12-05 20:29:14] 🔍 Scanning C:\Users\Recap\OneDrive\Documents\Banana_Project\Geotag_images\PlaceholderUSB for new images...
[2025-12-05 20:29:20] 🔍 Scanning C:\Users\Recap\OneDrive\Documents\Banana_Project\Geotag_images\PlaceholderUSB for new images...
[2025-12-05 20:29:20] 🔍 Scanning C:\Users\Recap\OneDrive\Documents\Banana_Project\Geotag_images\PlaceholderUSB for new images...
[2025-12-05 20:29:22] 🔍 Scanning C:\Users\Recap\OneDrive\Documents\Banana_Project\Geotag_images\PlaceholderUSB for new images...
[2025-12-05 20:29:23] 🔍 Scanning C:\Users\Recap\OneDrive\Documents\Banana_Project\Geotag_images\PlaceholderUSB for new images...
[2025-12-05 20:29:23] 🔍 Scanning C:\Users\Recap\OneDrive\Documents\Banana_Project\Geotag_images\PlaceholderUSB for new images...
[2025-12-05 20:29:24] 🔍 Scanning C:\Users\Recap\OneDrive\Documents\Banana_Project\Geotag_images\PlaceholderUSB for new images...
[2025-12-05 20:29:30] 🔍 Scanning C:\Users\Recap\OneDrive\Documents\Banana_Project\Geotag_images\PlaceholderUSB for new images...
[2025-12-05 20:29:30] 🔍 Scanning C:\Users\Recap\OneDrive\Documents\Banana_Project\Geotag_images\PlaceholderUSB for new images...
[2025-12-05 20:29:32] 🔍 Scanning C:\Users\Recap\OneDrive\Documents\Banana_Project\Geotag_images\PlaceholderUSB for new images...
[2025-12-05 20:29:33] 🔍 Scanning C:\Users\Recap\OneDrive\Documents\Banana_Project\Geotag_images\PlaceholderUSB for new images...
[2025-12-05 20:29:33] 🔍 Scanning C:\Users\Recap\OneDrive\Documents\Banana_Project\Geotag_images\PlaceholderUSB for new images...
[2025-12-05 20:29:34] 🔍 Scanning C:\Users\Recap\OneDrive\Documents\Banana_Project\Geotag_images\PlaceholderUSB for new images...
[2025-12-05 20:29:40] 🔍 Scanning C:\Users\Recap\OneDrive\Documents\Banana_Project\Geotag_images\PlaceholderUSB for new images...
[2025-12-05 20:29:40] 🔍 Scanning C:\Users\Recap\OneDrive\Documents\Banana_Project\Geotag_images\PlaceholderUSB for new images...
[2025-12-05 20:29:42] 🔍 Scanning C:\Users\Recap\OneDrive\Documents\Banana_Project\Geotag_images\PlaceholderUSB for new images...
[2025-12-05 20:29:43] 🔍 Scanning C:\Users\Recap\OneDrive\Documents\Banana_Project\Geotag_images\PlaceholderUSB for new images...
[2025-12-05 20:29:43] 🔍 Scanning C:\Users\Recap\OneDrive\Documents\Banana_Project\Geotag_images\PlaceholderUSB for new images...
[2025-12-05 20:29:44] 🔍 Scanning C:\Users\Recap\OneDrive\Documents\Banana_Project\Geotag_images\PlaceholderUSB for new images...
[2025-12-05 20:29:50] 🔍 Scanning C:\Users\Recap\OneDrive\Documents\Banana_Project\Geotag_images\PlaceholderUSB for new images...
[2025-12-05 20:29:50] 🔍 Scanning C:\Users\Recap\OneDrive\Documents\Banana_Project\Geotag_images\PlaceholderUSB for new images...
[2025-12-05 20:29:52] 🔍 Scanning C:\Users\Recap\OneDrive\Documents\Banana_Project\Geotag_images\PlaceholderUSB for new images...
[2025-12-05 20:29:53] 🔍 Scanning C:\Users\Recap\OneDrive\Documents\Banana_Project\Geotag_images\PlaceholderUSB for new images...
[2025-12-05 20:29:53] 🔍 Scanning C:\Users\Recap\OneDrive\Documents\Banana_Project\Geotag_images\PlaceholderUSB for new images...
[2025-12-05 20:29:54] 🔍 Scanning C:\Users\Recap\OneDrive\Documents\Banana_Project\Geotag_images\PlaceholderUSB for new images...
[2025-12-05 20:30:00] 🔍 Scanning C:\Users\Recap\OneDrive\Documents\Banana_Project\Geotag_images\PlaceholderUSB for new images...
[2025-12-05 20:30:00] 🔍 Scanning C:\Users\Recap\OneDrive\Documents\Banana_Project\Geotag_images\PlaceholderUSB for new images...
[2025-12-05 20:30:02] 🔍 Scanning C:\Users\Recap\OneDrive\Documents\Banana_Project\Geotag_images\PlaceholderUSB for new images...
[2025-12-05 20:30:03] 🔍 Scanning C:\Users\Recap\OneDrive\Documents\Banana_Project\Geotag_images\PlaceholderUSB for new images...
[2025-12-05 20:30:03] 🔍 Scanning C:\Users\Recap\OneDrive\Documents\Banana_Project\Geotag_images\PlaceholderUSB for new images...
[2025-12-05 20:30:04] 🔍 Scanning C:\Users\Recap\OneDrive\Documents\Banana_Project\Geotag_images\PlaceholderUSB for new images...
[2025-12-05 20:30:10] 🔍 Scanning C:\Users\Recap\OneDrive\Documents\Banana_Project\Geotag_images\PlaceholderUSB for new images...
[2025-12-05 20:30:10] 🔍 Scanning C:\Users\Recap\OneDrive\Documents\Banana_Project\Geotag_images\PlaceholderUSB for new images...
[2025-12-05 20:30:12] 🔍 Scanning C:\Users\Recap\OneDrive\Documents\Banana_Project\Geotag_images\PlaceholderUSB for new images...
[2025-12-05 20:30:13] 🔍 Scanning C:\Users\Recap\OneDrive\Documents\Banana_Project\Geotag_images\PlaceholderUSB for new images...
[2025-12-05 20:30:13] 🔍 Scanning C:\Users\Recap\OneDrive\Documents\Banana_Project\Geotag_images\PlaceholderUSB for new images...
[2025-12-05 20:30:14] 🔍 Scanning C:\Users\Recap\OneDrive\Documents\Banana_Project\Geotag_images\PlaceholderUSB for new images...
[2025-12-05 20:30:20] 🔍 Scanning C:\Users\Recap\OneDrive\Documents\Banana_Project\Geotag_images\PlaceholderUSB for new images...
[2025-12-05 20:30:20] 🔍 Scanning C:\Users\Recap\OneDrive\Documents\Banana_Project\Geotag_images\PlaceholderUSB for new images...
[2025-12-05 20:30:22] 🔍 Scanning C:\Users\Recap\OneDrive\Documents\Banana_Project\Geotag_images\PlaceholderUSB for new images...
[2025-12-05 20:30:23] 🔍 Scanning C:\Users\Recap\OneDrive\Documents\Banana_Project\Geotag_images\PlaceholderUSB for new images...
[2025-12-05 20:30:23] 🔍 Scanning C:\Users\Recap\OneDrive\Documents\Banana_Project\Geotag_images\PlaceholderUSB for new images...
[2025-12-05 20:30:24] 🔍 Scanning C:\Users\Recap\OneDrive\Documents\Banana_Project\Geotag_images\PlaceholderUSB for new images...
[2025-12-05 20:30:30] 🔍 Scanning C:\Users\Recap\OneDrive\Documents\Banana_Project\Geotag_images\PlaceholderUSB for new images...
[2025-12-05 20:30:30] 🔍 Scanning C:\Users\Recap\OneDrive\Documents\Banana_Project\Geotag_images\PlaceholderUSB for new images...
[2025-12-05 20:30:32] 🔍 Scanning C:\Users\Recap\OneDrive\Documents\Banana_Project\Geotag_images\PlaceholderUSB for new images...
[2025-12-05 20:30:33] 🔍 Scanning C:\Users\Recap\OneDrive\Documents\Banana_Project\Geotag_images\PlaceholderUSB for new images...
[2025-12-05 20:30:33] 🔍 Scanning C:\Users\Recap\OneDrive\Documents\Banana_Project\Geotag_images\PlaceholderUSB for new images...
[2025-12-05 20:30:34] 🔍 Scanning C:\Users\Recap\OneDrive\Documents\Banana_Project\Geotag_images\PlaceholderUSB for new images...
[2025-12-05 20:30:40] 🔍 Scanning C:\Users\Recap\OneDrive\Documents\Banana_Project\Geotag_images\PlaceholderUSB for new images...
[2025-12-05 20:30:40] 🔍 Scanning C:\Users\Recap\OneDrive\Documents\Banana_Project\Geotag_images\PlaceholderUSB for new images...
[2025-12-05 20:30:42] 🔍 Scanning C:\Users\Recap\OneDrive\Documents\Banana_Project\Geotag_images\PlaceholderUSB for new images...
[2025-12-05 20:30:43] 🔍 Scanning C:\Users\Recap\OneDrive\Documents\Banana_Project\Geotag_images\PlaceholderUSB for new images...
[2025-12-05 20:30:43] 🔍 Scanning C:\Users\Recap\OneDrive\Documents\Banana_Project\Geotag_images\PlaceholderUSB for new images...
[2025-12-05 20:30:44] 🔍 Scanning C:\Users\Recap\OneDrive\Documents\Banana_Project\Geotag_images\PlaceholderUSB for new images...
[2025-12-05 20:30:50] 🔍 Scanning C:\Users\Recap\OneDrive\Documents\Banana_Project\Geotag_images\PlaceholderUSB for new images...
[2025-12-05 20:30:50] 🔍 Scanning C:\Users\Recap\OneDrive\Documents\Banana_Project\Geotag_images\PlaceholderUSB for new images...
[2025-12-05 20:30:52] 🔍 Scanning C:\Users\Recap\OneDrive\Documents\Banana_Project\Geotag_images\PlaceholderUSB for new images...
[2025-12-05 20:30:53] 🔍 Scanning C:\Users\Recap\OneDrive\Documents\Banana_Project\Geotag_images\PlaceholderUSB for new images...
[2025-12-05 20:30:53] 🔍 Scanning C:\Users\Recap\OneDrive\Documents\Banana_Project\Geotag_images\PlaceholderUSB for new images...
[2025-12-05 20:30:54] 🔍 Scanning C:\Users\Recap\OneDrive\Documents\Banana_Project\Geotag_images\PlaceholderUSB for new images...
[2025-12-05 20:31:00] 🔍 Scanning C:\Users\Recap\OneDrive\Documents\Banana_Project\Geotag_images\PlaceholderUSB for new images...
[2025-12-05 20:31:00] 🔍 Scanning C:\Users\Recap\OneDrive\Documents\Banana_Project\Geotag_images\PlaceholderUSB for new images...
[2025-12-05 20:31:02] 🔍 Scanning C:\Users\Recap\OneDrive\Documents\Banana_Project\Geotag_images\PlaceholderUSB for new images...
[2025-12-05 20:31:03] 🔍 Scanning C:\Users\Recap\OneDrive\Documents\Banana_Project\Geotag_images\PlaceholderUSB for new images...
[2025-12-05 20:31:03] 🔍 Scanning C:\Users\Recap\OneDrive\Documents\Banana_Project\Geotag_images\PlaceholderUSB for new images...
[2025-12-05 20:31:04] 🔍 Scanning C:\Users\Recap\OneDrive\Documents\Banana_Project\Geotag_images\PlaceholderUSB for new images...
[2025-12-05 20:31:10] 🔍 Scanning C:\Users\Recap\OneDrive\Documents\Banana_Project\Geotag_images\PlaceholderUSB for new images...
[2025-12-05 20:31:10] 🔍 Scanning C:\Users\Recap\OneDrive\Documents\Banana_Project\Geotag_images\PlaceholderUSB for new images...
[2025-12-05 20:31:12] 🔍 Scanning C:\Users\Recap\OneDrive\Documents\Banana_Project\Geotag_images\PlaceholderUSB for new images...
[2025-12-05 20:31:13] 🔍 Scanning C:\Users\Recap\OneDrive\Documents\Banana_Project\Geotag_images\PlaceholderUSB for new images...
[2025-12-05 20:31:13] 🔍 Scanning C:\Users\Recap\OneDrive\Documents\Banana_Project\Geotag_images\PlaceholderUSB for new images...
[2025-12-05 20:31:14] 🔍 Scanning C:\Users\Recap\OneDrive\Documents\Banana_Project\Geotag_images\PlaceholderUSB for new images...
[2025-12-05 20:31:20] 🔍 Scanning C:\Users\Recap\OneDrive\Documents\Banana_Project\Geotag_images\PlaceholderUSB for new images...
[2025-12-05 20:31:20] 🔍 Scanning C:\Users\Recap\OneDrive\Documents\Banana_Project\Geotag_images\PlaceholderUSB for new images...
[2025-12-05 20:31:22] 🔍 Scanning C:\Users\Recap\OneDrive\Documents\Banana_Project\Geotag_images\PlaceholderUSB for new images...
[2025-12-05 20:31:23] 🔍 Scanning C:\Users\Recap\OneDrive\Documents\Banana_Project\Geotag_images\PlaceholderUSB for new images...
[2025-12-05 20:31:23] 🔍 Scanning C:\Users\Recap\OneDrive\Documents\Banana_Project\Geotag_images\PlaceholderUSB for new images...
[2025-12-05 20:31:24] 🔍 Scanning C:\Users\Recap\OneDrive\Documents\Banana_Project\Geotag_images\PlaceholderUSB for new images...
[2025-12-05 20:31:30] 🔍 Scanning C:\Users\Recap\OneDrive\Documents\Banana_Project\Geotag_images\PlaceholderUSB for new images...
[2025-12-05 20:31:30] 🔍 Scanning C:\Users\Recap\OneDrive\Documents\Banana_Project\Geotag_images\PlaceholderUSB for new images...
[2025-12-05 20:31:32] 🔍 Scanning C:\Users\Recap\OneDrive\Documents\Banana_Project\Geotag_images\PlaceholderUSB for new images...
[2025-12-05 20:31:33] 🔍 Scanning C:\Users\Recap\OneDrive\Documents\Banana_Project\Geotag_images\PlaceholderUSB for new images...
[2025-12-05 20:31:33] 🔍 Scanning C:\Users\Recap\OneDrive\Documents\Banana_Project\Geotag_images\PlaceholderUSB for new images...
[2025-12-05 20:31:34] 🔍 Scanning C:\Users\Recap\OneDrive\Documents\Banana_Project\Geotag_images\PlaceholderUSB for new images...
[2025-12-05 20:31:40] 🔍 Scanning C:\Users\Recap\OneDrive\Documents\Banana_Project\Geotag_images\PlaceholderUSB for new images...
[2025-12-05 20:31:40] 🔍 Scanning C:\Users\Recap\OneDrive\Documents\Banana_Project\Geotag_images\PlaceholderUSB for new images...
[2025-12-05 20:31:42] 🔍 Scanning C:\Users\Recap\OneDrive\Documents\Banana_Project\Geotag_images\PlaceholderUSB for new images...
[2025-12-05 20:31:43] 🔍 Scanning C:\Users\Recap\OneDrive\Documents\Banana_Project\Geotag_images\PlaceholderUSB for new images...
[2025-12-05 20:31:43] 🔍 Scanning C:\Users\Recap\OneDrive\Documents\Banana_Project\Geotag_images\PlaceholderUSB for new images...
[2025-12-05 20:31:44] 🔍 Scanning C:\Users\Recap\OneDrive\Documents\Banana_Project\Geotag_images\PlaceholderUSB for new images...
[2025-12-05 20:31:50] 🔍 Scanning C:\Users\Recap\OneDrive\Documents\Banana_Project\Geotag_images\PlaceholderUSB for new images...
[2025-12-05 20:31:50] 🔍 Scanning C:\Users\Recap\OneDrive\Documents\Banana_Project\Geotag_images\PlaceholderUSB for new images...
[2025-12-05 20:31:52] 🔍 Scanning C:\Users\Recap\OneDrive\Documents\Banana_Project\Geotag_images\PlaceholderUSB for new images...
[2025-12-05 20:31:53] 🔍 Scanning C:\Users\Recap\OneDrive\Documents\Banana_Project\Geotag_images\PlaceholderUSB for new images...
[2025-12-05 20:31:53] 🔍 Scanning C:\Users\Recap\OneDrive\Documents\Banana_Project\Geotag_images\PlaceholderUSB for new images...
[2025-12-05 20:31:54] 🔍 Scanning C:\Users\Recap\OneDrive\Documents\Banana_Project\Geotag_images\PlaceholderUSB for new images...
[2025-12-05 20:32:00] 🔍 Scanning C:\Users\Recap\OneDrive\Documents\Banana_Project\Geotag_images\PlaceholderUSB for new images...
[2025-12-05 20:32:00] 🔍 Scanning C:\Users\Recap\OneDrive\Documents\Banana_Project\Geotag_images\PlaceholderUSB for new images...
[2025-12-05 20:32:02] 🔍 Scanning C:\Users\Recap\OneDrive\Documents\Banana_Project\Geotag_images\PlaceholderUSB for new images...
[2025-12-05 20:32:03] 🔍 Scanning C:\Users\Recap\OneDrive\Documents\Banana_Project\Geotag_images\PlaceholderUSB for new images...
[2025-12-05 20:32:03] 🔍 Scanning C:\Users\Recap\OneDrive\Documents\Banana_Project\Geotag_images\PlaceholderUSB for new images...
[2025-12-05 20:32:04] 🔍 Scanning C:\Users\Recap\OneDrive\Documents\Banana_Project\Geotag_images\PlaceholderUSB for new images...
[2025-12-05 20:32:10] 🔍 Scanning C:\Users\Recap\OneDrive\Documents\Banana_Project\Geotag_images\PlaceholderUSB for new images...
[2025-12-05 20:32:10] 🔍 Scanning C:\Users\Recap\OneDrive\Documents\Banana_Project\Geotag_images\PlaceholderUSB for new images...
[2025-12-05 20:32:12] 🔍 Scanning C:\Users\Recap\OneDrive\Documents\Banana_Project\Geotag_images\PlaceholderUSB for new images...
[2025-12-05 20:32:13] 🔍 Scanning C:\Users\Recap\OneDrive\Documents\Banana_Project\Geotag_images\PlaceholderUSB for new images...
[2025-12-05 20:32:13] 🔍 Scanning C:\Users\Recap\OneDrive\Documents\Banana_Project\Geotag_images\PlaceholderUSB for new images...
[2025-12-05 20:32:14] 🔍 Scanning C:\Users\Recap\OneDrive\Documents\Banana_Project\Geotag_images\PlaceholderUSB for new images...
[2025-12-05 20:32:20] 🔍 Scanning C:\Users\Recap\OneDrive\Documents\Banana_Project\Geotag_images\PlaceholderUSB for new images...
[2025-12-05 20:32:20] 🔍 Scanning C:\Users\Recap\OneDrive\Documents\Banana_Project\Geotag_images\PlaceholderUSB for new images...
[2025-12-05 20:32:22] 🔍 Scanning C:\Users\Recap\OneDrive\Documents\Banana_Project\Geotag_images\PlaceholderUSB for new images...
[2025-12-05 20:32:23] 🔍 Scanning C:\Users\Recap\OneDrive\Documents\Banana_Project\Geotag_images\PlaceholderUSB for new images...
[2025-12-05 20:32:23] 🔍 Scanning C:\Users\Recap\OneDrive\Documents\Banana_Project\Geotag_images\PlaceholderUSB for new images...
[2025-12-05 20:32:24] 🔍 Scanning C:\Users\Recap\OneDrive\Documents\Banana_Project\Geotag_images\PlaceholderUSB for new images...
[2025-12-05 20:32:30] 🔍 Scanning C:\Users\Recap\OneDrive\Documents\Banana_Project\Geotag_images\PlaceholderUSB for new images...
[2025-12-05 20:32:30] 🔍 Scanning C:\Users\Recap\OneDrive\Documents\Banana_Project\Geotag_images\PlaceholderUSB for new images...
[2025-12-05 20:32:32] 🔍 Scanning C:\Users\Recap\OneDrive\Documents\Banana_Project\Geotag_images\PlaceholderUSB for new images...
[2025-12-05 20:32:33] 🔍 Scanning C:\Users\Recap\OneDrive\Documents\Banana_Project\Geotag_images\PlaceholderUSB for new images...
[2025-12-05 20:32:33] 🔍 Scanning C:\Users\Recap\OneDrive\Documents\Banana_Project\Geotag_images\PlaceholderUSB for new images...
[2025-12-05 20:32:34] 🔍 Scanning C:\Users\Recap\OneDrive\Documents\Banana_Project\Geotag_images\PlaceholderUSB for new images...
[2025-12-05 20:32:40] 🔍 Scanning C:\Users\Recap\OneDrive\Documents\Banana_Project\Geotag_images\PlaceholderUSB for new images...
[2025-12-05 20:32:40] 🔍 Scanning C:\Users\Recap\OneDrive\Documents\Banana_Project\Geotag_images\PlaceholderUSB for new images...
[2025-12-05 20:32:42] 🔍 Scanning C:\Users\Recap\OneDrive\Documents\Banana_Project\Geotag_images\PlaceholderUSB for new images...
[2025-12-05 20:32:43] 🔍 Scanning C:\Users\Recap\OneDrive\Documents\Banana_Project\Geotag_images\PlaceholderUSB for new images...
[2025-12-05 20:32:43] 🔍 Scanning C:\Users\Recap\OneDrive\Documents\Banana_Project\Geotag_images\PlaceholderUSB for new images...
[2025-12-05 20:32:44] 🔍 Scanning C:\Users\Recap\OneDrive\Documents\Banana_Project\Geotag_images\PlaceholderUSB for new images...
[2025-12-05 20:32:50] 🔍 Scanning C:\Users\Recap\OneDrive\Documents\Banana_Project\Geotag_images\PlaceholderUSB for new images...
[2025-12-05 20:32:50] 🔍 Scanning C:\Users\Recap\OneDrive\Documents\Banana_Project\Geotag_images\PlaceholderUSB for new images...
[2025-12-05 20:32:52] 🔍 Scanning C:\Users\Recap\OneDrive\Documents\Banana_Project\Geotag_images\PlaceholderUSB for new images...
[2025-12-05 20:32:53] 🔍 Scanning C:\Users\Recap\OneDrive\Documents\Banana_Project\Geotag_images\PlaceholderUSB for new images...
[2025-12-05 20:32:53] 🔍 Scanning C:\Users\Recap\OneDrive\Documents\Banana_Project\Geotag_images\PlaceholderUSB for new images...
[2025-12-05 20:32:54] 🔍 Scanning C:\Users\Recap\OneDrive\Documents\Banana_Project\Geotag_images\PlaceholderUSB for new images...
[2025-12-05 20:33:00] 🔍 Scanning C:\Users\Recap\OneDrive\Documents\Banana_Project\Geotag_images\PlaceholderUSB for new images...
[2025-12-05 20:33:00] 🔍 Scanning C:\Users\Recap\OneDrive\Documents\Banana_Project\Geotag_images\PlaceholderUSB for new images...
[2025-12-05 20:33:02] 🔍 Scanning C:\Users\Recap\OneDrive\Documents\Banana_Project\Geotag_images\PlaceholderUSB for new images...
[2025-12-05 20:33:03] 🔍 Scanning C:\Users\Recap\OneDrive\Documents\Banana_Project\Geotag_images\PlaceholderUSB for new images...
[2025-12-05 20:33:03] 🔍 Scanning C:\Users\Recap\OneDrive\Documents\Banana_Project\Geotag_images\PlaceholderUSB for new images...
[2025-12-05 20:33:04] 🔍 Scanning C:\Users\Recap\OneDrive\Documents\Banana_Project\Geotag_images\PlaceholderUSB for new images...
[2025-12-05 20:33:10] 🔍 Scanning C:\Users\Recap\OneDrive\Documents\Banana_Project\Geotag_images\PlaceholderUSB for new images...
[2025-12-05 20:33:10] 🔍 Scanning C:\Users\Recap\OneDrive\Documents\Banana_Project\Geotag_images\PlaceholderUSB for new images...
[2025-12-05 20:33:12] 🔍 Scanning C:\Users\Recap\OneDrive\Documents\Banana_Project\Geotag_images\PlaceholderUSB for new images...
[2025-12-05 20:33:13] 🔍 Scanning C:\Users\Recap\OneDrive\Documents\Banana_Project\Geotag_images\PlaceholderUSB for new images...
[2025-12-05 20:33:13] 🔍 Scanning C:\Users\Recap\OneDrive\Documents\Banana_Project\Geotag_images\PlaceholderUSB for new images...
[2025-12-05 20:33:14] 🔍 Scanning C:\Users\Recap\OneDrive\Documents\Banana_Project\Geotag_images\PlaceholderUSB for new images...
[2025-12-05 20:33:20] 🔍 Scanning C:\Users\Recap\OneDrive\Documents\Banana_Project\Geotag_images\PlaceholderUSB for new images...
[2025-12-05 20:33:20] 🔍 Scanning C:\Users\Recap\OneDrive\Documents\Banana_Project\Geotag_images\PlaceholderUSB for new images...
[2025-12-05 20:33:22] 🔍 Scanning C:\Users\Recap\OneDrive\Documents\Banana_Project\Geotag_images\PlaceholderUSB for new images...
[2025-12-05 20:33:23] 🔍 Scanning C:\Users\Recap\OneDrive\Documents\Banana_Project\Geotag_images\PlaceholderUSB for new images...
[2025-12-05 20:33:23] 🔍 Scanning C:\Users\Recap\OneDrive\Documents\Banana_Project\Geotag_images\PlaceholderUSB for new images...
[2025-12-05 20:33:24] 🔍 Scanning C:\Users\Recap\OneDrive\Documents\Banana_Project\Geotag_images\PlaceholderUSB for new images...
[2025-12-05 20:33:30] 🔍 Scanning C:\Users\Recap\OneDrive\Documents\Banana_Project\Geotag_images\PlaceholderUSB for new images...
[2025-12-05 20:33:30] 🔍 Scanning C:\Users\Recap\OneDrive\Documents\Banana_Project\Geotag_images\PlaceholderUSB for new images...
[2025-12-05 20:33:32] 🔍 Scanning C:\Users\Recap\OneDrive\Documents\Banana_Project\Geotag_images\PlaceholderUSB for new images...
[2025-12-05 20:33:33] 🔍 Scanning C:\Users\Recap\OneDrive\Documents\Banana_Project\Geotag_images\PlaceholderUSB for new images...
[2025-12-05 20:33:33] 🔍 Scanning C:\Users\Recap\OneDrive\Documents\Banana_Project\Geotag_images\PlaceholderUSB for new images...
[2025-12-05 20:33:34] 🔍 Scanning C:\Users\Recap\OneDrive\Documents\Banana_Project\Geotag_images\PlaceholderUSB for new images...
[2025-12-05 20:33:40] 🔍 Scanning C:\Users\Recap\OneDrive\Documents\Banana_Project\Geotag_images\PlaceholderUSB for new images...
[2025-12-05 20:33:40] 🔍 Scanning C:\Users\Recap\OneDrive\Documents\Banana_Project\Geotag_images\PlaceholderUSB for new images...
[2025-12-05 20:33:42] 🔍 Scanning C:\Users\Recap\OneDrive\Documents\Banana_Project\Geotag_images\PlaceholderUSB for new images...
[2025-12-05 20:33:43] 🔍 Scanning C:\Users\Recap\OneDrive\Documents\Banana_Project\Geotag_images\PlaceholderUSB for new images...
[2025-12-05 20:33:43] 🔍 Scanning C:\Users\Recap\OneDrive\Documents\Banana_Project\Geotag_images\PlaceholderUSB for new images...
[2025-12-05 20:33:44] 🔍 Scanning C:\Users\Recap\OneDrive\Documents\Banana_Project\Geotag_images\PlaceholderUSB for new images...
[2025-12-05 20:33:50] 🔍 Scanning C:\Users\Recap\OneDrive\Documents\Banana_Project\Geotag_images\PlaceholderUSB for new images...
[2025-12-05 20:33:50] 🔍 Scanning C:\Users\Recap\OneDrive\Documents\Banana_Project\Geotag_images\PlaceholderUSB for new images...
[2025-12-05 20:33:52] 🔍 Scanning C:\Users\Recap\OneDrive\Documents\Banana_Project\Geotag_images\PlaceholderUSB for new images...
[2025-12-05 20:33:53] 🔍 Scanning C:\Users\Recap\OneDrive\Documents\Banana_Project\Geotag_images\PlaceholderUSB for new images...
[2025-12-05 20:33:53] 🔍 Scanning C:\Users\Recap\OneDrive\Documents\Banana_Project\Geotag_images\PlaceholderUSB for new images...
[2025-12-05 20:33:54] 🔍 Scanning C:\Users\Recap\OneDrive\Documents\Banana_Project\Geotag_images\PlaceholderUSB for new images...
[2025-12-05 20:34:00] 🔍 Scanning C:\Users\Recap\OneDrive\Documents\Banana_Project\Geotag_images\PlaceholderUSB for new images...
[2025-12-05 20:34:00] 🔍 Scanning C:\Users\Recap\OneDrive\Documents\Banana_Project\Geotag_images\PlaceholderUSB for new images...
[2025-12-05 20:34:02] 🔍 Scanning C:\Users\Recap\OneDrive\Documents\Banana_Project\Geotag_images\PlaceholderUSB for new images...
[2025-12-05 20:34:03] 🔍 Scanning C:\Users\Recap\OneDrive\Documents\Banana_Project\Geotag_images\PlaceholderUSB for new images...
[2025-12-05 20:34:03] 🔍 Scanning C:\Users\Recap\OneDrive\Documents\Banana_Project\Geotag_images\PlaceholderUSB for new images...
[2025-12-05 20:34:04] 🔍 Scanning C:\Users\Recap\OneDrive\Documents\Banana_Project\Geotag_images\PlaceholderUSB for new images...
[2025-12-05 20:34:10] 🔍 Scanning C:\Users\Recap\OneDrive\Documents\Banana_Project\Geotag_images\PlaceholderUSB for new images...
[2025-12-05 20:34:10] 🔍 Scanning C:\Users\Recap\OneDrive\Documents\Banana_Project\Geotag_images\PlaceholderUSB for new images...
[2025-12-05 20:34:12] 🔍 Scanning C:\Users\Recap\OneDrive\Documents\Banana_Project\Geotag_images\PlaceholderUSB for new images...
[2025-12-05 20:34:13] 🔍 Scanning C:\Users\Recap\OneDrive\Documents\Banana_Project\Geotag_images\PlaceholderUSB for new images...
[2025-12-05 20:34:13] 🔍 Scanning C:\Users\Recap\OneDrive\Documents\Banana_Project\Geotag_images\PlaceholderUSB for new images...
[2025-12-05 20:34:14] 🔍 Scanning C:\Users\Recap\OneDrive\Documents\Banana_Project\Geotag_images\PlaceholderUSB for new images...
[2025-12-05 20:34:20] 🔍 Scanning C:\Users\Recap\OneDrive\Documents\Banana_Project\Geotag_images\PlaceholderUSB for new images...
[2025-12-05 20:34:20] 🔍 Scanning C:\Users\Recap\OneDrive\Documents\Banana_Project\Geotag_images\PlaceholderUSB for new images...
[2025-12-05 20:34:22] 🔍 Scanning C:\Users\Recap\OneDrive\Documents\Banana_Project\Geotag_images\PlaceholderUSB for new images...
[2025-12-05 20:34:23] 🔍 Scanning C:\Users\Recap\OneDrive\Documents\Banana_Project\Geotag_images\PlaceholderUSB for new images...
[2025-12-05 20:34:23] 🔍 Scanning C:\Users\Recap\OneDrive\Documents\Banana_Project\Geotag_images\PlaceholderUSB for new images...
[2025-12-05 20:34:24] 🔍 Scanning C:\Users\Recap\OneDrive\Documents\Banana_Project\Geotag_images\PlaceholderUSB for new images...
[2025-12-05 20:34:30] 🔍 Scanning C:\Users\Recap\OneDrive\Documents\Banana_Project\Geotag_images\PlaceholderUSB for new images...
[2025-12-05 20:34:30] 🔍 Scanning C:\Users\Recap\OneDrive\Documents\Banana_Project\Geotag_images\PlaceholderUSB for new images...
[2025-12-05 20:34:32] 🔍 Scanning C:\Users\Recap\OneDrive\Documents\Banana_Project\Geotag_images\PlaceholderUSB for new images...
[2025-12-05 20:34:33] 🔍 Scanning C:\Users\Recap\OneDrive\Documents\Banana_Project\Geotag_images\PlaceholderUSB for new images...
[2025-12-05 20:34:33] 🔍 Scanning C:\Users\Recap\OneDrive\Documents\Banana_Project\Geotag_images\PlaceholderUSB for new images...
[2025-12-05 20:34:34] 🔍 Scanning C:\Users\Recap\OneDrive\Documents\Banana_Project\Geotag_images\PlaceholderUSB for new images...
[2025-12-05 20:34:40] 🔍 Scanning C:\Users\Recap\OneDrive\Documents\Banana_Project\Geotag_images\PlaceholderUSB for new images...
[2025-12-05 20:34:40] 🔍 Scanning C:\Users\Recap\OneDrive\Documents\Banana_Project\Geotag_images\PlaceholderUSB for new images...
[2025-12-05 20:34:42] 🔍 Scanning C:\Users\Recap\OneDrive\Documents\Banana_Project\Geotag_images\PlaceholderUSB for new images...
[2025-12-05 20:34:43] 🔍 Scanning C:\Users\Recap\OneDrive\Documents\Banana_Project\Geotag_images\PlaceholderUSB for new images...
[2025-12-05 20:34:43] 🔍 Scanning C:\Users\Recap\OneDrive\Documents\Banana_Project\Geotag_images\PlaceholderUSB for new images...
[2025-12-05 20:34:44] 🔍 Scanning C:\Users\Recap\OneDrive\Documents\Banana_Project\Geotag_images\PlaceholderUSB for new images...
[2025-12-05 20:34:50] 🔍 Scanning C:\Users\Recap\OneDrive\Documents\Banana_Project\Geotag_images\PlaceholderUSB for new images...
[2025-12-05 20:34:50] 🔍 Scanning C:\Users\Recap\OneDrive\Documents\Banana_Project\Geotag_images\PlaceholderUSB for new images...
[2025-12-05 20:34:52] 🔍 Scanning C:\Users\Recap\OneDrive\Documents\Banana_Project\Geotag_images\PlaceholderUSB for new images...
[2025-12-05 20:34:53] 🔍 Scanning C:\Users\Recap\OneDrive\Documents\Banana_Project\Geotag_images\PlaceholderUSB for new images...
[2025-12-05 20:34:53] 🔍 Scanning C:\Users\Recap\OneDrive\Documents\Banana_Project\Geotag_images\PlaceholderUSB for new images...
[2025-12-05 20:34:54] 🔍 Scanning C:\Users\Recap\OneDrive\Documents\Banana_Project\Geotag_images\PlaceholderUSB for new images...
[2025-12-05 20:35:00] 🔍 Scanning C:\Users\Recap\OneDrive\Documents\Banana_Project\Geotag_images\PlaceholderUSB for new images...
[2025-12-05 20:35:00] 🔍 Scanning C:\Users\Recap\OneDrive\Documents\Banana_Project\Geotag_images\PlaceholderUSB for new images...
[2025-12-05 20:35:02] 🔍 Scanning C:\Users\Recap\OneDrive\Documents\Banana_Project\Geotag_images\PlaceholderUSB for new images...
[2025-12-05 20:35:03] 🔍 Scanning C:\Users\Recap\OneDrive\Documents\Banana_Project\Geotag_images\PlaceholderUSB for new images...
[2025-12-05 20:35:03] 🔍 Scanning C:\Users\Recap\OneDrive\Documents\Banana_Project\Geotag_images\PlaceholderUSB for new images...
[2025-12-05 20:35:04] 🔍 Scanning C:\Users\Recap\OneDrive\Documents\Banana_Project\Geotag_images\PlaceholderUSB for new images...
[2025-12-05 20:35:10] 🔍 Scanning C:\Users\Recap\OneDrive\Documents\Banana_Project\Geotag_images\PlaceholderUSB for new images...
[2025-12-05 20:35:10] 🔍 Scanning C:\Users\Recap\OneDrive\Documents\Banana_Project\Geotag_images\PlaceholderUSB for new images...
[2025-12-05 20:35:12] 🔍 Scanning C:\Users\Recap\OneDrive\Documents\Banana_Project\Geotag_images\PlaceholderUSB for new images...
[2025-12-05 20:35:13] 🔍 Scanning C:\Users\Recap\OneDrive\Documents\Banana_Project\Geotag_images\PlaceholderUSB for new images...
[2025-12-05 20:35:13] 🔍 Scanning C:\Users\Recap\OneDrive\Documents\Banana_Project\Geotag_images\PlaceholderUSB for new images...
[2025-12-05 20:35:14] 🔍 Scanning C:\Users\Recap\OneDrive\Documents\Banana_Project\Geotag_images\PlaceholderUSB for new images...
[2025-12-05 20:35:20] 🔍 Scanning C:\Users\Recap\OneDrive\Documents\Banana_Project\Geotag_images\PlaceholderUSB for new images...
[2025-12-05 20:35:20] 🔍 Scanning C:\Users\Recap\OneDrive\Documents\Banana_Project\Geotag_images\PlaceholderUSB for new images...
[2025-12-05 20:35:22] 🔍 Scanning C:\Users\Recap\OneDrive\Documents\Banana_Project\Geotag_images\PlaceholderUSB for new images...
[2025-12-05 20:35:23] 🔍 Scanning C:\Users\Recap\OneDrive\Documents\Banana_Project\Geotag_images\PlaceholderUSB for new images...
[2025-12-05 20:35:23] 🔍 Scanning C:\Users\Recap\OneDrive\Documents\Banana_Project\Geotag_images\PlaceholderUSB for new images...
[2025-12-05 20:35:24] 🔍 Scanning C:\Users\Recap\OneDrive\Documents\Banana_Project\Geotag_images\PlaceholderUSB for new images...
[2025-12-05 20:35:30] 🔍 Scanning C:\Users\Recap\OneDrive\Documents\Banana_Project\Geotag_images\PlaceholderUSB for new images...
[2025-12-05 20:35:30] 🔍 Scanning C:\Users\Recap\OneDrive\Documents\Banana_Project\Geotag_images\PlaceholderUSB for new images...
[2025-12-05 20:35:32] 🔍 Scanning C:\Users\Recap\OneDrive\Documents\Banana_Project\Geotag_images\PlaceholderUSB for new images...
[2025-12-05 20:35:33] 🔍 Scanning C:\Users\Recap\OneDrive\Documents\Banana_Project\Geotag_images\PlaceholderUSB for new images...
[2025-12-05 20:35:33] 🔍 Scanning C:\Users\Recap\OneDrive\Documents\Banana_Project\Geotag_images\PlaceholderUSB for new images...
[2025-12-05 20:35:34] 🔍 Scanning C:\Users\Recap\OneDrive\Documents\Banana_Project\Geotag_images\PlaceholderUSB for new images...
[2025-12-05 20:35:40] 🔍 Scanning C:\Users\Recap\OneDrive\Documents\Banana_Project\Geotag_images\PlaceholderUSB for new images...
[2025-12-05 20:35:40] 🔍 Scanning C:\Users\Recap\OneDrive\Documents\Banana_Project\Geotag_images\PlaceholderUSB for new images...
[2025-12-05 20:35:42] 🔍 Scanning C:\Users\Recap\OneDrive\Documents\Banana_Project\Geotag_images\PlaceholderUSB for new images...
[2025-12-05 20:35:43] 🔍 Scanning C:\Users\Recap\OneDrive\Documents\Banana_Project\Geotag_images\PlaceholderUSB for new images...
[2025-12-05 20:35:43] 🔍 Scanning C:\Users\Recap\OneDrive\Documents\Banana_Project\Geotag_images\PlaceholderUSB for new images...
[2025-12-05 20:35:44] 🔍 Scanning C:\Users\Recap\OneDrive\Documents\Banana_Project\Geotag_images\PlaceholderUSB for new images...
[2025-12-05 20:35:50] 🔍 Scanning C:\Users\Recap\OneDrive\Documents\Banana_Project\Geotag_images\PlaceholderUSB for new images...
[2025-12-05 20:35:51] 🔍 Scanning C:\Users\Recap\OneDrive\Documents\Banana_Project\Geotag_images\PlaceholderUSB for new images...
[2025-12-05 20:35:52] 🔍 Scanning C:\Users\Recap\OneDrive\Documents\Banana_Project\Geotag_images\PlaceholderUSB for new images...
[2025-12-05 20:35:53] 🔍 Scanning C:\Users\Recap\OneDrive\Documents\Banana_Project\Geotag_images\PlaceholderUSB for new images...
[2025-12-05 20:35:53] 🔍 Scanning C:\Users\Recap\OneDrive\Documents\Banana_Project\Geotag_images\PlaceholderUSB for new images...
[2025-12-05 20:35:54] 🔍 Scanning C:\Users\Recap\OneDrive\Documents\Banana_Project\Geotag_images\PlaceholderUSB for new images...
[2025-12-05 20:36:00] 🔍 Scanning C:\Users\Recap\OneDrive\Documents\Banana_Project\Geotag_images\PlaceholderUSB for new images...
[2025-12-05 20:36:01] 🔍 Scanning C:\Users\Recap\OneDrive\Documents\Banana_Project\Geotag_images\PlaceholderUSB for new images...
[2025-12-05 20:36:02] 🔍 Scanning C:\Users\Recap\OneDrive\Documents\Banana_Project\Geotag_images\PlaceholderUSB for new images...
[2025-12-05 20:36:03] 🔍 Scanning C:\Users\Recap\OneDrive\Documents\Banana_Project\Geotag_images\PlaceholderUSB for new images...
[2025-12-05 20:36:03] 🔍 Scanning C:\Users\Recap\OneDrive\Documents\Banana_Project\Geotag_images\PlaceholderUSB for new images...
[2025-12-05 20:36:04] 🔍 Scanning C:\Users\Recap\OneDrive\Documents\Banana_Project\Geotag_images\PlaceholderUSB for new images...
[2025-12-05 20:36:10] 🔍 Scanning C:\Users\Recap\OneDrive\Documents\Banana_Project\Geotag_images\PlaceholderUSB for new images...
[2025-12-05 20:36:11] 🔍 Scanning C:\Users\Recap\OneDrive\Documents\Banana_Project\Geotag_images\PlaceholderUSB for new images...
[2025-12-05 20:36:12] 🔍 Scanning C:\Users\Recap\OneDrive\Documents\Banana_Project\Geotag_images\PlaceholderUSB for new images...
[2025-12-05 20:36:13] 🔍 Scanning C:\Users\Recap\OneDrive\Documents\Banana_Project\Geotag_images\PlaceholderUSB for new images...
[2025-12-05 20:36:13] 🔍 Scanning C:\Users\Recap\OneDrive\Documents\Banana_Project\Geotag_images\PlaceholderUSB for new images...
[2025-12-05 20:36:14] 🔍 Scanning C:\Users\Recap\OneDrive\Documents\Banana_Project\Geotag_images\PlaceholderUSB for new images...
[2025-12-05 20:36:20] 🔍 Scanning C:\Users\Recap\OneDrive\Documents\Banana_Project\Geotag_images\PlaceholderUSB for new images...
[2025-12-05 20:36:21] 🔍 Scanning C:\Users\Recap\OneDrive\Documents\Banana_Project\Geotag_images\PlaceholderUSB for new images...
[2025-12-05 20:36:22] 🔍 Scanning C:\Users\Recap\OneDrive\Documents\Banana_Project\Geotag_images\PlaceholderUSB for new images...
[2025-12-05 20:36:23] 🔍 Scanning C:\Users\Recap\OneDrive\Documents\Banana_Project\Geotag_images\PlaceholderUSB for new images...
[2025-12-05 20:36:23] 🔍 Scanning C:\Users\Recap\OneDrive\Documents\Banana_Project\Geotag_images\PlaceholderUSB for new images...
[2025-12-05 20:36:24] 🔍 Scanning C:\Users\Recap\OneDrive\Documents\Banana_Project\Geotag_images\PlaceholderUSB for new images...
[2025-12-05 20:36:30] 🔍 Scanning C:\Users\Recap\OneDrive\Documents\Banana_Project\Geotag_images\PlaceholderUSB for new images...
[2025-12-05 20:36:31] 🔍 Scanning C:\Users\Recap\OneDrive\Documents\Banana_Project\Geotag_images\PlaceholderUSB for new images...
[2025-12-05 20:36:32] 🔍 Scanning C:\Users\Recap\OneDrive\Documents\Banana_Project\Geotag_images\PlaceholderUSB for new images...
[2025-12-05 20:36:33] 🔍 Scanning C:\Users\Recap\OneDrive\Documents\Banana_Project\Geotag_images\PlaceholderUSB for new images...
[2025-12-05 20:36:33] 🔍 Scanning C:\Users\Recap\OneDrive\Documents\Banana_Project\Geotag_images\PlaceholderUSB for new images...
[2025-12-05 20:36:34] 🔍 Scanning C:\Users\Recap\OneDrive\Documents\Banana_Project\Geotag_images\PlaceholderUSB for new images...
[2025-12-05 20:36:40] 🔍 Scanning C:\Users\Recap\OneDrive\Documents\Banana_Project\Geotag_images\PlaceholderUSB for new images...
[2025-12-05 20:36:41] 🔍 Scanning C:\Users\Recap\OneDrive\Documents\Banana_Project\Geotag_images\PlaceholderUSB for new images...
[2025-12-05 20:36:42] 🔍 Scanning C:\Users\Recap\OneDrive\Documents\Banana_Project\Geotag_images\PlaceholderUSB for new images...
[2025-12-05 20:36:43] 🔍 Scanning C:\Users\Recap\OneDrive\Documents\Banana_Project\Geotag_images\PlaceholderUSB for new images...
[2025-12-05 20:36:43] 🔍 Scanning C:\Users\Recap\OneDrive\Documents\Banana_Project\Geotag_images\PlaceholderUSB for new images...
[2025-12-05 20:36:44] 🔍 Scanning C:\Users\Recap\OneDrive\Documents\Banana_Project\Geotag_images\PlaceholderUSB for new images...
[2025-12-05 20:36:51] 🔍 Scanning C:\Users\Recap\OneDrive\Documents\Banana_Project\Geotag_images\PlaceholderUSB for new images...
[2025-12-05 20:36:51] 🔍 Scanning C:\Users\Recap\OneDrive\Documents\Banana_Project\Geotag_images\PlaceholderUSB for new images...
[2025-12-05 20:36:52] 🔍 Scanning C:\Users\Recap\OneDrive\Documents\Banana_Project\Geotag_images\PlaceholderUSB for new images...
[2025-12-05 20:36:53] 🔍 Scanning C:\Users\Recap\OneDrive\Documents\Banana_Project\Geotag_images\PlaceholderUSB for new images...
[2025-12-05 20:36:53] 🔍 Scanning C:\Users\Recap\OneDrive\Documents\Banana_Project\Geotag_images\PlaceholderUSB for new images...
[2025-12-05 20:36:54] 🔍 Scanning C:\Users\Recap\OneDrive\Documents\Banana_Project\Geotag_images\PlaceholderUSB for new images...
[2025-12-05 20:37:01] 🔍 Scanning C:\Users\Recap\OneDrive\Documents\Banana_Project\Geotag_images\PlaceholderUSB for new images...
[2025-12-05 20:37:01] 🔍 Scanning C:\Users\Recap\OneDrive\Documents\Banana_Project\Geotag_images\PlaceholderUSB for new images...
[2025-12-05 20:37:02] 🔍 Scanning C:\Users\Recap\OneDrive\Documents\Banana_Project\Geotag_images\PlaceholderUSB for new images...
[2025-12-05 20:37:03] 🔍 Scanning C:\Users\Recap\OneDrive\Documents\Banana_Project\Geotag_images\PlaceholderUSB for new images...
[2025-12-05 20:37:03] 🔍 Scanning C:\Users\Recap\OneDrive\Documents\Banana_Project\Geotag_images\PlaceholderUSB for new images...
[2025-12-05 20:37:04] 🔍 Scanning C:\Users\Recap\OneDrive\Documents\Banana_Project\Geotag_images\PlaceholderUSB for new images...
[2025-12-05 20:37:11] 🔍 Scanning C:\Users\Recap\OneDrive\Documents\Banana_Project\Geotag_images\PlaceholderUSB for new images...
[2025-12-05 20:37:11] 🔍 Scanning C:\Users\Recap\OneDrive\Documents\Banana_Project\Geotag_images\PlaceholderUSB for new images...
[2025-12-05 20:37:12] 🔍 Scanning C:\Users\Recap\OneDrive\Documents\Banana_Project\Geotag_images\PlaceholderUSB for new images...
[2025-12-05 20:37:13] 🔍 Scanning C:\Users\Recap\OneDrive\Documents\Banana_Project\Geotag_images\PlaceholderUSB for new images...
[2025-12-05 20:37:13] 🔍 Scanning C:\Users\Recap\OneDrive\Documents\Banana_Project\Geotag_images\PlaceholderUSB for new images...
[2025-12-05 20:37:14] 🔍 Scanning C:\Users\Recap\OneDrive\Documents\Banana_Project\Geotag_images\PlaceholderUSB for new images...
[2025-12-05 20:37:21] 🔍 Scanning C:\Users\Recap\OneDrive\Documents\Banana_Project\Geotag_images\PlaceholderUSB for new images...
[2025-12-05 20:37:21] 🔍 Scanning C:\Users\Recap\OneDrive\Documents\Banana_Project\Geotag_images\PlaceholderUSB for new images...
[2025-12-05 20:37:22] 🔍 Scanning C:\Users\Recap\OneDrive\Documents\Banana_Project\Geotag_images\PlaceholderUSB for new images...
[2025-12-05 20:37:23] 🔍 Scanning C:\Users\Recap\OneDrive\Documents\Banana_Project\Geotag_images\PlaceholderUSB for new images...
[2025-12-05 20:37:23] 🔍 Scanning C:\Users\Recap\OneDrive\Documents\Banana_Project\Geotag_images\PlaceholderUSB for new images...
[2025-12-05 20:37:24] 🔍 Scanning C:\Users\Recap\OneDrive\Documents\Banana_Project\Geotag_images\PlaceholderUSB for new images...
[2025-12-05 20:37:31] 🔍 Scanning C:\Users\Recap\OneDrive\Documents\Banana_Project\Geotag_images\PlaceholderUSB for new images...
[2025-12-05 20:37:31] 🔍 Scanning C:\Users\Recap\OneDrive\Documents\Banana_Project\Geotag_images\PlaceholderUSB for new images...
[2025-12-05 20:37:32] 🔍 Scanning C:\Users\Recap\OneDrive\Documents\Banana_Project\Geotag_images\PlaceholderUSB for new images...
[2025-12-05 20:37:33] 🔍 Scanning C:\Users\Recap\OneDrive\Documents\Banana_Project\Geotag_images\PlaceholderUSB for new images...
[2025-12-05 20:37:33] 🔍 Scanning C:\Users\Recap\OneDrive\Documents\Banana_Project\Geotag_images\PlaceholderUSB for new images...
[2025-12-05 20:37:34] 🔍 Scanning C:\Users\Recap\OneDrive\Documents\Banana_Project\Geotag_images\PlaceholderUSB for new images...
[2025-12-05 20:37:41] 🔍 Scanning C:\Users\Recap\OneDrive\Documents\Banana_Project\Geotag_images\PlaceholderUSB for new images...
[2025-12-05 20:37:41] 🔍 Scanning C:\Users\Recap\OneDrive\Documents\Banana_Project\Geotag_images\PlaceholderUSB for new images...
[2025-12-05 20:37:42] 🔍 Scanning C:\Users\Recap\OneDrive\Documents\Banana_Project\Geotag_images\PlaceholderUSB for new images...
[2025-12-05 20:37:43] 🔍 Scanning C:\Users\Recap\OneDrive\Documents\Banana_Project\Geotag_images\PlaceholderUSB for new images...
[2025-12-05 20:37:43] 🔍 Scanning C:\Users\Recap\OneDrive\Documents\Banana_Project\Geotag_images\PlaceholderUSB for new images...
[2025-12-05 20:37:44] 🔍 Scanning C:\Users\Recap\OneDrive\Documents\Banana_Project\Geotag_images\PlaceholderUSB for new images...
[2025-12-05 20:37:51] 🔍 Scanning C:\Users\Recap\OneDrive\Documents\Banana_Project\Geotag_images\PlaceholderUSB for new images...
[2025-12-05 20:37:51] 🔍 Scanning C:\Users\Recap\OneDrive\Documents\Banana_Project\Geotag_images\PlaceholderUSB for new images...
[2025-12-05 20:37:52] 🔍 Scanning C:\Users\Recap\OneDrive\Documents\Banana_Project\Geotag_images\PlaceholderUSB for new images...
[2025-12-05 20:37:53] 🔍 Scanning C:\Users\Recap\OneDrive\Documents\Banana_Project\Geotag_images\PlaceholderUSB for new images...
[2025-12-05 20:37:53] 🔍 Scanning C:\Users\Recap\OneDrive\Documents\Banana_Project\Geotag_images\PlaceholderUSB for new images...
[2025-12-05 20:37:54] 🔍 Scanning C:\Users\Recap\OneDrive\Documents\Banana_Project\Geotag_images\PlaceholderUSB for new images...
[2025-12-05 20:38:01] 🔍 Scanning C:\Users\Recap\OneDrive\Documents\Banana_Project\Geotag_images\PlaceholderUSB for new images...
[2025-12-05 20:38:01] 🔍 Scanning C:\Users\Recap\OneDrive\Documents\Banana_Project\Geotag_images\PlaceholderUSB for new images...
[2025-12-05 20:38:02] 🔍 Scanning C:\Users\Recap\OneDrive\Documents\Banana_Project\Geotag_images\PlaceholderUSB for new images...
[2025-12-05 20:38:03] 🔍 Scanning C:\Users\Recap\OneDrive\Documents\Banana_Project\Geotag_images\PlaceholderUSB for new images...
[2025-12-05 20:38:03] 🔍 Scanning C:\Users\Recap\OneDrive\Documents\Banana_Project\Geotag_images\PlaceholderUSB for new images...
[2025-12-05 20:38:04] 🔍 Scanning C:\Users\Recap\OneDrive\Documents\Banana_Project\Geotag_images\PlaceholderUSB for new images...
[2025-12-05 20:38:11] 🔍 Scanning C:\Users\Recap\OneDrive\Documents\Banana_Project\Geotag_images\PlaceholderUSB for new images...
[2025-12-05 20:38:11] 🔍 Scanning C:\Users\Recap\OneDrive\Documents\Banana_Project\Geotag_images\PlaceholderUSB for new images...
[2025-12-05 20:38:12] 🔍 Scanning C:\Users\Recap\OneDrive\Documents\Banana_Project\Geotag_images\PlaceholderUSB for new images...
[2025-12-05 20:38:13] 🔍 Scanning C:\Users\Recap\OneDrive\Documents\Banana_Project\Geotag_images\PlaceholderUSB for new images...
[2025-12-05 20:38:13] 🔍 Scanning C:\Users\Recap\OneDrive\Documents\Banana_Project\Geotag_images\PlaceholderUSB for new images...
[2025-12-05 20:38:14] 🔍 Scanning C:\Users\Recap\OneDrive\Documents\Banana_Project\Geotag_images\PlaceholderUSB for new images...
[2025-12-05 20:38:21] 🔍 Scanning C:\Users\Recap\OneDrive\Documents\Banana_Project\Geotag_images\PlaceholderUSB for new images...
[2025-12-05 20:38:21] 🔍 Scanning C:\Users\Recap\OneDrive\Documents\Banana_Project\Geotag_images\PlaceholderUSB for new images...
[2025-12-05 20:38:22] 🔍 Scanning C:\Users\Recap\OneDrive\Documents\Banana_Project\Geotag_images\PlaceholderUSB for new images...
[2025-12-05 20:38:23] 🔍 Scanning C:\Users\Recap\OneDrive\Documents\Banana_Project\Geotag_images\PlaceholderUSB for new images...
[2025-12-05 20:38:23] 🔍 Scanning C:\Users\Recap\OneDrive\Documents\Banana_Project\Geotag_images\PlaceholderUSB for new images...
[2025-12-05 20:38:24] 🔍 Scanning C:\Users\Recap\OneDrive\Documents\Banana_Project\Geotag_images\PlaceholderUSB for new images...
[2025-12-05 20:38:31] 🔍 Scanning C:\Users\Recap\OneDrive\Documents\Banana_Project\Geotag_images\PlaceholderUSB for new images...
[2025-12-05 20:38:31] 🔍 Scanning C:\Users\Recap\OneDrive\Documents\Banana_Project\Geotag_images\PlaceholderUSB for new images...
[2025-12-05 20:38:32] 🔍 Scanning C:\Users\Recap\OneDrive\Documents\Banana_Project\Geotag_images\PlaceholderUSB for new images...
[2025-12-05 20:38:33] 🔍 Scanning C:\Users\Recap\OneDrive\Documents\Banana_Project\Geotag_images\PlaceholderUSB for new images...
[2025-12-05 20:38:33] 🔍 Scanning C:\Users\Recap\OneDrive\Documents\Banana_Project\Geotag_images\PlaceholderUSB for new images...
[2025-12-05 20:38:34] 🔍 Scanning C:\Users\Recap\OneDrive\Documents\Banana_Project\Geotag_images\PlaceholderUSB for new images...
[2025-12-05 20:38:41] 🔍 Scanning C:\Users\Recap\OneDrive\Documents\Banana_Project\Geotag_images\PlaceholderUSB for new images...
[2025-12-05 20:38:41] 🔍 Scanning C:\Users\Recap\OneDrive\Documents\Banana_Project\Geotag_images\PlaceholderUSB for new images...
[2025-12-05 20:38:42] 🔍 Scanning C:\Users\Recap\OneDrive\Documents\Banana_Project\Geotag_images\PlaceholderUSB for new images...
[2025-12-05 20:38:43] 🔍 Scanning C:\Users\Recap\OneDrive\Documents\Banana_Project\Geotag_images\PlaceholderUSB for new images...
[2025-12-05 20:38:43] 🔍 Scanning C:\Users\Recap\OneDrive\Documents\Banana_Project\Geotag_images\PlaceholderUSB for new images...
[2025-12-05 20:38:44] 🔍 Scanning C:\Users\Recap\OneDrive\Documents\Banana_Project\Geotag_images\PlaceholderUSB for new images...
[2025-12-05 20:38:51] 🔍 Scanning C:\Users\Recap\OneDrive\Documents\Banana_Project\Geotag_images\PlaceholderUSB for new images...
[2025-12-05 20:38:51] 🔍 Scanning C:\Users\Recap\OneDrive\Documents\Banana_Project\Geotag_images\PlaceholderUSB for new images...
[2025-12-05 20:38:52] 🔍 Scanning C:\Users\Recap\OneDrive\Documents\Banana_Project\Geotag_images\PlaceholderUSB for new images...
[2025-12-05 20:38:53] 🔍 Scanning C:\Users\Recap\OneDrive\Documents\Banana_Project\Geotag_images\PlaceholderUSB for new images...
[2025-12-05 20:38:53] 🔍 Scanning C:\Users\Recap\OneDrive\Documents\Banana_Project\Geotag_images\PlaceholderUSB for new images...
[2025-12-05 20:38:54] 🔍 Scanning C:\Users\Recap\OneDrive\Documents\Banana_Project\Geotag_images\PlaceholderUSB for new images...
[2025-12-05 20:39:01] 🔍 Scanning C:\Users\Recap\OneDrive\Documents\Banana_Project\Geotag_images\PlaceholderUSB for new images...
[2025-12-05 20:39:01] 🔍 Scanning C:\Users\Recap\OneDrive\Documents\Banana_Project\Geotag_images\PlaceholderUSB for new images...
[2025-12-05 20:39:03] 🔍 Scanning C:\Users\Recap\OneDrive\Documents\Banana_Project\Geotag_images\PlaceholderUSB for new images...
[2025-12-05 20:39:03] 🔍 Scanning C:\Users\Recap\OneDrive\Documents\Banana_Project\Geotag_images\PlaceholderUSB for new images...
[2025-12-05 20:39:03] 🔍 Scanning C:\Users\Recap\OneDrive\Documents\Banana_Project\Geotag_images\PlaceholderUSB for new images...
[2025-12-05 20:39:04] 🔍 Scanning C:\Users\Recap\OneDrive\Documents\Banana_Project\Geotag_images\PlaceholderUSB for new images...
[2025-12-05 20:39:11] 🔍 Scanning C:\Users\Recap\OneDrive\Documents\Banana_Project\Geotag_images\PlaceholderUSB for new images...
[2025-12-05 20:39:11] 🔍 Scanning C:\Users\Recap\OneDrive\Documents\Banana_Project\Geotag_images\PlaceholderUSB for new images...
[2025-12-05 20:39:13] 🔍 Scanning C:\Users\Recap\OneDrive\Documents\Banana_Project\Geotag_images\PlaceholderUSB for new images...
[2025-12-05 20:39:13] 🔍 Scanning C:\Users\Recap\OneDrive\Documents\Banana_Project\Geotag_images\PlaceholderUSB for new images...
[2025-12-05 20:39:13] 🔍 Scanning C:\Users\Recap\OneDrive\Documents\Banana_Project\Geotag_images\PlaceholderUSB for new images...
[2025-12-05 20:39:14] 🔍 Scanning C:\Users\Recap\OneDrive\Documents\Banana_Project\Geotag_images\PlaceholderUSB for new images...
[2025-12-05 20:39:21] 🔍 Scanning C:\Users\Recap\OneDrive\Documents\Banana_Project\Geotag_images\PlaceholderUSB for new images...
[2025-12-05 20:39:21] 🔍 Scanning C:\Users\Recap\OneDrive\Documents\Banana_Project\Geotag_images\PlaceholderUSB for new images...
[2025-12-05 20:39:23] 🔍 Scanning C:\Users\Recap\OneDrive\Documents\Banana_Project\Geotag_images\PlaceholderUSB for new images...
[2025-12-05 20:39:23] 🔍 Scanning C:\Users\Recap\OneDrive\Documents\Banana_Project\Geotag_images\PlaceholderUSB for new images...
[2025-12-05 20:39:23] 🔍 Scanning C:\Users\Recap\OneDrive\Documents\Banana_Project\Geotag_images\PlaceholderUSB for new images...
[2025-12-05 20:39:24] 🔍 Scanning C:\Users\Recap\OneDrive\Documents\Banana_Project\Geotag_images\PlaceholderUSB for new images...
[2025-12-05 20:39:31] 🔍 Scanning C:\Users\Recap\OneDrive\Documents\Banana_Project\Geotag_images\PlaceholderUSB for new images...
[2025-12-05 20:39:31] 🔍 Scanning C:\Users\Recap\OneDrive\Documents\Banana_Project\Geotag_images\PlaceholderUSB for new images...
[2025-12-05 20:39:33] 🔍 Scanning C:\Users\Recap\OneDrive\Documents\Banana_Project\Geotag_images\PlaceholderUSB for new images...
[2025-12-05 20:39:33] 🔍 Scanning C:\Users\Recap\OneDrive\Documents\Banana_Project\Geotag_images\PlaceholderUSB for new images...
[2025-12-05 20:39:33] 🔍 Scanning C:\Users\Recap\OneDrive\Documents\Banana_Project\Geotag_images\PlaceholderUSB for new images...
[2025-12-05 20:39:35] 🔍 Scanning C:\Users\Recap\OneDrive\Documents\Banana_Project\Geotag_images\PlaceholderUSB for new images...
[2025-12-05 20:39:41] 🔍 Scanning C:\Users\Recap\OneDrive\Documents\Banana_Project\Geotag_images\PlaceholderUSB for new images...
[2025-12-05 20:39:41] 🔍 Scanning C:\Users\Recap\OneDrive\Documents\Banana_Project\Geotag_images\PlaceholderUSB for new images...
[2025-12-05 20:39:43] 🔍 Scanning C:\Users\Recap\OneDrive\Documents\Banana_Project\Geotag_images\PlaceholderUSB for new images...
[2025-12-05 20:39:43] 🔍 Scanning C:\Users\Recap\OneDrive\Documents\Banana_Project\Geotag_images\PlaceholderUSB for new images...
[2025-12-05 20:39:43] 🔍 Scanning C:\Users\Recap\OneDrive\Documents\Banana_Project\Geotag_images\PlaceholderUSB for new images...
[2025-12-05 20:39:45] 🔍 Scanning C:\Users\Recap\OneDrive\Documents\Banana_Project\Geotag_images\PlaceholderUSB for new images...
[2025-12-05 20:39:51] 🔍 Scanning C:\Users\Recap\OneDrive\Documents\Banana_Project\Geotag_images\PlaceholderUSB for new images...
[2025-12-05 20:39:51] 🔍 Scanning C:\Users\Recap\OneDrive\Documents\Banana_Project\Geotag_images\PlaceholderUSB for new images...
[2025-12-05 20:39:53] 🔍 Scanning C:\Users\Recap\OneDrive\Documents\Banana_Project\Geotag_images\PlaceholderUSB for new images...
[2025-12-05 20:39:53] 🔍 Scanning C:\Users\Recap\OneDrive\Documents\Banana_Project\Geotag_images\PlaceholderUSB for new images...
[2025-12-05 20:39:53] 🔍 Scanning C:\Users\Recap\OneDrive\Documents\Banana_Project\Geotag_images\PlaceholderUSB for new images...
[2025-12-05 20:39:55] 🔍 Scanning C:\Users\Recap\OneDrive\Documents\Banana_Project\Geotag_images\PlaceholderUSB for new images...
[2025-12-05 20:40:01] 🔍 Scanning C:\Users\Recap\OneDrive\Documents\Banana_Project\Geotag_images\PlaceholderUSB for new images...
[2025-12-05 20:40:01] 🔍 Scanning C:\Users\Recap\OneDrive\Documents\Banana_Project\Geotag_images\PlaceholderUSB for new images...
[2025-12-05 20:40:03] 🔍 Scanning C:\Users\Recap\OneDrive\Documents\Banana_Project\Geotag_images\PlaceholderUSB for new images...
[2025-12-05 20:40:03] 🔍 Scanning C:\Users\Recap\OneDrive\Documents\Banana_Project\Geotag_images\PlaceholderUSB for new images...
[2025-12-05 20:40:03] 🔍 Scanning C:\Users\Recap\OneDrive\Documents\Banana_Project\Geotag_images\PlaceholderUSB for new images...
[2025-12-05 20:40:05] 🔍 Scanning C:\Users\Recap\OneDrive\Documents\Banana_Project\Geotag_images\PlaceholderUSB for new images...
[2025-12-05 20:40:11] 🔍 Scanning C:\Users\Recap\OneDrive\Documents\Banana_Project\Geotag_images\PlaceholderUSB for new images...
[2025-12-05 20:40:11] 🔍 Scanning C:\Users\Recap\OneDrive\Documents\Banana_Project\Geotag_images\PlaceholderUSB for new images...
[2025-12-05 20:40:13] 🔍 Scanning C:\Users\Recap\OneDrive\Documents\Banana_Project\Geotag_images\PlaceholderUSB for new images...
[2025-12-05 20:40:13] 🔍 Scanning C:\Users\Recap\OneDrive\Documents\Banana_Project\Geotag_images\PlaceholderUSB for new images...
[2025-12-05 20:40:13] 🔍 Scanning C:\Users\Recap\OneDrive\Documents\Banana_Project\Geotag_images\PlaceholderUSB for new images...
[2025-12-05 20:40:15] 🔍 Scanning C:\Users\Recap\OneDrive\Documents\Banana_Project\Geotag_images\PlaceholderUSB for new images...
[2025-12-05 20:40:21] 🔍 Scanning C:\Users\Recap\OneDrive\Documents\Banana_Project\Geotag_images\PlaceholderUSB for new images...
[2025-12-05 20:40:21] 🔍 Scanning C:\Users\Recap\OneDrive\Documents\Banana_Project\Geotag_images\PlaceholderUSB for new images...
[2025-12-05 20:40:23] 🔍 Scanning C:\Users\Recap\OneDrive\Documents\Banana_Project\Geotag_images\PlaceholderUSB for new images...
[2025-12-05 20:40:23] 🔍 Scanning C:\Users\Recap\OneDrive\Documents\Banana_Project\Geotag_images\PlaceholderUSB for new images...
[2025-12-05 20:40:23] 🔍 Scanning C:\Users\Recap\OneDrive\Documents\Banana_Project\Geotag_images\PlaceholderUSB for new images...
[2025-12-05 20:40:25] 🔍 Scanning C:\Users\Recap\OneDrive\Documents\Banana_Project\Geotag_images\PlaceholderUSB for new images...
[2025-12-05 20:40:31] 🔍 Scanning C:\Users\Recap\OneDrive\Documents\Banana_Project\Geotag_images\PlaceholderUSB for new images...
[2025-12-05 20:40:31] 🔍 Scanning C:\Users\Recap\OneDrive\Documents\Banana_Project\Geotag_images\PlaceholderUSB for new images...
[2025-12-05 20:40:33] 🔍 Scanning C:\Users\Recap\OneDrive\Documents\Banana_Project\Geotag_images\PlaceholderUSB for new images...
[2025-12-05 20:40:33] 🔍 Scanning C:\Users\Recap\OneDrive\Documents\Banana_Project\Geotag_images\PlaceholderUSB for new images...
[2025-12-05 20:40:33] 🔍 Scanning C:\Users\Recap\OneDrive\Documents\Banana_Project\Geotag_images\PlaceholderUSB for new images...
[2025-12-05 20:40:35] 🔍 Scanning C:\Users\Recap\OneDrive\Documents\Banana_Project\Geotag_images\PlaceholderUSB for new images...
[2025-12-05 20:40:41] 🔍 Scanning C:\Users\Recap\OneDrive\Documents\Banana_Project\Geotag_images\PlaceholderUSB for new images...
[2025-12-05 20:40:41] 🔍 Scanning C:\Users\Recap\OneDrive\Documents\Banana_Project\Geotag_images\PlaceholderUSB for new images...
[2025-12-05 20:40:43] 🔍 Scanning C:\Users\Recap\OneDrive\Documents\Banana_Project\Geotag_images\PlaceholderUSB for new images...
[2025-12-05 20:40:43] 🔍 Scanning C:\Users\Recap\OneDrive\Documents\Banana_Project\Geotag_images\PlaceholderUSB for new images...
[2025-12-05 20:40:43] 🔍 Scanning C:\Users\Recap\OneDrive\Documents\Banana_Project\Geotag_images\PlaceholderUSB for new images...
[2025-12-05 20:40:45] 🔍 Scanning C:\Users\Recap\OneDrive\Documents\Banana_Project\Geotag_images\PlaceholderUSB for new images...
[2025-12-05 20:40:51] 🔍 Scanning C:\Users\Recap\OneDrive\Documents\Banana_Project\Geotag_images\PlaceholderUSB for new images...
[2025-12-05 20:40:51] 🔍 Scanning C:\Users\Recap\OneDrive\Documents\Banana_Project\Geotag_images\PlaceholderUSB for new images...
[2025-12-05 20:40:53] 🔍 Scanning C:\Users\Recap\OneDrive\Documents\Banana_Project\Geotag_images\PlaceholderUSB for new images...
[2025-12-05 20:40:53] 🔍 Scanning C:\Users\Recap\OneDrive\Documents\Banana_Project\Geotag_images\PlaceholderUSB for new images...
[2025-12-05 20:40:53] 🔍 Scanning C:\Users\Recap\OneDrive\Documents\Banana_Project\Geotag_images\PlaceholderUSB for new images...
[2025-12-05 20:40:55] 🔍 Scanning C:\Users\Recap\OneDrive\Documents\Banana_Project\Geotag_images\PlaceholderUSB for new images...
[2025-12-05 20:41:01] 🔍 Scanning C:\Users\Recap\OneDrive\Documents\Banana_Project\Geotag_images\PlaceholderUSB for new images...
[2025-12-05 20:41:01] 🔍 Scanning C:\Users\Recap\OneDrive\Documents\Banana_Project\Geotag_images\PlaceholderUSB for new images...
[2025-12-05 20:41:03] 🔍 Scanning C:\Users\Recap\OneDrive\Documents\Banana_Project\Geotag_images\PlaceholderUSB for new images...
[2025-12-05 20:41:03] 🔍 Scanning C:\Users\Recap\OneDrive\Documents\Banana_Project\Geotag_images\PlaceholderUSB for new images...
[2025-12-05 20:41:03] 🔍 Scanning C:\Users\Recap\OneDrive\Documents\Banana_Project\Geotag_images\PlaceholderUSB for new images...
[2025-12-05 20:41:05] 🔍 Scanning C:\Users\Recap\OneDrive\Documents\Banana_Project\Geotag_images\PlaceholderUSB for new images...
[2025-12-05 20:41:11] 🔍 Scanning C:\Users\Recap\OneDrive\Documents\Banana_Project\Geotag_images\PlaceholderUSB for new images...
[2025-12-05 20:41:11] 🔍 Scanning C:\Users\Recap\OneDrive\Documents\Banana_Project\Geotag_images\PlaceholderUSB for new images...
[2025-12-05 20:41:13] 🔍 Scanning C:\Users\Recap\OneDrive\Documents\Banana_Project\Geotag_images\PlaceholderUSB for new images...
[2025-12-05 20:41:13] 🔍 Scanning C:\Users\Recap\OneDrive\Documents\Banana_Project\Geotag_images\PlaceholderUSB for new images...
[2025-12-05 20:41:13] 🔍 Scanning C:\Users\Recap\OneDrive\Documents\Banana_Project\Geotag_images\PlaceholderUSB for new images...
[2025-12-05 20:41:15] 🔍 Scanning C:\Users\Recap\OneDrive\Documents\Banana_Project\Geotag_images\PlaceholderUSB for new images...
[2025-12-05 20:41:21] 🔍 Scanning C:\Users\Recap\OneDrive\Documents\Banana_Project\Geotag_images\PlaceholderUSB for new images...
[2025-12-05 20:41:21] 🔍 Scanning C:\Users\Recap\OneDrive\Documents\Banana_Project\Geotag_images\PlaceholderUSB for new images...
[2025-12-05 20:41:23] 🔍 Scanning C:\Users\Recap\OneDrive\Documents\Banana_Project\Geotag_images\PlaceholderUSB for new images...
[2025-12-05 20:41:23] 🔍 Scanning C:\Users\Recap\OneDrive\Documents\Banana_Project\Geotag_images\PlaceholderUSB for new images...
[2025-12-05 20:41:23] 🔍 Scanning C:\Users\Recap\OneDrive\Documents\Banana_Project\Geotag_images\PlaceholderUSB for new images...
[2025-12-05 20:41:25] 🔍 Scanning C:\Users\Recap\OneDrive\Documents\Banana_Project\Geotag_images\PlaceholderUSB for new images...
[2025-12-05 20:41:31] 🔍 Scanning C:\Users\Recap\OneDrive\Documents\Banana_Project\Geotag_images\PlaceholderUSB for new images...
[2025-12-05 20:41:31] 🔍 Scanning C:\Users\Recap\OneDrive\Documents\Banana_Project\Geotag_images\PlaceholderUSB for new images...
[2025-12-05 20:41:33] 🔍 Scanning C:\Users\Recap\OneDrive\Documents\Banana_Project\Geotag_images\PlaceholderUSB for new images...
[2025-12-05 20:41:33] 🔍 Scanning C:\Users\Recap\OneDrive\Documents\Banana_Project\Geotag_images\PlaceholderUSB for new images...
[2025-12-05 20:41:33] 🔍 Scanning C:\Users\Recap\OneDrive\Documents\Banana_Project\Geotag_images\PlaceholderUSB for new images...
[2025-12-05 20:41:35] 🔍 Scanning C:\Users\Recap\OneDrive\Documents\Banana_Project\Geotag_images\PlaceholderUSB for new images...
[2025-12-05 20:41:41] 🔍 Scanning C:\Users\Recap\OneDrive\Documents\Banana_Project\Geotag_images\PlaceholderUSB for new images...
[2025-12-05 20:41:41] 🔍 Scanning C:\Users\Recap\OneDrive\Documents\Banana_Project\Geotag_images\PlaceholderUSB for new images...
[2025-12-05 20:41:43] 🔍 Scanning C:\Users\Recap\OneDrive\Documents\Banana_Project\Geotag_images\PlaceholderUSB for new images...
[2025-12-05 20:41:43] 🔍 Scanning C:\Users\Recap\OneDrive\Documents\Banana_Project\Geotag_images\PlaceholderUSB for new images...
[2025-12-05 20:41:43] 🔍 Scanning C:\Users\Recap\OneDrive\Documents\Banana_Project\Geotag_images\PlaceholderUSB for new images...
[2025-12-05 20:41:45] 🔍 Scanning C:\Users\Recap\OneDrive\Documents\Banana_Project\Geotag_images\PlaceholderUSB for new images...
[2025-12-05 20:41:51] 🔍 Scanning C:\Users\Recap\OneDrive\Documents\Banana_Project\Geotag_images\PlaceholderUSB for new images...
[2025-12-05 20:41:51] 🔍 Scanning C:\Users\Recap\OneDrive\Documents\Banana_Project\Geotag_images\PlaceholderUSB for new images...
[2025-12-05 20:41:53] 🔍 Scanning C:\Users\Recap\OneDrive\Documents\Banana_Project\Geotag_images\PlaceholderUSB for new images...
[2025-12-05 20:41:53] 🔍 Scanning C:\Users\Recap\OneDrive\Documents\Banana_Project\Geotag_images\PlaceholderUSB for new images...
[2025-12-05 20:41:53] 🔍 Scanning C:\Users\Recap\OneDrive\Documents\Banana_Project\Geotag_images\PlaceholderUSB for new images...
[2025-12-05 20:41:55] 🔍 Scanning C:\Users\Recap\OneDrive\Documents\Banana_Project\Geotag_images\PlaceholderUSB for new images...
[2025-12-05 20:42:01] 🔍 Scanning C:\Users\Recap\OneDrive\Documents\Banana_Project\Geotag_images\PlaceholderUSB for new images...
[2025-12-05 20:42:01] 🔍 Scanning C:\Users\Recap\OneDrive\Documents\Banana_Project\Geotag_images\PlaceholderUSB for new images...
[2025-12-05 20:42:03] 🔍 Scanning C:\Users\Recap\OneDrive\Documents\Banana_Project\Geotag_images\PlaceholderUSB for new images...
[2025-12-05 20:42:03] 🔍 Scanning C:\Users\Recap\OneDrive\Documents\Banana_Project\Geotag_images\PlaceholderUSB for new images...
[2025-12-05 20:42:03] 🔍 Scanning C:\Users\Recap\OneDrive\Documents\Banana_Project\Geotag_images\PlaceholderUSB for new images...
[2025-12-05 20:42:05] 🔍 Scanning C:\Users\Recap\OneDrive\Documents\Banana_Project\Geotag_images\PlaceholderUSB for new images...
[2025-12-05 20:42:11] 🔍 Scanning C:\Users\Recap\OneDrive\Documents\Banana_Project\Geotag_images\PlaceholderUSB for new images...
[2025-12-05 20:42:11] 🔍 Scanning C:\Users\Recap\OneDrive\Documents\Banana_Project\Geotag_images\PlaceholderUSB for new images...
[2025-12-05 20:42:13] 🔍 Scanning C:\Users\Recap\OneDrive\Documents\Banana_Project\Geotag_images\PlaceholderUSB for new images...
[2025-12-05 20:42:13] 🔍 Scanning C:\Users\Recap\OneDrive\Documents\Banana_Project\Geotag_images\PlaceholderUSB for new images...
[2025-12-05 20:42:13] 🔍 Scanning C:\Users\Recap\OneDrive\Documents\Banana_Project\Geotag_images\PlaceholderUSB for new images...
[2025-12-05 20:42:15] 🔍 Scanning C:\Users\Recap\OneDrive\Documents\Banana_Project\Geotag_images\PlaceholderUSB for new images...
[2025-12-05 20:42:21] 🔍 Scanning C:\Users\Recap\OneDrive\Documents\Banana_Project\Geotag_images\PlaceholderUSB for new images...
[2025-12-05 20:42:21] 🔍 Scanning C:\Users\Recap\OneDrive\Documents\Banana_Project\Geotag_images\PlaceholderUSB for new images...
[2025-12-05 20:42:23] 🔍 Scanning C:\Users\Recap\OneDrive\Documents\Banana_Project\Geotag_images\PlaceholderUSB for new images...
[2025-12-05 20:42:23] 🔍 Scanning C:\Users\Recap\OneDrive\Documents\Banana_Project\Geotag_images\PlaceholderUSB for new images...
[2025-12-05 20:42:23] 🔍 Scanning C:\Users\Recap\OneDrive\Documents\Banana_Project\Geotag_images\PlaceholderUSB for new images...
[2025-12-05 20:42:25] 🔍 Scanning C:\Users\Recap\OneDrive\Documents\Banana_Project\Geotag_images\PlaceholderUSB for new images...
[2025-12-05 20:42:31] 🔍 Scanning C:\Users\Recap\OneDrive\Documents\Banana_Project\Geotag_images\PlaceholderUSB for new images...
[2025-12-05 20:42:31] 🔍 Scanning C:\Users\Recap\OneDrive\Documents\Banana_Project\Geotag_images\PlaceholderUSB for new images...
[2025-12-05 20:42:33] 🔍 Scanning C:\Users\Recap\OneDrive\Documents\Banana_Project\Geotag_images\PlaceholderUSB for new images...
[2025-12-05 20:42:33] 🔍 Scanning C:\Users\Recap\OneDrive\Documents\Banana_Project\Geotag_images\PlaceholderUSB for new images...
[2025-12-05 20:42:33] 🔍 Scanning C:\Users\Recap\OneDrive\Documents\Banana_Project\Geotag_images\PlaceholderUSB for new images...
[2025-12-05 20:42:35] 🔍 Scanning C:\Users\Recap\OneDrive\Documents\Banana_Project\Geotag_images\PlaceholderUSB for new images...
[2025-12-05 20:42:41] 🔍 Scanning C:\Users\Recap\OneDrive\Documents\Banana_Project\Geotag_images\PlaceholderUSB for new images...
[2025-12-05 20:42:41] 🔍 Scanning C:\Users\Recap\OneDrive\Documents\Banana_Project\Geotag_images\PlaceholderUSB for new images...
[2025-12-05 20:42:43] 🔍 Scanning C:\Users\Recap\OneDrive\Documents\Banana_Project\Geotag_images\PlaceholderUSB for new images...
[2025-12-05 20:42:43] 🔍 Scanning C:\Users\Recap\OneDrive\Documents\Banana_Project\Geotag_images\PlaceholderUSB for new images...
[2025-12-05 20:42:43] 🔍 Scanning C:\Users\Recap\OneDrive\Documents\Banana_Project\Geotag_images\PlaceholderUSB for new images...
[2025-12-05 20:42:45] 🔍 Scanning C:\Users\Recap\OneDrive\Documents\Banana_Project\Geotag_images\PlaceholderUSB for new images...
[2025-12-05 20:42:51] 🔍 Scanning C:\Users\Recap\OneDrive\Documents\Banana_Project\Geotag_images\PlaceholderUSB for new images...
[2025-12-05 20:42:51] 🔍 Scanning C:\Users\Recap\OneDrive\Documents\Banana_Project\Geotag_images\PlaceholderUSB for new images...
[2025-12-05 20:42:53] 🔍 Scanning C:\Users\Recap\OneDrive\Documents\Banana_Project\Geotag_images\PlaceholderUSB for new images...
[2025-12-05 20:42:53] 🔍 Scanning C:\Users\Recap\OneDrive\Documents\Banana_Project\Geotag_images\PlaceholderUSB for new images...
[2025-12-05 20:42:53] 🔍 Scanning C:\Users\Recap\OneDrive\Documents\Banana_Project\Geotag_images\PlaceholderUSB for new images...
[2025-12-05 20:42:55] 🔍 Scanning C:\Users\Recap\OneDrive\Documents\Banana_Project\Geotag_images\PlaceholderUSB for new images...
[2025-12-05 20:43:01] 🔍 Scanning C:\Users\Recap\OneDrive\Documents\Banana_Project\Geotag_images\PlaceholderUSB for new images...
[2025-12-05 20:43:01] 🔍 Scanning C:\Users\Recap\OneDrive\Documents\Banana_Project\Geotag_images\PlaceholderUSB for new images...
[2025-12-05 20:43:03] 🔍 Scanning C:\Users\Recap\OneDrive\Documents\Banana_Project\Geotag_images\PlaceholderUSB for new images...
[2025-12-05 20:43:03] 🔍 Scanning C:\Users\Recap\OneDrive\Documents\Banana_Project\Geotag_images\PlaceholderUSB for new images...
[2025-12-05 20:43:03] 🔍 Scanning C:\Users\Recap\OneDrive\Documents\Banana_Project\Geotag_images\PlaceholderUSB for new images...
[2025-12-05 20:43:05] 🔍 Scanning C:\Users\Recap\OneDrive\Documents\Banana_Project\Geotag_images\PlaceholderUSB for new images...
[2025-12-05 20:43:11] 🔍 Scanning C:\Users\Recap\OneDrive\Documents\Banana_Project\Geotag_images\PlaceholderUSB for new images...
[2025-12-05 20:43:11] 🔍 Scanning C:\Users\Recap\OneDrive\Documents\Banana_Project\Geotag_images\PlaceholderUSB for new images...
[2025-12-05 20:43:13] 🔍 Scanning C:\Users\Recap\OneDrive\Documents\Banana_Project\Geotag_images\PlaceholderUSB for new images...
[2025-12-05 20:43:13] 🔍 Scanning C:\Users\Recap\OneDrive\Documents\Banana_Project\Geotag_images\PlaceholderUSB for new images...
[2025-12-05 20:43:13] 🔍 Scanning C:\Users\Recap\OneDrive\Documents\Banana_Project\Geotag_images\PlaceholderUSB for new images...
[2025-12-05 20:43:15] 🔍 Scanning C:\Users\Recap\OneDrive\Documents\Banana_Project\Geotag_images\PlaceholderUSB for new images...
[2025-12-05 20:43:21] 🔍 Scanning C:\Users\Recap\OneDrive\Documents\Banana_Project\Geotag_images\PlaceholderUSB for new images...
[2025-12-05 20:43:21] 🔍 Scanning C:\Users\Recap\OneDrive\Documents\Banana_Project\Geotag_images\PlaceholderUSB for new images...
[2025-12-05 20:43:23] 🔍 Scanning C:\Users\Recap\OneDrive\Documents\Banana_Project\Geotag_images\PlaceholderUSB for new images...
[2025-12-05 20:43:23] 🔍 Scanning C:\Users\Recap\OneDrive\Documents\Banana_Project\Geotag_images\PlaceholderUSB for new images...
[2025-12-05 20:43:23] 🔍 Scanning C:\Users\Recap\OneDrive\Documents\Banana_Project\Geotag_images\PlaceholderUSB for new images...
[2025-12-05 20:43:25] 🔍 Scanning C:\Users\Recap\OneDrive\Documents\Banana_Project\Geotag_images\PlaceholderUSB for new images...
[2025-12-05 20:43:31] 🔍 Scanning C:\Users\Recap\OneDrive\Documents\Banana_Project\Geotag_images\PlaceholderUSB for new images...
[2025-12-05 20:43:31] 🔍 Scanning C:\Users\Recap\OneDrive\Documents\Banana_Project\Geotag_images\PlaceholderUSB for new images...
[2025-12-05 20:43:33] 🔍 Scanning C:\Users\Recap\OneDrive\Documents\Banana_Project\Geotag_images\PlaceholderUSB for new images...
[2025-12-05 20:43:33] 🔍 Scanning C:\Users\Recap\OneDrive\Documents\Banana_Project\Geotag_images\PlaceholderUSB for new images...
[2025-12-05 20:43:34] 🔍 Scanning C:\Users\Recap\OneDrive\Documents\Banana_Project\Geotag_images\PlaceholderUSB for new images...
[2025-12-05 20:43:35] 🔍 Scanning C:\Users\Recap\OneDrive\Documents\Banana_Project\Geotag_images\PlaceholderUSB for new images...
[2025-12-05 20:43:41] 🔍 Scanning C:\Users\Recap\OneDrive\Documents\Banana_Project\Geotag_images\PlaceholderUSB for new images...
[2025-12-05 20:43:41] 🔍 Scanning C:\Users\Recap\OneDrive\Documents\Banana_Project\Geotag_images\PlaceholderUSB for new images...
[2025-12-05 20:43:43] 🔍 Scanning C:\Users\Recap\OneDrive\Documents\Banana_Project\Geotag_images\PlaceholderUSB for new images...
[2025-12-05 20:43:43] 🔍 Scanning C:\Users\Recap\OneDrive\Documents\Banana_Project\Geotag_images\PlaceholderUSB for new images...
[2025-12-05 20:43:44] 🔍 Scanning C:\Users\Recap\OneDrive\Documents\Banana_Project\Geotag_images\PlaceholderUSB for new images...
[2025-12-05 20:43:45] 🔍 Scanning C:\Users\Recap\OneDrive\Documents\Banana_Project\Geotag_images\PlaceholderUSB for new images...
[2025-12-05 20:43:51] 🔍 Scanning C:\Users\Recap\OneDrive\Documents\Banana_Project\Geotag_images\PlaceholderUSB for new images...
[2025-12-05 20:43:51] 🔍 Scanning C:\Users\Recap\OneDrive\Documents\Banana_Project\Geotag_images\PlaceholderUSB for new images...
[2025-12-05 20:43:53] 🔍 Scanning C:\Users\Recap\OneDrive\Documents\Banana_Project\Geotag_images\PlaceholderUSB for new images...
[2025-12-05 20:43:53] 🔍 Scanning C:\Users\Recap\OneDrive\Documents\Banana_Project\Geotag_images\PlaceholderUSB for new images...
[2025-12-05 20:43:54] 🔍 Scanning C:\Users\Recap\OneDrive\Documents\Banana_Project\Geotag_images\PlaceholderUSB for new images...
[2025-12-05 20:43:55] 🔍 Scanning C:\Users\Recap\OneDrive\Documents\Banana_Project\Geotag_images\PlaceholderUSB for new images...
[2025-12-05 20:44:01] 🔍 Scanning C:\Users\Recap\OneDrive\Documents\Banana_Project\Geotag_images\PlaceholderUSB for new images...
[2025-12-05 20:44:01] 🔍 Scanning C:\Users\Recap\OneDrive\Documents\Banana_Project\Geotag_images\PlaceholderUSB for new images...
[2025-12-05 20:44:03] 🔍 Scanning C:\Users\Recap\OneDrive\Documents\Banana_Project\Geotag_images\PlaceholderUSB for new images...
[2025-12-05 20:44:03] 🔍 Scanning C:\Users\Recap\OneDrive\Documents\Banana_Project\Geotag_images\PlaceholderUSB for new images...
[2025-12-05 20:44:04] 🔍 Scanning C:\Users\Recap\OneDrive\Documents\Banana_Project\Geotag_images\PlaceholderUSB for new images...
[2025-12-05 20:44:05] 🔍 Scanning C:\Users\Recap\OneDrive\Documents\Banana_Project\Geotag_images\PlaceholderUSB for new images...
[2025-12-05 20:44:11] 🔍 Scanning C:\Users\Recap\OneDrive\Documents\Banana_Project\Geotag_images\PlaceholderUSB for new images...
[2025-12-05 20:44:11] 🔍 Scanning C:\Users\Recap\OneDrive\Documents\Banana_Project\Geotag_images\PlaceholderUSB for new images...
[2025-12-05 20:44:13] 🔍 Scanning C:\Users\Recap\OneDrive\Documents\Banana_Project\Geotag_images\PlaceholderUSB for new images...
[2025-12-05 20:44:13] 🔍 Scanning C:\Users\Recap\OneDrive\Documents\Banana_Project\Geotag_images\PlaceholderUSB for new images...
[2025-12-05 20:44:14] 🔍 Scanning C:\Users\Recap\OneDrive\Documents\Banana_Project\Geotag_images\PlaceholderUSB for new images...
[2025-12-05 20:44:15] 🔍 Scanning C:\Users\Recap\OneDrive\Documents\Banana_Project\Geotag_images\PlaceholderUSB for new images...
[2025-12-05 20:44:21] 🔍 Scanning C:\Users\Recap\OneDrive\Documents\Banana_Project\Geotag_images\PlaceholderUSB for new images...
[2025-12-05 20:44:21] 🔍 Scanning C:\Users\Recap\OneDrive\Documents\Banana_Project\Geotag_images\PlaceholderUSB for new images...
[2025-12-05 20:44:23] 🔍 Scanning C:\Users\Recap\OneDrive\Documents\Banana_Project\Geotag_images\PlaceholderUSB for new images...
[2025-12-05 20:44:23] 🔍 Scanning C:\Users\Recap\OneDrive\Documents\Banana_Project\Geotag_images\PlaceholderUSB for new images...
[2025-12-05 20:44:24] 🔍 Scanning C:\Users\Recap\OneDrive\Documents\Banana_Project\Geotag_images\PlaceholderUSB for new images...
[2025-12-05 20:44:25] 🔍 Scanning C:\Users\Recap\OneDrive\Documents\Banana_Project\Geotag_images\PlaceholderUSB for new images...
[2025-12-05 20:44:31] 🔍 Scanning C:\Users\Recap\OneDrive\Documents\Banana_Project\Geotag_images\PlaceholderUSB for new images...
[2025-12-05 20:44:31] 🔍 Scanning C:\Users\Recap\OneDrive\Documents\Banana_Project\Geotag_images\PlaceholderUSB for new images...
[2025-12-05 20:44:33] 🔍 Scanning C:\Users\Recap\OneDrive\Documents\Banana_Project\Geotag_images\PlaceholderUSB for new images...
[2025-12-05 20:44:33] 🔍 Scanning C:\Users\Recap\OneDrive\Documents\Banana_Project\Geotag_images\PlaceholderUSB for new images...
[2025-12-05 20:44:34] 🔍 Scanning C:\Users\Recap\OneDrive\Documents\Banana_Project\Geotag_images\PlaceholderUSB for new images...
[2025-12-05 20:44:35] 🔍 Scanning C:\Users\Recap\OneDrive\Documents\Banana_Project\Geotag_images\PlaceholderUSB for new images...
[2025-12-05 20:44:41] 🔍 Scanning C:\Users\Recap\OneDrive\Documents\Banana_Project\Geotag_images\PlaceholderUSB for new images...
[2025-12-05 20:44:41] 🔍 Scanning C:\Users\Recap\OneDrive\Documents\Banana_Project\Geotag_images\PlaceholderUSB for new images...
[2025-12-05 20:44:43] 🔍 Scanning C:\Users\Recap\OneDrive\Documents\Banana_Project\Geotag_images\PlaceholderUSB for new images...
[2025-12-05 20:44:43] 🔍 Scanning C:\Users\Recap\OneDrive\Documents\Banana_Project\Geotag_images\PlaceholderUSB for new images...
[2025-12-05 20:44:44] 🔍 Scanning C:\Users\Recap\OneDrive\Documents\Banana_Project\Geotag_images\PlaceholderUSB for new images...
[2025-12-05 20:44:45] 🔍 Scanning C:\Users\Recap\OneDrive\Documents\Banana_Project\Geotag_images\PlaceholderUSB for new images...
[2025-12-05 20:44:51] 🔍 Scanning C:\Users\Recap\OneDrive\Documents\Banana_Project\Geotag_images\PlaceholderUSB for new images...
[2025-12-05 20:44:51] 🔍 Scanning C:\Users\Recap\OneDrive\Documents\Banana_Project\Geotag_images\PlaceholderUSB for new images...
[2025-12-05 20:44:53] 🔍 Scanning C:\Users\Recap\OneDrive\Documents\Banana_Project\Geotag_images\PlaceholderUSB for new images...
[2025-12-05 20:44:53] 🔍 Scanning C:\Users\Recap\OneDrive\Documents\Banana_Project\Geotag_images\PlaceholderUSB for new images...
[2025-12-05 20:44:54] 🔍 Scanning C:\Users\Recap\OneDrive\Documents\Banana_Project\Geotag_images\PlaceholderUSB for new images...
[2025-12-05 20:44:55] 🔍 Scanning C:\Users\Recap\OneDrive\Documents\Banana_Project\Geotag_images\PlaceholderUSB for new images...
[2025-12-05 20:45:01] 🔍 Scanning C:\Users\Recap\OneDrive\Documents\Banana_Project\Geotag_images\PlaceholderUSB for new images...
[2025-12-05 20:45:01] 🔍 Scanning C:\Users\Recap\OneDrive\Documents\Banana_Project\Geotag_images\PlaceholderUSB for new images...
[2025-12-05 20:45:03] 🔍 Scanning C:\Users\Recap\OneDrive\Documents\Banana_Project\Geotag_images\PlaceholderUSB for new images...
[2025-12-05 20:45:03] 🔍 Scanning C:\Users\Recap\OneDrive\Documents\Banana_Project\Geotag_images\PlaceholderUSB for new images...
[2025-12-05 20:45:04] 🔍 Scanning C:\Users\Recap\OneDrive\Documents\Banana_Project\Geotag_images\PlaceholderUSB for new images...
[2025-12-05 20:45:05] 🔍 Scanning C:\Users\Recap\OneDrive\Documents\Banana_Project\Geotag_images\PlaceholderUSB for new images...
[2025-12-05 20:45:11] 🔍 Scanning C:\Users\Recap\OneDrive\Documents\Banana_Project\Geotag_images\PlaceholderUSB for new images...
[2025-12-05 20:45:11] 🔍 Scanning C:\Users\Recap\OneDrive\Documents\Banana_Project\Geotag_images\PlaceholderUSB for new images...
[2025-12-05 20:45:13] 🔍 Scanning C:\Users\Recap\OneDrive\Documents\Banana_Project\Geotag_images\PlaceholderUSB for new images...
[2025-12-05 20:45:13] 🔍 Scanning C:\Users\Recap\OneDrive\Documents\Banana_Project\Geotag_images\PlaceholderUSB for new images...
[2025-12-05 20:45:14] 🔍 Scanning C:\Users\Recap\OneDrive\Documents\Banana_Project\Geotag_images\PlaceholderUSB for new images...
[2025-12-05 20:45:15] 🔍 Scanning C:\Users\Recap\OneDrive\Documents\Banana_Project\Geotag_images\PlaceholderUSB for new images...
[2025-12-05 20:45:21] 🔍 Scanning C:\Users\Recap\OneDrive\Documents\Banana_Project\Geotag_images\PlaceholderUSB for new images...
[2025-12-05 20:45:21] 🔍 Scanning C:\Users\Recap\OneDrive\Documents\Banana_Project\Geotag_images\PlaceholderUSB for new images...
[2025-12-05 20:45:23] 🔍 Scanning C:\Users\Recap\OneDrive\Documents\Banana_Project\Geotag_images\PlaceholderUSB for new images...
[2025-12-05 20:45:24] 🔍 Scanning C:\Users\Recap\OneDrive\Documents\Banana_Project\Geotag_images\PlaceholderUSB for new images...
[2025-12-05 20:45:24] 🔍 Scanning C:\Users\Recap\OneDrive\Documents\Banana_Project\Geotag_images\PlaceholderUSB for new images...
[2025-12-05 20:45:25] 🔍 Scanning C:\Users\Recap\OneDrive\Documents\Banana_Project\Geotag_images\PlaceholderUSB for new images...
[2025-12-05 20:45:31] 🔍 Scanning C:\Users\Recap\OneDrive\Documents\Banana_Project\Geotag_images\PlaceholderUSB for new images...
[2025-12-05 20:45:31] 🔍 Scanning C:\Users\Recap\OneDrive\Documents\Banana_Project\Geotag_images\PlaceholderUSB for new images...
[2025-12-05 20:45:33] 🔍 Scanning C:\Users\Recap\OneDrive\Documents\Banana_Project\Geotag_images\PlaceholderUSB for new images...
[2025-12-05 20:45:34] 🔍 Scanning C:\Users\Recap\OneDrive\Documents\Banana_Project\Geotag_images\PlaceholderUSB for new images...
[2025-12-05 20:45:34] 🔍 Scanning C:\Users\Recap\OneDrive\Documents\Banana_Project\Geotag_images\PlaceholderUSB for new images...
[2025-12-05 20:45:35] 🔍 Scanning C:\Users\Recap\OneDrive\Documents\Banana_Project\Geotag_images\PlaceholderUSB for new images...
[2025-12-05 20:45:41] 🔍 Scanning C:\Users\Recap\OneDrive\Documents\Banana_Project\Geotag_images\PlaceholderUSB for new images...
[2025-12-05 20:45:41] 🔍 Scanning C:\Users\Recap\OneDrive\Documents\Banana_Project\Geotag_images\PlaceholderUSB for new images...
[2025-12-05 20:45:43] 🔍 Scanning C:\Users\Recap\OneDrive\Documents\Banana_Project\Geotag_images\PlaceholderUSB for new images...
[2025-12-05 20:45:44] 🔍 Scanning C:\Users\Recap\OneDrive\Documents\Banana_Project\Geotag_images\PlaceholderUSB for new images...
[2025-12-05 20:45:44] 🔍 Scanning C:\Users\Recap\OneDrive\Documents\Banana_Project\Geotag_images\PlaceholderUSB for new images...
[2025-12-05 20:45:45] 🔍 Scanning C:\Users\Recap\OneDrive\Documents\Banana_Project\Geotag_images\PlaceholderUSB for new images...
[2025-12-05 20:45:51] 🔍 Scanning C:\Users\Recap\OneDrive\Documents\Banana_Project\Geotag_images\PlaceholderUSB for new images...
[2025-12-05 20:45:51] 🔍 Scanning C:\Users\Recap\OneDrive\Documents\Banana_Project\Geotag_images\PlaceholderUSB for new images...
[2025-12-05 20:45:53] 🔍 Scanning C:\Users\Recap\OneDrive\Documents\Banana_Project\Geotag_images\PlaceholderUSB for new images...
[2025-12-05 20:45:54] 🔍 Scanning C:\Users\Recap\OneDrive\Documents\Banana_Project\Geotag_images\PlaceholderUSB for new images...
[2025-12-05 20:45:54] 🔍 Scanning C:\Users\Recap\OneDrive\Documents\Banana_Project\Geotag_images\PlaceholderUSB for new images...
[2025-12-05 20:45:55] 🔍 Scanning C:\Users\Recap\OneDrive\Documents\Banana_Project\Geotag_images\PlaceholderUSB for new images...
[2025-12-05 20:46:01] 🔍 Scanning C:\Users\Recap\OneDrive\Documents\Banana_Project\Geotag_images\PlaceholderUSB for new images...
[2025-12-05 20:46:01] 🔍 Scanning C:\Users\Recap\OneDrive\Documents\Banana_Project\Geotag_images\PlaceholderUSB for new images...
[2025-12-05 20:46:03] 🔍 Scanning C:\Users\Recap\OneDrive\Documents\Banana_Project\Geotag_images\PlaceholderUSB for new images...
[2025-12-05 20:46:04] 🔍 Scanning C:\Users\Recap\OneDrive\Documents\Banana_Project\Geotag_images\PlaceholderUSB for new images...
[2025-12-05 20:46:04] 🔍 Scanning C:\Users\Recap\OneDrive\Documents\Banana_Project\Geotag_images\PlaceholderUSB for new images...
[2025-12-05 20:46:05] 🔍 Scanning C:\Users\Recap\OneDrive\Documents\Banana_Project\Geotag_images\PlaceholderUSB for new images...
[2025-12-05 20:46:11] 🔍 Scanning C:\Users\Recap\OneDrive\Documents\Banana_Project\Geotag_images\PlaceholderUSB for new images...
[2025-12-05 20:46:11] 🔍 Scanning C:\Users\Recap\OneDrive\Documents\Banana_Project\Geotag_images\PlaceholderUSB for new images...
[2025-12-05 20:46:13] 🔍 Scanning C:\Users\Recap\OneDrive\Documents\Banana_Project\Geotag_images\PlaceholderUSB for new images...
[2025-12-05 20:46:14] 🔍 Scanning C:\Users\Recap\OneDrive\Documents\Banana_Project\Geotag_images\PlaceholderUSB for new images...
[2025-12-05 20:46:14] 🔍 Scanning C:\Users\Recap\OneDrive\Documents\Banana_Project\Geotag_images\PlaceholderUSB for new images...
[2025-12-05 20:46:15] 🔍 Scanning C:\Users\Recap\OneDrive\Documents\Banana_Project\Geotag_images\PlaceholderUSB for new images...
[2025-12-05 20:46:21] 🔍 Scanning C:\Users\Recap\OneDrive\Documents\Banana_Project\Geotag_images\PlaceholderUSB for new images...
[2025-12-05 20:46:21] 🔍 Scanning C:\Users\Recap\OneDrive\Documents\Banana_Project\Geotag_images\PlaceholderUSB for new images...
[2025-12-05 20:46:23] 🔍 Scanning C:\Users\Recap\OneDrive\Documents\Banana_Project\Geotag_images\PlaceholderUSB for new images...
[2025-12-05 20:46:24] 🔍 Scanning C:\Users\Recap\OneDrive\Documents\Banana_Project\Geotag_images\PlaceholderUSB for new images...
[2025-12-05 20:46:24] 🔍 Scanning C:\Users\Recap\OneDrive\Documents\Banana_Project\Geotag_images\PlaceholderUSB for new images...
[2025-12-05 20:46:25] 🔍 Scanning C:\Users\Recap\OneDrive\Documents\Banana_Project\Geotag_images\PlaceholderUSB for new images...
[2025-12-05 20:46:31] 🔍 Scanning C:\Users\Recap\OneDrive\Documents\Banana_Project\Geotag_images\PlaceholderUSB for new images...
[2025-12-05 20:46:31] 🔍 Scanning C:\Users\Recap\OneDrive\Documents\Banana_Project\Geotag_images\PlaceholderUSB for new images...
[2025-12-05 20:46:33] 🔍 Scanning C:\Users\Recap\OneDrive\Documents\Banana_Project\Geotag_images\PlaceholderUSB for new images...
[2025-12-05 20:46:34] 🔍 Scanning C:\Users\Recap\OneDrive\Documents\Banana_Project\Geotag_images\PlaceholderUSB for new images...
[2025-12-05 20:46:34] 🔍 Scanning C:\Users\Recap\OneDrive\Documents\Banana_Project\Geotag_images\PlaceholderUSB for new images...
[2025-12-05 20:46:35] 🔍 Scanning C:\Users\Recap\OneDrive\Documents\Banana_Project\Geotag_images\PlaceholderUSB for new images...
[2025-12-05 20:46:41] 🔍 Scanning C:\Users\Recap\OneDrive\Documents\Banana_Project\Geotag_images\PlaceholderUSB for new images...
[2025-12-05 20:46:41] 🔍 Scanning C:\Users\Recap\OneDrive\Documents\Banana_Project\Geotag_images\PlaceholderUSB for new images...
[2025-12-05 20:46:43] 🔍 Scanning C:\Users\Recap\OneDrive\Documents\Banana_Project\Geotag_images\PlaceholderUSB for new images...
[2025-12-05 20:46:44] 🔍 Scanning C:\Users\Recap\OneDrive\Documents\Banana_Project\Geotag_images\PlaceholderUSB for new images...
[2025-12-05 20:46:44] 🔍 Scanning C:\Users\Recap\OneDrive\Documents\Banana_Project\Geotag_images\PlaceholderUSB for new images...
[2025-12-05 20:46:45] 🔍 Scanning C:\Users\Recap\OneDrive\Documents\Banana_Project\Geotag_images\PlaceholderUSB for new images...
[2025-12-05 20:46:51] 🔍 Scanning C:\Users\Recap\OneDrive\Documents\Banana_Project\Geotag_images\PlaceholderUSB for new images...
[2025-12-05 20:46:51] 🔍 Scanning C:\Users\Recap\OneDrive\Documents\Banana_Project\Geotag_images\PlaceholderUSB for new images...
[2025-12-05 20:46:53] 🔍 Scanning C:\Users\Recap\OneDrive\Documents\Banana_Project\Geotag_images\PlaceholderUSB for new images...
[2025-12-05 20:46:54] 🔍 Scanning C:\Users\Recap\OneDrive\Documents\Banana_Project\Geotag_images\PlaceholderUSB for new images...
[2025-12-05 20:46:54] 🔍 Scanning C:\Users\Recap\OneDrive\Documents\Banana_Project\Geotag_images\PlaceholderUSB for new images...
[2025-12-05 20:46:55] 🔍 Scanning C:\Users\Recap\OneDrive\Documents\Banana_Project\Geotag_images\PlaceholderUSB for new images...
[2025-12-05 20:47:01] 🔍 Scanning C:\Users\Recap\OneDrive\Documents\Banana_Project\Geotag_images\PlaceholderUSB for new images...
[2025-12-05 20:47:01] 🔍 Scanning C:\Users\Recap\OneDrive\Documents\Banana_Project\Geotag_images\PlaceholderUSB for new images...
[2025-12-05 20:47:03] 🔍 Scanning C:\Users\Recap\OneDrive\Documents\Banana_Project\Geotag_images\PlaceholderUSB for new images...
[2025-12-05 20:47:04] 🔍 Scanning C:\Users\Recap\OneDrive\Documents\Banana_Project\Geotag_images\PlaceholderUSB for new images...
[2025-12-05 20:47:04] 🔍 Scanning C:\Users\Recap\OneDrive\Documents\Banana_Project\Geotag_images\PlaceholderUSB for new images...
[2025-12-05 20:47:05] 🔍 Scanning C:\Users\Recap\OneDrive\Documents\Banana_Project\Geotag_images\PlaceholderUSB for new images...
[2025-12-05 20:47:11] 🔍 Scanning C:\Users\Recap\OneDrive\Documents\Banana_Project\Geotag_images\PlaceholderUSB for new images...
[2025-12-05 20:47:11] 🔍 Scanning C:\Users\Recap\OneDrive\Documents\Banana_Project\Geotag_images\PlaceholderUSB for new images...
[2025-12-05 20:47:13] 🔍 Scanning C:\Users\Recap\OneDrive\Documents\Banana_Project\Geotag_images\PlaceholderUSB for new images...
[2025-12-05 20:47:14] 🔍 Scanning C:\Users\Recap\OneDrive\Documents\Banana_Project\Geotag_images\PlaceholderUSB for new images...
[2025-12-05 20:47:14] 🔍 Scanning C:\Users\Recap\OneDrive\Documents\Banana_Project\Geotag_images\PlaceholderUSB for new images...
[2025-12-05 20:47:15] 🔍 Scanning C:\Users\Recap\OneDrive\Documents\Banana_Project\Geotag_images\PlaceholderUSB for new images...
[2025-12-05 20:47:21] 🔍 Scanning C:\Users\Recap\OneDrive\Documents\Banana_Project\Geotag_images\PlaceholderUSB for new images...
[2025-12-05 20:47:21] 🔍 Scanning C:\Users\Recap\OneDrive\Documents\Banana_Project\Geotag_images\PlaceholderUSB for new images...
[2025-12-05 20:47:23] 🔍 Scanning C:\Users\Recap\OneDrive\Documents\Banana_Project\Geotag_images\PlaceholderUSB for new images...
[2025-12-05 20:47:24] 🔍 Scanning C:\Users\Recap\OneDrive\Documents\Banana_Project\Geotag_images\PlaceholderUSB for new images...
[2025-12-05 20:47:24] 🔍 Scanning C:\Users\Recap\OneDrive\Documents\Banana_Project\Geotag_images\PlaceholderUSB for new images...
[2025-12-05 20:47:25] 🔍 Scanning C:\Users\Recap\OneDrive\Documents\Banana_Project\Geotag_images\PlaceholderUSB for new images...
[2025-12-05 20:47:31] 🔍 Scanning C:\Users\Recap\OneDrive\Documents\Banana_Project\Geotag_images\PlaceholderUSB for new images...
[2025-12-05 20:47:31] 🔍 Scanning C:\Users\Recap\OneDrive\Documents\Banana_Project\Geotag_images\PlaceholderUSB for new images...
[2025-12-05 20:47:33] 🔍 Scanning C:\Users\Recap\OneDrive\Documents\Banana_Project\Geotag_images\PlaceholderUSB for new images...
[2025-12-05 20:47:34] 🔍 Scanning C:\Users\Recap\OneDrive\Documents\Banana_Project\Geotag_images\PlaceholderUSB for new images...
[2025-12-05 20:47:34] 🔍 Scanning C:\Users\Recap\OneDrive\Documents\Banana_Project\Geotag_images\PlaceholderUSB for new images...
[2025-12-05 20:47:35] 🔍 Scanning C:\Users\Recap\OneDrive\Documents\Banana_Project\Geotag_images\PlaceholderUSB for new images...
[2025-12-05 20:47:41] 🔍 Scanning C:\Users\Recap\OneDrive\Documents\Banana_Project\Geotag_images\PlaceholderUSB for new images...
[2025-12-05 20:47:41] 🔍 Scanning C:\Users\Recap\OneDrive\Documents\Banana_Project\Geotag_images\PlaceholderUSB for new images...
[2025-12-05 20:47:43] 🔍 Scanning C:\Users\Recap\OneDrive\Documents\Banana_Project\Geotag_images\PlaceholderUSB for new images...
[2025-12-05 20:47:44] 🔍 Scanning C:\Users\Recap\OneDrive\Documents\Banana_Project\Geotag_images\PlaceholderUSB for new images...
[2025-12-05 20:47:44] 🔍 Scanning C:\Users\Recap\OneDrive\Documents\Banana_Project\Geotag_images\PlaceholderUSB for new images...
[2025-12-05 20:47:45] 🔍 Scanning C:\Users\Recap\OneDrive\Documents\Banana_Project\Geotag_images\PlaceholderUSB for new images...
[2025-12-05 20:47:51] 🔍 Scanning C:\Users\Recap\OneDrive\Documents\Banana_Project\Geotag_images\PlaceholderUSB for new images...
[2025-12-05 20:47:51] 🔍 Scanning C:\Users\Recap\OneDrive\Documents\Banana_Project\Geotag_images\PlaceholderUSB for new images...
[2025-12-05 20:47:53] 🔍 Scanning C:\Users\Recap\OneDrive\Documents\Banana_Project\Geotag_images\PlaceholderUSB for new images...
[2025-12-05 20:47:54] 🔍 Scanning C:\Users\Recap\OneDrive\Documents\Banana_Project\Geotag_images\PlaceholderUSB for new images...
[2025-12-05 20:47:54] 🔍 Scanning C:\Users\Recap\OneDrive\Documents\Banana_Project\Geotag_images\PlaceholderUSB for new images...
[2025-12-05 20:47:55] 🔍 Scanning C:\Users\Recap\OneDrive\Documents\Banana_Project\Geotag_images\PlaceholderUSB for new images...
[2025-12-05 20:48:01] 🔍 Scanning C:\Users\Recap\OneDrive\Documents\Banana_Project\Geotag_images\PlaceholderUSB for new images...
[2025-12-05 20:48:01] 🔍 Scanning C:\Users\Recap\OneDrive\Documents\Banana_Project\Geotag_images\PlaceholderUSB for new images...
[2025-12-05 20:48:03] 🔍 Scanning C:\Users\Recap\OneDrive\Documents\Banana_Project\Geotag_images\PlaceholderUSB for new images...
[2025-12-05 20:48:04] 🔍 Scanning C:\Users\Recap\OneDrive\Documents\Banana_Project\Geotag_images\PlaceholderUSB for new images...
[2025-12-05 20:48:04] 🔍 Scanning C:\Users\Recap\OneDrive\Documents\Banana_Project\Geotag_images\PlaceholderUSB for new images...
[2025-12-05 20:48:05] 🔍 Scanning C:\Users\Recap\OneDrive\Documents\Banana_Project\Geotag_images\PlaceholderUSB for new images...
[2025-12-05 20:48:11] 🔍 Scanning C:\Users\Recap\OneDrive\Documents\Banana_Project\Geotag_images\PlaceholderUSB for new images...
[2025-12-05 20:48:11] 🔍 Scanning C:\Users\Recap\OneDrive\Documents\Banana_Project\Geotag_images\PlaceholderUSB for new images...
[2025-12-05 20:48:13] 🔍 Scanning C:\Users\Recap\OneDrive\Documents\Banana_Project\Geotag_images\PlaceholderUSB for new images...
[2025-12-05 20:48:14] 🔍 Scanning C:\Users\Recap\OneDrive\Documents\Banana_Project\Geotag_images\PlaceholderUSB for new images...
[2025-12-05 20:48:14] 🔍 Scanning C:\Users\Recap\OneDrive\Documents\Banana_Project\Geotag_images\PlaceholderUSB for new images...
[2025-12-05 20:48:15] 🔍 Scanning C:\Users\Recap\OneDrive\Documents\Banana_Project\Geotag_images\PlaceholderUSB for new images...
[2025-12-05 20:48:21] 🔍 Scanning C:\Users\Recap\OneDrive\Documents\Banana_Project\Geotag_images\PlaceholderUSB for new images...
[2025-12-05 20:48:21] 🔍 Scanning C:\Users\Recap\OneDrive\Documents\Banana_Project\Geotag_images\PlaceholderUSB for new images...
[2025-12-05 20:48:23] 🔍 Scanning C:\Users\Recap\OneDrive\Documents\Banana_Project\Geotag_images\PlaceholderUSB for new images...
[2025-12-05 20:48:24] 🔍 Scanning C:\Users\Recap\OneDrive\Documents\Banana_Project\Geotag_images\PlaceholderUSB for new images...
[2025-12-05 20:48:24] 🔍 Scanning C:\Users\Recap\OneDrive\Documents\Banana_Project\Geotag_images\PlaceholderUSB for new images...
[2025-12-05 20:48:25] 🔍 Scanning C:\Users\Recap\OneDrive\Documents\Banana_Project\Geotag_images\PlaceholderUSB for new images...
[2025-12-05 20:48:31] 🔍 Scanning C:\Users\Recap\OneDrive\Documents\Banana_Project\Geotag_images\PlaceholderUSB for new images...
[2025-12-05 20:48:31] 🔍 Scanning C:\Users\Recap\OneDrive\Documents\Banana_Project\Geotag_images\PlaceholderUSB for new images...
[2025-12-05 20:48:33] 🔍 Scanning C:\Users\Recap\OneDrive\Documents\Banana_Project\Geotag_images\PlaceholderUSB for new images...
[2025-12-05 20:48:34] 🔍 Scanning C:\Users\Recap\OneDrive\Documents\Banana_Project\Geotag_images\PlaceholderUSB for new images...
[2025-12-05 20:48:34] 🔍 Scanning C:\Users\Recap\OneDrive\Documents\Banana_Project\Geotag_images\PlaceholderUSB for new images...
[2025-12-05 20:48:35] 🔍 Scanning C:\Users\Recap\OneDrive\Documents\Banana_Project\Geotag_images\PlaceholderUSB for new images...
[2025-12-05 20:48:41] 🔍 Scanning C:\Users\Recap\OneDrive\Documents\Banana_Project\Geotag_images\PlaceholderUSB for new images...
[2025-12-05 20:48:41] 🔍 Scanning C:\Users\Recap\OneDrive\Documents\Banana_Project\Geotag_images\PlaceholderUSB for new images...
[2025-12-05 20:48:43] 🔍 Scanning C:\Users\Recap\OneDrive\Documents\Banana_Project\Geotag_images\PlaceholderUSB for new images...
[2025-12-05 20:48:44] 🔍 Scanning C:\Users\Recap\OneDrive\Documents\Banana_Project\Geotag_images\PlaceholderUSB for new images...
[2025-12-05 20:48:44] 🔍 Scanning C:\Users\Recap\OneDrive\Documents\Banana_Project\Geotag_images\PlaceholderUSB for new images...
[2025-12-05 20:48:45] 🔍 Scanning C:\Users\Recap\OneDrive\Documents\Banana_Project\Geotag_images\PlaceholderUSB for new images...
[2025-12-05 20:48:51] 🔍 Scanning C:\Users\Recap\OneDrive\Documents\Banana_Project\Geotag_images\PlaceholderUSB for new images...
[2025-12-05 20:48:51] 🔍 Scanning C:\Users\Recap\OneDrive\Documents\Banana_Project\Geotag_images\PlaceholderUSB for new images...
[2025-12-05 20:48:53] 🔍 Scanning C:\Users\Recap\OneDrive\Documents\Banana_Project\Geotag_images\PlaceholderUSB for new images...
[2025-12-05 20:48:54] 🔍 Scanning C:\Users\Recap\OneDrive\Documents\Banana_Project\Geotag_images\PlaceholderUSB for new images...
[2025-12-05 20:48:54] 🔍 Scanning C:\Users\Recap\OneDrive\Documents\Banana_Project\Geotag_images\PlaceholderUSB for new images...
[2025-12-05 20:48:55] 🔍 Scanning C:\Users\Recap\OneDrive\Documents\Banana_Project\Geotag_images\PlaceholderUSB for new images...
[2025-12-05 20:49:01] 🔍 Scanning C:\Users\Recap\OneDrive\Documents\Banana_Project\Geotag_images\PlaceholderUSB for new images...
[2025-12-05 20:49:01] 🔍 Scanning C:\Users\Recap\OneDrive\Documents\Banana_Project\Geotag_images\PlaceholderUSB for new images...
[2025-12-05 20:49:03] 🔍 Scanning C:\Users\Recap\OneDrive\Documents\Banana_Project\Geotag_images\PlaceholderUSB for new images...
[2025-12-05 20:49:04] 🔍 Scanning C:\Users\Recap\OneDrive\Documents\Banana_Project\Geotag_images\PlaceholderUSB for new images...
[2025-12-05 20:49:04] 🔍 Scanning C:\Users\Recap\OneDrive\Documents\Banana_Project\Geotag_images\PlaceholderUSB for new images...
[2025-12-05 20:49:05] 🔍 Scanning C:\Users\Recap\OneDrive\Documents\Banana_Project\Geotag_images\PlaceholderUSB for new images...
[2025-12-05 20:49:11] 🔍 Scanning C:\Users\Recap\OneDrive\Documents\Banana_Project\Geotag_images\PlaceholderUSB for new images...
[2025-12-05 20:49:11] 🔍 Scanning C:\Users\Recap\OneDrive\Documents\Banana_Project\Geotag_images\PlaceholderUSB for new images...
[2025-12-05 20:49:13] 🔍 Scanning C:\Users\Recap\OneDrive\Documents\Banana_Project\Geotag_images\PlaceholderUSB for new images...
[2025-12-05 20:49:14] 🔍 Scanning C:\Users\Recap\OneDrive\Documents\Banana_Project\Geotag_images\PlaceholderUSB for new images...
[2025-12-05 20:49:14] 🔍 Scanning C:\Users\Recap\OneDrive\Documents\Banana_Project\Geotag_images\PlaceholderUSB for new images...
[2025-12-05 20:49:15] 🔍 Scanning C:\Users\Recap\OneDrive\Documents\Banana_Project\Geotag_images\PlaceholderUSB for new images...
[2025-12-05 20:49:21] 🔍 Scanning C:\Users\Recap\OneDrive\Documents\Banana_Project\Geotag_images\PlaceholderUSB for new images...
[2025-12-05 20:49:21] 🔍 Scanning C:\Users\Recap\OneDrive\Documents\Banana_Project\Geotag_images\PlaceholderUSB for new images...
[2025-12-05 20:49:23] 🔍 Scanning C:\Users\Recap\OneDrive\Documents\Banana_Project\Geotag_images\PlaceholderUSB for new images...
[2025-12-05 20:49:24] 🔍 Scanning C:\Users\Recap\OneDrive\Documents\Banana_Project\Geotag_images\PlaceholderUSB for new images...
[2025-12-05 20:49:24] 🔍 Scanning C:\Users\Recap\OneDrive\Documents\Banana_Project\Geotag_images\PlaceholderUSB for new images...
[2025-12-05 20:49:25] 🔍 Scanning C:\Users\Recap\OneDrive\Documents\Banana_Project\Geotag_images\PlaceholderUSB for new images...
[2025-12-05 20:49:31] 🔍 Scanning C:\Users\Recap\OneDrive\Documents\Banana_Project\Geotag_images\PlaceholderUSB for new images...
[2025-12-05 20:49:31] 🔍 Scanning C:\Users\Recap\OneDrive\Documents\Banana_Project\Geotag_images\PlaceholderUSB for new images...
[2025-12-05 20:49:33] 🔍 Scanning C:\Users\Recap\OneDrive\Documents\Banana_Project\Geotag_images\PlaceholderUSB for new images...
[2025-12-05 20:49:34] 🔍 Scanning C:\Users\Recap\OneDrive\Documents\Banana_Project\Geotag_images\PlaceholderUSB for new images...
[2025-12-05 20:49:34] 🔍 Scanning C:\Users\Recap\OneDrive\Documents\Banana_Project\Geotag_images\PlaceholderUSB for new images...
[2025-12-05 20:49:35] 🔍 Scanning C:\Users\Recap\OneDrive\Documents\Banana_Project\Geotag_images\PlaceholderUSB for new images...
[2025-12-05 20:49:41] 🔍 Scanning C:\Users\Recap\OneDrive\Documents\Banana_Project\Geotag_images\PlaceholderUSB for new images...
[2025-12-05 20:49:41] 🔍 Scanning C:\Users\Recap\OneDrive\Documents\Banana_Project\Geotag_images\PlaceholderUSB for new images...
[2025-12-05 20:49:43] 🔍 Scanning C:\Users\Recap\OneDrive\Documents\Banana_Project\Geotag_images\PlaceholderUSB for new images...
[2025-12-05 20:49:44] 🔍 Scanning C:\Users\Recap\OneDrive\Documents\Banana_Project\Geotag_images\PlaceholderUSB for new images...
[2025-12-05 20:49:44] 🔍 Scanning C:\Users\Recap\OneDrive\Documents\Banana_Project\Geotag_images\PlaceholderUSB for new images...
[2025-12-05 20:49:45] 🔍 Scanning C:\Users\Recap\OneDrive\Documents\Banana_Project\Geotag_images\PlaceholderUSB for new images...
[2025-12-05 20:49:51] 🔍 Scanning C:\Users\Recap\OneDrive\Documents\Banana_Project\Geotag_images\PlaceholderUSB for new images...
[2025-12-05 20:49:51] 🔍 Scanning C:\Users\Recap\OneDrive\Documents\Banana_Project\Geotag_images\PlaceholderUSB for new images...
[2025-12-05 20:49:53] 🔍 Scanning C:\Users\Recap\OneDrive\Documents\Banana_Project\Geotag_images\PlaceholderUSB for new images...
[2025-12-05 20:49:54] 🔍 Scanning C:\Users\Recap\OneDrive\Documents\Banana_Project\Geotag_images\PlaceholderUSB for new images...
[2025-12-05 20:49:54] 🔍 Scanning C:\Users\Recap\OneDrive\Documents\Banana_Project\Geotag_images\PlaceholderUSB for new images...
[2025-12-05 20:49:55] 🔍 Scanning C:\Users\Recap\OneDrive\Documents\Banana_Project\Geotag_images\PlaceholderUSB for new images...
[2025-12-05 20:50:01] 🔍 Scanning C:\Users\Recap\OneDrive\Documents\Banana_Project\Geotag_images\PlaceholderUSB for new images...
[2025-12-05 20:50:01] 🔍 Scanning C:\Users\Recap\OneDrive\Documents\Banana_Project\Geotag_images\PlaceholderUSB for new images...
[2025-12-05 20:50:03] 🔍 Scanning C:\Users\Recap\OneDrive\Documents\Banana_Project\Geotag_images\PlaceholderUSB for new images...
[2025-12-05 20:50:04] 🔍 Scanning C:\Users\Recap\OneDrive\Documents\Banana_Project\Geotag_images\PlaceholderUSB for new images...
[2025-12-05 20:50:04] 🔍 Scanning C:\Users\Recap\OneDrive\Documents\Banana_Project\Geotag_images\PlaceholderUSB for new images...
[2025-12-05 20:50:05] 🔍 Scanning C:\Users\Recap\OneDrive\Documents\Banana_Project\Geotag_images\PlaceholderUSB for new images...
[2025-12-05 20:50:11] 🔍 Scanning C:\Users\Recap\OneDrive\Documents\Banana_Project\Geotag_images\PlaceholderUSB for new images...
[2025-12-05 20:50:11] 🔍 Scanning C:\Users\Recap\OneDrive\Documents\Banana_Project\Geotag_images\PlaceholderUSB for new images...
[2025-12-05 20:50:13] 🔍 Scanning C:\Users\Recap\OneDrive\Documents\Banana_Project\Geotag_images\PlaceholderUSB for new images...
[2025-12-05 20:50:14] 🔍 Scanning C:\Users\Recap\OneDrive\Documents\Banana_Project\Geotag_images\PlaceholderUSB for new images...
[2025-12-05 20:50:14] 🔍 Scanning C:\Users\Recap\OneDrive\Documents\Banana_Project\Geotag_images\PlaceholderUSB for new images...
[2025-12-05 20:50:15] 🔍 Scanning C:\Users\Recap\OneDrive\Documents\Banana_Project\Geotag_images\PlaceholderUSB for new images...
[2025-12-05 20:50:21] 🔍 Scanning C:\Users\Recap\OneDrive\Documents\Banana_Project\Geotag_images\PlaceholderUSB for new images...
[2025-12-05 20:50:21] 🔍 Scanning C:\Users\Recap\OneDrive\Documents\Banana_Project\Geotag_images\PlaceholderUSB for new images...
[2025-12-05 20:50:23] 🔍 Scanning C:\Users\Recap\OneDrive\Documents\Banana_Project\Geotag_images\PlaceholderUSB for new images...
[2025-12-05 20:50:24] 🔍 Scanning C:\Users\Recap\OneDrive\Documents\Banana_Project\Geotag_images\PlaceholderUSB for new images...
[2025-12-05 20:50:24] 🔍 Scanning C:\Users\Recap\OneDrive\Documents\Banana_Project\Geotag_images\PlaceholderUSB for new images...
[2025-12-05 20:50:25] 🔍 Scanning C:\Users\Recap\OneDrive\Documents\Banana_Project\Geotag_images\PlaceholderUSB for new images...
[2025-12-05 20:50:31] 🔍 Scanning C:\Users\Recap\OneDrive\Documents\Banana_Project\Geotag_images\PlaceholderUSB for new images...
[2025-12-05 20:50:31] 🔍 Scanning C:\Users\Recap\OneDrive\Documents\Banana_Project\Geotag_images\PlaceholderUSB for new images...
[2025-12-05 20:50:33] 🔍 Scanning C:\Users\Recap\OneDrive\Documents\Banana_Project\Geotag_images\PlaceholderUSB for new images...
[2025-12-05 20:50:34] 🔍 Scanning C:\Users\Recap\OneDrive\Documents\Banana_Project\Geotag_images\PlaceholderUSB for new images...
[2025-12-05 20:50:34] 🔍 Scanning C:\Users\Recap\OneDrive\Documents\Banana_Project\Geotag_images\PlaceholderUSB for new images...
[2025-12-05 20:50:35] 🔍 Scanning C:\Users\Recap\OneDrive\Documents\Banana_Project\Geotag_images\PlaceholderUSB for new images...
[2025-12-05 20:50:41] 🔍 Scanning C:\Users\Recap\OneDrive\Documents\Banana_Project\Geotag_images\PlaceholderUSB for new images...
[2025-12-05 20:50:41] 🔍 Scanning C:\Users\Recap\OneDrive\Documents\Banana_Project\Geotag_images\PlaceholderUSB for new images...
[2025-12-05 20:50:43] 🔍 Scanning C:\Users\Recap\OneDrive\Documents\Banana_Project\Geotag_images\PlaceholderUSB for new images...
[2025-12-05 20:50:44] 🔍 Scanning C:\Users\Recap\OneDrive\Documents\Banana_Project\Geotag_images\PlaceholderUSB for new images...
[2025-12-05 20:50:44] 🔍 Scanning C:\Users\Recap\OneDrive\Documents\Banana_Project\Geotag_images\PlaceholderUSB for new images...
[2025-12-05 20:50:45] 🔍 Scanning C:\Users\Recap\OneDrive\Documents\Banana_Project\Geotag_images\PlaceholderUSB for new images...
[2025-12-05 20:50:51] 🔍 Scanning C:\Users\Recap\OneDrive\Documents\Banana_Project\Geotag_images\PlaceholderUSB for new images...
[2025-12-05 20:50:51] 🔍 Scanning C:\Users\Recap\OneDrive\Documents\Banana_Project\Geotag_images\PlaceholderUSB for new images...
[2025-12-05 20:50:53] 🔍 Scanning C:\Users\Recap\OneDrive\Documents\Banana_Project\Geotag_images\PlaceholderUSB for new images...
[2025-12-05 20:50:54] 🔍 Scanning C:\Users\Recap\OneDrive\Documents\Banana_Project\Geotag_images\PlaceholderUSB for new images...
[2025-12-05 20:50:54] 🔍 Scanning C:\Users\Recap\OneDrive\Documents\Banana_Project\Geotag_images\PlaceholderUSB for new images...
[2025-12-05 20:50:55] 🔍 Scanning C:\Users\Recap\OneDrive\Documents\Banana_Project\Geotag_images\PlaceholderUSB for new images...
[2025-12-05 20:51:01] 🔍 Scanning C:\Users\Recap\OneDrive\Documents\Banana_Project\Geotag_images\PlaceholderUSB for new images...
[2025-12-05 20:51:01] 🔍 Scanning C:\Users\Recap\OneDrive\Documents\Banana_Project\Geotag_images\PlaceholderUSB for new images...
[2025-12-05 20:51:03] 🔍 Scanning C:\Users\Recap\OneDrive\Documents\Banana_Project\Geotag_images\PlaceholderUSB for new images...
[2025-12-05 20:51:04] 🔍 Scanning C:\Users\Recap\OneDrive\Documents\Banana_Project\Geotag_images\PlaceholderUSB for new images...
[2025-12-05 20:51:04] 🔍 Scanning C:\Users\Recap\OneDrive\Documents\Banana_Project\Geotag_images\PlaceholderUSB for new images...
[2025-12-05 20:51:05] 🔍 Scanning C:\Users\Recap\OneDrive\Documents\Banana_Project\Geotag_images\PlaceholderUSB for new images...
[2025-12-05 20:51:11] 🔍 Scanning C:\Users\Recap\OneDrive\Documents\Banana_Project\Geotag_images\PlaceholderUSB for new images...
[2025-12-05 20:51:11] 🔍 Scanning C:\Users\Recap\OneDrive\Documents\Banana_Project\Geotag_images\PlaceholderUSB for new images...
[2025-12-05 20:51:13] 🔍 Scanning C:\Users\Recap\OneDrive\Documents\Banana_Project\Geotag_images\PlaceholderUSB for new images...
[2025-12-05 20:51:14] 🔍 Scanning C:\Users\Recap\OneDrive\Documents\Banana_Project\Geotag_images\PlaceholderUSB for new images...
[2025-12-05 20:51:14] 🔍 Scanning C:\Users\Recap\OneDrive\Documents\Banana_Project\Geotag_images\PlaceholderUSB for new images...
[2025-12-05 20:51:15] 🔍 Scanning C:\Users\Recap\OneDrive\Documents\Banana_Project\Geotag_images\PlaceholderUSB for new images...
[2025-12-05 20:51:21] 🔍 Scanning C:\Users\Recap\OneDrive\Documents\Banana_Project\Geotag_images\PlaceholderUSB for new images...
[2025-12-05 20:51:21] 🔍 Scanning C:\Users\Recap\OneDrive\Documents\Banana_Project\Geotag_images\PlaceholderUSB for new images...
[2025-12-05 20:51:23] 🔍 Scanning C:\Users\Recap\OneDrive\Documents\Banana_Project\Geotag_images\PlaceholderUSB for new images...
[2025-12-05 20:51:24] 🔍 Scanning C:\Users\Recap\OneDrive\Documents\Banana_Project\Geotag_images\PlaceholderUSB for new images...
[2025-12-05 20:51:24] 🔍 Scanning C:\Users\Recap\OneDrive\Documents\Banana_Project\Geotag_images\PlaceholderUSB for new images...
[2025-12-05 20:51:25] 🔍 Scanning C:\Users\Recap\OneDrive\Documents\Banana_Project\Geotag_images\PlaceholderUSB for new images...
[2025-12-05 20:51:31] 🔍 Scanning C:\Users\Recap\OneDrive\Documents\Banana_Project\Geotag_images\PlaceholderUSB for new images...
[2025-12-05 20:51:31] 🔍 Scanning C:\Users\Recap\OneDrive\Documents\Banana_Project\Geotag_images\PlaceholderUSB for new images...
[2025-12-05 20:51:33] 🔍 Scanning C:\Users\Recap\OneDrive\Documents\Banana_Project\Geotag_images\PlaceholderUSB for new images...
[2025-12-05 20:51:34] 🔍 Scanning C:\Users\Recap\OneDrive\Documents\Banana_Project\Geotag_images\PlaceholderUSB for new images...
[2025-12-05 20:51:34] 🔍 Scanning C:\Users\Recap\OneDrive\Documents\Banana_Project\Geotag_images\PlaceholderUSB for new images...
[2025-12-05 20:51:35] 🔍 Scanning C:\Users\Recap\OneDrive\Documents\Banana_Project\Geotag_images\PlaceholderUSB for new images...
[2025-12-05 20:51:41] 🔍 Scanning C:\Users\Recap\OneDrive\Documents\Banana_Project\Geotag_images\PlaceholderUSB for new images...
[2025-12-05 20:51:41] 🔍 Scanning C:\Users\Recap\OneDrive\Documents\Banana_Project\Geotag_images\PlaceholderUSB for new images...
[2025-12-05 20:51:43] 🔍 Scanning C:\Users\Recap\OneDrive\Documents\Banana_Project\Geotag_images\PlaceholderUSB for new images...
[2025-12-05 20:51:44] 🔍 Scanning C:\Users\Recap\OneDrive\Documents\Banana_Project\Geotag_images\PlaceholderUSB for new images...
[2025-12-05 20:51:44] 🔍 Scanning C:\Users\Recap\OneDrive\Documents\Banana_Project\Geotag_images\PlaceholderUSB for new images...
[2025-12-05 20:51:45] 🔍 Scanning C:\Users\Recap\OneDrive\Documents\Banana_Project\Geotag_images\PlaceholderUSB for new images...
[2025-12-05 20:51:51] 🔍 Scanning C:\Users\Recap\OneDrive\Documents\Banana_Project\Geotag_images\PlaceholderUSB for new images...
[2025-12-05 20:51:51] 🔍 Scanning C:\Users\Recap\OneDrive\Documents\Banana_Project\Geotag_images\PlaceholderUSB for new images...
[2025-12-05 20:51:53] 🔍 Scanning C:\Users\Recap\OneDrive\Documents\Banana_Project\Geotag_images\PlaceholderUSB for new images...
[2025-12-05 20:51:54] 🔍 Scanning C:\Users\Recap\OneDrive\Documents\Banana_Project\Geotag_images\PlaceholderUSB for new images...
[2025-12-05 20:51:54] 🔍 Scanning C:\Users\Recap\OneDrive\Documents\Banana_Project\Geotag_images\PlaceholderUSB for new images...
[2025-12-05 20:51:55] 🔍 Scanning C:\Users\Recap\OneDrive\Documents\Banana_Project\Geotag_images\PlaceholderUSB for new images...
[2025-12-05 20:52:01] 🔍 Scanning C:\Users\Recap\OneDrive\Documents\Banana_Project\Geotag_images\PlaceholderUSB for new images...
[2025-12-05 20:52:01] 🔍 Scanning C:\Users\Recap\OneDrive\Documents\Banana_Project\Geotag_images\PlaceholderUSB for new images...
[2025-12-05 20:52:03] 🔍 Scanning C:\Users\Recap\OneDrive\Documents\Banana_Project\Geotag_images\PlaceholderUSB for new images...
[2025-12-05 20:52:04] 🔍 Scanning C:\Users\Recap\OneDrive\Documents\Banana_Project\Geotag_images\PlaceholderUSB for new images...
[2025-12-05 20:52:04] 🔍 Scanning C:\Users\Recap\OneDrive\Documents\Banana_Project\Geotag_images\PlaceholderUSB for new images...
[2025-12-05 20:52:05] 🔍 Scanning C:\Users\Recap\OneDrive\Documents\Banana_Project\Geotag_images\PlaceholderUSB for new images...
[2025-12-05 20:52:11] 🔍 Scanning C:\Users\Recap\OneDrive\Documents\Banana_Project\Geotag_images\PlaceholderUSB for new images...
[2025-12-05 20:52:11] 🔍 Scanning C:\Users\Recap\OneDrive\Documents\Banana_Project\Geotag_images\PlaceholderUSB for new images...
[2025-12-05 20:52:13] 🔍 Scanning C:\Users\Recap\OneDrive\Documents\Banana_Project\Geotag_images\PlaceholderUSB for new images...
[2025-12-05 20:52:14] 🔍 Scanning C:\Users\Recap\OneDrive\Documents\Banana_Project\Geotag_images\PlaceholderUSB for new images...
[2025-12-05 20:52:14] 🔍 Scanning C:\Users\Recap\OneDrive\Documents\Banana_Project\Geotag_images\PlaceholderUSB for new images...
[2025-12-05 20:52:15] 🔍 Scanning C:\Users\Recap\OneDrive\Documents\Banana_Project\Geotag_images\PlaceholderUSB for new images...
[2025-12-05 20:52:21] 🔍 Scanning C:\Users\Recap\OneDrive\Documents\Banana_Project\Geotag_images\PlaceholderUSB for new images...
[2025-12-05 20:52:21] 🔍 Scanning C:\Users\Recap\OneDrive\Documents\Banana_Project\Geotag_images\PlaceholderUSB for new images...
[2025-12-05 20:52:23] 🔍 Scanning C:\Users\Recap\OneDrive\Documents\Banana_Project\Geotag_images\PlaceholderUSB for new images...
[2025-12-05 20:52:24] 🔍 Scanning C:\Users\Recap\OneDrive\Documents\Banana_Project\Geotag_images\PlaceholderUSB for new images...
[2025-12-05 20:52:24] 🔍 Scanning C:\Users\Recap\OneDrive\Documents\Banana_Project\Geotag_images\PlaceholderUSB for new images...
[2025-12-05 20:52:25] 🔍 Scanning C:\Users\Recap\OneDrive\Documents\Banana_Project\Geotag_images\PlaceholderUSB for new images...
[2025-12-05 20:52:31] 🔍 Scanning C:\Users\Recap\OneDrive\Documents\Banana_Project\Geotag_images\PlaceholderUSB for new images...
[2025-12-05 20:52:31] 🔍 Scanning C:\Users\Recap\OneDrive\Documents\Banana_Project\Geotag_images\PlaceholderUSB for new images...
[2025-12-05 20:52:33] 🔍 Scanning C:\Users\Recap\OneDrive\Documents\Banana_Project\Geotag_images\PlaceholderUSB for new images...
[2025-12-05 20:52:34] 🔍 Scanning C:\Users\Recap\OneDrive\Documents\Banana_Project\Geotag_images\PlaceholderUSB for new images...
[2025-12-05 20:52:34] 🔍 Scanning C:\Users\Recap\OneDrive\Documents\Banana_Project\Geotag_images\PlaceholderUSB for new images...
[2025-12-05 20:52:35] 🔍 Scanning C:\Users\Recap\OneDrive\Documents\Banana_Project\Geotag_images\PlaceholderUSB for new images...
[2025-12-05 20:52:41] 🔍 Scanning C:\Users\Recap\OneDrive\Documents\Banana_Project\Geotag_images\PlaceholderUSB for new images...
[2025-12-05 20:52:41] 🔍 Scanning C:\Users\Recap\OneDrive\Documents\Banana_Project\Geotag_images\PlaceholderUSB for new images...
[2025-12-05 20:52:43] 🔍 Scanning C:\Users\Recap\OneDrive\Documents\Banana_Project\Geotag_images\PlaceholderUSB for new images...
[2025-12-05 20:52:44] 🔍 Scanning C:\Users\Recap\OneDrive\Documents\Banana_Project\Geotag_images\PlaceholderUSB for new images...
[2025-12-05 20:52:44] 🔍 Scanning C:\Users\Recap\OneDrive\Documents\Banana_Project\Geotag_images\PlaceholderUSB for new images...
[2025-12-05 20:52:45] 🔍 Scanning C:\Users\Recap\OneDrive\Documents\Banana_Project\Geotag_images\PlaceholderUSB for new images...
[2025-12-05 20:52:51] 🔍 Scanning C:\Users\Recap\OneDrive\Documents\Banana_Project\Geotag_images\PlaceholderUSB for new images...
[2025-12-05 20:52:51] 🔍 Scanning C:\Users\Recap\OneDrive\Documents\Banana_Project\Geotag_images\PlaceholderUSB for new images...
[2025-12-05 20:52:53] 🔍 Scanning C:\Users\Recap\OneDrive\Documents\Banana_Project\Geotag_images\PlaceholderUSB for new images...
[2025-12-05 20:52:54] 🔍 Scanning C:\Users\Recap\OneDrive\Documents\Banana_Project\Geotag_images\PlaceholderUSB for new images...
[2025-12-05 20:52:54] 🔍 Scanning C:\Users\Recap\OneDrive\Documents\Banana_Project\Geotag_images\PlaceholderUSB for new images...
[2025-12-05 20:52:55] 🔍 Scanning C:\Users\Recap\OneDrive\Documents\Banana_Project\Geotag_images\PlaceholderUSB for new images...
[2025-12-05 20:53:01] 🔍 Scanning C:\Users\Recap\OneDrive\Documents\Banana_Project\Geotag_images\PlaceholderUSB for new images...
[2025-12-05 20:53:01] 🔍 Scanning C:\Users\Recap\OneDrive\Documents\Banana_Project\Geotag_images\PlaceholderUSB for new images...
[2025-12-05 20:53:03] 🔍 Scanning C:\Users\Recap\OneDrive\Documents\Banana_Project\Geotag_images\PlaceholderUSB for new images...
[2025-12-05 20:53:04] 🔍 Scanning C:\Users\Recap\OneDrive\Documents\Banana_Project\Geotag_images\PlaceholderUSB for new images...
[2025-12-05 20:53:04] 🔍 Scanning C:\Users\Recap\OneDrive\Documents\Banana_Project\Geotag_images\PlaceholderUSB for new images...
[2025-12-05 20:53:05] 🔍 Scanning C:\Users\Recap\OneDrive\Documents\Banana_Project\Geotag_images\PlaceholderUSB for new images...
[2025-12-05 20:53:11] 🔍 Scanning C:\Users\Recap\OneDrive\Documents\Banana_Project\Geotag_images\PlaceholderUSB for new images...
[2025-12-05 20:53:12] 🔍 Scanning C:\Users\Recap\OneDrive\Documents\Banana_Project\Geotag_images\PlaceholderUSB for new images...
[2025-12-05 20:53:13] 🔍 Scanning C:\Users\Recap\OneDrive\Documents\Banana_Project\Geotag_images\PlaceholderUSB for new images...
[2025-12-05 20:53:14] 🔍 Scanning C:\Users\Recap\OneDrive\Documents\Banana_Project\Geotag_images\PlaceholderUSB for new images...
[2025-12-05 20:53:14] 🔍 Scanning C:\Users\Recap\OneDrive\Documents\Banana_Project\Geotag_images\PlaceholderUSB for new images...
[2025-12-05 20:53:15] 🔍 Scanning C:\Users\Recap\OneDrive\Documents\Banana_Project\Geotag_images\PlaceholderUSB for new images...
[2025-12-05 20:53:21] 🔍 Scanning C:\Users\Recap\OneDrive\Documents\Banana_Project\Geotag_images\PlaceholderUSB for new images...
[2025-12-05 20:53:22] 🔍 Scanning C:\Users\Recap\OneDrive\Documents\Banana_Project\Geotag_images\PlaceholderUSB for new images...
[2025-12-05 20:53:23] 🔍 Scanning C:\Users\Recap\OneDrive\Documents\Banana_Project\Geotag_images\PlaceholderUSB for new images...
[2025-12-05 20:53:24] 🔍 Scanning C:\Users\Recap\OneDrive\Documents\Banana_Project\Geotag_images\PlaceholderUSB for new images...
[2025-12-05 20:53:24] 🔍 Scanning C:\Users\Recap\OneDrive\Documents\Banana_Project\Geotag_images\PlaceholderUSB for new images...
[2025-12-05 20:53:25] 🔍 Scanning C:\Users\Recap\OneDrive\Documents\Banana_Project\Geotag_images\PlaceholderUSB for new images...
[2025-12-05 20:53:31] 🔍 Scanning C:\Users\Recap\OneDrive\Documents\Banana_Project\Geotag_images\PlaceholderUSB for new images...
[2025-12-05 20:53:32] 🔍 Scanning C:\Users\Recap\OneDrive\Documents\Banana_Project\Geotag_images\PlaceholderUSB for new images...
[2025-12-05 20:53:33] 🔍 Scanning C:\Users\Recap\OneDrive\Documents\Banana_Project\Geotag_images\PlaceholderUSB for new images...
[2025-12-05 20:53:34] 🔍 Scanning C:\Users\Recap\OneDrive\Documents\Banana_Project\Geotag_images\PlaceholderUSB for new images...
[2025-12-05 20:53:34] 🔍 Scanning C:\Users\Recap\OneDrive\Documents\Banana_Project\Geotag_images\PlaceholderUSB for new images...
[2025-12-05 20:53:35] 🔍 Scanning C:\Users\Recap\OneDrive\Documents\Banana_Project\Geotag_images\PlaceholderUSB for new images...
[2025-12-05 20:53:41] 🔍 Scanning C:\Users\Recap\OneDrive\Documents\Banana_Project\Geotag_images\PlaceholderUSB for new images...
[2025-12-05 20:53:42] 🔍 Scanning C:\Users\Recap\OneDrive\Documents\Banana_Project\Geotag_images\PlaceholderUSB for new images...
[2025-12-05 20:53:43] 🔍 Scanning C:\Users\Recap\OneDrive\Documents\Banana_Project\Geotag_images\PlaceholderUSB for new images...
[2025-12-05 20:53:44] 🔍 Scanning C:\Users\Recap\OneDrive\Documents\Banana_Project\Geotag_images\PlaceholderUSB for new images...
[2025-12-05 20:53:44] 🔍 Scanning C:\Users\Recap\OneDrive\Documents\Banana_Project\Geotag_images\PlaceholderUSB for new images...
[2025-12-05 20:53:45] 🔍 Scanning C:\Users\Recap\OneDrive\Documents\Banana_Project\Geotag_images\PlaceholderUSB for new images...
[2025-12-05 20:53:51] 🔍 Scanning C:\Users\Recap\OneDrive\Documents\Banana_Project\Geotag_images\PlaceholderUSB for new images...
[2025-12-05 20:53:52] 🔍 Scanning C:\Users\Recap\OneDrive\Documents\Banana_Project\Geotag_images\PlaceholderUSB for new images...
[2025-12-05 20:53:53] 🔍 Scanning C:\Users\Recap\OneDrive\Documents\Banana_Project\Geotag_images\PlaceholderUSB for new images...
[2025-12-05 20:53:54] 🔍 Scanning C:\Users\Recap\OneDrive\Documents\Banana_Project\Geotag_images\PlaceholderUSB for new images...
[2025-12-05 20:53:54] 🔍 Scanning C:\Users\Recap\OneDrive\Documents\Banana_Project\Geotag_images\PlaceholderUSB for new images...
[2025-12-05 20:53:55] 🔍 Scanning C:\Users\Recap\OneDrive\Documents\Banana_Project\Geotag_images\PlaceholderUSB for new images...
[2025-12-05 20:54:01] 🔍 Scanning C:\Users\Recap\OneDrive\Documents\Banana_Project\Geotag_images\PlaceholderUSB for new images...
[2025-12-05 20:54:02] 🔍 Scanning C:\Users\Recap\OneDrive\Documents\Banana_Project\Geotag_images\PlaceholderUSB for new images...
[2025-12-05 20:54:03] 🔍 Scanning C:\Users\Recap\OneDrive\Documents\Banana_Project\Geotag_images\PlaceholderUSB for new images...
[2025-12-05 20:54:04] 🔍 Scanning C:\Users\Recap\OneDrive\Documents\Banana_Project\Geotag_images\PlaceholderUSB for new images...
[2025-12-05 20:54:04] 🔍 Scanning C:\Users\Recap\OneDrive\Documents\Banana_Project\Geotag_images\PlaceholderUSB for new images...
[2025-12-05 20:54:05] 🔍 Scanning C:\Users\Recap\OneDrive\Documents\Banana_Project\Geotag_images\PlaceholderUSB for new images...
[2025-12-05 20:54:11] 🔍 Scanning C:\Users\Recap\OneDrive\Documents\Banana_Project\Geotag_images\PlaceholderUSB for new images...
[2025-12-05 20:54:12] 🔍 Scanning C:\Users\Recap\OneDrive\Documents\Banana_Project\Geotag_images\PlaceholderUSB for new images...
[2025-12-05 20:54:13] 🔍 Scanning C:\Users\Recap\OneDrive\Documents\Banana_Project\Geotag_images\PlaceholderUSB for new images...
[2025-12-05 20:54:14] 🔍 Scanning C:\Users\Recap\OneDrive\Documents\Banana_Project\Geotag_images\PlaceholderUSB for new images...
[2025-12-05 20:54:14] 🔍 Scanning C:\Users\Recap\OneDrive\Documents\Banana_Project\Geotag_images\PlaceholderUSB for new images...
[2025-12-05 20:54:15] 🔍 Scanning C:\Users\Recap\OneDrive\Documents\Banana_Project\Geotag_images\PlaceholderUSB for new images...
[2025-12-05 20:54:21] 🔍 Scanning C:\Users\Recap\OneDrive\Documents\Banana_Project\Geotag_images\PlaceholderUSB for new images...
[2025-12-05 20:54:22] 🔍 Scanning C:\Users\Recap\OneDrive\Documents\Banana_Project\Geotag_images\PlaceholderUSB for new images...
[2025-12-05 20:54:23] 🔍 Scanning C:\Users\Recap\OneDrive\Documents\Banana_Project\Geotag_images\PlaceholderUSB for new images...
[2025-12-05 20:54:24] 🔍 Scanning C:\Users\Recap\OneDrive\Documents\Banana_Project\Geotag_images\PlaceholderUSB for new images...
[2025-12-05 20:54:24] 🔍 Scanning C:\Users\Recap\OneDrive\Documents\Banana_Project\Geotag_images\PlaceholderUSB for new images...
[2025-12-05 20:54:25] 🔍 Scanning C:\Users\Recap\OneDrive\Documents\Banana_Project\Geotag_images\PlaceholderUSB for new images...
[2025-12-05 20:54:31] 🔍 Scanning C:\Users\Recap\OneDrive\Documents\Banana_Project\Geotag_images\PlaceholderUSB for new images...
[2025-12-05 20:54:32] 🔍 Scanning C:\Users\Recap\OneDrive\Documents\Banana_Project\Geotag_images\PlaceholderUSB for new images...
[2025-12-05 20:54:33] 🔍 Scanning C:\Users\Recap\OneDrive\Documents\Banana_Project\Geotag_images\PlaceholderUSB for new images...
[2025-12-05 20:54:34] 🔍 Scanning C:\Users\Recap\OneDrive\Documents\Banana_Project\Geotag_images\PlaceholderUSB for new images...
[2025-12-05 20:54:34] 🔍 Scanning C:\Users\Recap\OneDrive\Documents\Banana_Project\Geotag_images\PlaceholderUSB for new images...
[2025-12-05 20:54:35] 🔍 Scanning C:\Users\Recap\OneDrive\Documents\Banana_Project\Geotag_images\PlaceholderUSB for new images...
[2025-12-05 20:54:41] 🔍 Scanning C:\Users\Recap\OneDrive\Documents\Banana_Project\Geotag_images\PlaceholderUSB for new images...
[2025-12-05 20:54:42] 🔍 Scanning C:\Users\Recap\OneDrive\Documents\Banana_Project\Geotag_images\PlaceholderUSB for new images...
[2025-12-05 20:54:43] 🔍 Scanning C:\Users\Recap\OneDrive\Documents\Banana_Project\Geotag_images\PlaceholderUSB for new images...
[2025-12-05 20:54:44] 🔍 Scanning C:\Users\Recap\OneDrive\Documents\Banana_Project\Geotag_images\PlaceholderUSB for new images...
[2025-12-05 20:54:44] 🔍 Scanning C:\Users\Recap\OneDrive\Documents\Banana_Project\Geotag_images\PlaceholderUSB for new images...
[2025-12-05 20:54:45] 🔍 Scanning C:\Users\Recap\OneDrive\Documents\Banana_Project\Geotag_images\PlaceholderUSB for new images...
[2025-12-05 20:54:51] 🔍 Scanning C:\Users\Recap\OneDrive\Documents\Banana_Project\Geotag_images\PlaceholderUSB for new images...
[2025-12-05 20:54:52] 🔍 Scanning C:\Users\Recap\OneDrive\Documents\Banana_Project\Geotag_images\PlaceholderUSB for new images...
[2025-12-05 20:54:53] 🔍 Scanning C:\Users\Recap\OneDrive\Documents\Banana_Project\Geotag_images\PlaceholderUSB for new images...
[2025-12-05 20:54:54] 🔍 Scanning C:\Users\Recap\OneDrive\Documents\Banana_Project\Geotag_images\PlaceholderUSB for new images...
[2025-12-05 20:54:54] 🔍 Scanning C:\Users\Recap\OneDrive\Documents\Banana_Project\Geotag_images\PlaceholderUSB for new images...
[2025-12-05 20:54:55] 🔍 Scanning C:\Users\Recap\OneDrive\Documents\Banana_Project\Geotag_images\PlaceholderUSB for new images...
[2025-12-05 20:55:01] 🔍 Scanning C:\Users\Recap\OneDrive\Documents\Banana_Project\Geotag_images\PlaceholderUSB for new images...
[2025-12-05 20:55:02] 🔍 Scanning C:\Users\Recap\OneDrive\Documents\Banana_Project\Geotag_images\PlaceholderUSB for new images...
[2025-12-05 20:55:03] 🔍 Scanning C:\Users\Recap\OneDrive\Documents\Banana_Project\Geotag_images\PlaceholderUSB for new images...
[2025-12-05 20:55:04] 🔍 Scanning C:\Users\Recap\OneDrive\Documents\Banana_Project\Geotag_images\PlaceholderUSB for new images...
[2025-12-05 20:55:04] 🔍 Scanning C:\Users\Recap\OneDrive\Documents\Banana_Project\Geotag_images\PlaceholderUSB for new images...
[2025-12-05 20:55:05] 🔍 Scanning C:\Users\Recap\OneDrive\Documents\Banana_Project\Geotag_images\PlaceholderUSB for new images...
[2025-12-05 20:55:11] 🔍 Scanning C:\Users\Recap\OneDrive\Documents\Banana_Project\Geotag_images\PlaceholderUSB for new images...
[2025-12-05 20:55:12] 🔍 Scanning C:\Users\Recap\OneDrive\Documents\Banana_Project\Geotag_images\PlaceholderUSB for new images...
[2025-12-05 20:55:13] 🔍 Scanning C:\Users\Recap\OneDrive\Documents\Banana_Project\Geotag_images\PlaceholderUSB for new images...
[2025-12-05 20:55:14] 🔍 Scanning C:\Users\Recap\OneDrive\Documents\Banana_Project\Geotag_images\PlaceholderUSB for new images...
[2025-12-05 20:55:14] 🔍 Scanning C:\Users\Recap\OneDrive\Documents\Banana_Project\Geotag_images\PlaceholderUSB for new images...
[2025-12-05 20:55:15] 🔍 Scanning C:\Users\Recap\OneDrive\Documents\Banana_Project\Geotag_images\PlaceholderUSB for new images...
[2025-12-05 20:55:21] 🔍 Scanning C:\Users\Recap\OneDrive\Documents\Banana_Project\Geotag_images\PlaceholderUSB for new images...
[2025-12-05 20:55:22] 🔍 Scanning C:\Users\Recap\OneDrive\Documents\Banana_Project\Geotag_images\PlaceholderUSB for new images...
[2025-12-05 20:55:23] 🔍 Scanning C:\Users\Recap\OneDrive\Documents\Banana_Project\Geotag_images\PlaceholderUSB for new images...
[2025-12-05 20:55:24] 🔍 Scanning C:\Users\Recap\OneDrive\Documents\Banana_Project\Geotag_images\PlaceholderUSB for new images...
[2025-12-05 20:55:24] 🔍 Scanning C:\Users\Recap\OneDrive\Documents\Banana_Project\Geotag_images\PlaceholderUSB for new images...
[2025-12-05 20:55:25] 🔍 Scanning C:\Users\Recap\OneDrive\Documents\Banana_Project\Geotag_images\PlaceholderUSB for new images...
[2025-12-05 20:55:32] 🔍 Scanning C:\Users\Recap\OneDrive\Documents\Banana_Project\Geotag_images\PlaceholderUSB for new images...
[2025-12-05 20:55:32] 🔍 Scanning C:\Users\Recap\OneDrive\Documents\Banana_Project\Geotag_images\PlaceholderUSB for new images...
[2025-12-05 20:55:33] 🔍 Scanning C:\Users\Recap\OneDrive\Documents\Banana_Project\Geotag_images\PlaceholderUSB for new images...
[2025-12-05 20:55:34] 🔍 Scanning C:\Users\Recap\OneDrive\Documents\Banana_Project\Geotag_images\PlaceholderUSB for new images...
[2025-12-05 20:55:34] 🔍 Scanning C:\Users\Recap\OneDrive\Documents\Banana_Project\Geotag_images\PlaceholderUSB for new images...
[2025-12-05 20:55:35] 🔍 Scanning C:\Users\Recap\OneDrive\Documents\Banana_Project\Geotag_images\PlaceholderUSB for new images...
[2025-12-05 20:55:42] 🔍 Scanning C:\Users\Recap\OneDrive\Documents\Banana_Project\Geotag_images\PlaceholderUSB for new images...
[2025-12-05 20:55:42] 🔍 Scanning C:\Users\Recap\OneDrive\Documents\Banana_Project\Geotag_images\PlaceholderUSB for new images...
[2025-12-05 20:55:43] 🔍 Scanning C:\Users\Recap\OneDrive\Documents\Banana_Project\Geotag_images\PlaceholderUSB for new images...
[2025-12-05 20:55:44] 🔍 Scanning C:\Users\Recap\OneDrive\Documents\Banana_Project\Geotag_images\PlaceholderUSB for new images...
[2025-12-05 20:55:45] 🔍 Scanning C:\Users\Recap\OneDrive\Documents\Banana_Project\Geotag_images\PlaceholderUSB for new images...
[2025-12-05 20:55:52] 🔍 Scanning C:\Users\Recap\OneDrive\Documents\Banana_Project\Geotag_images\PlaceholderUSB for new images...
[2025-12-05 20:55:52] 🔍 Scanning C:\Users\Recap\OneDrive\Documents\Banana_Project\Geotag_images\PlaceholderUSB for new images...
[2025-12-05 20:55:53] 🔍 Scanning C:\Users\Recap\OneDrive\Documents\Banana_Project\Geotag_images\PlaceholderUSB for new images...
[2025-12-05 20:55:54] 🔍 Scanning C:\Users\Recap\OneDrive\Documents\Banana_Project\Geotag_images\PlaceholderUSB for new images...
[2025-12-05 20:55:54] 🔍 Scanning C:\Users\Recap\OneDrive\Documents\Banana_Project\Geotag_images\PlaceholderUSB for new images...
[2025-12-05 20:55:55] 🔍 Scanning C:\Users\Recap\OneDrive\Documents\Banana_Project\Geotag_images\PlaceholderUSB for new images...
[2025-12-05 20:56:02] 🔍 Scanning C:\Users\Recap\OneDrive\Documents\Banana_Project\Geotag_images\PlaceholderUSB for new images...
[2025-12-05 20:56:02] 🔍 Scanning C:\Users\Recap\OneDrive\Documents\Banana_Project\Geotag_images\PlaceholderUSB for new images...
[2025-12-05 20:56:03] 🔍 Scanning C:\Users\Recap\OneDrive\Documents\Banana_Project\Geotag_images\PlaceholderUSB for new images...
[2025-12-05 20:56:04] 🔍 Scanning C:\Users\Recap\OneDrive\Documents\Banana_Project\Geotag_images\PlaceholderUSB for new images...
[2025-12-05 20:56:05] 🔍 Scanning C:\Users\Recap\OneDrive\Documents\Banana_Project\Geotag_images\PlaceholderUSB for new images...
[2025-12-05 20:56:12] 🔍 Scanning C:\Users\Recap\OneDrive\Documents\Banana_Project\Geotag_images\PlaceholderUSB for new images...
[2025-12-05 20:56:12] 🔍 Scanning C:\Users\Recap\OneDrive\Documents\Banana_Project\Geotag_images\PlaceholderUSB for new images...
[2025-12-05 20:56:13] 🔍 Scanning C:\Users\Recap\OneDrive\Documents\Banana_Project\Geotag_images\PlaceholderUSB for new images...
[2025-12-05 20:56:14] 🔍 Scanning C:\Users\Recap\OneDrive\Documents\Banana_Project\Geotag_images\PlaceholderUSB for new images...
[2025-12-05 20:56:14] 🔍 Scanning C:\Users\Recap\OneDrive\Documents\Banana_Project\Geotag_images\PlaceholderUSB for new images...
[2025-12-05 20:56:15] 🔍 Scanning C:\Users\Recap\OneDrive\Documents\Banana_Project\Geotag_images\PlaceholderUSB for new images...
[2025-12-05 20:56:22] 🔍 Scanning C:\Users\Recap\OneDrive\Documents\Banana_Project\Geotag_images\PlaceholderUSB for new images...
[2025-12-05 20:56:22] 🔍 Scanning C:\Users\Recap\OneDrive\Documents\Banana_Project\Geotag_images\PlaceholderUSB for new images...
[2025-12-05 20:56:23] 🔍 Scanning C:\Users\Recap\OneDrive\Documents\Banana_Project\Geotag_images\PlaceholderUSB for new images...
[2025-12-05 20:56:24] 🔍 Scanning C:\Users\Recap\OneDrive\Documents\Banana_Project\Geotag_images\PlaceholderUSB for new images...
[2025-12-05 20:56:24] 🔍 Scanning C:\Users\Recap\OneDrive\Documents\Banana_Project\Geotag_images\PlaceholderUSB for new images...
[2025-12-05 20:56:25] 🔍 Scanning C:\Users\Recap\OneDrive\Documents\Banana_Project\Geotag_images\PlaceholderUSB for new images...
[2025-12-05 20:56:32] 🔍 Scanning C:\Users\Recap\OneDrive\Documents\Banana_Project\Geotag_images\PlaceholderUSB for new images...
[2025-12-05 20:56:32] 🔍 Scanning C:\Users\Recap\OneDrive\Documents\Banana_Project\Geotag_images\PlaceholderUSB for new images...
[2025-12-05 20:56:33] 🔍 Scanning C:\Users\Recap\OneDrive\Documents\Banana_Project\Geotag_images\PlaceholderUSB for new images...
[2025-12-05 20:56:34] 🔍 Scanning C:\Users\Recap\OneDrive\Documents\Banana_Project\Geotag_images\PlaceholderUSB for new images...
[2025-12-05 20:56:35] 🔍 Scanning C:\Users\Recap\OneDrive\Documents\Banana_Project\Geotag_images\PlaceholderUSB for new images...
[2025-12-05 20:56:42] 🔍 Scanning C:\Users\Recap\OneDrive\Documents\Banana_Project\Geotag_images\PlaceholderUSB for new images...
[2025-12-05 20:56:42] 🔍 Scanning C:\Users\Recap\OneDrive\Documents\Banana_Project\Geotag_images\PlaceholderUSB for new images...
[2025-12-05 20:56:43] 🔍 Scanning C:\Users\Recap\OneDrive\Documents\Banana_Project\Geotag_images\PlaceholderUSB for new images...
[2025-12-05 20:56:44] 🔍 Scanning C:\Users\Recap\OneDrive\Documents\Banana_Project\Geotag_images\PlaceholderUSB for new images...
[2025-12-05 20:56:44] 🔍 Scanning C:\Users\Recap\OneDrive\Documents\Banana_Project\Geotag_images\PlaceholderUSB for new images...
[2025-12-05 20:56:45] 🔍 Scanning C:\Users\Recap\OneDrive\Documents\Banana_Project\Geotag_images\PlaceholderUSB for new images...
[2025-12-05 20:56:52] 🔍 Scanning C:\Users\Recap\OneDrive\Documents\Banana_Project\Geotag_images\PlaceholderUSB for new images...
[2025-12-05 20:56:52] 🔍 Scanning C:\Users\Recap\OneDrive\Documents\Banana_Project\Geotag_images\PlaceholderUSB for new images...
[2025-12-05 20:56:53] 🔍 Scanning C:\Users\Recap\OneDrive\Documents\Banana_Project\Geotag_images\PlaceholderUSB for new images...
[2025-12-05 20:56:54] 🔍 Scanning C:\Users\Recap\OneDrive\Documents\Banana_Project\Geotag_images\PlaceholderUSB for new images...
[2025-12-05 20:56:54] 🔍 Scanning C:\Users\Recap\OneDrive\Documents\Banana_Project\Geotag_images\PlaceholderUSB for new images...
[2025-12-05 20:56:55] 🔍 Scanning C:\Users\Recap\OneDrive\Documents\Banana_Project\Geotag_images\PlaceholderUSB for new images...
[2025-12-05 20:57:02] 🔍 Scanning C:\Users\Recap\OneDrive\Documents\Banana_Project\Geotag_images\PlaceholderUSB for new images...
[2025-12-05 20:57:02] 🔍 Scanning C:\Users\Recap\OneDrive\Documents\Banana_Project\Geotag_images\PlaceholderUSB for new images...
[2025-12-05 20:57:03] 🔍 Scanning C:\Users\Recap\OneDrive\Documents\Banana_Project\Geotag_images\PlaceholderUSB for new images...
[2025-12-05 20:57:04] 🔍 Scanning C:\Users\Recap\OneDrive\Documents\Banana_Project\Geotag_images\PlaceholderUSB for new images...
[2025-12-05 20:57:04] 🔍 Scanning C:\Users\Recap\OneDrive\Documents\Banana_Project\Geotag_images\PlaceholderUSB for new images...
[2025-12-05 20:57:05] 🔍 Scanning C:\Users\Recap\OneDrive\Documents\Banana_Project\Geotag_images\PlaceholderUSB for new images...
[2025-12-05 20:57:12] 🔍 Scanning C:\Users\Recap\OneDrive\Documents\Banana_Project\Geotag_images\PlaceholderUSB for new images...
[2025-12-05 20:57:12] 🔍 Scanning C:\Users\Recap\OneDrive\Documents\Banana_Project\Geotag_images\PlaceholderUSB for new images...
[2025-12-05 20:57:13] 🔍 Scanning C:\Users\Recap\OneDrive\Documents\Banana_Project\Geotag_images\PlaceholderUSB for new images...
[2025-12-05 20:57:14] 🔍 Scanning C:\Users\Recap\OneDrive\Documents\Banana_Project\Geotag_images\PlaceholderUSB for new images...
[2025-12-05 20:57:14] 🔍 Scanning C:\Users\Recap\OneDrive\Documents\Banana_Project\Geotag_images\PlaceholderUSB for new images...
[2025-12-05 20:57:15] 🔍 Scanning C:\Users\Recap\OneDrive\Documents\Banana_Project\Geotag_images\PlaceholderUSB for new images...
[2025-12-05 20:57:22] 🔍 Scanning C:\Users\Recap\OneDrive\Documents\Banana_Project\Geotag_images\PlaceholderUSB for new images...
[2025-12-05 20:57:22] 🔍 Scanning C:\Users\Recap\OneDrive\Documents\Banana_Project\Geotag_images\PlaceholderUSB for new images...
[2025-12-05 20:57:23] 🔍 Scanning C:\Users\Recap\OneDrive\Documents\Banana_Project\Geotag_images\PlaceholderUSB for new images...
[2025-12-05 20:57:24] 🔍 Scanning C:\Users\Recap\OneDrive\Documents\Banana_Project\Geotag_images\PlaceholderUSB for new images...
[2025-12-05 20:57:25] 🔍 Scanning C:\Users\Recap\OneDrive\Documents\Banana_Project\Geotag_images\PlaceholderUSB for new images...
[2025-12-05 20:57:32] 🔍 Scanning C:\Users\Recap\OneDrive\Documents\Banana_Project\Geotag_images\PlaceholderUSB for new images...
[2025-12-05 20:57:32] 🔍 Scanning C:\Users\Recap\OneDrive\Documents\Banana_Project\Geotag_images\PlaceholderUSB for new images...
[2025-12-05 20:57:33] 🔍 Scanning C:\Users\Recap\OneDrive\Documents\Banana_Project\Geotag_images\PlaceholderUSB for new images...
[2025-12-05 20:57:34] 🔍 Scanning C:\Users\Recap\OneDrive\Documents\Banana_Project\Geotag_images\PlaceholderUSB for new images...
[2025-12-05 20:57:34] 🔍 Scanning C:\Users\Recap\OneDrive\Documents\Banana_Project\Geotag_images\PlaceholderUSB for new images...
[2025-12-05 20:57:35] 🔍 Scanning C:\Users\Recap\OneDrive\Documents\Banana_Project\Geotag_images\PlaceholderUSB for new images...
[2025-12-05 20:57:42] 🔍 Scanning C:\Users\Recap\OneDrive\Documents\Banana_Project\Geotag_images\PlaceholderUSB for new images...
[2025-12-05 20:57:42] 🔍 Scanning C:\Users\Recap\OneDrive\Documents\Banana_Project\Geotag_images\PlaceholderUSB for new images...
[2025-12-05 20:57:43] 🔍 Scanning C:\Users\Recap\OneDrive\Documents\Banana_Project\Geotag_images\PlaceholderUSB for new images...
[2025-12-05 20:57:44] 🔍 Scanning C:\Users\Recap\OneDrive\Documents\Banana_Project\Geotag_images\PlaceholderUSB for new images...
[2025-12-05 20:57:46] 🔍 Scanning C:\Users\Recap\OneDrive\Documents\Banana_Project\Geotag_images\PlaceholderUSB for new images...
[2025-12-05 20:57:52] 🔍 Scanning C:\Users\Recap\OneDrive\Documents\Banana_Project\Geotag_images\PlaceholderUSB for new images...
[2025-12-05 20:57:52] 🔍 Scanning C:\Users\Recap\OneDrive\Documents\Banana_Project\Geotag_images\PlaceholderUSB for new images...
[2025-12-05 20:57:53] 🔍 Scanning C:\Users\Recap\OneDrive\Documents\Banana_Project\Geotag_images\PlaceholderUSB for new images...
[2025-12-05 20:57:54] 🔍 Scanning C:\Users\Recap\OneDrive\Documents\Banana_Project\Geotag_images\PlaceholderUSB for new images...
[2025-12-05 20:57:54] 🔍 Scanning C:\Users\Recap\OneDrive\Documents\Banana_Project\Geotag_images\PlaceholderUSB for new images...
[2025-12-05 20:57:56] 🔍 Scanning C:\Users\Recap\OneDrive\Documents\Banana_Project\Geotag_images\PlaceholderUSB for new images...
[2025-12-05 20:58:02] 🔍 Scanning C:\Users\Recap\OneDrive\Documents\Banana_Project\Geotag_images\PlaceholderUSB for new images...
[2025-12-05 20:58:02] 🔍 Scanning C:\Users\Recap\OneDrive\Documents\Banana_Project\Geotag_images\PlaceholderUSB for new images...
[2025-12-05 20:58:04] 🔍 Scanning C:\Users\Recap\OneDrive\Documents\Banana_Project\Geotag_images\PlaceholderUSB for new images...
[2025-12-05 20:58:04] 🔍 Scanning C:\Users\Recap\OneDrive\Documents\Banana_Project\Geotag_images\PlaceholderUSB for new images...
[2025-12-05 20:58:04] 🔍 Scanning C:\Users\Recap\OneDrive\Documents\Banana_Project\Geotag_images\PlaceholderUSB for new images...
[2025-12-05 20:58:06] 🔍 Scanning C:\Users\Recap\OneDrive\Documents\Banana_Project\Geotag_images\PlaceholderUSB for new images...
[2025-12-05 20:58:12] 🔍 Scanning C:\Users\Recap\OneDrive\Documents\Banana_Project\Geotag_images\PlaceholderUSB for new images...
[2025-12-05 20:58:12] 🔍 Scanning C:\Users\Recap\OneDrive\Documents\Banana_Project\Geotag_images\PlaceholderUSB for new images...
[2025-12-05 20:58:14] 🔍 Scanning C:\Users\Recap\OneDrive\Documents\Banana_Project\Geotag_images\PlaceholderUSB for new images...
[2025-12-05 20:58:14] 🔍 Scanning C:\Users\Recap\OneDrive\Documents\Banana_Project\Geotag_images\PlaceholderUSB for new images...
[2025-12-05 20:58:16] 🔍 Scanning C:\Users\Recap\OneDrive\Documents\Banana_Project\Geotag_images\PlaceholderUSB for new images...
[2025-12-05 20:58:22] 🔍 Scanning C:\Users\Recap\OneDrive\Documents\Banana_Project\Geotag_images\PlaceholderUSB for new images...
[2025-12-05 20:58:22] 🔍 Scanning C:\Users\Recap\OneDrive\Documents\Banana_Project\Geotag_images\PlaceholderUSB for new images...
[2025-12-05 20:58:24] 🔍 Scanning C:\Users\Recap\OneDrive\Documents\Banana_Project\Geotag_images\PlaceholderUSB for new images...
[2025-12-05 20:58:24] 🔍 Scanning C:\Users\Recap\OneDrive\Documents\Banana_Project\Geotag_images\PlaceholderUSB for new images...
[2025-12-05 20:58:26] 🔍 Scanning C:\Users\Recap\OneDrive\Documents\Banana_Project\Geotag_images\PlaceholderUSB for new images...
[2025-12-05 20:58:32] 🔍 Scanning C:\Users\Recap\OneDrive\Documents\Banana_Project\Geotag_images\PlaceholderUSB for new images...
[2025-12-05 20:58:32] 🔍 Scanning C:\Users\Recap\OneDrive\Documents\Banana_Project\Geotag_images\PlaceholderUSB for new images...
[2025-12-05 20:58:34] 🔍 Scanning C:\Users\Recap\OneDrive\Documents\Banana_Project\Geotag_images\PlaceholderUSB for new images...
[2025-12-05 20:58:34] 🔍 Scanning C:\Users\Recap\OneDrive\Documents\Banana_Project\Geotag_images\PlaceholderUSB for new images...
[2025-12-05 20:58:34] 🔍 Scanning C:\Users\Recap\OneDrive\Documents\Banana_Project\Geotag_images\PlaceholderUSB for new images...
[2025-12-05 20:58:36] 🔍 Scanning C:\Users\Recap\OneDrive\Documents\Banana_Project\Geotag_images\PlaceholderUSB for new images...
[2025-12-05 20:58:42] 🔍 Scanning C:\Users\Recap\OneDrive\Documents\Banana_Project\Geotag_images\PlaceholderUSB for new images...
[2025-12-05 20:58:42] 🔍 Scanning C:\Users\Recap\OneDrive\Documents\Banana_Project\Geotag_images\PlaceholderUSB for new images...
[2025-12-05 20:58:44] 🔍 Scanning C:\Users\Recap\OneDrive\Documents\Banana_Project\Geotag_images\PlaceholderUSB for new images...
[2025-12-05 20:58:44] 🔍 Scanning C:\Users\Recap\OneDrive\Documents\Banana_Project\Geotag_images\PlaceholderUSB for new images...
[2025-12-05 20:58:46] 🔍 Scanning C:\Users\Recap\OneDrive\Documents\Banana_Project\Geotag_images\PlaceholderUSB for new images...
[2025-12-05 20:58:52] 🔍 Scanning C:\Users\Recap\OneDrive\Documents\Banana_Project\Geotag_images\PlaceholderUSB for new images...
[2025-12-05 20:58:52] 🔍 Scanning C:\Users\Recap\OneDrive\Documents\Banana_Project\Geotag_images\PlaceholderUSB for new images...
[2025-12-05 20:58:54] 🔍 Scanning C:\Users\Recap\OneDrive\Documents\Banana_Project\Geotag_images\PlaceholderUSB for new images...
[2025-12-05 20:58:54] 🔍 Scanning C:\Users\Recap\OneDrive\Documents\Banana_Project\Geotag_images\PlaceholderUSB for new images...
[2025-12-05 20:58:54] 🔍 Scanning C:\Users\Recap\OneDrive\Documents\Banana_Project\Geotag_images\PlaceholderUSB for new images...
[2025-12-05 20:58:56] 🔍 Scanning C:\Users\Recap\OneDrive\Documents\Banana_Project\Geotag_images\PlaceholderUSB for new images...
[2025-12-05 20:59:02] 🔍 Scanning C:\Users\Recap\OneDrive\Documents\Banana_Project\Geotag_images\PlaceholderUSB for new images...
[2025-12-05 20:59:02] 🔍 Scanning C:\Users\Recap\OneDrive\Documents\Banana_Project\Geotag_images\PlaceholderUSB for new images...
[2025-12-05 20:59:04] 🔍 Scanning C:\Users\Recap\OneDrive\Documents\Banana_Project\Geotag_images\PlaceholderUSB for new images...
[2025-12-05 20:59:04] 🔍 Scanning C:\Users\Recap\OneDrive\Documents\Banana_Project\Geotag_images\PlaceholderUSB for new images...
[2025-12-05 20:59:06] 🔍 Scanning C:\Users\Recap\OneDrive\Documents\Banana_Project\Geotag_images\PlaceholderUSB for new images...
[2025-12-05 20:59:12] 🔍 Scanning C:\Users\Recap\OneDrive\Documents\Banana_Project\Geotag_images\PlaceholderUSB for new images...
[2025-12-05 20:59:12] 🔍 Scanning C:\Users\Recap\OneDrive\Documents\Banana_Project\Geotag_images\PlaceholderUSB for new images...
[2025-12-05 20:59:14] 🔍 Scanning C:\Users\Recap\OneDrive\Documents\Banana_Project\Geotag_images\PlaceholderUSB for new images...
[2025-12-05 20:59:14] 🔍 Scanning C:\Users\Recap\OneDrive\Documents\Banana_Project\Geotag_images\PlaceholderUSB for new images...
[2025-12-05 20:59:16] 🔍 Scanning C:\Users\Recap\OneDrive\Documents\Banana_Project\Geotag_images\PlaceholderUSB for new images...
[2025-12-05 20:59:22] 🔍 Scanning C:\Users\Recap\OneDrive\Documents\Banana_Project\Geotag_images\PlaceholderUSB for new images...
[2025-12-05 20:59:22] 🔍 Scanning C:\Users\Recap\OneDrive\Documents\Banana_Project\Geotag_images\PlaceholderUSB for new images...
[2025-12-05 20:59:24] 🔍 Scanning C:\Users\Recap\OneDrive\Documents\Banana_Project\Geotag_images\PlaceholderUSB for new images...
[2025-12-05 20:59:24] 🔍 Scanning C:\Users\Recap\OneDrive\Documents\Banana_Project\Geotag_images\PlaceholderUSB for new images...
[2025-12-05 20:59:24] 🔍 Scanning C:\Users\Recap\OneDrive\Documents\Banana_Project\Geotag_images\PlaceholderUSB for new images...
[2025-12-05 20:59:26] 🔍 Scanning C:\Users\Recap\OneDrive\Documents\Banana_Project\Geotag_images\PlaceholderUSB for new images...
[2025-12-05 20:59:32] 🔍 Scanning C:\Users\Recap\OneDrive\Documents\Banana_Project\Geotag_images\PlaceholderUSB for new images...
[2025-12-05 20:59:32] 🔍 Scanning C:\Users\Recap\OneDrive\Documents\Banana_Project\Geotag_images\PlaceholderUSB for new images...
[2025-12-05 20:59:34] 🔍 Scanning C:\Users\Recap\OneDrive\Documents\Banana_Project\Geotag_images\PlaceholderUSB for new images...
[2025-12-05 20:59:34] 🔍 Scanning C:\Users\Recap\OneDrive\Documents\Banana_Project\Geotag_images\PlaceholderUSB for new images...
[2025-12-05 20:59:36] 🔍 Scanning C:\Users\Recap\OneDrive\Documents\Banana_Project\Geotag_images\PlaceholderUSB for new images...
[2025-12-05 20:59:42] 🔍 Scanning C:\Users\Recap\OneDrive\Documents\Banana_Project\Geotag_images\PlaceholderUSB for new images...
[2025-12-05 20:59:42] 🔍 Scanning C:\Users\Recap\OneDrive\Documents\Banana_Project\Geotag_images\PlaceholderUSB for new images...
[2025-12-05 20:59:44] 🔍 Scanning C:\Users\Recap\OneDrive\Documents\Banana_Project\Geotag_images\PlaceholderUSB for new images...
[2025-12-05 20:59:44] 🔍 Scanning C:\Users\Recap\OneDrive\Documents\Banana_Project\Geotag_images\PlaceholderUSB for new images...
[2025-12-05 20:59:46] 🔍 Scanning C:\Users\Recap\OneDrive\Documents\Banana_Project\Geotag_images\PlaceholderUSB for new images...
[2025-12-05 20:59:52] 🔍 Scanning C:\Users\Recap\OneDrive\Documents\Banana_Project\Geotag_images\PlaceholderUSB for new images...
[2025-12-05 20:59:52] 🔍 Scanning C:\Users\Recap\OneDrive\Documents\Banana_Project\Geotag_images\PlaceholderUSB for new images...
[2025-12-05 20:59:54] 🔍 Scanning C:\Users\Recap\OneDrive\Documents\Banana_Project\Geotag_images\PlaceholderUSB for new images...
[2025-12-05 20:59:54] 🔍 Scanning C:\Users\Recap\OneDrive\Documents\Banana_Project\Geotag_images\PlaceholderUSB for new images...
[2025-12-05 20:59:56] 🔍 Scanning C:\Users\Recap\OneDrive\Documents\Banana_Project\Geotag_images\PlaceholderUSB for new images...
[2025-12-05 21:00:02] 🔍 Scanning C:\Users\Recap\OneDrive\Documents\Banana_Project\Geotag_images\PlaceholderUSB for new images...
[2025-12-05 21:00:02] 🔍 Scanning C:\Users\Recap\OneDrive\Documents\Banana_Project\Geotag_images\PlaceholderUSB for new images...
[2025-12-05 21:00:04] 🔍 Scanning C:\Users\Recap\OneDrive\Documents\Banana_Project\Geotag_images\PlaceholderUSB for new images...
[2025-12-05 21:00:04] 🔍 Scanning C:\Users\Recap\OneDrive\Documents\Banana_Project\Geotag_images\PlaceholderUSB for new images...
[2025-12-05 21:00:06] 🔍 Scanning C:\Users\Recap\OneDrive\Documents\Banana_Project\Geotag_images\PlaceholderUSB for new images...
[2025-12-05 21:00:12] 🔍 Scanning C:\Users\Recap\OneDrive\Documents\Banana_Project\Geotag_images\PlaceholderUSB for new images...
[2025-12-05 21:00:12] 🔍 Scanning C:\Users\Recap\OneDrive\Documents\Banana_Project\Geotag_images\PlaceholderUSB for new images...
[2025-12-05 21:00:14] 🔍 Scanning C:\Users\Recap\OneDrive\Documents\Banana_Project\Geotag_images\PlaceholderUSB for new images...
[2025-12-05 21:00:14] 🔍 Scanning C:\Users\Recap\OneDrive\Documents\Banana_Project\Geotag_images\PlaceholderUSB for new images...
[2025-12-05 21:00:16] 🔍 Scanning C:\Users\Recap\OneDrive\Documents\Banana_Project\Geotag_images\PlaceholderUSB for new images...
[2025-12-05 21:00:22] 🔍 Scanning C:\Users\Recap\OneDrive\Documents\Banana_Project\Geotag_images\PlaceholderUSB for new images...
[2025-12-05 21:00:22] 🔍 Scanning C:\Users\Recap\OneDrive\Documents\Banana_Project\Geotag_images\PlaceholderUSB for new images...
[2025-12-05 21:00:24] 🔍 Scanning C:\Users\Recap\OneDrive\Documents\Banana_Project\Geotag_images\PlaceholderUSB for new images...
[2025-12-05 21:00:24] 🔍 Scanning C:\Users\Recap\OneDrive\Documents\Banana_Project\Geotag_images\PlaceholderUSB for new images...
[2025-12-05 21:00:24] 🔍 Scanning C:\Users\Recap\OneDrive\Documents\Banana_Project\Geotag_images\PlaceholderUSB for new images...
[2025-12-05 21:00:26] 🔍 Scanning C:\Users\Recap\OneDrive\Documents\Banana_Project\Geotag_images\PlaceholderUSB for new images...
[2025-12-05 21:00:32] 🔍 Scanning C:\Users\Recap\OneDrive\Documents\Banana_Project\Geotag_images\PlaceholderUSB for new images...
[2025-12-05 21:00:32] 🔍 Scanning C:\Users\Recap\OneDrive\Documents\Banana_Project\Geotag_images\PlaceholderUSB for new images...
[2025-12-05 21:00:34] 🔍 Scanning C:\Users\Recap\OneDrive\Documents\Banana_Project\Geotag_images\PlaceholderUSB for new images...
[2025-12-05 21:00:34] 🔍 Scanning C:\Users\Recap\OneDrive\Documents\Banana_Project\Geotag_images\PlaceholderUSB for new images...
[2025-12-05 21:00:34] 🔍 Scanning C:\Users\Recap\OneDrive\Documents\Banana_Project\Geotag_images\PlaceholderUSB for new images...
[2025-12-05 21:00:36] 🔍 Scanning C:\Users\Recap\OneDrive\Documents\Banana_Project\Geotag_images\PlaceholderUSB for new images...
[2025-12-05 21:00:42] 🔍 Scanning C:\Users\Recap\OneDrive\Documents\Banana_Project\Geotag_images\PlaceholderUSB for new images...
[2025-12-05 21:00:42] 🔍 Scanning C:\Users\Recap\OneDrive\Documents\Banana_Project\Geotag_images\PlaceholderUSB for new images...
[2025-12-05 21:00:44] 🔍 Scanning C:\Users\Recap\OneDrive\Documents\Banana_Project\Geotag_images\PlaceholderUSB for new images...
[2025-12-05 21:00:44] 🔍 Scanning C:\Users\Recap\OneDrive\Documents\Banana_Project\Geotag_images\PlaceholderUSB for new images...
[2025-12-05 21:00:46] 🔍 Scanning C:\Users\Recap\OneDrive\Documents\Banana_Project\Geotag_images\PlaceholderUSB for new images...
[2025-12-05 21:00:52] 🔍 Scanning C:\Users\Recap\OneDrive\Documents\Banana_Project\Geotag_images\PlaceholderUSB for new images...
[2025-12-05 21:00:52] 🔍 Scanning C:\Users\Recap\OneDrive\Documents\Banana_Project\Geotag_images\PlaceholderUSB for new images...
[2025-12-05 21:00:54] 🔍 Scanning C:\Users\Recap\OneDrive\Documents\Banana_Project\Geotag_images\PlaceholderUSB for new images...
[2025-12-05 21:00:54] 🔍 Scanning C:\Users\Recap\OneDrive\Documents\Banana_Project\Geotag_images\PlaceholderUSB for new images...
[2025-12-05 21:00:56] 🔍 Scanning C:\Users\Recap\OneDrive\Documents\Banana_Project\Geotag_images\PlaceholderUSB for new images...
[2025-12-05 21:01:02] 🔍 Scanning C:\Users\Recap\OneDrive\Documents\Banana_Project\Geotag_images\PlaceholderUSB for new images...
[2025-12-05 21:01:02] 🔍 Scanning C:\Users\Recap\OneDrive\Documents\Banana_Project\Geotag_images\PlaceholderUSB for new images...
[2025-12-05 21:01:04] 🔍 Scanning C:\Users\Recap\OneDrive\Documents\Banana_Project\Geotag_images\PlaceholderUSB for new images...
[2025-12-05 21:01:04] 🔍 Scanning C:\Users\Recap\OneDrive\Documents\Banana_Project\Geotag_images\PlaceholderUSB for new images...
[2025-12-05 21:01:06] 🔍 Scanning C:\Users\Recap\OneDrive\Documents\Banana_Project\Geotag_images\PlaceholderUSB for new images...
[2025-12-05 21:01:12] 🔍 Scanning C:\Users\Recap\OneDrive\Documents\Banana_Project\Geotag_images\PlaceholderUSB for new images...
[2025-12-05 21:01:12] 🔍 Scanning C:\Users\Recap\OneDrive\Documents\Banana_Project\Geotag_images\PlaceholderUSB for new images...
[2025-12-05 21:01:14] 🔍 Scanning C:\Users\Recap\OneDrive\Documents\Banana_Project\Geotag_images\PlaceholderUSB for new images...
[2025-12-05 21:01:14] 🔍 Scanning C:\Users\Recap\OneDrive\Documents\Banana_Project\Geotag_images\PlaceholderUSB for new images...
[2025-12-05 21:01:16] 🔍 Scanning C:\Users\Recap\OneDrive\Documents\Banana_Project\Geotag_images\PlaceholderUSB for new images...
[2025-12-05 21:01:22] 🔍 Scanning C:\Users\Recap\OneDrive\Documents\Banana_Project\Geotag_images\PlaceholderUSB for new images...
[2025-12-05 21:01:22] 🔍 Scanning C:\Users\Recap\OneDrive\Documents\Banana_Project\Geotag_images\PlaceholderUSB for new images...
[2025-12-05 21:01:24] 🔍 Scanning C:\Users\Recap\OneDrive\Documents\Banana_Project\Geotag_images\PlaceholderUSB for new images...
[2025-12-05 21:01:24] 🔍 Scanning C:\Users\Recap\OneDrive\Documents\Banana_Project\Geotag_images\PlaceholderUSB for new images...
[2025-12-05 21:01:26] 🔍 Scanning C:\Users\Recap\OneDrive\Documents\Banana_Project\Geotag_images\PlaceholderUSB for new images...
[2025-12-05 21:01:32] 🔍 Scanning C:\Users\Recap\OneDrive\Documents\Banana_Project\Geotag_images\PlaceholderUSB for new images...
[2025-12-05 21:01:32] 🔍 Scanning C:\Users\Recap\OneDrive\Documents\Banana_Project\Geotag_images\PlaceholderUSB for new images...
[2025-12-05 21:01:34] 🔍 Scanning C:\Users\Recap\OneDrive\Documents\Banana_Project\Geotag_images\PlaceholderUSB for new images...
[2025-12-05 21:01:34] 🔍 Scanning C:\Users\Recap\OneDrive\Documents\Banana_Project\Geotag_images\PlaceholderUSB for new images...
[2025-12-05 21:01:34] 🔍 Scanning C:\Users\Recap\OneDrive\Documents\Banana_Project\Geotag_images\PlaceholderUSB for new images...
[2025-12-05 21:01:36] 🔍 Scanning C:\Users\Recap\OneDrive\Documents\Banana_Project\Geotag_images\PlaceholderUSB for new images...
[2025-12-05 21:01:42] 🔍 Scanning C:\Users\Recap\OneDrive\Documents\Banana_Project\Geotag_images\PlaceholderUSB for new images...
[2025-12-05 21:01:42] 🔍 Scanning C:\Users\Recap\OneDrive\Documents\Banana_Project\Geotag_images\PlaceholderUSB for new images...
[2025-12-05 21:01:44] 🔍 Scanning C:\Users\Recap\OneDrive\Documents\Banana_Project\Geotag_images\PlaceholderUSB for new images...
[2025-12-05 21:01:44] 🔍 Scanning C:\Users\Recap\OneDrive\Documents\Banana_Project\Geotag_images\PlaceholderUSB for new images...
[2025-12-05 21:01:46] 🔍 Scanning C:\Users\Recap\OneDrive\Documents\Banana_Project\Geotag_images\PlaceholderUSB for new images...
[2025-12-05 21:01:52] 🔍 Scanning C:\Users\Recap\OneDrive\Documents\Banana_Project\Geotag_images\PlaceholderUSB for new images...
[2025-12-05 21:01:52] 🔍 Scanning C:\Users\Recap\OneDrive\Documents\Banana_Project\Geotag_images\PlaceholderUSB for new images...
[2025-12-05 21:01:54] 🔍 Scanning C:\Users\Recap\OneDrive\Documents\Banana_Project\Geotag_images\PlaceholderUSB for new images...
[2025-12-05 21:01:54] 🔍 Scanning C:\Users\Recap\OneDrive\Documents\Banana_Project\Geotag_images\PlaceholderUSB for new images...
[2025-12-05 21:01:56] 🔍 Scanning C:\Users\Recap\OneDrive\Documents\Banana_Project\Geotag_images\PlaceholderUSB for new images...
[2025-12-05 21:02:02] 🔍 Scanning C:\Users\Recap\OneDrive\Documents\Banana_Project\Geotag_images\PlaceholderUSB for new images...
[2025-12-05 21:02:02] 🔍 Scanning C:\Users\Recap\OneDrive\Documents\Banana_Project\Geotag_images\PlaceholderUSB for new images...
[2025-12-05 21:02:04] 🔍 Scanning C:\Users\Recap\OneDrive\Documents\Banana_Project\Geotag_images\PlaceholderUSB for new images...
[2025-12-05 21:02:04] 🔍 Scanning C:\Users\Recap\OneDrive\Documents\Banana_Project\Geotag_images\PlaceholderUSB for new images...
[2025-12-05 21:02:06] 🔍 Scanning C:\Users\Recap\OneDrive\Documents\Banana_Project\Geotag_images\PlaceholderUSB for new images...
[2025-12-05 21:02:12] 🔍 Scanning C:\Users\Recap\OneDrive\Documents\Banana_Project\Geotag_images\PlaceholderUSB for new images...
[2025-12-05 21:02:12] 🔍 Scanning C:\Users\Recap\OneDrive\Documents\Banana_Project\Geotag_images\PlaceholderUSB for new images...
[2025-12-05 21:02:14] 🔍 Scanning C:\Users\Recap\OneDrive\Documents\Banana_Project\Geotag_images\PlaceholderUSB for new images...
[2025-12-05 21:02:14] 🔍 Scanning C:\Users\Recap\OneDrive\Documents\Banana_Project\Geotag_images\PlaceholderUSB for new images...
[2025-12-05 21:02:14] 🔍 Scanning C:\Users\Recap\OneDrive\Documents\Banana_Project\Geotag_images\PlaceholderUSB for new images...
[2025-12-05 21:02:16] 🔍 Scanning C:\Users\Recap\OneDrive\Documents\Banana_Project\Geotag_images\PlaceholderUSB for new images...
[2025-12-05 21:02:22] 🔍 Scanning C:\Users\Recap\OneDrive\Documents\Banana_Project\Geotag_images\PlaceholderUSB for new images...
[2025-12-05 21:02:22] 🔍 Scanning C:\Users\Recap\OneDrive\Documents\Banana_Project\Geotag_images\PlaceholderUSB for new images...
[2025-12-05 21:02:24] 🔍 Scanning C:\Users\Recap\OneDrive\Documents\Banana_Project\Geotag_images\PlaceholderUSB for new images...
[2025-12-05 21:02:24] 🔍 Scanning C:\Users\Recap\OneDrive\Documents\Banana_Project\Geotag_images\PlaceholderUSB for new images...
[2025-12-05 21:02:26] 🔍 Scanning C:\Users\Recap\OneDrive\Documents\Banana_Project\Geotag_images\PlaceholderUSB for new images...
[2025-12-05 21:02:32] 🔍 Scanning C:\Users\Recap\OneDrive\Documents\Banana_Project\Geotag_images\PlaceholderUSB for new images...
[2025-12-05 21:02:32] 🔍 Scanning C:\Users\Recap\OneDrive\Documents\Banana_Project\Geotag_images\PlaceholderUSB for new images...
[2025-12-05 21:02:34] 🔍 Scanning C:\Users\Recap\OneDrive\Documents\Banana_Project\Geotag_images\PlaceholderUSB for new images...
[2025-12-05 21:02:34] 🔍 Scanning C:\Users\Recap\OneDrive\Documents\Banana_Project\Geotag_images\PlaceholderUSB for new images...
[2025-12-05 21:02:36] 🔍 Scanning C:\Users\Recap\OneDrive\Documents\Banana_Project\Geotag_images\PlaceholderUSB for new images...
[2025-12-05 21:02:42] 🔍 Scanning C:\Users\Recap\OneDrive\Documents\Banana_Project\Geotag_images\PlaceholderUSB for new images...
[2025-12-05 21:02:42] 🔍 Scanning C:\Users\Recap\OneDrive\Documents\Banana_Project\Geotag_images\PlaceholderUSB for new images...
[2025-12-05 21:02:44] 🔍 Scanning C:\Users\Recap\OneDrive\Documents\Banana_Project\Geotag_images\PlaceholderUSB for new images...
[2025-12-05 21:02:44] 🔍 Scanning C:\Users\Recap\OneDrive\Documents\Banana_Project\Geotag_images\PlaceholderUSB for new images...
[2025-12-05 21:02:46] 🔍 Scanning C:\Users\Recap\OneDrive\Documents\Banana_Project\Geotag_images\PlaceholderUSB for new images...
[2025-12-05 21:02:52] 🔍 Scanning C:\Users\Recap\OneDrive\Documents\Banana_Project\Geotag_images\PlaceholderUSB for new images...
[2025-12-05 21:02:52] 🔍 Scanning C:\Users\Recap\OneDrive\Documents\Banana_Project\Geotag_images\PlaceholderUSB for new images...
[2025-12-05 21:02:54] 🔍 Scanning C:\Users\Recap\OneDrive\Documents\Banana_Project\Geotag_images\PlaceholderUSB for new images...
[2025-12-05 21:02:54] 🔍 Scanning C:\Users\Recap\OneDrive\Documents\Banana_Project\Geotag_images\PlaceholderUSB for new images...
[2025-12-05 21:02:56] 🔍 Scanning C:\Users\Recap\OneDrive\Documents\Banana_Project\Geotag_images\PlaceholderUSB for new images...
[2025-12-05 21:03:02] 🔍 Scanning C:\Users\Recap\OneDrive\Documents\Banana_Project\Geotag_images\PlaceholderUSB for new images...
[2025-12-05 21:03:02] 🔍 Scanning C:\Users\Recap\OneDrive\Documents\Banana_Project\Geotag_images\PlaceholderUSB for new images...
[2025-12-05 21:03:04] 🔍 Scanning C:\Users\Recap\OneDrive\Documents\Banana_Project\Geotag_images\PlaceholderUSB for new images...
[2025-12-05 21:03:04] 🔍 Scanning C:\Users\Recap\OneDrive\Documents\Banana_Project\Geotag_images\PlaceholderUSB for new images...
[2025-12-05 21:03:06] 🔍 Scanning C:\Users\Recap\OneDrive\Documents\Banana_Project\Geotag_images\PlaceholderUSB for new images...
[2025-12-05 21:03:12] 🔍 Scanning C:\Users\Recap\OneDrive\Documents\Banana_Project\Geotag_images\PlaceholderUSB for new images...
[2025-12-05 21:03:12] 🔍 Scanning C:\Users\Recap\OneDrive\Documents\Banana_Project\Geotag_images\PlaceholderUSB for new images...
[2025-12-05 21:03:14] 🔍 Scanning C:\Users\Recap\OneDrive\Documents\Banana_Project\Geotag_images\PlaceholderUSB for new images...
[2025-12-05 21:03:14] 🔍 Scanning C:\Users\Recap\OneDrive\Documents\Banana_Project\Geotag_images\PlaceholderUSB for new images...
[2025-12-05 21:03:16] 🔍 Scanning C:\Users\Recap\OneDrive\Documents\Banana_Project\Geotag_images\PlaceholderUSB for new images...
[2025-12-05 21:03:22] 🔍 Scanning C:\Users\Recap\OneDrive\Documents\Banana_Project\Geotag_images\PlaceholderUSB for new images...
[2025-12-05 21:03:22] 🔍 Scanning C:\Users\Recap\OneDrive\Documents\Banana_Project\Geotag_images\PlaceholderUSB for new images...
[2025-12-05 21:03:24] 🔍 Scanning C:\Users\Recap\OneDrive\Documents\Banana_Project\Geotag_images\PlaceholderUSB for new images...
[2025-12-05 21:03:24] 🔍 Scanning C:\Users\Recap\OneDrive\Documents\Banana_Project\Geotag_images\PlaceholderUSB for new images...
[2025-12-05 21:03:26] 🔍 Scanning C:\Users\Recap\OneDrive\Documents\Banana_Project\Geotag_images\PlaceholderUSB for new images...
[2025-12-05 21:03:32] 🔍 Scanning C:\Users\Recap\OneDrive\Documents\Banana_Project\Geotag_images\PlaceholderUSB for new images...
[2025-12-05 21:03:32] 🔍 Scanning C:\Users\Recap\OneDrive\Documents\Banana_Project\Geotag_images\PlaceholderUSB for new images...
[2025-12-05 21:03:34] 🔍 Scanning C:\Users\Recap\OneDrive\Documents\Banana_Project\Geotag_images\PlaceholderUSB for new images...
[2025-12-05 21:03:34] 🔍 Scanning C:\Users\Recap\OneDrive\Documents\Banana_Project\Geotag_images\PlaceholderUSB for new images...
[2025-12-05 21:03:36] 🔍 Scanning C:\Users\Recap\OneDrive\Documents\Banana_Project\Geotag_images\PlaceholderUSB for new images...
[2025-12-05 21:03:42] 🔍 Scanning C:\Users\Recap\OneDrive\Documents\Banana_Project\Geotag_images\PlaceholderUSB for new images...
[2025-12-05 21:03:42] 🔍 Scanning C:\Users\Recap\OneDrive\Documents\Banana_Project\Geotag_images\PlaceholderUSB for new images...
[2025-12-05 21:03:44] 🔍 Scanning C:\Users\Recap\OneDrive\Documents\Banana_Project\Geotag_images\PlaceholderUSB for new images...
[2025-12-05 21:03:44] 🔍 Scanning C:\Users\Recap\OneDrive\Documents\Banana_Project\Geotag_images\PlaceholderUSB for new images...
[2025-12-05 21:03:44] 🔍 Scanning C:\Users\Recap\OneDrive\Documents\Banana_Project\Geotag_images\PlaceholderUSB for new images...
[2025-12-05 21:03:46] 🔍 Scanning C:\Users\Recap\OneDrive\Documents\Banana_Project\Geotag_images\PlaceholderUSB for new images...
[2025-12-05 21:03:52] 🔍 Scanning C:\Users\Recap\OneDrive\Documents\Banana_Project\Geotag_images\PlaceholderUSB for new images...
[2025-12-05 21:03:52] 🔍 Scanning C:\Users\Recap\OneDrive\Documents\Banana_Project\Geotag_images\PlaceholderUSB for new images...
[2025-12-05 21:03:54] 🔍 Scanning C:\Users\Recap\OneDrive\Documents\Banana_Project\Geotag_images\PlaceholderUSB for new images...
[2025-12-05 21:03:55] 🔍 Scanning C:\Users\Recap\OneDrive\Documents\Banana_Project\Geotag_images\PlaceholderUSB for new images...
[2025-12-05 21:03:56] 🔍 Scanning C:\Users\Recap\OneDrive\Documents\Banana_Project\Geotag_images\PlaceholderUSB for new images...
[2025-12-05 21:04:02] 🔍 Scanning C:\Users\Recap\OneDrive\Documents\Banana_Project\Geotag_images\PlaceholderUSB for new images...
[2025-12-05 21:04:02] 🔍 Scanning C:\Users\Recap\OneDrive\Documents\Banana_Project\Geotag_images\PlaceholderUSB for new images...
[2025-12-05 21:04:04] 🔍 Scanning C:\Users\Recap\OneDrive\Documents\Banana_Project\Geotag_images\PlaceholderUSB for new images...
[2025-12-05 21:04:05] 🔍 Scanning C:\Users\Recap\OneDrive\Documents\Banana_Project\Geotag_images\PlaceholderUSB for new images...
[2025-12-05 21:04:06] 🔍 Scanning C:\Users\Recap\OneDrive\Documents\Banana_Project\Geotag_images\PlaceholderUSB for new images...
[2025-12-05 21:04:12] 🔍 Scanning C:\Users\Recap\OneDrive\Documents\Banana_Project\Geotag_images\PlaceholderUSB for new images...
[2025-12-05 21:04:12] 🔍 Scanning C:\Users\Recap\OneDrive\Documents\Banana_Project\Geotag_images\PlaceholderUSB for new images...
[2025-12-05 21:04:14] 🔍 Scanning C:\Users\Recap\OneDrive\Documents\Banana_Project\Geotag_images\PlaceholderUSB for new images...
[2025-12-05 21:04:15] 🔍 Scanning C:\Users\Recap\OneDrive\Documents\Banana_Project\Geotag_images\PlaceholderUSB for new images...
[2025-12-05 21:04:15] 🔍 Scanning C:\Users\Recap\OneDrive\Documents\Banana_Project\Geotag_images\PlaceholderUSB for new images...
[2025-12-05 21:04:16] 🔍 Scanning C:\Users\Recap\OneDrive\Documents\Banana_Project\Geotag_images\PlaceholderUSB for new images...
[2025-12-05 21:04:22] 🔍 Scanning C:\Users\Recap\OneDrive\Documents\Banana_Project\Geotag_images\PlaceholderUSB for new images...
[2025-12-05 21:04:22] 🔍 Scanning C:\Users\Recap\OneDrive\Documents\Banana_Project\Geotag_images\PlaceholderUSB for new images...
[2025-12-05 21:04:24] 🔍 Scanning C:\Users\Recap\OneDrive\Documents\Banana_Project\Geotag_images\PlaceholderUSB for new images...
[2025-12-05 21:04:25] 🔍 Scanning C:\Users\Recap\OneDrive\Documents\Banana_Project\Geotag_images\PlaceholderUSB for new images...
[2025-12-05 21:04:26] 🔍 Scanning C:\Users\Recap\OneDrive\Documents\Banana_Project\Geotag_images\PlaceholderUSB for new images...
[2025-12-05 21:04:32] 🔍 Scanning C:\Users\Recap\OneDrive\Documents\Banana_Project\Geotag_images\PlaceholderUSB for new images...
[2025-12-05 21:04:32] 🔍 Scanning C:\Users\Recap\OneDrive\Documents\Banana_Project\Geotag_images\PlaceholderUSB for new images...
[2025-12-05 21:04:34] 🔍 Scanning C:\Users\Recap\OneDrive\Documents\Banana_Project\Geotag_images\PlaceholderUSB for new images...
[2025-12-05 21:04:35] 🔍 Scanning C:\Users\Recap\OneDrive\Documents\Banana_Project\Geotag_images\PlaceholderUSB for new images...
[2025-12-05 21:04:35] 🔍 Scanning C:\Users\Recap\OneDrive\Documents\Banana_Project\Geotag_images\PlaceholderUSB for new images...
[2025-12-05 21:04:36] 🔍 Scanning C:\Users\Recap\OneDrive\Documents\Banana_Project\Geotag_images\PlaceholderUSB for new images...
[2025-12-05 21:04:42] 🔍 Scanning C:\Users\Recap\OneDrive\Documents\Banana_Project\Geotag_images\PlaceholderUSB for new images...
[2025-12-05 21:04:42] 🔍 Scanning C:\Users\Recap\OneDrive\Documents\Banana_Project\Geotag_images\PlaceholderUSB for new images...
[2025-12-05 21:04:44] 🔍 Scanning C:\Users\Recap\OneDrive\Documents\Banana_Project\Geotag_images\PlaceholderUSB for new images...
[2025-12-05 21:04:45] 🔍 Scanning C:\Users\Recap\OneDrive\Documents\Banana_Project\Geotag_images\PlaceholderUSB for new images...
[2025-12-05 21:04:46] 🔍 Scanning C:\Users\Recap\OneDrive\Documents\Banana_Project\Geotag_images\PlaceholderUSB for new images...
[2025-12-05 21:04:52] 🔍 Scanning C:\Users\Recap\OneDrive\Documents\Banana_Project\Geotag_images\PlaceholderUSB for new images...
[2025-12-05 21:04:52] 🔍 Scanning C:\Users\Recap\OneDrive\Documents\Banana_Project\Geotag_images\PlaceholderUSB for new images...
[2025-12-05 21:04:54] 🔍 Scanning C:\Users\Recap\OneDrive\Documents\Banana_Project\Geotag_images\PlaceholderUSB for new images...
[2025-12-05 21:04:55] 🔍 Scanning C:\Users\Recap\OneDrive\Documents\Banana_Project\Geotag_images\PlaceholderUSB for new images...
[2025-12-05 21:04:56] 🔍 Scanning C:\Users\Recap\OneDrive\Documents\Banana_Project\Geotag_images\PlaceholderUSB for new images...
[2025-12-05 21:05:02] 🔍 Scanning C:\Users\Recap\OneDrive\Documents\Banana_Project\Geotag_images\PlaceholderUSB for new images...
[2025-12-05 21:05:02] 🔍 Scanning C:\Users\Recap\OneDrive\Documents\Banana_Project\Geotag_images\PlaceholderUSB for new images...
[2025-12-05 21:05:04] 🔍 Scanning C:\Users\Recap\OneDrive\Documents\Banana_Project\Geotag_images\PlaceholderUSB for new images...
[2025-12-05 21:05:05] 🔍 Scanning C:\Users\Recap\OneDrive\Documents\Banana_Project\Geotag_images\PlaceholderUSB for new images...
[2025-12-05 21:05:06] 🔍 Scanning C:\Users\Recap\OneDrive\Documents\Banana_Project\Geotag_images\PlaceholderUSB for new images...
[2025-12-05 21:05:12] 🔍 Scanning C:\Users\Recap\OneDrive\Documents\Banana_Project\Geotag_images\PlaceholderUSB for new images...
[2025-12-05 21:05:12] 🔍 Scanning C:\Users\Recap\OneDrive\Documents\Banana_Project\Geotag_images\PlaceholderUSB for new images...
[2025-12-05 21:05:14] 🔍 Scanning C:\Users\Recap\OneDrive\Documents\Banana_Project\Geotag_images\PlaceholderUSB for new images...
[2025-12-05 21:05:15] 🔍 Scanning C:\Users\Recap\OneDrive\Documents\Banana_Project\Geotag_images\PlaceholderUSB for new images...
[2025-12-05 21:05:16] 🔍 Scanning C:\Users\Recap\OneDrive\Documents\Banana_Project\Geotag_images\PlaceholderUSB for new images...
[2025-12-05 21:05:22] 🔍 Scanning C:\Users\Recap\OneDrive\Documents\Banana_Project\Geotag_images\PlaceholderUSB for new images...
[2025-12-05 21:05:22] 🔍 Scanning C:\Users\Recap\OneDrive\Documents\Banana_Project\Geotag_images\PlaceholderUSB for new images...
[2025-12-05 21:05:24] 🔍 Scanning C:\Users\Recap\OneDrive\Documents\Banana_Project\Geotag_images\PlaceholderUSB for new images...
[2025-12-05 21:05:25] 🔍 Scanning C:\Users\Recap\OneDrive\Documents\Banana_Project\Geotag_images\PlaceholderUSB for new images...
[2025-12-05 21:05:26] 🔍 Scanning C:\Users\Recap\OneDrive\Documents\Banana_Project\Geotag_images\PlaceholderUSB for new images...
[2025-12-05 21:05:32] 🔍 Scanning C:\Users\Recap\OneDrive\Documents\Banana_Project\Geotag_images\PlaceholderUSB for new images...
[2025-12-05 21:05:32] 🔍 Scanning C:\Users\Recap\OneDrive\Documents\Banana_Project\Geotag_images\PlaceholderUSB for new images...
[2025-12-05 21:05:34] 🔍 Scanning C:\Users\Recap\OneDrive\Documents\Banana_Project\Geotag_images\PlaceholderUSB for new images...
[2025-12-05 21:05:35] 🔍 Scanning C:\Users\Recap\OneDrive\Documents\Banana_Project\Geotag_images\PlaceholderUSB for new images...
[2025-12-05 21:05:36] 🔍 Scanning C:\Users\Recap\OneDrive\Documents\Banana_Project\Geotag_images\PlaceholderUSB for new images...
[2025-12-05 21:05:42] 🔍 Scanning C:\Users\Recap\OneDrive\Documents\Banana_Project\Geotag_images\PlaceholderUSB for new images...
[2025-12-05 21:05:42] 🔍 Scanning C:\Users\Recap\OneDrive\Documents\Banana_Project\Geotag_images\PlaceholderUSB for new images...
[2025-12-05 21:05:44] 🔍 Scanning C:\Users\Recap\OneDrive\Documents\Banana_Project\Geotag_images\PlaceholderUSB for new images...
[2025-12-05 21:05:45] 🔍 Scanning C:\Users\Recap\OneDrive\Documents\Banana_Project\Geotag_images\PlaceholderUSB for new images...
[2025-12-05 21:05:46] 🔍 Scanning C:\Users\Recap\OneDrive\Documents\Banana_Project\Geotag_images\PlaceholderUSB for new images...
[2025-12-05 21:05:52] 🔍 Scanning C:\Users\Recap\OneDrive\Documents\Banana_Project\Geotag_images\PlaceholderUSB for new images...
[2025-12-05 21:05:52] 🔍 Scanning C:\Users\Recap\OneDrive\Documents\Banana_Project\Geotag_images\PlaceholderUSB for new images...
[2025-12-05 21:05:54] 🔍 Scanning C:\Users\Recap\OneDrive\Documents\Banana_Project\Geotag_images\PlaceholderUSB for new images...
[2025-12-05 21:05:55] 🔍 Scanning C:\Users\Recap\OneDrive\Documents\Banana_Project\Geotag_images\PlaceholderUSB for new images...
[2025-12-05 21:05:56] 🔍 Scanning C:\Users\Recap\OneDrive\Documents\Banana_Project\Geotag_images\PlaceholderUSB for new images...
[2025-12-05 21:06:02] 🔍 Scanning C:\Users\Recap\OneDrive\Documents\Banana_Project\Geotag_images\PlaceholderUSB for new images...
[2025-12-05 21:06:02] 🔍 Scanning C:\Users\Recap\OneDrive\Documents\Banana_Project\Geotag_images\PlaceholderUSB for new images...
[2025-12-05 21:06:04] 🔍 Scanning C:\Users\Recap\OneDrive\Documents\Banana_Project\Geotag_images\PlaceholderUSB for new images...
[2025-12-05 21:06:05] 🔍 Scanning C:\Users\Recap\OneDrive\Documents\Banana_Project\Geotag_images\PlaceholderUSB for new images...
[2025-12-05 21:06:06] 🔍 Scanning C:\Users\Recap\OneDrive\Documents\Banana_Project\Geotag_images\PlaceholderUSB for new images...
[2025-12-05 21:06:12] 🔍 Scanning C:\Users\Recap\OneDrive\Documents\Banana_Project\Geotag_images\PlaceholderUSB for new images...
[2025-12-05 21:06:12] 🔍 Scanning C:\Users\Recap\OneDrive\Documents\Banana_Project\Geotag_images\PlaceholderUSB for new images...
[2025-12-05 21:06:14] 🔍 Scanning C:\Users\Recap\OneDrive\Documents\Banana_Project\Geotag_images\PlaceholderUSB for new images...
[2025-12-05 21:06:15] 🔍 Scanning C:\Users\Recap\OneDrive\Documents\Banana_Project\Geotag_images\PlaceholderUSB for new images...
[2025-12-05 21:06:15] 🔍 Scanning C:\Users\Recap\OneDrive\Documents\Banana_Project\Geotag_images\PlaceholderUSB for new images...
[2025-12-05 21:06:16] 🔍 Scanning C:\Users\Recap\OneDrive\Documents\Banana_Project\Geotag_images\PlaceholderUSB for new images...
[2025-12-05 21:06:22] 🔍 Scanning C:\Users\Recap\OneDrive\Documents\Banana_Project\Geotag_images\PlaceholderUSB for new images...
[2025-12-05 21:06:22] 🔍 Scanning C:\Users\Recap\OneDrive\Documents\Banana_Project\Geotag_images\PlaceholderUSB for new images...
[2025-12-05 21:06:24] 🔍 Scanning C:\Users\Recap\OneDrive\Documents\Banana_Project\Geotag_images\PlaceholderUSB for new images...
[2025-12-05 21:06:25] 🔍 Scanning C:\Users\Recap\OneDrive\Documents\Banana_Project\Geotag_images\PlaceholderUSB for new images...
[2025-12-05 21:06:26] 🔍 Scanning C:\Users\Recap\OneDrive\Documents\Banana_Project\Geotag_images\PlaceholderUSB for new images...
[2025-12-05 21:06:32] 🔍 Scanning C:\Users\Recap\OneDrive\Documents\Banana_Project\Geotag_images\PlaceholderUSB for new images...
[2025-12-05 21:06:32] 🔍 Scanning C:\Users\Recap\OneDrive\Documents\Banana_Project\Geotag_images\PlaceholderUSB for new images...
[2025-12-05 21:06:34] 🔍 Scanning C:\Users\Recap\OneDrive\Documents\Banana_Project\Geotag_images\PlaceholderUSB for new images...
[2025-12-05 21:06:35] 🔍 Scanning C:\Users\Recap\OneDrive\Documents\Banana_Project\Geotag_images\PlaceholderUSB for new images...
[2025-12-05 21:06:36] 🔍 Scanning C:\Users\Recap\OneDrive\Documents\Banana_Project\Geotag_images\PlaceholderUSB for new images...
[2025-12-05 21:06:42] 🔍 Scanning C:\Users\Recap\OneDrive\Documents\Banana_Project\Geotag_images\PlaceholderUSB for new images...
[2025-12-05 21:06:42] 🔍 Scanning C:\Users\Recap\OneDrive\Documents\Banana_Project\Geotag_images\PlaceholderUSB for new images...
[2025-12-05 21:06:44] 🔍 Scanning C:\Users\Recap\OneDrive\Documents\Banana_Project\Geotag_images\PlaceholderUSB for new images...
[2025-12-05 21:06:45] 🔍 Scanning C:\Users\Recap\OneDrive\Documents\Banana_Project\Geotag_images\PlaceholderUSB for new images...
[2025-12-05 21:06:46] 🔍 Scanning C:\Users\Recap\OneDrive\Documents\Banana_Project\Geotag_images\PlaceholderUSB for new images...
[2025-12-05 21:06:52] 🔍 Scanning C:\Users\Recap\OneDrive\Documents\Banana_Project\Geotag_images\PlaceholderUSB for new images...
[2025-12-05 21:06:52] 🔍 Scanning C:\Users\Recap\OneDrive\Documents\Banana_Project\Geotag_images\PlaceholderUSB for new images...
[2025-12-05 21:06:54] 🔍 Scanning C:\Users\Recap\OneDrive\Documents\Banana_Project\Geotag_images\PlaceholderUSB for new images...
[2025-12-05 21:06:55] 🔍 Scanning C:\Users\Recap\OneDrive\Documents\Banana_Project\Geotag_images\PlaceholderUSB for new images...
[2025-12-05 21:06:56] 🔍 Scanning C:\Users\Recap\OneDrive\Documents\Banana_Project\Geotag_images\PlaceholderUSB for new images...
[2025-12-05 21:07:02] 🔍 Scanning C:\Users\Recap\OneDrive\Documents\Banana_Project\Geotag_images\PlaceholderUSB for new images...
[2025-12-05 21:07:02] 🔍 Scanning C:\Users\Recap\OneDrive\Documents\Banana_Project\Geotag_images\PlaceholderUSB for new images...
[2025-12-05 21:07:04] 🔍 Scanning C:\Users\Recap\OneDrive\Documents\Banana_Project\Geotag_images\PlaceholderUSB for new images...
[2025-12-05 21:07:05] 🔍 Scanning C:\Users\Recap\OneDrive\Documents\Banana_Project\Geotag_images\PlaceholderUSB for new images...
[2025-12-05 21:07:06] 🔍 Scanning C:\Users\Recap\OneDrive\Documents\Banana_Project\Geotag_images\PlaceholderUSB for new images...
[2025-12-05 21:07:12] 🔍 Scanning C:\Users\Recap\OneDrive\Documents\Banana_Project\Geotag_images\PlaceholderUSB for new images...
[2025-12-05 21:07:12] 🔍 Scanning C:\Users\Recap\OneDrive\Documents\Banana_Project\Geotag_images\PlaceholderUSB for new images...
[2025-12-05 21:07:14] 🔍 Scanning C:\Users\Recap\OneDrive\Documents\Banana_Project\Geotag_images\PlaceholderUSB for new images...
[2025-12-05 21:07:15] 🔍 Scanning C:\Users\Recap\OneDrive\Documents\Banana_Project\Geotag_images\PlaceholderUSB for new images...
[2025-12-05 21:07:16] 🔍 Scanning C:\Users\Recap\OneDrive\Documents\Banana_Project\Geotag_images\PlaceholderUSB for new images...
[2025-12-05 21:07:22] 🔍 Scanning C:\Users\Recap\OneDrive\Documents\Banana_Project\Geotag_images\PlaceholderUSB for new images...
[2025-12-05 21:07:22] 🔍 Scanning C:\Users\Recap\OneDrive\Documents\Banana_Project\Geotag_images\PlaceholderUSB for new images...
[2025-12-05 21:07:24] 🔍 Scanning C:\Users\Recap\OneDrive\Documents\Banana_Project\Geotag_images\PlaceholderUSB for new images...
[2025-12-05 21:07:25] 🔍 Scanning C:\Users\Recap\OneDrive\Documents\Banana_Project\Geotag_images\PlaceholderUSB for new images...
[2025-12-05 21:07:26] 🔍 Scanning C:\Users\Recap\OneDrive\Documents\Banana_Project\Geotag_images\PlaceholderUSB for new images...
[2025-12-05 21:07:32] 🔍 Scanning C:\Users\Recap\OneDrive\Documents\Banana_Project\Geotag_images\PlaceholderUSB for new images...
[2025-12-05 21:07:32] 🔍 Scanning C:\Users\Recap\OneDrive\Documents\Banana_Project\Geotag_images\PlaceholderUSB for new images...
[2025-12-05 21:07:34] 🔍 Scanning C:\Users\Recap\OneDrive\Documents\Banana_Project\Geotag_images\PlaceholderUSB for new images...
[2025-12-05 21:07:35] 🔍 Scanning C:\Users\Recap\OneDrive\Documents\Banana_Project\Geotag_images\PlaceholderUSB for new images...
[2025-12-05 21:07:35] 🔍 Scanning C:\Users\Recap\OneDrive\Documents\Banana_Project\Geotag_images\PlaceholderUSB for new images...
[2025-12-05 21:07:36] 🔍 Scanning C:\Users\Recap\OneDrive\Documents\Banana_Project\Geotag_images\PlaceholderUSB for new images...
[2025-12-05 21:07:42] 🔍 Scanning C:\Users\Recap\OneDrive\Documents\Banana_Project\Geotag_images\PlaceholderUSB for new images...
[2025-12-05 21:07:42] 🔍 Scanning C:\Users\Recap\OneDrive\Documents\Banana_Project\Geotag_images\PlaceholderUSB for new images...
[2025-12-05 21:07:44] 🔍 Scanning C:\Users\Recap\OneDrive\Documents\Banana_Project\Geotag_images\PlaceholderUSB for new images...
[2025-12-05 21:07:45] 🔍 Scanning C:\Users\Recap\OneDrive\Documents\Banana_Project\Geotag_images\PlaceholderUSB for new images...
[2025-12-05 21:07:46] 🔍 Scanning C:\Users\Recap\OneDrive\Documents\Banana_Project\Geotag_images\PlaceholderUSB for new images...
[2025-12-05 21:07:52] 🔍 Scanning C:\Users\Recap\OneDrive\Documents\Banana_Project\Geotag_images\PlaceholderUSB for new images...
[2025-12-05 21:07:52] 🔍 Scanning C:\Users\Recap\OneDrive\Documents\Banana_Project\Geotag_images\PlaceholderUSB for new images...
[2025-12-05 21:07:54] 🔍 Scanning C:\Users\Recap\OneDrive\Documents\Banana_Project\Geotag_images\PlaceholderUSB for new images...
[2025-12-05 21:07:55] 🔍 Scanning C:\Users\Recap\OneDrive\Documents\Banana_Project\Geotag_images\PlaceholderUSB for new images...
[2025-12-05 21:07:56] 🔍 Scanning C:\Users\Recap\OneDrive\Documents\Banana_Project\Geotag_images\PlaceholderUSB for new images...
[2025-12-05 21:08:02] 🔍 Scanning C:\Users\Recap\OneDrive\Documents\Banana_Project\Geotag_images\PlaceholderUSB for new images...
[2025-12-05 21:08:02] 🔍 Scanning C:\Users\Recap\OneDrive\Documents\Banana_Project\Geotag_images\PlaceholderUSB for new images...
[2025-12-05 21:08:04] 🔍 Scanning C:\Users\Recap\OneDrive\Documents\Banana_Project\Geotag_images\PlaceholderUSB for new images...
[2025-12-05 21:08:05] 🔍 Scanning C:\Users\Recap\OneDrive\Documents\Banana_Project\Geotag_images\PlaceholderUSB for new images...
[2025-12-05 21:08:06] 🔍 Scanning C:\Users\Recap\OneDrive\Documents\Banana_Project\Geotag_images\PlaceholderUSB for new images...
[2025-12-05 21:08:12] 🔍 Scanning C:\Users\Recap\OneDrive\Documents\Banana_Project\Geotag_images\PlaceholderUSB for new images...
[2025-12-05 21:08:12] 🔍 Scanning C:\Users\Recap\OneDrive\Documents\Banana_Project\Geotag_images\PlaceholderUSB for new images...
[2025-12-05 21:08:14] 🔍 Scanning C:\Users\Recap\OneDrive\Documents\Banana_Project\Geotag_images\PlaceholderUSB for new images...
[2025-12-05 21:08:15] 🔍 Scanning C:\Users\Recap\OneDrive\Documents\Banana_Project\Geotag_images\PlaceholderUSB for new images...
[2025-12-05 21:08:15] 🔍 Scanning C:\Users\Recap\OneDrive\Documents\Banana_Project\Geotag_images\PlaceholderUSB for new images...
[2025-12-05 21:08:16] 🔍 Scanning C:\Users\Recap\OneDrive\Documents\Banana_Project\Geotag_images\PlaceholderUSB for new images...
[2025-12-05 21:08:22] 🔍 Scanning C:\Users\Recap\OneDrive\Documents\Banana_Project\Geotag_images\PlaceholderUSB for new images...
[2025-12-05 21:08:22] 🔍 Scanning C:\Users\Recap\OneDrive\Documents\Banana_Project\Geotag_images\PlaceholderUSB for new images...
[2025-12-05 21:08:24] 🔍 Scanning C:\Users\Recap\OneDrive\Documents\Banana_Project\Geotag_images\PlaceholderUSB for new images...
[2025-12-05 21:08:25] 🔍 Scanning C:\Users\Recap\OneDrive\Documents\Banana_Project\Geotag_images\PlaceholderUSB for new images...
[2025-12-05 21:08:25] 🔍 Scanning C:\Users\Recap\OneDrive\Documents\Banana_Project\Geotag_images\PlaceholderUSB for new images...
[2025-12-05 21:08:26] 🔍 Scanning C:\Users\Recap\OneDrive\Documents\Banana_Project\Geotag_images\PlaceholderUSB for new images...
[2025-12-05 21:08:32] 🔍 Scanning C:\Users\Recap\OneDrive\Documents\Banana_Project\Geotag_images\PlaceholderUSB for new images...
[2025-12-05 21:08:32] 🔍 Scanning C:\Users\Recap\OneDrive\Documents\Banana_Project\Geotag_images\PlaceholderUSB for new images...
[2025-12-05 21:08:34] 🔍 Scanning C:\Users\Recap\OneDrive\Documents\Banana_Project\Geotag_images\PlaceholderUSB for new images...
[2025-12-05 21:08:35] 🔍 Scanning C:\Users\Recap\OneDrive\Documents\Banana_Project\Geotag_images\PlaceholderUSB for new images...
[2025-12-05 21:08:35] 🔍 Scanning C:\Users\Recap\OneDrive\Documents\Banana_Project\Geotag_images\PlaceholderUSB for new images...
[2025-12-05 21:08:36] 🔍 Scanning C:\Users\Recap\OneDrive\Documents\Banana_Project\Geotag_images\PlaceholderUSB for new images...
[2025-12-05 21:08:42] 🔍 Scanning C:\Users\Recap\OneDrive\Documents\Banana_Project\Geotag_images\PlaceholderUSB for new images...
[2025-12-05 21:08:42] 🔍 Scanning C:\Users\Recap\OneDrive\Documents\Banana_Project\Geotag_images\PlaceholderUSB for new images...
[2025-12-05 21:08:44] 🔍 Scanning C:\Users\Recap\OneDrive\Documents\Banana_Project\Geotag_images\PlaceholderUSB for new images...
[2025-12-05 21:08:45] 🔍 Scanning C:\Users\Recap\OneDrive\Documents\Banana_Project\Geotag_images\PlaceholderUSB for new images...
[2025-12-05 21:08:45] 🔍 Scanning C:\Users\Recap\OneDrive\Documents\Banana_Project\Geotag_images\PlaceholderUSB for new images...
[2025-12-05 21:08:46] 🔍 Scanning C:\Users\Recap\OneDrive\Documents\Banana_Project\Geotag_images\PlaceholderUSB for new images...
[2025-12-05 21:08:52] 🔍 Scanning C:\Users\Recap\OneDrive\Documents\Banana_Project\Geotag_images\PlaceholderUSB for new images...
[2025-12-05 21:08:52] 🔍 Scanning C:\Users\Recap\OneDrive\Documents\Banana_Project\Geotag_images\PlaceholderUSB for new images...
[2025-12-05 21:08:54] 🔍 Scanning C:\Users\Recap\OneDrive\Documents\Banana_Project\Geotag_images\PlaceholderUSB for new images...
[2025-12-05 21:08:55] 🔍 Scanning C:\Users\Recap\OneDrive\Documents\Banana_Project\Geotag_images\PlaceholderUSB for new images...
[2025-12-05 21:08:55] 🔍 Scanning C:\Users\Recap\OneDrive\Documents\Banana_Project\Geotag_images\PlaceholderUSB for new images...
[2025-12-05 21:08:56] 🔍 Scanning C:\Users\Recap\OneDrive\Documents\Banana_Project\Geotag_images\PlaceholderUSB for new images...
[2025-12-05 21:09:02] 🔍 Scanning C:\Users\Recap\OneDrive\Documents\Banana_Project\Geotag_images\PlaceholderUSB for new images...
[2025-12-05 21:09:02] 🔍 Scanning C:\Users\Recap\OneDrive\Documents\Banana_Project\Geotag_images\PlaceholderUSB for new images...
[2025-12-05 21:09:04] 🔍 Scanning C:\Users\Recap\OneDrive\Documents\Banana_Project\Geotag_images\PlaceholderUSB for new images...
[2025-12-05 21:09:05] 🔍 Scanning C:\Users\Recap\OneDrive\Documents\Banana_Project\Geotag_images\PlaceholderUSB for new images...
[2025-12-05 21:09:05] 🔍 Scanning C:\Users\Recap\OneDrive\Documents\Banana_Project\Geotag_images\PlaceholderUSB for new images...
[2025-12-05 21:09:06] 🔍 Scanning C:\Users\Recap\OneDrive\Documents\Banana_Project\Geotag_images\PlaceholderUSB for new images...
[2025-12-05 21:09:12] 🔍 Scanning C:\Users\Recap\OneDrive\Documents\Banana_Project\Geotag_images\PlaceholderUSB for new images...
[2025-12-05 21:09:12] 🔍 Scanning C:\Users\Recap\OneDrive\Documents\Banana_Project\Geotag_images\PlaceholderUSB for new images...
[2025-12-05 21:09:14] 🔍 Scanning C:\Users\Recap\OneDrive\Documents\Banana_Project\Geotag_images\PlaceholderUSB for new images...
[2025-12-05 21:09:15] 🔍 Scanning C:\Users\Recap\OneDrive\Documents\Banana_Project\Geotag_images\PlaceholderUSB for new images...
[2025-12-05 21:09:15] 🔍 Scanning C:\Users\Recap\OneDrive\Documents\Banana_Project\Geotag_images\PlaceholderUSB for new images...
[2025-12-05 21:09:16] 🔍 Scanning C:\Users\Recap\OneDrive\Documents\Banana_Project\Geotag_images\PlaceholderUSB for new images...
[2025-12-05 21:09:22] 🔍 Scanning C:\Users\Recap\OneDrive\Documents\Banana_Project\Geotag_images\PlaceholderUSB for new images...
[2025-12-05 21:09:22] 🔍 Scanning C:\Users\Recap\OneDrive\Documents\Banana_Project\Geotag_images\PlaceholderUSB for new images...
[2025-12-05 21:09:24] 🔍 Scanning C:\Users\Recap\OneDrive\Documents\Banana_Project\Geotag_images\PlaceholderUSB for new images...
[2025-12-05 21:09:25] 🔍 Scanning C:\Users\Recap\OneDrive\Documents\Banana_Project\Geotag_images\PlaceholderUSB for new images...
[2025-12-05 21:09:25] 🔍 Scanning C:\Users\Recap\OneDrive\Documents\Banana_Project\Geotag_images\PlaceholderUSB for new images...
[2025-12-05 21:09:26] 🔍 Scanning C:\Users\Recap\OneDrive\Documents\Banana_Project\Geotag_images\PlaceholderUSB for new images...
[2025-12-05 21:09:32] 🔍 Scanning C:\Users\Recap\OneDrive\Documents\Banana_Project\Geotag_images\PlaceholderUSB for new images...
[2025-12-05 21:09:32] 🔍 Scanning C:\Users\Recap\OneDrive\Documents\Banana_Project\Geotag_images\PlaceholderUSB for new images...
[2025-12-05 21:09:34] 🔍 Scanning C:\Users\Recap\OneDrive\Documents\Banana_Project\Geotag_images\PlaceholderUSB for new images...
[2025-12-05 21:09:35] 🔍 Scanning C:\Users\Recap\OneDrive\Documents\Banana_Project\Geotag_images\PlaceholderUSB for new images...
[2025-12-05 21:09:35] 🔍 Scanning C:\Users\Recap\OneDrive\Documents\Banana_Project\Geotag_images\PlaceholderUSB for new images...
[2025-12-05 21:09:36] 🔍 Scanning C:\Users\Recap\OneDrive\Documents\Banana_Project\Geotag_images\PlaceholderUSB for new images...
[2025-12-05 21:09:42] 🔍 Scanning C:\Users\Recap\OneDrive\Documents\Banana_Project\Geotag_images\PlaceholderUSB for new images...
[2025-12-05 21:09:42] 🔍 Scanning C:\Users\Recap\OneDrive\Documents\Banana_Project\Geotag_images\PlaceholderUSB for new images...
[2025-12-05 21:09:44] 🔍 Scanning C:\Users\Recap\OneDrive\Documents\Banana_Project\Geotag_images\PlaceholderUSB for new images...
[2025-12-05 21:09:45] 🔍 Scanning C:\Users\Recap\OneDrive\Documents\Banana_Project\Geotag_images\PlaceholderUSB for new images...
[2025-12-05 21:09:45] 🔍 Scanning C:\Users\Recap\OneDrive\Documents\Banana_Project\Geotag_images\PlaceholderUSB for new images...
[2025-12-05 21:09:46] 🔍 Scanning C:\Users\Recap\OneDrive\Documents\Banana_Project\Geotag_images\PlaceholderUSB for new images...
[2025-12-05 21:09:52] 🔍 Scanning C:\Users\Recap\OneDrive\Documents\Banana_Project\Geotag_images\PlaceholderUSB for new images...
[2025-12-05 21:09:52] 🔍 Scanning C:\Users\Recap\OneDrive\Documents\Banana_Project\Geotag_images\PlaceholderUSB for new images...
[2025-12-05 21:09:54] 🔍 Scanning C:\Users\Recap\OneDrive\Documents\Banana_Project\Geotag_images\PlaceholderUSB for new images...
[2025-12-05 21:09:55] 🔍 Scanning C:\Users\Recap\OneDrive\Documents\Banana_Project\Geotag_images\PlaceholderUSB for new images...
[2025-12-05 21:09:55] 🔍 Scanning C:\Users\Recap\OneDrive\Documents\Banana_Project\Geotag_images\PlaceholderUSB for new images...
[2025-12-05 21:09:56] 🔍 Scanning C:\Users\Recap\OneDrive\Documents\Banana_Project\Geotag_images\PlaceholderUSB for new images...
[2025-12-05 21:10:02] 🔍 Scanning C:\Users\Recap\OneDrive\Documents\Banana_Project\Geotag_images\PlaceholderUSB for new images...
[2025-12-05 21:10:02] 🔍 Scanning C:\Users\Recap\OneDrive\Documents\Banana_Project\Geotag_images\PlaceholderUSB for new images...
[2025-12-05 21:10:04] 🔍 Scanning C:\Users\Recap\OneDrive\Documents\Banana_Project\Geotag_images\PlaceholderUSB for new images...
[2025-12-05 21:10:05] 🔍 Scanning C:\Users\Recap\OneDrive\Documents\Banana_Project\Geotag_images\PlaceholderUSB for new images...
[2025-12-05 21:10:05] 🔍 Scanning C:\Users\Recap\OneDrive\Documents\Banana_Project\Geotag_images\PlaceholderUSB for new images...
[2025-12-05 21:10:06] 🔍 Scanning C:\Users\Recap\OneDrive\Documents\Banana_Project\Geotag_images\PlaceholderUSB for new images...
[2025-12-05 21:10:12] 🔍 Scanning C:\Users\Recap\OneDrive\Documents\Banana_Project\Geotag_images\PlaceholderUSB for new images...
[2025-12-05 21:10:12] 🔍 Scanning C:\Users\Recap\OneDrive\Documents\Banana_Project\Geotag_images\PlaceholderUSB for new images...
[2025-12-05 21:10:14] 🔍 Scanning C:\Users\Recap\OneDrive\Documents\Banana_Project\Geotag_images\PlaceholderUSB for new images...
[2025-12-05 21:10:15] 🔍 Scanning C:\Users\Recap\OneDrive\Documents\Banana_Project\Geotag_images\PlaceholderUSB for new images...
[2025-12-05 21:10:15] 🔍 Scanning C:\Users\Recap\OneDrive\Documents\Banana_Project\Geotag_images\PlaceholderUSB for new images...
[2025-12-05 21:10:16] 🔍 Scanning C:\Users\Recap\OneDrive\Documents\Banana_Project\Geotag_images\PlaceholderUSB for new images...
[2025-12-05 21:10:22] 🔍 Scanning C:\Users\Recap\OneDrive\Documents\Banana_Project\Geotag_images\PlaceholderUSB for new images...
[2025-12-05 21:10:22] 🔍 Scanning C:\Users\Recap\OneDrive\Documents\Banana_Project\Geotag_images\PlaceholderUSB for new images...
[2025-12-05 21:10:24] 🔍 Scanning C:\Users\Recap\OneDrive\Documents\Banana_Project\Geotag_images\PlaceholderUSB for new images...
[2025-12-05 21:10:25] 🔍 Scanning C:\Users\Recap\OneDrive\Documents\Banana_Project\Geotag_images\PlaceholderUSB for new images...
[2025-12-05 21:10:25] 🔍 Scanning C:\Users\Recap\OneDrive\Documents\Banana_Project\Geotag_images\PlaceholderUSB for new images...
[2025-12-05 21:10:26] 🔍 Scanning C:\Users\Recap\OneDrive\Documents\Banana_Project\Geotag_images\PlaceholderUSB for new images...
[2025-12-05 21:10:32] 🔍 Scanning C:\Users\Recap\OneDrive\Documents\Banana_Project\Geotag_images\PlaceholderUSB for new images...
[2025-12-05 21:10:32] 🔍 Scanning C:\Users\Recap\OneDrive\Documents\Banana_Project\Geotag_images\PlaceholderUSB for new images...
[2025-12-05 21:10:34] 🔍 Scanning C:\Users\Recap\OneDrive\Documents\Banana_Project\Geotag_images\PlaceholderUSB for new images...
[2025-12-05 21:10:35] 🔍 Scanning C:\Users\Recap\OneDrive\Documents\Banana_Project\Geotag_images\PlaceholderUSB for new images...
[2025-12-05 21:10:35] 🔍 Scanning C:\Users\Recap\OneDrive\Documents\Banana_Project\Geotag_images\PlaceholderUSB for new images...
[2025-12-05 21:10:36] 🔍 Scanning C:\Users\Recap\OneDrive\Documents\Banana_Project\Geotag_images\PlaceholderUSB for new images...
[2025-12-05 21:10:42] 🔍 Scanning C:\Users\Recap\OneDrive\Documents\Banana_Project\Geotag_images\PlaceholderUSB for new images...
[2025-12-05 21:10:42] 🔍 Scanning C:\Users\Recap\OneDrive\Documents\Banana_Project\Geotag_images\PlaceholderUSB for new images...
[2025-12-05 21:10:44] 🔍 Scanning C:\Users\Recap\OneDrive\Documents\Banana_Project\Geotag_images\PlaceholderUSB for new images...
[2025-12-05 21:10:45] 🔍 Scanning C:\Users\Recap\OneDrive\Documents\Banana_Project\Geotag_images\PlaceholderUSB for new images...
[2025-12-05 21:10:45] 🔍 Scanning C:\Users\Recap\OneDrive\Documents\Banana_Project\Geotag_images\PlaceholderUSB for new images...
[2025-12-05 21:10:46] 🔍 Scanning C:\Users\Recap\OneDrive\Documents\Banana_Project\Geotag_images\PlaceholderUSB for new images...
[2025-12-05 21:10:52] 🔍 Scanning C:\Users\Recap\OneDrive\Documents\Banana_Project\Geotag_images\PlaceholderUSB for new images...
[2025-12-05 21:10:52] 🔍 Scanning C:\Users\Recap\OneDrive\Documents\Banana_Project\Geotag_images\PlaceholderUSB for new images...
[2025-12-05 21:10:54] 🔍 Scanning C:\Users\Recap\OneDrive\Documents\Banana_Project\Geotag_images\PlaceholderUSB for new images...
[2025-12-05 21:10:55] 🔍 Scanning C:\Users\Recap\OneDrive\Documents\Banana_Project\Geotag_images\PlaceholderUSB for new images...
[2025-12-05 21:10:55] 🔍 Scanning C:\Users\Recap\OneDrive\Documents\Banana_Project\Geotag_images\PlaceholderUSB for new images...
[2025-12-05 21:10:56] 🔍 Scanning C:\Users\Recap\OneDrive\Documents\Banana_Project\Geotag_images\PlaceholderUSB for new images...
[2025-12-05 21:11:02] 🔍 Scanning C:\Users\Recap\OneDrive\Documents\Banana_Project\Geotag_images\PlaceholderUSB for new images...
[2025-12-05 21:11:02] 🔍 Scanning C:\Users\Recap\OneDrive\Documents\Banana_Project\Geotag_images\PlaceholderUSB for new images...
[2025-12-05 21:11:04] 🔍 Scanning C:\Users\Recap\OneDrive\Documents\Banana_Project\Geotag_images\PlaceholderUSB for new images...
[2025-12-05 21:11:05] 🔍 Scanning C:\Users\Recap\OneDrive\Documents\Banana_Project\Geotag_images\PlaceholderUSB for new images...
[2025-12-05 21:11:05] 🔍 Scanning C:\Users\Recap\OneDrive\Documents\Banana_Project\Geotag_images\PlaceholderUSB for new images...
[2025-12-05 21:11:06] 🔍 Scanning C:\Users\Recap\OneDrive\Documents\Banana_Project\Geotag_images\PlaceholderUSB for new images...
[2025-12-05 21:11:12] 🔍 Scanning C:\Users\Recap\OneDrive\Documents\Banana_Project\Geotag_images\PlaceholderUSB for new images...
[2025-12-05 21:11:12] 🔍 Scanning C:\Users\Recap\OneDrive\Documents\Banana_Project\Geotag_images\PlaceholderUSB for new images...
[2025-12-05 21:11:14] 🔍 Scanning C:\Users\Recap\OneDrive\Documents\Banana_Project\Geotag_images\PlaceholderUSB for new images...
[2025-12-05 21:11:15] 🔍 Scanning C:\Users\Recap\OneDrive\Documents\Banana_Project\Geotag_images\PlaceholderUSB for new images...
[2025-12-05 21:11:15] 🔍 Scanning C:\Users\Recap\OneDrive\Documents\Banana_Project\Geotag_images\PlaceholderUSB for new images...
[2025-12-05 21:11:16] 🔍 Scanning C:\Users\Recap\OneDrive\Documents\Banana_Project\Geotag_images\PlaceholderUSB for new images...
[2025-12-05 21:11:22] 🔍 Scanning C:\Users\Recap\OneDrive\Documents\Banana_Project\Geotag_images\PlaceholderUSB for new images...
[2025-12-05 21:11:22] 🔍 Scanning C:\Users\Recap\OneDrive\Documents\Banana_Project\Geotag_images\PlaceholderUSB for new images...
[2025-12-05 21:11:24] 🔍 Scanning C:\Users\Recap\OneDrive\Documents\Banana_Project\Geotag_images\PlaceholderUSB for new images...
[2025-12-05 21:11:25] 🔍 Scanning C:\Users\Recap\OneDrive\Documents\Banana_Project\Geotag_images\PlaceholderUSB for new images...
[2025-12-05 21:11:25] 🔍 Scanning C:\Users\Recap\OneDrive\Documents\Banana_Project\Geotag_images\PlaceholderUSB for new images...
[2025-12-05 21:11:26] 🔍 Scanning C:\Users\Recap\OneDrive\Documents\Banana_Project\Geotag_images\PlaceholderUSB for new images...
[2025-12-05 21:11:32] 🔍 Scanning C:\Users\Recap\OneDrive\Documents\Banana_Project\Geotag_images\PlaceholderUSB for new images...
[2025-12-05 21:11:32] 🔍 Scanning C:\Users\Recap\OneDrive\Documents\Banana_Project\Geotag_images\PlaceholderUSB for new images...
[2025-12-05 21:11:34] 🔍 Scanning C:\Users\Recap\OneDrive\Documents\Banana_Project\Geotag_images\PlaceholderUSB for new images...
[2025-12-05 21:11:35] 🔍 Scanning C:\Users\Recap\OneDrive\Documents\Banana_Project\Geotag_images\PlaceholderUSB for new images...
[2025-12-05 21:11:35] 🔍 Scanning C:\Users\Recap\OneDrive\Documents\Banana_Project\Geotag_images\PlaceholderUSB for new images...
[2025-12-05 21:11:36] 🔍 Scanning C:\Users\Recap\OneDrive\Documents\Banana_Project\Geotag_images\PlaceholderUSB for new images...
[2025-12-05 21:11:42] 🔍 Scanning C:\Users\Recap\OneDrive\Documents\Banana_Project\Geotag_images\PlaceholderUSB for new images...
[2025-12-05 21:11:42] 🔍 Scanning C:\Users\Recap\OneDrive\Documents\Banana_Project\Geotag_images\PlaceholderUSB for new images...
[2025-12-05 21:11:44] 🔍 Scanning C:\Users\Recap\OneDrive\Documents\Banana_Project\Geotag_images\PlaceholderUSB for new images...
[2025-12-05 21:11:45] 🔍 Scanning C:\Users\Recap\OneDrive\Documents\Banana_Project\Geotag_images\PlaceholderUSB for new images...
[2025-12-05 21:11:45] 🔍 Scanning C:\Users\Recap\OneDrive\Documents\Banana_Project\Geotag_images\PlaceholderUSB for new images...
[2025-12-05 21:11:46] 🔍 Scanning C:\Users\Recap\OneDrive\Documents\Banana_Project\Geotag_images\PlaceholderUSB for new images...
[2025-12-05 21:11:52] 🔍 Scanning C:\Users\Recap\OneDrive\Documents\Banana_Project\Geotag_images\PlaceholderUSB for new images...
[2025-12-05 21:11:52] 🔍 Scanning C:\Users\Recap\OneDrive\Documents\Banana_Project\Geotag_images\PlaceholderUSB for new images...
[2025-12-05 21:11:54] 🔍 Scanning C:\Users\Recap\OneDrive\Documents\Banana_Project\Geotag_images\PlaceholderUSB for new images...
[2025-12-05 21:11:55] 🔍 Scanning C:\Users\Recap\OneDrive\Documents\Banana_Project\Geotag_images\PlaceholderUSB for new images...
[2025-12-05 21:11:55] 🔍 Scanning C:\Users\Recap\OneDrive\Documents\Banana_Project\Geotag_images\PlaceholderUSB for new images...
[2025-12-05 21:11:56] 🔍 Scanning C:\Users\Recap\OneDrive\Documents\Banana_Project\Geotag_images\PlaceholderUSB for new images...
[2025-12-05 21:12:02] 🔍 Scanning C:\Users\Recap\OneDrive\Documents\Banana_Project\Geotag_images\PlaceholderUSB for new images...
[2025-12-05 21:12:02] 🔍 Scanning C:\Users\Recap\OneDrive\Documents\Banana_Project\Geotag_images\PlaceholderUSB for new images...
[2025-12-05 21:12:04] 🔍 Scanning C:\Users\Recap\OneDrive\Documents\Banana_Project\Geotag_images\PlaceholderUSB for new images...
[2025-12-05 21:12:05] 🔍 Scanning C:\Users\Recap\OneDrive\Documents\Banana_Project\Geotag_images\PlaceholderUSB for new images...
[2025-12-05 21:12:05] 🔍 Scanning C:\Users\Recap\OneDrive\Documents\Banana_Project\Geotag_images\PlaceholderUSB for new images...
[2025-12-05 21:12:06] 🔍 Scanning C:\Users\Recap\OneDrive\Documents\Banana_Project\Geotag_images\PlaceholderUSB for new images...
[2025-12-05 21:12:12] 🔍 Scanning C:\Users\Recap\OneDrive\Documents\Banana_Project\Geotag_images\PlaceholderUSB for new images...
[2025-12-05 21:12:12] 🔍 Scanning C:\Users\Recap\OneDrive\Documents\Banana_Project\Geotag_images\PlaceholderUSB for new images...
[2025-12-05 21:12:14] 🔍 Scanning C:\Users\Recap\OneDrive\Documents\Banana_Project\Geotag_images\PlaceholderUSB for new images...
[2025-12-05 21:12:15] 🔍 Scanning C:\Users\Recap\OneDrive\Documents\Banana_Project\Geotag_images\PlaceholderUSB for new images...
[2025-12-05 21:12:15] 🔍 Scanning C:\Users\Recap\OneDrive\Documents\Banana_Project\Geotag_images\PlaceholderUSB for new images...
[2025-12-05 21:12:16] 🔍 Scanning C:\Users\Recap\OneDrive\Documents\Banana_Project\Geotag_images\PlaceholderUSB for new images...
[2025-12-05 21:12:22] 🔍 Scanning C:\Users\Recap\OneDrive\Documents\Banana_Project\Geotag_images\PlaceholderUSB for new images...
[2025-12-05 21:12:22] 🔍 Scanning C:\Users\Recap\OneDrive\Documents\Banana_Project\Geotag_images\PlaceholderUSB for new images...
[2025-12-05 21:12:24] 🔍 Scanning C:\Users\Recap\OneDrive\Documents\Banana_Project\Geotag_images\PlaceholderUSB for new images...
[2025-12-05 21:12:25] 🔍 Scanning C:\Users\Recap\OneDrive\Documents\Banana_Project\Geotag_images\PlaceholderUSB for new images...
[2025-12-05 21:12:25] 🔍 Scanning C:\Users\Recap\OneDrive\Documents\Banana_Project\Geotag_images\PlaceholderUSB for new images...
[2025-12-05 21:12:26] 🔍 Scanning C:\Users\Recap\OneDrive\Documents\Banana_Project\Geotag_images\PlaceholderUSB for new images...
[2025-12-05 21:12:32] 🔍 Scanning C:\Users\Recap\OneDrive\Documents\Banana_Project\Geotag_images\PlaceholderUSB for new images...
[2025-12-05 21:12:32] 🔍 Scanning C:\Users\Recap\OneDrive\Documents\Banana_Project\Geotag_images\PlaceholderUSB for new images...
[2025-12-05 21:12:34] 🔍 Scanning C:\Users\Recap\OneDrive\Documents\Banana_Project\Geotag_images\PlaceholderUSB for new images...
[2025-12-05 21:12:35] 🔍 Scanning C:\Users\Recap\OneDrive\Documents\Banana_Project\Geotag_images\PlaceholderUSB for new images...
[2025-12-05 21:12:35] 🔍 Scanning C:\Users\Recap\OneDrive\Documents\Banana_Project\Geotag_images\PlaceholderUSB for new images...
[2025-12-05 21:12:36] 🔍 Scanning C:\Users\Recap\OneDrive\Documents\Banana_Project\Geotag_images\PlaceholderUSB for new images...
[2025-12-05 21:12:42] 🔍 Scanning C:\Users\Recap\OneDrive\Documents\Banana_Project\Geotag_images\PlaceholderUSB for new images...
[2025-12-05 21:12:42] 🔍 Scanning C:\Users\Recap\OneDrive\Documents\Banana_Project\Geotag_images\PlaceholderUSB for new images...
[2025-12-05 21:12:44] 🔍 Scanning C:\Users\Recap\OneDrive\Documents\Banana_Project\Geotag_images\PlaceholderUSB for new images...
[2025-12-05 21:12:45] 🔍 Scanning C:\Users\Recap\OneDrive\Documents\Banana_Project\Geotag_images\PlaceholderUSB for new images...
[2025-12-05 21:12:45] 🔍 Scanning C:\Users\Recap\OneDrive\Documents\Banana_Project\Geotag_images\PlaceholderUSB for new images...
[2025-12-05 21:12:46] 🔍 Scanning C:\Users\Recap\OneDrive\Documents\Banana_Project\Geotag_images\PlaceholderUSB for new images...
[2025-12-05 21:12:52] 🔍 Scanning C:\Users\Recap\OneDrive\Documents\Banana_Project\Geotag_images\PlaceholderUSB for new images...
[2025-12-05 21:12:53] 🔍 Scanning C:\Users\Recap\OneDrive\Documents\Banana_Project\Geotag_images\PlaceholderUSB for new images...
[2025-12-05 21:12:54] 🔍 Scanning C:\Users\Recap\OneDrive\Documents\Banana_Project\Geotag_images\PlaceholderUSB for new images...
[2025-12-05 21:12:55] 🔍 Scanning C:\Users\Recap\OneDrive\Documents\Banana_Project\Geotag_images\PlaceholderUSB for new images...
[2025-12-05 21:12:55] 🔍 Scanning C:\Users\Recap\OneDrive\Documents\Banana_Project\Geotag_images\PlaceholderUSB for new images...
[2025-12-05 21:12:56] 🔍 Scanning C:\Users\Recap\OneDrive\Documents\Banana_Project\Geotag_images\PlaceholderUSB for new images...
[2025-12-05 21:13:02] 🔍 Scanning C:\Users\Recap\OneDrive\Documents\Banana_Project\Geotag_images\PlaceholderUSB for new images...
[2025-12-05 21:13:03] 🔍 Scanning C:\Users\Recap\OneDrive\Documents\Banana_Project\Geotag_images\PlaceholderUSB for new images...
[2025-12-05 21:13:04] 🔍 Scanning C:\Users\Recap\OneDrive\Documents\Banana_Project\Geotag_images\PlaceholderUSB for new images...
[2025-12-05 21:13:05] 🔍 Scanning C:\Users\Recap\OneDrive\Documents\Banana_Project\Geotag_images\PlaceholderUSB for new images...
[2025-12-05 21:13:05] 🔍 Scanning C:\Users\Recap\OneDrive\Documents\Banana_Project\Geotag_images\PlaceholderUSB for new images...
[2025-12-05 21:13:06] 🔍 Scanning C:\Users\Recap\OneDrive\Documents\Banana_Project\Geotag_images\PlaceholderUSB for new images...
[2025-12-05 21:13:12] 🔍 Scanning C:\Users\Recap\OneDrive\Documents\Banana_Project\Geotag_images\PlaceholderUSB for new images...
[2025-12-05 21:13:13] 🔍 Scanning C:\Users\Recap\OneDrive\Documents\Banana_Project\Geotag_images\PlaceholderUSB for new images...
[2025-12-05 21:13:14] 🔍 Scanning C:\Users\Recap\OneDrive\Documents\Banana_Project\Geotag_images\PlaceholderUSB for new images...
[2025-12-05 21:13:15] 🔍 Scanning C:\Users\Recap\OneDrive\Documents\Banana_Project\Geotag_images\PlaceholderUSB for new images...
[2025-12-05 21:13:15] 🔍 Scanning C:\Users\Recap\OneDrive\Documents\Banana_Project\Geotag_images\PlaceholderUSB for new images...
[2025-12-05 21:13:16] 🔍 Scanning C:\Users\Recap\OneDrive\Documents\Banana_Project\Geotag_images\PlaceholderUSB for new images...
[2025-12-05 21:13:22] 🔍 Scanning C:\Users\Recap\OneDrive\Documents\Banana_Project\Geotag_images\PlaceholderUSB for new images...
[2025-12-05 21:13:23] 🔍 Scanning C:\Users\Recap\OneDrive\Documents\Banana_Project\Geotag_images\PlaceholderUSB for new images...
[2025-12-05 21:13:24] 🔍 Scanning C:\Users\Recap\OneDrive\Documents\Banana_Project\Geotag_images\PlaceholderUSB for new images...
[2025-12-05 21:13:25] 🔍 Scanning C:\Users\Recap\OneDrive\Documents\Banana_Project\Geotag_images\PlaceholderUSB for new images...
[2025-12-05 21:13:25] 🔍 Scanning C:\Users\Recap\OneDrive\Documents\Banana_Project\Geotag_images\PlaceholderUSB for new images...
[2025-12-05 21:13:26] 🔍 Scanning C:\Users\Recap\OneDrive\Documents\Banana_Project\Geotag_images\PlaceholderUSB for new images...
[2025-12-05 21:13:32] 🔍 Scanning C:\Users\Recap\OneDrive\Documents\Banana_Project\Geotag_images\PlaceholderUSB for new images...
[2025-12-05 21:13:33] 🔍 Scanning C:\Users\Recap\OneDrive\Documents\Banana_Project\Geotag_images\PlaceholderUSB for new images...
[2025-12-05 21:13:34] 🔍 Scanning C:\Users\Recap\OneDrive\Documents\Banana_Project\Geotag_images\PlaceholderUSB for new images...
[2025-12-05 21:13:35] 🔍 Scanning C:\Users\Recap\OneDrive\Documents\Banana_Project\Geotag_images\PlaceholderUSB for new images...
[2025-12-05 21:13:35] 🔍 Scanning C:\Users\Recap\OneDrive\Documents\Banana_Project\Geotag_images\PlaceholderUSB for new images...
[2025-12-05 21:13:36] 🔍 Scanning C:\Users\Recap\OneDrive\Documents\Banana_Project\Geotag_images\PlaceholderUSB for new images...
[2025-12-05 21:13:42] 🔍 Scanning C:\Users\Recap\OneDrive\Documents\Banana_Project\Geotag_images\PlaceholderUSB for new images...
[2025-12-05 21:13:43] 🔍 Scanning C:\Users\Recap\OneDrive\Documents\Banana_Project\Geotag_images\PlaceholderUSB for new images...
[2025-12-05 21:13:44] 🔍 Scanning C:\Users\Recap\OneDrive\Documents\Banana_Project\Geotag_images\PlaceholderUSB for new images...
[2025-12-05 21:13:45] 🔍 Scanning C:\Users\Recap\OneDrive\Documents\Banana_Project\Geotag_images\PlaceholderUSB for new images...
[2025-12-05 21:13:45] 🔍 Scanning C:\Users\Recap\OneDrive\Documents\Banana_Project\Geotag_images\PlaceholderUSB for new images...
[2025-12-05 21:13:46] 🔍 Scanning C:\Users\Recap\OneDrive\Documents\Banana_Project\Geotag_images\PlaceholderUSB for new images...
[2025-12-05 21:13:52] 🔍 Scanning C:\Users\Recap\OneDrive\Documents\Banana_Project\Geotag_images\PlaceholderUSB for new images...
[2025-12-05 21:13:53] 🔍 Scanning C:\Users\Recap\OneDrive\Documents\Banana_Project\Geotag_images\PlaceholderUSB for new images...
[2025-12-05 21:13:54] 🔍 Scanning C:\Users\Recap\OneDrive\Documents\Banana_Project\Geotag_images\PlaceholderUSB for new images...
[2025-12-05 21:13:55] 🔍 Scanning C:\Users\Recap\OneDrive\Documents\Banana_Project\Geotag_images\PlaceholderUSB for new images...
[2025-12-05 21:13:55] 🔍 Scanning C:\Users\Recap\OneDrive\Documents\Banana_Project\Geotag_images\PlaceholderUSB for new images...
[2025-12-05 21:13:56] 🔍 Scanning C:\Users\Recap\OneDrive\Documents\Banana_Project\Geotag_images\PlaceholderUSB for new images...
[2025-12-05 21:14:02] 🔍 Scanning C:\Users\Recap\OneDrive\Documents\Banana_Project\Geotag_images\PlaceholderUSB for new images...
[2025-12-05 21:14:03] 🔍 Scanning C:\Users\Recap\OneDrive\Documents\Banana_Project\Geotag_images\PlaceholderUSB for new images...
[2025-12-05 21:14:04] 🔍 Scanning C:\Users\Recap\OneDrive\Documents\Banana_Project\Geotag_images\PlaceholderUSB for new images...
[2025-12-05 21:14:05] 🔍 Scanning C:\Users\Recap\OneDrive\Documents\Banana_Project\Geotag_images\PlaceholderUSB for new images...
[2025-12-05 21:14:05] 🔍 Scanning C:\Users\Recap\OneDrive\Documents\Banana_Project\Geotag_images\PlaceholderUSB for new images...
[2025-12-05 21:14:06] 🔍 Scanning C:\Users\Recap\OneDrive\Documents\Banana_Project\Geotag_images\PlaceholderUSB for new images...
[2025-12-05 21:14:12] 🔍 Scanning C:\Users\Recap\OneDrive\Documents\Banana_Project\Geotag_images\PlaceholderUSB for new images...
[2025-12-05 21:14:13] 🔍 Scanning C:\Users\Recap\OneDrive\Documents\Banana_Project\Geotag_images\PlaceholderUSB for new images...
[2025-12-05 21:14:14] 🔍 Scanning C:\Users\Recap\OneDrive\Documents\Banana_Project\Geotag_images\PlaceholderUSB for new images...
[2025-12-05 21:14:15] 🔍 Scanning C:\Users\Recap\OneDrive\Documents\Banana_Project\Geotag_images\PlaceholderUSB for new images...
[2025-12-05 21:14:15] 🔍 Scanning C:\Users\Recap\OneDrive\Documents\Banana_Project\Geotag_images\PlaceholderUSB for new images...
[2025-12-05 21:14:16] 🔍 Scanning C:\Users\Recap\OneDrive\Documents\Banana_Project\Geotag_images\PlaceholderUSB for new images...
[2025-12-05 21:14:22] 🔍 Scanning C:\Users\Recap\OneDrive\Documents\Banana_Project\Geotag_images\PlaceholderUSB for new images...
[2025-12-05 21:14:23] 🔍 Scanning C:\Users\Recap\OneDrive\Documents\Banana_Project\Geotag_images\PlaceholderUSB for new images...
[2025-12-05 21:14:24] 🔍 Scanning C:\Users\Recap\OneDrive\Documents\Banana_Project\Geotag_images\PlaceholderUSB for new images...
[2025-12-05 21:14:25] 🔍 Scanning C:\Users\Recap\OneDrive\Documents\Banana_Project\Geotag_images\PlaceholderUSB for new images...
[2025-12-05 21:14:25] 🔍 Scanning C:\Users\Recap\OneDrive\Documents\Banana_Project\Geotag_images\PlaceholderUSB for new images...
[2025-12-05 21:14:26] 🔍 Scanning C:\Users\Recap\OneDrive\Documents\Banana_Project\Geotag_images\PlaceholderUSB for new images...
[2025-12-05 21:14:32] 🔍 Scanning C:\Users\Recap\OneDrive\Documents\Banana_Project\Geotag_images\PlaceholderUSB for new images...
[2025-12-05 21:14:33] 🔍 Scanning C:\Users\Recap\OneDrive\Documents\Banana_Project\Geotag_images\PlaceholderUSB for new images...
[2025-12-05 21:14:34] 🔍 Scanning C:\Users\Recap\OneDrive\Documents\Banana_Project\Geotag_images\PlaceholderUSB for new images...
[2025-12-05 21:14:35] 🔍 Scanning C:\Users\Recap\OneDrive\Documents\Banana_Project\Geotag_images\PlaceholderUSB for new images...
[2025-12-05 21:14:35] 🔍 Scanning C:\Users\Recap\OneDrive\Documents\Banana_Project\Geotag_images\PlaceholderUSB for new images...
[2025-12-05 21:14:36] 🔍 Scanning C:\Users\Recap\OneDrive\Documents\Banana_Project\Geotag_images\PlaceholderUSB for new images...
[2025-12-05 21:14:42] 🔍 Scanning C:\Users\Recap\OneDrive\Documents\Banana_Project\Geotag_images\PlaceholderUSB for new images...
[2025-12-05 21:14:43] 🔍 Scanning C:\Users\Recap\OneDrive\Documents\Banana_Project\Geotag_images\PlaceholderUSB for new images...
[2025-12-05 21:14:44] 🔍 Scanning C:\Users\Recap\OneDrive\Documents\Banana_Project\Geotag_images\PlaceholderUSB for new images...
[2025-12-05 21:14:45] 🔍 Scanning C:\Users\Recap\OneDrive\Documents\Banana_Project\Geotag_images\PlaceholderUSB for new images...
[2025-12-05 21:14:45] 🔍 Scanning C:\Users\Recap\OneDrive\Documents\Banana_Project\Geotag_images\PlaceholderUSB for new images...
[2025-12-05 21:14:46] 🔍 Scanning C:\Users\Recap\OneDrive\Documents\Banana_Project\Geotag_images\PlaceholderUSB for new images...
[2025-12-05 21:14:52] 🔍 Scanning C:\Users\Recap\OneDrive\Documents\Banana_Project\Geotag_images\PlaceholderUSB for new images...
[2025-12-05 21:14:53] 🔍 Scanning C:\Users\Recap\OneDrive\Documents\Banana_Project\Geotag_images\PlaceholderUSB for new images...
[2025-12-05 21:14:54] 🔍 Scanning C:\Users\Recap\OneDrive\Documents\Banana_Project\Geotag_images\PlaceholderUSB for new images...
[2025-12-05 21:14:55] 🔍 Scanning C:\Users\Recap\OneDrive\Documents\Banana_Project\Geotag_images\PlaceholderUSB for new images...
[2025-12-05 21:14:55] 🔍 Scanning C:\Users\Recap\OneDrive\Documents\Banana_Project\Geotag_images\PlaceholderUSB for new images...
[2025-12-05 21:14:56] 🔍 Scanning C:\Users\Recap\OneDrive\Documents\Banana_Project\Geotag_images\PlaceholderUSB for new images...
[2025-12-05 21:15:02] 🔍 Scanning C:\Users\Recap\OneDrive\Documents\Banana_Project\Geotag_images\PlaceholderUSB for new images...
[2025-12-05 21:15:03] 🔍 Scanning C:\Users\Recap\OneDrive\Documents\Banana_Project\Geotag_images\PlaceholderUSB for new images...
[2025-12-05 21:15:04] 🔍 Scanning C:\Users\Recap\OneDrive\Documents\Banana_Project\Geotag_images\PlaceholderUSB for new images...
[2025-12-05 21:15:05] 🔍 Scanning C:\Users\Recap\OneDrive\Documents\Banana_Project\Geotag_images\PlaceholderUSB for new images...
[2025-12-05 21:15:05] 🔍 Scanning C:\Users\Recap\OneDrive\Documents\Banana_Project\Geotag_images\PlaceholderUSB for new images...
[2025-12-05 21:15:06] 🔍 Scanning C:\Users\Recap\OneDrive\Documents\Banana_Project\Geotag_images\PlaceholderUSB for new images...
[2025-12-05 21:15:12] 🔍 Scanning C:\Users\Recap\OneDrive\Documents\Banana_Project\Geotag_images\PlaceholderUSB for new images...
[2025-12-05 21:15:13] 🔍 Scanning C:\Users\Recap\OneDrive\Documents\Banana_Project\Geotag_images\PlaceholderUSB for new images...
[2025-12-05 21:15:14] 🔍 Scanning C:\Users\Recap\OneDrive\Documents\Banana_Project\Geotag_images\PlaceholderUSB for new images...
[2025-12-05 21:15:15] 🔍 Scanning C:\Users\Recap\OneDrive\Documents\Banana_Project\Geotag_images\PlaceholderUSB for new images...
[2025-12-05 21:15:15] 🔍 Scanning C:\Users\Recap\OneDrive\Documents\Banana_Project\Geotag_images\PlaceholderUSB for new images...
[2025-12-05 21:15:16] 🔍 Scanning C:\Users\Recap\OneDrive\Documents\Banana_Project\Geotag_images\PlaceholderUSB for new images...
[2025-12-05 21:15:22] 🔍 Scanning C:\Users\Recap\OneDrive\Documents\Banana_Project\Geotag_images\PlaceholderUSB for new images...
[2025-12-05 21:15:23] 🔍 Scanning C:\Users\Recap\OneDrive\Documents\Banana_Project\Geotag_images\PlaceholderUSB for new images...
[2025-12-05 21:15:24] 🔍 Scanning C:\Users\Recap\OneDrive\Documents\Banana_Project\Geotag_images\PlaceholderUSB for new images...
[2025-12-05 21:15:25] 🔍 Scanning C:\Users\Recap\OneDrive\Documents\Banana_Project\Geotag_images\PlaceholderUSB for new images...
[2025-12-05 21:15:25] 🔍 Scanning C:\Users\Recap\OneDrive\Documents\Banana_Project\Geotag_images\PlaceholderUSB for new images...
[2025-12-05 21:15:26] 🔍 Scanning C:\Users\Recap\OneDrive\Documents\Banana_Project\Geotag_images\PlaceholderUSB for new images...
[2025-12-05 21:15:32] 🔍 Scanning C:\Users\Recap\OneDrive\Documents\Banana_Project\Geotag_images\PlaceholderUSB for new images...
[2025-12-05 21:15:33] 🔍 Scanning C:\Users\Recap\OneDrive\Documents\Banana_Project\Geotag_images\PlaceholderUSB for new images...
[2025-12-05 21:15:34] 🔍 Scanning C:\Users\Recap\OneDrive\Documents\Banana_Project\Geotag_images\PlaceholderUSB for new images...
[2025-12-05 21:15:35] 🔍 Scanning C:\Users\Recap\OneDrive\Documents\Banana_Project\Geotag_images\PlaceholderUSB for new images...
[2025-12-05 21:15:35] 🔍 Scanning C:\Users\Recap\OneDrive\Documents\Banana_Project\Geotag_images\PlaceholderUSB for new images...
[2025-12-05 21:15:36] 🔍 Scanning C:\Users\Recap\OneDrive\Documents\Banana_Project\Geotag_images\PlaceholderUSB for new images...
[2025-12-05 21:15:42] 🔍 Scanning C:\Users\Recap\OneDrive\Documents\Banana_Project\Geotag_images\PlaceholderUSB for new images...
[2025-12-05 21:15:43] 🔍 Scanning C:\Users\Recap\OneDrive\Documents\Banana_Project\Geotag_images\PlaceholderUSB for new images...
[2025-12-05 21:15:44] 🔍 Scanning C:\Users\Recap\OneDrive\Documents\Banana_Project\Geotag_images\PlaceholderUSB for new images...
[2025-12-05 21:15:45] 🔍 Scanning C:\Users\Recap\OneDrive\Documents\Banana_Project\Geotag_images\PlaceholderUSB for new images...
[2025-12-05 21:15:45] 🔍 Scanning C:\Users\Recap\OneDrive\Documents\Banana_Project\Geotag_images\PlaceholderUSB for new images...
[2025-12-05 21:15:46] 🔍 Scanning C:\Users\Recap\OneDrive\Documents\Banana_Project\Geotag_images\PlaceholderUSB for new images...
[2025-12-05 21:15:52] 🔍 Scanning C:\Users\Recap\OneDrive\Documents\Banana_Project\Geotag_images\PlaceholderUSB for new images...
[2025-12-05 21:15:53] 🔍 Scanning C:\Users\Recap\OneDrive\Documents\Banana_Project\Geotag_images\PlaceholderUSB for new images...
[2025-12-05 21:15:54] 🔍 Scanning C:\Users\Recap\OneDrive\Documents\Banana_Project\Geotag_images\PlaceholderUSB for new images...
[2025-12-05 21:15:55] 🔍 Scanning C:\Users\Recap\OneDrive\Documents\Banana_Project\Geotag_images\PlaceholderUSB for new images...
[2025-12-05 21:15:55] 🔍 Scanning C:\Users\Recap\OneDrive\Documents\Banana_Project\Geotag_images\PlaceholderUSB for new images...
[2025-12-05 21:15:56] 🔍 Scanning C:\Users\Recap\OneDrive\Documents\Banana_Project\Geotag_images\PlaceholderUSB for new images...
[2025-12-05 21:16:02] 🔍 Scanning C:\Users\Recap\OneDrive\Documents\Banana_Project\Geotag_images\PlaceholderUSB for new images...
[2025-12-05 21:16:03] 🔍 Scanning C:\Users\Recap\OneDrive\Documents\Banana_Project\Geotag_images\PlaceholderUSB for new images...
[2025-12-05 21:16:04] 🔍 Scanning C:\Users\Recap\OneDrive\Documents\Banana_Project\Geotag_images\PlaceholderUSB for new images...
[2025-12-05 21:16:05] 🔍 Scanning C:\Users\Recap\OneDrive\Documents\Banana_Project\Geotag_images\PlaceholderUSB for new images...
[2025-12-05 21:16:05] 🔍 Scanning C:\Users\Recap\OneDrive\Documents\Banana_Project\Geotag_images\PlaceholderUSB for new images...
[2025-12-05 21:16:06] 🔍 Scanning C:\Users\Recap\OneDrive\Documents\Banana_Project\Geotag_images\PlaceholderUSB for new images...
[2025-12-05 21:16:12] 🔍 Scanning C:\Users\Recap\OneDrive\Documents\Banana_Project\Geotag_images\PlaceholderUSB for new images...
[2025-12-05 21:16:13] 🔍 Scanning C:\Users\Recap\OneDrive\Documents\Banana_Project\Geotag_images\PlaceholderUSB for new images...
[2025-12-05 21:16:14] 🔍 Scanning C:\Users\Recap\OneDrive\Documents\Banana_Project\Geotag_images\PlaceholderUSB for new images...
[2025-12-05 21:16:15] 🔍 Scanning C:\Users\Recap\OneDrive\Documents\Banana_Project\Geotag_images\PlaceholderUSB for new images...
[2025-12-05 21:16:15] 🔍 Scanning C:\Users\Recap\OneDrive\Documents\Banana_Project\Geotag_images\PlaceholderUSB for new images...
[2025-12-05 21:16:16] 🔍 Scanning C:\Users\Recap\OneDrive\Documents\Banana_Project\Geotag_images\PlaceholderUSB for new images...
[2025-12-05 21:16:22] 🔍 Scanning C:\Users\Recap\OneDrive\Documents\Banana_Project\Geotag_images\PlaceholderUSB for new images...
[2025-12-05 21:16:23] 🔍 Scanning C:\Users\Recap\OneDrive\Documents\Banana_Project\Geotag_images\PlaceholderUSB for new images...
[2025-12-05 21:16:24] 🔍 Scanning C:\Users\Recap\OneDrive\Documents\Banana_Project\Geotag_images\PlaceholderUSB for new images...
[2025-12-05 21:16:25] 🔍 Scanning C:\Users\Recap\OneDrive\Documents\Banana_Project\Geotag_images\PlaceholderUSB for new images...
[2025-12-05 21:16:25] 🔍 Scanning C:\Users\Recap\OneDrive\Documents\Banana_Project\Geotag_images\PlaceholderUSB for new images...
[2025-12-05 21:16:26] 🔍 Scanning C:\Users\Recap\OneDrive\Documents\Banana_Project\Geotag_images\PlaceholderUSB for new images...
[2025-12-05 21:16:32] 🔍 Scanning C:\Users\Recap\OneDrive\Documents\Banana_Project\Geotag_images\PlaceholderUSB for new images...
[2025-12-05 21:16:33] 🔍 Scanning C:\Users\Recap\OneDrive\Documents\Banana_Project\Geotag_images\PlaceholderUSB for new images...
[2025-12-05 21:16:34] 🔍 Scanning C:\Users\Recap\OneDrive\Documents\Banana_Project\Geotag_images\PlaceholderUSB for new images...
[2025-12-05 21:16:35] 🔍 Scanning C:\Users\Recap\OneDrive\Documents\Banana_Project\Geotag_images\PlaceholderUSB for new images...
[2025-12-05 21:16:35] 🔍 Scanning C:\Users\Recap\OneDrive\Documents\Banana_Project\Geotag_images\PlaceholderUSB for new images...
[2025-12-05 21:16:36] 🔍 Scanning C:\Users\Recap\OneDrive\Documents\Banana_Project\Geotag_images\PlaceholderUSB for new images...
[2025-12-05 21:16:42] 🔍 Scanning C:\Users\Recap\OneDrive\Documents\Banana_Project\Geotag_images\PlaceholderUSB for new images...
[2025-12-05 21:16:43] 🔍 Scanning C:\Users\Recap\OneDrive\Documents\Banana_Project\Geotag_images\PlaceholderUSB for new images...
[2025-12-05 21:16:44] 🔍 Scanning C:\Users\Recap\OneDrive\Documents\Banana_Project\Geotag_images\PlaceholderUSB for new images...
[2025-12-05 21:16:45] 🔍 Scanning C:\Users\Recap\OneDrive\Documents\Banana_Project\Geotag_images\PlaceholderUSB for new images...
[2025-12-05 21:16:45] 🔍 Scanning C:\Users\Recap\OneDrive\Documents\Banana_Project\Geotag_images\PlaceholderUSB for new images...
[2025-12-05 21:16:46] 🔍 Scanning C:\Users\Recap\OneDrive\Documents\Banana_Project\Geotag_images\PlaceholderUSB for new images...
[2025-12-05 21:16:53] 🔍 Scanning C:\Users\Recap\OneDrive\Documents\Banana_Project\Geotag_images\PlaceholderUSB for new images...
[2025-12-05 21:16:53] 🔍 Scanning C:\Users\Recap\OneDrive\Documents\Banana_Project\Geotag_images\PlaceholderUSB for new images...
[2025-12-05 21:16:55] 🔍 Scanning C:\Users\Recap\OneDrive\Documents\Banana_Project\Geotag_images\PlaceholderUSB for new images...
[2025-12-05 21:16:55] 🔍 Scanning C:\Users\Recap\OneDrive\Documents\Banana_Project\Geotag_images\PlaceholderUSB for new images...
[2025-12-05 21:16:55] 🔍 Scanning C:\Users\Recap\OneDrive\Documents\Banana_Project\Geotag_images\PlaceholderUSB for new images...
[2025-12-05 21:16:56] 🔍 Scanning C:\Users\Recap\OneDrive\Documents\Banana_Project\Geotag_images\PlaceholderUSB for new images...
[2025-12-05 21:17:03] 🔍 Scanning C:\Users\Recap\OneDrive\Documents\Banana_Project\Geotag_images\PlaceholderUSB for new images...
[2025-12-05 21:17:03] 🔍 Scanning C:\Users\Recap\OneDrive\Documents\Banana_Project\Geotag_images\PlaceholderUSB for new images...
[2025-12-05 21:17:05] 🔍 Scanning C:\Users\Recap\OneDrive\Documents\Banana_Project\Geotag_images\PlaceholderUSB for new images...
[2025-12-05 21:17:05] 🔍 Scanning C:\Users\Recap\OneDrive\Documents\Banana_Project\Geotag_images\PlaceholderUSB for new images...
[2025-12-05 21:17:05] 🔍 Scanning C:\Users\Recap\OneDrive\Documents\Banana_Project\Geotag_images\PlaceholderUSB for new images...
[2025-12-05 21:17:06] 🔍 Scanning C:\Users\Recap\OneDrive\Documents\Banana_Project\Geotag_images\PlaceholderUSB for new images...
[2025-12-05 21:17:13] 🔍 Scanning C:\Users\Recap\OneDrive\Documents\Banana_Project\Geotag_images\PlaceholderUSB for new images...
[2025-12-05 21:17:13] 🔍 Scanning C:\Users\Recap\OneDrive\Documents\Banana_Project\Geotag_images\PlaceholderUSB for new images...
[2025-12-05 21:17:15] 🔍 Scanning C:\Users\Recap\OneDrive\Documents\Banana_Project\Geotag_images\PlaceholderUSB for new images...
[2025-12-05 21:17:15] 🔍 Scanning C:\Users\Recap\OneDrive\Documents\Banana_Project\Geotag_images\PlaceholderUSB for new images...
[2025-12-05 21:17:15] 🔍 Scanning C:\Users\Recap\OneDrive\Documents\Banana_Project\Geotag_images\PlaceholderUSB for new images...
[2025-12-05 21:17:16] 🔍 Scanning C:\Users\Recap\OneDrive\Documents\Banana_Project\Geotag_images\PlaceholderUSB for new images...
[2025-12-05 21:17:23] 🔍 Scanning C:\Users\Recap\OneDrive\Documents\Banana_Project\Geotag_images\PlaceholderUSB for new images...
[2025-12-05 21:17:23] 🔍 Scanning C:\Users\Recap\OneDrive\Documents\Banana_Project\Geotag_images\PlaceholderUSB for new images...
[2025-12-05 21:17:25] 🔍 Scanning C:\Users\Recap\OneDrive\Documents\Banana_Project\Geotag_images\PlaceholderUSB for new images...
[2025-12-05 21:17:25] 🔍 Scanning C:\Users\Recap\OneDrive\Documents\Banana_Project\Geotag_images\PlaceholderUSB for new images...
[2025-12-05 21:17:25] 🔍 Scanning C:\Users\Recap\OneDrive\Documents\Banana_Project\Geotag_images\PlaceholderUSB for new images...
[2025-12-05 21:17:26] 🔍 Scanning C:\Users\Recap\OneDrive\Documents\Banana_Project\Geotag_images\PlaceholderUSB for new images...
[2025-12-05 21:17:33] 🔍 Scanning C:\Users\Recap\OneDrive\Documents\Banana_Project\Geotag_images\PlaceholderUSB for new images...
[2025-12-05 21:17:33] 🔍 Scanning C:\Users\Recap\OneDrive\Documents\Banana_Project\Geotag_images\PlaceholderUSB for new images...
[2025-12-05 21:17:35] 🔍 Scanning C:\Users\Recap\OneDrive\Documents\Banana_Project\Geotag_images\PlaceholderUSB for new images...
[2025-12-05 21:17:35] 🔍 Scanning C:\Users\Recap\OneDrive\Documents\Banana_Project\Geotag_images\PlaceholderUSB for new images...
[2025-12-05 21:17:35] 🔍 Scanning C:\Users\Recap\OneDrive\Documents\Banana_Project\Geotag_images\PlaceholderUSB for new images...
[2025-12-05 21:17:36] 🔍 Scanning C:\Users\Recap\OneDrive\Documents\Banana_Project\Geotag_images\PlaceholderUSB for new images...
[2025-12-05 21:17:43] 🔍 Scanning C:\Users\Recap\OneDrive\Documents\Banana_Project\Geotag_images\PlaceholderUSB for new images...
[2025-12-05 21:17:43] 🔍 Scanning C:\Users\Recap\OneDrive\Documents\Banana_Project\Geotag_images\PlaceholderUSB for new images...
[2025-12-05 21:17:45] 🔍 Scanning C:\Users\Recap\OneDrive\Documents\Banana_Project\Geotag_images\PlaceholderUSB for new images...
[2025-12-05 21:17:45] 🔍 Scanning C:\Users\Recap\OneDrive\Documents\Banana_Project\Geotag_images\PlaceholderUSB for new images...
[2025-12-05 21:17:45] 🔍 Scanning C:\Users\Recap\OneDrive\Documents\Banana_Project\Geotag_images\PlaceholderUSB for new images...
[2025-12-05 21:17:46] 🔍 Scanning C:\Users\Recap\OneDrive\Documents\Banana_Project\Geotag_images\PlaceholderUSB for new images...
[2025-12-05 21:17:53] 🔍 Scanning C:\Users\Recap\OneDrive\Documents\Banana_Project\Geotag_images\PlaceholderUSB for new images...
[2025-12-05 21:17:53] 🔍 Scanning C:\Users\Recap\OneDrive\Documents\Banana_Project\Geotag_images\PlaceholderUSB for new images...
[2025-12-05 21:17:55] 🔍 Scanning C:\Users\Recap\OneDrive\Documents\Banana_Project\Geotag_images\PlaceholderUSB for new images...
[2025-12-05 21:17:55] 🔍 Scanning C:\Users\Recap\OneDrive\Documents\Banana_Project\Geotag_images\PlaceholderUSB for new images...
[2025-12-05 21:17:55] 🔍 Scanning C:\Users\Recap\OneDrive\Documents\Banana_Project\Geotag_images\PlaceholderUSB for new images...
[2025-12-05 21:17:56] 🔍 Scanning C:\Users\Recap\OneDrive\Documents\Banana_Project\Geotag_images\PlaceholderUSB for new images...
[2025-12-05 21:18:03] 🔍 Scanning C:\Users\Recap\OneDrive\Documents\Banana_Project\Geotag_images\PlaceholderUSB for new images...
[2025-12-05 21:18:03] 🔍 Scanning C:\Users\Recap\OneDrive\Documents\Banana_Project\Geotag_images\PlaceholderUSB for new images...
[2025-12-05 21:18:05] 🔍 Scanning C:\Users\Recap\OneDrive\Documents\Banana_Project\Geotag_images\PlaceholderUSB for new images...
[2025-12-05 21:18:05] 🔍 Scanning C:\Users\Recap\OneDrive\Documents\Banana_Project\Geotag_images\PlaceholderUSB for new images...
[2025-12-05 21:18:05] 🔍 Scanning C:\Users\Recap\OneDrive\Documents\Banana_Project\Geotag_images\PlaceholderUSB for new images...
[2025-12-05 21:18:06] 🔍 Scanning C:\Users\Recap\OneDrive\Documents\Banana_Project\Geotag_images\PlaceholderUSB for new images...
[2025-12-05 21:18:13] 🔍 Scanning C:\Users\Recap\OneDrive\Documents\Banana_Project\Geotag_images\PlaceholderUSB for new images...
[2025-12-05 21:18:13] 🔍 Scanning C:\Users\Recap\OneDrive\Documents\Banana_Project\Geotag_images\PlaceholderUSB for new images...
[2025-12-05 21:18:15] 🔍 Scanning C:\Users\Recap\OneDrive\Documents\Banana_Project\Geotag_images\PlaceholderUSB for new images...
[2025-12-05 21:18:15] 🔍 Scanning C:\Users\Recap\OneDrive\Documents\Banana_Project\Geotag_images\PlaceholderUSB for new images...
[2025-12-05 21:18:15] 🔍 Scanning C:\Users\Recap\OneDrive\Documents\Banana_Project\Geotag_images\PlaceholderUSB for new images...
[2025-12-05 21:18:16] 🔍 Scanning C:\Users\Recap\OneDrive\Documents\Banana_Project\Geotag_images\PlaceholderUSB for new images...
[2025-12-05 21:18:23] 🔍 Scanning C:\Users\Recap\OneDrive\Documents\Banana_Project\Geotag_images\PlaceholderUSB for new images...
[2025-12-05 21:18:23] 🔍 Scanning C:\Users\Recap\OneDrive\Documents\Banana_Project\Geotag_images\PlaceholderUSB for new images...
[2025-12-05 21:18:25] 🔍 Scanning C:\Users\Recap\OneDrive\Documents\Banana_Project\Geotag_images\PlaceholderUSB for new images...
[2025-12-05 21:18:25] 🔍 Scanning C:\Users\Recap\OneDrive\Documents\Banana_Project\Geotag_images\PlaceholderUSB for new images...
[2025-12-05 21:18:25] 🔍 Scanning C:\Users\Recap\OneDrive\Documents\Banana_Project\Geotag_images\PlaceholderUSB for new images...
[2025-12-05 21:18:26] 🔍 Scanning C:\Users\Recap\OneDrive\Documents\Banana_Project\Geotag_images\PlaceholderUSB for new images...
[2025-12-05 21:18:33] 🔍 Scanning C:\Users\Recap\OneDrive\Documents\Banana_Project\Geotag_images\PlaceholderUSB for new images...
[2025-12-05 21:18:33] 🔍 Scanning C:\Users\Recap\OneDrive\Documents\Banana_Project\Geotag_images\PlaceholderUSB for new images...
[2025-12-05 21:18:35] 🔍 Scanning C:\Users\Recap\OneDrive\Documents\Banana_Project\Geotag_images\PlaceholderUSB for new images...
[2025-12-05 21:18:35] 🔍 Scanning C:\Users\Recap\OneDrive\Documents\Banana_Project\Geotag_images\PlaceholderUSB for new images...
[2025-12-05 21:18:35] 🔍 Scanning C:\Users\Recap\OneDrive\Documents\Banana_Project\Geotag_images\PlaceholderUSB for new images...
[2025-12-05 21:18:36] 🔍 Scanning C:\Users\Recap\OneDrive\Documents\Banana_Project\Geotag_images\PlaceholderUSB for new images...
[2025-12-05 21:18:43] 🔍 Scanning C:\Users\Recap\OneDrive\Documents\Banana_Project\Geotag_images\PlaceholderUSB for new images...
[2025-12-05 21:18:43] 🔍 Scanning C:\Users\Recap\OneDrive\Documents\Banana_Project\Geotag_images\PlaceholderUSB for new images...
[2025-12-05 21:18:45] 🔍 Scanning C:\Users\Recap\OneDrive\Documents\Banana_Project\Geotag_images\PlaceholderUSB for new images...
[2025-12-05 21:18:45] 🔍 Scanning C:\Users\Recap\OneDrive\Documents\Banana_Project\Geotag_images\PlaceholderUSB for new images...
[2025-12-05 21:18:45] 🔍 Scanning C:\Users\Recap\OneDrive\Documents\Banana_Project\Geotag_images\PlaceholderUSB for new images...
[2025-12-05 21:18:47] 🔍 Scanning C:\Users\Recap\OneDrive\Documents\Banana_Project\Geotag_images\PlaceholderUSB for new images...
[2025-12-05 21:18:53] 🔍 Scanning C:\Users\Recap\OneDrive\Documents\Banana_Project\Geotag_images\PlaceholderUSB for new images...
[2025-12-05 21:18:53] 🔍 Scanning C:\Users\Recap\OneDrive\Documents\Banana_Project\Geotag_images\PlaceholderUSB for new images...
[2025-12-05 21:18:55] 🔍 Scanning C:\Users\Recap\OneDrive\Documents\Banana_Project\Geotag_images\PlaceholderUSB for new images...
[2025-12-05 21:18:55] 🔍 Scanning C:\Users\Recap\OneDrive\Documents\Banana_Project\Geotag_images\PlaceholderUSB for new images...
[2025-12-05 21:18:55] 🔍 Scanning C:\Users\Recap\OneDrive\Documents\Banana_Project\Geotag_images\PlaceholderUSB for new images...
[2025-12-05 21:18:57] 🔍 Scanning C:\Users\Recap\OneDrive\Documents\Banana_Project\Geotag_images\PlaceholderUSB for new images...
[2025-12-05 21:19:03] 🔍 Scanning C:\Users\Recap\OneDrive\Documents\Banana_Project\Geotag_images\PlaceholderUSB for new images...
[2025-12-05 21:19:03] 🔍 Scanning C:\Users\Recap\OneDrive\Documents\Banana_Project\Geotag_images\PlaceholderUSB for new images...
[2025-12-05 21:19:05] 🔍 Scanning C:\Users\Recap\OneDrive\Documents\Banana_Project\Geotag_images\PlaceholderUSB for new images...
[2025-12-05 21:19:05] 🔍 Scanning C:\Users\Recap\OneDrive\Documents\Banana_Project\Geotag_images\PlaceholderUSB for new images...
[2025-12-05 21:19:05] 🔍 Scanning C:\Users\Recap\OneDrive\Documents\Banana_Project\Geotag_images\PlaceholderUSB for new images...
[2025-12-05 21:19:07] 🔍 Scanning C:\Users\Recap\OneDrive\Documents\Banana_Project\Geotag_images\PlaceholderUSB for new images...
[2025-12-05 21:19:13] 🔍 Scanning C:\Users\Recap\OneDrive\Documents\Banana_Project\Geotag_images\PlaceholderUSB for new images...
[2025-12-05 21:19:13] 🔍 Scanning C:\Users\Recap\OneDrive\Documents\Banana_Project\Geotag_images\PlaceholderUSB for new images...
[2025-12-05 21:19:15] 🔍 Scanning C:\Users\Recap\OneDrive\Documents\Banana_Project\Geotag_images\PlaceholderUSB for new images...
[2025-12-05 21:19:15] 🔍 Scanning C:\Users\Recap\OneDrive\Documents\Banana_Project\Geotag_images\PlaceholderUSB for new images...
[2025-12-05 21:19:15] 🔍 Scanning C:\Users\Recap\OneDrive\Documents\Banana_Project\Geotag_images\PlaceholderUSB for new images...
[2025-12-05 21:19:17] 🔍 Scanning C:\Users\Recap\OneDrive\Documents\Banana_Project\Geotag_images\PlaceholderUSB for new images...
[2025-12-05 21:19:23] 🔍 Scanning C:\Users\Recap\OneDrive\Documents\Banana_Project\Geotag_images\PlaceholderUSB for new images...
[2025-12-05 21:19:23] 🔍 Scanning C:\Users\Recap\OneDrive\Documents\Banana_Project\Geotag_images\PlaceholderUSB for new images...
[2025-12-05 21:19:25] 🔍 Scanning C:\Users\Recap\OneDrive\Documents\Banana_Project\Geotag_images\PlaceholderUSB for new images...
[2025-12-05 21:19:25] 🔍 Scanning C:\Users\Recap\OneDrive\Documents\Banana_Project\Geotag_images\PlaceholderUSB for new images...
[2025-12-05 21:19:25] 🔍 Scanning C:\Users\Recap\OneDrive\Documents\Banana_Project\Geotag_images\PlaceholderUSB for new images...
[2025-12-05 21:19:27] 🔍 Scanning C:\Users\Recap\OneDrive\Documents\Banana_Project\Geotag_images\PlaceholderUSB for new images...
[2025-12-05 21:19:33] 🔍 Scanning C:\Users\Recap\OneDrive\Documents\Banana_Project\Geotag_images\PlaceholderUSB for new images...
[2025-12-05 21:19:33] 🔍 Scanning C:\Users\Recap\OneDrive\Documents\Banana_Project\Geotag_images\PlaceholderUSB for new images...
[2025-12-05 21:19:35] 🔍 Scanning C:\Users\Recap\OneDrive\Documents\Banana_Project\Geotag_images\PlaceholderUSB for new images...
[2025-12-05 21:19:35] 🔍 Scanning C:\Users\Recap\OneDrive\Documents\Banana_Project\Geotag_images\PlaceholderUSB for new images...
[2025-12-05 21:19:35] 🔍 Scanning C:\Users\Recap\OneDrive\Documents\Banana_Project\Geotag_images\PlaceholderUSB for new images...
[2025-12-05 21:19:37] 🔍 Scanning C:\Users\Recap\OneDrive\Documents\Banana_Project\Geotag_images\PlaceholderUSB for new images...
[2025-12-05 21:19:43] 🔍 Scanning C:\Users\Recap\OneDrive\Documents\Banana_Project\Geotag_images\PlaceholderUSB for new images...
[2025-12-05 21:19:43] 🔍 Scanning C:\Users\Recap\OneDrive\Documents\Banana_Project\Geotag_images\PlaceholderUSB for new images...
[2025-12-05 21:19:45] 🔍 Scanning C:\Users\Recap\OneDrive\Documents\Banana_Project\Geotag_images\PlaceholderUSB for new images...
[2025-12-05 21:19:45] 🔍 Scanning C:\Users\Recap\OneDrive\Documents\Banana_Project\Geotag_images\PlaceholderUSB for new images...
[2025-12-05 21:19:45] 🔍 Scanning C:\Users\Recap\OneDrive\Documents\Banana_Project\Geotag_images\PlaceholderUSB for new images...
[2025-12-05 21:19:47] 🔍 Scanning C:\Users\Recap\OneDrive\Documents\Banana_Project\Geotag_images\PlaceholderUSB for new images...
[2025-12-05 21:19:53] 🔍 Scanning C:\Users\Recap\OneDrive\Documents\Banana_Project\Geotag_images\PlaceholderUSB for new images...
[2025-12-05 21:19:53] 🔍 Scanning C:\Users\Recap\OneDrive\Documents\Banana_Project\Geotag_images\PlaceholderUSB for new images...
[2025-12-05 21:19:55] 🔍 Scanning C:\Users\Recap\OneDrive\Documents\Banana_Project\Geotag_images\PlaceholderUSB for new images...
[2025-12-05 21:19:55] 🔍 Scanning C:\Users\Recap\OneDrive\Documents\Banana_Project\Geotag_images\PlaceholderUSB for new images...
[2025-12-05 21:19:55] 🔍 Scanning C:\Users\Recap\OneDrive\Documents\Banana_Project\Geotag_images\PlaceholderUSB for new images...
[2025-12-05 21:19:57] 🔍 Scanning C:\Users\Recap\OneDrive\Documents\Banana_Project\Geotag_images\PlaceholderUSB for new images...
[2025-12-05 21:20:03] 🔍 Scanning C:\Users\Recap\OneDrive\Documents\Banana_Project\Geotag_images\PlaceholderUSB for new images...
[2025-12-05 21:20:03] 🔍 Scanning C:\Users\Recap\OneDrive\Documents\Banana_Project\Geotag_images\PlaceholderUSB for new images...
[2025-12-05 21:20:05] 🔍 Scanning C:\Users\Recap\OneDrive\Documents\Banana_Project\Geotag_images\PlaceholderUSB for new images...
[2025-12-05 21:20:05] 🔍 Scanning C:\Users\Recap\OneDrive\Documents\Banana_Project\Geotag_images\PlaceholderUSB for new images...
[2025-12-05 21:20:05] 🔍 Scanning C:\Users\Recap\OneDrive\Documents\Banana_Project\Geotag_images\PlaceholderUSB for new images...
[2025-12-05 21:20:07] 🔍 Scanning C:\Users\Recap\OneDrive\Documents\Banana_Project\Geotag_images\PlaceholderUSB for new images...
[2025-12-05 21:20:13] 🔍 Scanning C:\Users\Recap\OneDrive\Documents\Banana_Project\Geotag_images\PlaceholderUSB for new images...
[2025-12-05 21:20:13] 🔍 Scanning C:\Users\Recap\OneDrive\Documents\Banana_Project\Geotag_images\PlaceholderUSB for new images...
[2025-12-05 21:20:15] 🔍 Scanning C:\Users\Recap\OneDrive\Documents\Banana_Project\Geotag_images\PlaceholderUSB for new images...
[2025-12-05 21:20:15] 🔍 Scanning C:\Users\Recap\OneDrive\Documents\Banana_Project\Geotag_images\PlaceholderUSB for new images...
[2025-12-05 21:20:15] 🔍 Scanning C:\Users\Recap\OneDrive\Documents\Banana_Project\Geotag_images\PlaceholderUSB for new images...
[2025-12-05 21:20:17] 🔍 Scanning C:\Users\Recap\OneDrive\Documents\Banana_Project\Geotag_images\PlaceholderUSB for new images...
[2025-12-05 21:20:23] 🔍 Scanning C:\Users\Recap\OneDrive\Documents\Banana_Project\Geotag_images\PlaceholderUSB for new images...
[2025-12-05 21:20:23] 🔍 Scanning C:\Users\Recap\OneDrive\Documents\Banana_Project\Geotag_images\PlaceholderUSB for new images...
[2025-12-05 21:20:25] 🔍 Scanning C:\Users\Recap\OneDrive\Documents\Banana_Project\Geotag_images\PlaceholderUSB for new images...
[2025-12-05 21:20:25] 🔍 Scanning C:\Users\Recap\OneDrive\Documents\Banana_Project\Geotag_images\PlaceholderUSB for new images...
[2025-12-05 21:20:25] 🔍 Scanning C:\Users\Recap\OneDrive\Documents\Banana_Project\Geotag_images\PlaceholderUSB for new images...
[2025-12-05 21:20:27] 🔍 Scanning C:\Users\Recap\OneDrive\Documents\Banana_Project\Geotag_images\PlaceholderUSB for new images...
[2025-12-05 21:20:33] 🔍 Scanning C:\Users\Recap\OneDrive\Documents\Banana_Project\Geotag_images\PlaceholderUSB for new images...
[2025-12-05 21:20:33] 🔍 Scanning C:\Users\Recap\OneDrive\Documents\Banana_Project\Geotag_images\PlaceholderUSB for new images...
[2025-12-05 21:20:35] 🔍 Scanning C:\Users\Recap\OneDrive\Documents\Banana_Project\Geotag_images\PlaceholderUSB for new images...
[2025-12-05 21:20:35] 🔍 Scanning C:\Users\Recap\OneDrive\Documents\Banana_Project\Geotag_images\PlaceholderUSB for new images...
[2025-12-05 21:20:35] 🔍 Scanning C:\Users\Recap\OneDrive\Documents\Banana_Project\Geotag_images\PlaceholderUSB for new images...
[2025-12-05 21:20:37] 🔍 Scanning C:\Users\Recap\OneDrive\Documents\Banana_Project\Geotag_images\PlaceholderUSB for new images...
[2025-12-05 21:20:43] 🔍 Scanning C:\Users\Recap\OneDrive\Documents\Banana_Project\Geotag_images\PlaceholderUSB for new images...
[2025-12-05 21:20:43] 🔍 Scanning C:\Users\Recap\OneDrive\Documents\Banana_Project\Geotag_images\PlaceholderUSB for new images...
[2025-12-05 21:20:45] 🔍 Scanning C:\Users\Recap\OneDrive\Documents\Banana_Project\Geotag_images\PlaceholderUSB for new images...
[2025-12-05 21:20:45] 🔍 Scanning C:\Users\Recap\OneDrive\Documents\Banana_Project\Geotag_images\PlaceholderUSB for new images...
[2025-12-05 21:20:45] 🔍 Scanning C:\Users\Recap\OneDrive\Documents\Banana_Project\Geotag_images\PlaceholderUSB for new images...
[2025-12-05 21:20:47] 🔍 Scanning C:\Users\Recap\OneDrive\Documents\Banana_Project\Geotag_images\PlaceholderUSB for new images...
[2025-12-05 21:20:53] 🔍 Scanning C:\Users\Recap\OneDrive\Documents\Banana_Project\Geotag_images\PlaceholderUSB for new images...
[2025-12-05 21:20:53] 🔍 Scanning C:\Users\Recap\OneDrive\Documents\Banana_Project\Geotag_images\PlaceholderUSB for new images...
[2025-12-05 21:20:55] 🔍 Scanning C:\Users\Recap\OneDrive\Documents\Banana_Project\Geotag_images\PlaceholderUSB for new images...
[2025-12-05 21:20:55] 🔍 Scanning C:\Users\Recap\OneDrive\Documents\Banana_Project\Geotag_images\PlaceholderUSB for new images...
[2025-12-05 21:20:55] 🔍 Scanning C:\Users\Recap\OneDrive\Documents\Banana_Project\Geotag_images\PlaceholderUSB for new images...
[2025-12-05 21:20:57] 🔍 Scanning C:\Users\Recap\OneDrive\Documents\Banana_Project\Geotag_images\PlaceholderUSB for new images...
[2025-12-05 21:21:03] 🔍 Scanning C:\Users\Recap\OneDrive\Documents\Banana_Project\Geotag_images\PlaceholderUSB for new images...
[2025-12-05 21:21:03] 🔍 Scanning C:\Users\Recap\OneDrive\Documents\Banana_Project\Geotag_images\PlaceholderUSB for new images...
[2025-12-05 21:21:05] 🔍 Scanning C:\Users\Recap\OneDrive\Documents\Banana_Project\Geotag_images\PlaceholderUSB for new images...
[2025-12-05 21:21:05] 🔍 Scanning C:\Users\Recap\OneDrive\Documents\Banana_Project\Geotag_images\PlaceholderUSB for new images...
[2025-12-05 21:21:05] 🔍 Scanning C:\Users\Recap\OneDrive\Documents\Banana_Project\Geotag_images\PlaceholderUSB for new images...
[2025-12-05 21:21:07] 🔍 Scanning C:\Users\Recap\OneDrive\Documents\Banana_Project\Geotag_images\PlaceholderUSB for new images...
[2025-12-05 21:21:13] 🔍 Scanning C:\Users\Recap\OneDrive\Documents\Banana_Project\Geotag_images\PlaceholderUSB for new images...
[2025-12-05 21:21:13] 🔍 Scanning C:\Users\Recap\OneDrive\Documents\Banana_Project\Geotag_images\PlaceholderUSB for new images...
[2025-12-05 21:21:15] 🔍 Scanning C:\Users\Recap\OneDrive\Documents\Banana_Project\Geotag_images\PlaceholderUSB for new images...
[2025-12-05 21:21:15] 🔍 Scanning C:\Users\Recap\OneDrive\Documents\Banana_Project\Geotag_images\PlaceholderUSB for new images...
[2025-12-05 21:21:15] 🔍 Scanning C:\Users\Recap\OneDrive\Documents\Banana_Project\Geotag_images\PlaceholderUSB for new images...
[2025-12-05 21:21:17] 🔍 Scanning C:\Users\Recap\OneDrive\Documents\Banana_Project\Geotag_images\PlaceholderUSB for new images...
[2025-12-05 21:21:23] 🔍 Scanning C:\Users\Recap\OneDrive\Documents\Banana_Project\Geotag_images\PlaceholderUSB for new images...
[2025-12-05 21:21:23] 🔍 Scanning C:\Users\Recap\OneDrive\Documents\Banana_Project\Geotag_images\PlaceholderUSB for new images...
[2025-12-05 21:21:25] 🔍 Scanning C:\Users\Recap\OneDrive\Documents\Banana_Project\Geotag_images\PlaceholderUSB for new images...
[2025-12-05 21:21:25] 🔍 Scanning C:\Users\Recap\OneDrive\Documents\Banana_Project\Geotag_images\PlaceholderUSB for new images...
[2025-12-05 21:21:25] 🔍 Scanning C:\Users\Recap\OneDrive\Documents\Banana_Project\Geotag_images\PlaceholderUSB for new images...
[2025-12-05 21:21:27] 🔍 Scanning C:\Users\Recap\OneDrive\Documents\Banana_Project\Geotag_images\PlaceholderUSB for new images...
[2025-12-05 21:21:33] 🔍 Scanning C:\Users\Recap\OneDrive\Documents\Banana_Project\Geotag_images\PlaceholderUSB for new images...
[2025-12-05 21:21:33] 🔍 Scanning C:\Users\Recap\OneDrive\Documents\Banana_Project\Geotag_images\PlaceholderUSB for new images...
[2025-12-05 21:21:35] 🔍 Scanning C:\Users\Recap\OneDrive\Documents\Banana_Project\Geotag_images\PlaceholderUSB for new images...
[2025-12-05 21:21:35] 🔍 Scanning C:\Users\Recap\OneDrive\Documents\Banana_Project\Geotag_images\PlaceholderUSB for new images...
[2025-12-05 21:21:35] 🔍 Scanning C:\Users\Recap\OneDrive\Documents\Banana_Project\Geotag_images\PlaceholderUSB for new images...
[2025-12-05 21:21:37] 🔍 Scanning C:\Users\Recap\OneDrive\Documents\Banana_Project\Geotag_images\PlaceholderUSB for new images...
[2025-12-05 21:21:43] 🔍 Scanning C:\Users\Recap\OneDrive\Documents\Banana_Project\Geotag_images\PlaceholderUSB for new images...
[2025-12-05 21:21:43] 🔍 Scanning C:\Users\Recap\OneDrive\Documents\Banana_Project\Geotag_images\PlaceholderUSB for new images...
[2025-12-05 21:21:45] 🔍 Scanning C:\Users\Recap\OneDrive\Documents\Banana_Project\Geotag_images\PlaceholderUSB for new images...
[2025-12-05 21:21:45] 🔍 Scanning C:\Users\Recap\OneDrive\Documents\Banana_Project\Geotag_images\PlaceholderUSB for new images...
[2025-12-05 21:21:45] 🔍 Scanning C:\Users\Recap\OneDrive\Documents\Banana_Project\Geotag_images\PlaceholderUSB for new images...
[2025-12-05 21:21:47] 🔍 Scanning C:\Users\Recap\OneDrive\Documents\Banana_Project\Geotag_images\PlaceholderUSB for new images...
[2025-12-05 21:21:53] 🔍 Scanning C:\Users\Recap\OneDrive\Documents\Banana_Project\Geotag_images\PlaceholderUSB for new images...
[2025-12-05 21:21:53] 🔍 Scanning C:\Users\Recap\OneDrive\Documents\Banana_Project\Geotag_images\PlaceholderUSB for new images...
[2025-12-05 21:21:55] 🔍 Scanning C:\Users\Recap\OneDrive\Documents\Banana_Project\Geotag_images\PlaceholderUSB for new images...
[2025-12-05 21:21:55] 🔍 Scanning C:\Users\Recap\OneDrive\Documents\Banana_Project\Geotag_images\PlaceholderUSB for new images...
[2025-12-05 21:21:55] 🔍 Scanning C:\Users\Recap\OneDrive\Documents\Banana_Project\Geotag_images\PlaceholderUSB for new images...
[2025-12-05 21:21:57] 🔍 Scanning C:\Users\Recap\OneDrive\Documents\Banana_Project\Geotag_images\PlaceholderUSB for new images...
[2025-12-05 21:22:03] 🔍 Scanning C:\Users\Recap\OneDrive\Documents\Banana_Project\Geotag_images\PlaceholderUSB for new images...
[2025-12-05 21:22:03] 🔍 Scanning C:\Users\Recap\OneDrive\Documents\Banana_Project\Geotag_images\PlaceholderUSB for new images...
[2025-12-05 21:22:05] 🔍 Scanning C:\Users\Recap\OneDrive\Documents\Banana_Project\Geotag_images\PlaceholderUSB for new images...
[2025-12-05 21:22:05] 🔍 Scanning C:\Users\Recap\OneDrive\Documents\Banana_Project\Geotag_images\PlaceholderUSB for new images...
[2025-12-05 21:22:05] 🔍 Scanning C:\Users\Recap\OneDrive\Documents\Banana_Project\Geotag_images\PlaceholderUSB for new images...
[2025-12-05 21:22:07] 🔍 Scanning C:\Users\Recap\OneDrive\Documents\Banana_Project\Geotag_images\PlaceholderUSB for new images...
[2025-12-05 21:22:13] 🔍 Scanning C:\Users\Recap\OneDrive\Documents\Banana_Project\Geotag_images\PlaceholderUSB for new images...
[2025-12-05 21:22:13] 🔍 Scanning C:\Users\Recap\OneDrive\Documents\Banana_Project\Geotag_images\PlaceholderUSB for new images...
[2025-12-05 21:22:15] 🔍 Scanning C:\Users\Recap\OneDrive\Documents\Banana_Project\Geotag_images\PlaceholderUSB for new images...
[2025-12-05 21:22:15] 🔍 Scanning C:\Users\Recap\OneDrive\Documents\Banana_Project\Geotag_images\PlaceholderUSB for new images...
[2025-12-05 21:22:15] 🔍 Scanning C:\Users\Recap\OneDrive\Documents\Banana_Project\Geotag_images\PlaceholderUSB for new images...
[2025-12-05 21:22:17] 🔍 Scanning C:\Users\Recap\OneDrive\Documents\Banana_Project\Geotag_images\PlaceholderUSB for new images...
[2025-12-05 21:22:23] 🔍 Scanning C:\Users\Recap\OneDrive\Documents\Banana_Project\Geotag_images\PlaceholderUSB for new images...
[2025-12-05 21:22:23] 🔍 Scanning C:\Users\Recap\OneDrive\Documents\Banana_Project\Geotag_images\PlaceholderUSB for new images...
[2025-12-05 21:22:25] 🔍 Scanning C:\Users\Recap\OneDrive\Documents\Banana_Project\Geotag_images\PlaceholderUSB for new images...
[2025-12-05 21:22:25] 🔍 Scanning C:\Users\Recap\OneDrive\Documents\Banana_Project\Geotag_images\PlaceholderUSB for new images...
[2025-12-05 21:22:25] 🔍 Scanning C:\Users\Recap\OneDrive\Documents\Banana_Project\Geotag_images\PlaceholderUSB for new images...
[2025-12-05 21:22:27] 🔍 Scanning C:\Users\Recap\OneDrive\Documents\Banana_Project\Geotag_images\PlaceholderUSB for new images...
[2025-12-05 21:22:33] 🔍 Scanning C:\Users\Recap\OneDrive\Documents\Banana_Project\Geotag_images\PlaceholderUSB for new images...
[2025-12-05 21:22:33] 🔍 Scanning C:\Users\Recap\OneDrive\Documents\Banana_Project\Geotag_images\PlaceholderUSB for new images...
[2025-12-05 21:22:35] 🔍 Scanning C:\Users\Recap\OneDrive\Documents\Banana_Project\Geotag_images\PlaceholderUSB for new images...
[2025-12-05 21:22:35] 🔍 Scanning C:\Users\Recap\OneDrive\Documents\Banana_Project\Geotag_images\PlaceholderUSB for new images...
[2025-12-05 21:22:35] 🔍 Scanning C:\Users\Recap\OneDrive\Documents\Banana_Project\Geotag_images\PlaceholderUSB for new images...
[2025-12-05 21:22:37] 🔍 Scanning C:\Users\Recap\OneDrive\Documents\Banana_Project\Geotag_images\PlaceholderUSB for new images...
[2025-12-05 21:22:43] 🔍 Scanning C:\Users\Recap\OneDrive\Documents\Banana_Project\Geotag_images\PlaceholderUSB for new images...
[2025-12-05 21:22:43] 🔍 Scanning C:\Users\Recap\OneDrive\Documents\Banana_Project\Geotag_images\PlaceholderUSB for new images...
[2025-12-05 21:22:45] 🔍 Scanning C:\Users\Recap\OneDrive\Documents\Banana_Project\Geotag_images\PlaceholderUSB for new images...
[2025-12-05 21:22:45] 🔍 Scanning C:\Users\Recap\OneDrive\Documents\Banana_Project\Geotag_images\PlaceholderUSB for new images...
[2025-12-05 21:22:45] 🔍 Scanning C:\Users\Recap\OneDrive\Documents\Banana_Project\Geotag_images\PlaceholderUSB for new images...
[2025-12-05 21:22:47] 🔍 Scanning C:\Users\Recap\OneDrive\Documents\Banana_Project\Geotag_images\PlaceholderUSB for new images...
[2025-12-05 21:22:53] 🔍 Scanning C:\Users\Recap\OneDrive\Documents\Banana_Project\Geotag_images\PlaceholderUSB for new images...
[2025-12-05 21:22:53] 🔍 Scanning C:\Users\Recap\OneDrive\Documents\Banana_Project\Geotag_images\PlaceholderUSB for new images...
[2025-12-05 21:22:55] 🔍 Scanning C:\Users\Recap\OneDrive\Documents\Banana_Project\Geotag_images\PlaceholderUSB for new images...
[2025-12-05 21:22:55] 🔍 Scanning C:\Users\Recap\OneDrive\Documents\Banana_Project\Geotag_images\PlaceholderUSB for new images...
[2025-12-05 21:22:55] 🔍 Scanning C:\Users\Recap\OneDrive\Documents\Banana_Project\Geotag_images\PlaceholderUSB for new images...
[2025-12-05 21:22:57] 🔍 Scanning C:\Users\Recap\OneDrive\Documents\Banana_Project\Geotag_images\PlaceholderUSB for new images...
[2025-12-05 21:23:03] 🔍 Scanning C:\Users\Recap\OneDrive\Documents\Banana_Project\Geotag_images\PlaceholderUSB for new images...
[2025-12-05 21:23:03] 🔍 Scanning C:\Users\Recap\OneDrive\Documents\Banana_Project\Geotag_images\PlaceholderUSB for new images...
[2025-12-05 21:23:05] 🔍 Scanning C:\Users\Recap\OneDrive\Documents\Banana_Project\Geotag_images\PlaceholderUSB for new images...
[2025-12-05 21:23:05] 🔍 Scanning C:\Users\Recap\OneDrive\Documents\Banana_Project\Geotag_images\PlaceholderUSB for new images...
[2025-12-05 21:23:05] 🔍 Scanning C:\Users\Recap\OneDrive\Documents\Banana_Project\Geotag_images\PlaceholderUSB for new images...
[2025-12-05 21:23:07] 🔍 Scanning C:\Users\Recap\OneDrive\Documents\Banana_Project\Geotag_images\PlaceholderUSB for new images...
[2025-12-05 21:23:13] 🔍 Scanning C:\Users\Recap\OneDrive\Documents\Banana_Project\Geotag_images\PlaceholderUSB for new images...
[2025-12-05 21:23:13] 🔍 Scanning C:\Users\Recap\OneDrive\Documents\Banana_Project\Geotag_images\PlaceholderUSB for new images...
[2025-12-05 21:23:15] 🔍 Scanning C:\Users\Recap\OneDrive\Documents\Banana_Project\Geotag_images\PlaceholderUSB for new images...
[2025-12-05 21:23:15] 🔍 Scanning C:\Users\Recap\OneDrive\Documents\Banana_Project\Geotag_images\PlaceholderUSB for new images...
[2025-12-05 21:23:15] 🔍 Scanning C:\Users\Recap\OneDrive\Documents\Banana_Project\Geotag_images\PlaceholderUSB for new images...
[2025-12-05 21:23:17] 🔍 Scanning C:\Users\Recap\OneDrive\Documents\Banana_Project\Geotag_images\PlaceholderUSB for new images...
[2025-12-05 21:23:23] 🔍 Scanning C:\Users\Recap\OneDrive\Documents\Banana_Project\Geotag_images\PlaceholderUSB for new images...
[2025-12-05 21:23:23] 🔍 Scanning C:\Users\Recap\OneDrive\Documents\Banana_Project\Geotag_images\PlaceholderUSB for new images...
[2025-12-05 21:23:25] 🔍 Scanning C:\Users\Recap\OneDrive\Documents\Banana_Project\Geotag_images\PlaceholderUSB for new images...
[2025-12-05 21:23:25] 🔍 Scanning C:\Users\Recap\OneDrive\Documents\Banana_Project\Geotag_images\PlaceholderUSB for new images...
[2025-12-05 21:23:26] 🔍 Scanning C:\Users\Recap\OneDrive\Documents\Banana_Project\Geotag_images\PlaceholderUSB for new images...
[2025-12-05 21:23:27] 🔍 Scanning C:\Users\Recap\OneDrive\Documents\Banana_Project\Geotag_images\PlaceholderUSB for new images...
[2025-12-05 21:23:33] 🔍 Scanning C:\Users\Recap\OneDrive\Documents\Banana_Project\Geotag_images\PlaceholderUSB for new images...
[2025-12-05 21:23:33] 🔍 Scanning C:\Users\Recap\OneDrive\Documents\Banana_Project\Geotag_images\PlaceholderUSB for new images...
[2025-12-05 21:23:35] 🔍 Scanning C:\Users\Recap\OneDrive\Documents\Banana_Project\Geotag_images\PlaceholderUSB for new images...
[2025-12-05 21:23:35] 🔍 Scanning C:\Users\Recap\OneDrive\Documents\Banana_Project\Geotag_images\PlaceholderUSB for new images...
[2025-12-05 21:23:36] 🔍 Scanning C:\Users\Recap\OneDrive\Documents\Banana_Project\Geotag_images\PlaceholderUSB for new images...
[2025-12-05 21:23:37] 🔍 Scanning C:\Users\Recap\OneDrive\Documents\Banana_Project\Geotag_images\PlaceholderUSB for new images...
[2025-12-05 21:23:43] 🔍 Scanning C:\Users\Recap\OneDrive\Documents\Banana_Project\Geotag_images\PlaceholderUSB for new images...
[2025-12-05 21:23:43] 🔍 Scanning C:\Users\Recap\OneDrive\Documents\Banana_Project\Geotag_images\PlaceholderUSB for new images...
[2025-12-05 21:23:45] 🔍 Scanning C:\Users\Recap\OneDrive\Documents\Banana_Project\Geotag_images\PlaceholderUSB for new images...
[2025-12-05 21:23:45] 🔍 Scanning C:\Users\Recap\OneDrive\Documents\Banana_Project\Geotag_images\PlaceholderUSB for new images...
[2025-12-05 21:23:46] 🔍 Scanning C:\Users\Recap\OneDrive\Documents\Banana_Project\Geotag_images\PlaceholderUSB for new images...
[2025-12-05 21:23:47] 🔍 Scanning C:\Users\Recap\OneDrive\Documents\Banana_Project\Geotag_images\PlaceholderUSB for new images...
[2025-12-05 21:23:53] 🔍 Scanning C:\Users\Recap\OneDrive\Documents\Banana_Project\Geotag_images\PlaceholderUSB for new images...
[2025-12-05 21:23:53] 🔍 Scanning C:\Users\Recap\OneDrive\Documents\Banana_Project\Geotag_images\PlaceholderUSB for new images...
[2025-12-05 21:23:55] 🔍 Scanning C:\Users\Recap\OneDrive\Documents\Banana_Project\Geotag_images\PlaceholderUSB for new images...
[2025-12-05 21:23:55] 🔍 Scanning C:\Users\Recap\OneDrive\Documents\Banana_Project\Geotag_images\PlaceholderUSB for new images...
[2025-12-05 21:23:56] 🔍 Scanning C:\Users\Recap\OneDrive\Documents\Banana_Project\Geotag_images\PlaceholderUSB for new images...
[2025-12-05 21:23:57] 🔍 Scanning C:\Users\Recap\OneDrive\Documents\Banana_Project\Geotag_images\PlaceholderUSB for new images...
[2025-12-05 21:24:03] 🔍 Scanning C:\Users\Recap\OneDrive\Documents\Banana_Project\Geotag_images\PlaceholderUSB for new images...
[2025-12-05 21:24:03] 🔍 Scanning C:\Users\Recap\OneDrive\Documents\Banana_Project\Geotag_images\PlaceholderUSB for new images...
[2025-12-05 21:24:05] 🔍 Scanning C:\Users\Recap\OneDrive\Documents\Banana_Project\Geotag_images\PlaceholderUSB for new images...
[2025-12-05 21:24:05] 🔍 Scanning C:\Users\Recap\OneDrive\Documents\Banana_Project\Geotag_images\PlaceholderUSB for new images...
[2025-12-05 21:24:06] 🔍 Scanning C:\Users\Recap\OneDrive\Documents\Banana_Project\Geotag_images\PlaceholderUSB for new images...
[2025-12-05 21:24:07] 🔍 Scanning C:\Users\Recap\OneDrive\Documents\Banana_Project\Geotag_images\PlaceholderUSB for new images...
[2025-12-05 21:24:13] 🔍 Scanning C:\Users\Recap\OneDrive\Documents\Banana_Project\Geotag_images\PlaceholderUSB for new images...
[2025-12-05 21:24:13] 🔍 Scanning C:\Users\Recap\OneDrive\Documents\Banana_Project\Geotag_images\PlaceholderUSB for new images...
[2025-12-05 21:24:15] 🔍 Scanning C:\Users\Recap\OneDrive\Documents\Banana_Project\Geotag_images\PlaceholderUSB for new images...
[2025-12-05 21:24:15] 🔍 Scanning C:\Users\Recap\OneDrive\Documents\Banana_Project\Geotag_images\PlaceholderUSB for new images...
[2025-12-05 21:24:16] 🔍 Scanning C:\Users\Recap\OneDrive\Documents\Banana_Project\Geotag_images\PlaceholderUSB for new images...
[2025-12-05 21:24:17] 🔍 Scanning C:\Users\Recap\OneDrive\Documents\Banana_Project\Geotag_images\PlaceholderUSB for new images...
[2025-12-05 21:24:23] 🔍 Scanning C:\Users\Recap\OneDrive\Documents\Banana_Project\Geotag_images\PlaceholderUSB for new images...
[2025-12-05 21:24:23] 🔍 Scanning C:\Users\Recap\OneDrive\Documents\Banana_Project\Geotag_images\PlaceholderUSB for new images...
[2025-12-05 21:24:25] 🔍 Scanning C:\Users\Recap\OneDrive\Documents\Banana_Project\Geotag_images\PlaceholderUSB for new images...
[2025-12-05 21:24:26] 🔍 Scanning C:\Users\Recap\OneDrive\Documents\Banana_Project\Geotag_images\PlaceholderUSB for new images...
[2025-12-05 21:24:26] 🔍 Scanning C:\Users\Recap\OneDrive\Documents\Banana_Project\Geotag_images\PlaceholderUSB for new images...
[2025-12-05 21:24:27] 🔍 Scanning C:\Users\Recap\OneDrive\Documents\Banana_Project\Geotag_images\PlaceholderUSB for new images...
[2025-12-05 21:24:33] 🔍 Scanning C:\Users\Recap\OneDrive\Documents\Banana_Project\Geotag_images\PlaceholderUSB for new images...
[2025-12-05 21:24:33] 🔍 Scanning C:\Users\Recap\OneDrive\Documents\Banana_Project\Geotag_images\PlaceholderUSB for new images...
[2025-12-05 21:24:35] 🔍 Scanning C:\Users\Recap\OneDrive\Documents\Banana_Project\Geotag_images\PlaceholderUSB for new images...
[2025-12-05 21:24:36] 🔍 Scanning C:\Users\Recap\OneDrive\Documents\Banana_Project\Geotag_images\PlaceholderUSB for new images...
[2025-12-05 21:24:36] 🔍 Scanning C:\Users\Recap\OneDrive\Documents\Banana_Project\Geotag_images\PlaceholderUSB for new images...
[2025-12-05 21:24:37] 🔍 Scanning C:\Users\Recap\OneDrive\Documents\Banana_Project\Geotag_images\PlaceholderUSB for new images...
[2025-12-05 21:24:43] 🔍 Scanning C:\Users\Recap\OneDrive\Documents\Banana_Project\Geotag_images\PlaceholderUSB for new images...
[2025-12-05 21:24:43] 🔍 Scanning C:\Users\Recap\OneDrive\Documents\Banana_Project\Geotag_images\PlaceholderUSB for new images...
[2025-12-05 21:24:45] 🔍 Scanning C:\Users\Recap\OneDrive\Documents\Banana_Project\Geotag_images\PlaceholderUSB for new images...
[2025-12-05 21:24:46] 🔍 Scanning C:\Users\Recap\OneDrive\Documents\Banana_Project\Geotag_images\PlaceholderUSB for new images...
[2025-12-05 21:24:46] 🔍 Scanning C:\Users\Recap\OneDrive\Documents\Banana_Project\Geotag_images\PlaceholderUSB for new images...
[2025-12-05 21:24:47] 🔍 Scanning C:\Users\Recap\OneDrive\Documents\Banana_Project\Geotag_images\PlaceholderUSB for new images...
[2025-12-05 21:24:53] 🔍 Scanning C:\Users\Recap\OneDrive\Documents\Banana_Project\Geotag_images\PlaceholderUSB for new images...
[2025-12-05 21:24:53] 🔍 Scanning C:\Users\Recap\OneDrive\Documents\Banana_Project\Geotag_images\PlaceholderUSB for new images...
[2025-12-05 21:24:55] 🔍 Scanning C:\Users\Recap\OneDrive\Documents\Banana_Project\Geotag_images\PlaceholderUSB for new images...
[2025-12-05 21:24:56] 🔍 Scanning C:\Users\Recap\OneDrive\Documents\Banana_Project\Geotag_images\PlaceholderUSB for new images...
[2025-12-05 21:24:56] 🔍 Scanning C:\Users\Recap\OneDrive\Documents\Banana_Project\Geotag_images\PlaceholderUSB for new images...
[2025-12-05 21:24:57] 🔍 Scanning C:\Users\Recap\OneDrive\Documents\Banana_Project\Geotag_images\PlaceholderUSB for new images...
[2025-12-05 21:25:03] 🔍 Scanning C:\Users\Recap\OneDrive\Documents\Banana_Project\Geotag_images\PlaceholderUSB for new images...
[2025-12-05 21:25:03] 🔍 Scanning C:\Users\Recap\OneDrive\Documents\Banana_Project\Geotag_images\PlaceholderUSB for new images...
[2025-12-05 21:25:05] 🔍 Scanning C:\Users\Recap\OneDrive\Documents\Banana_Project\Geotag_images\PlaceholderUSB for new images...
[2025-12-05 21:25:06] 🔍 Scanning C:\Users\Recap\OneDrive\Documents\Banana_Project\Geotag_images\PlaceholderUSB for new images...
[2025-12-05 21:25:06] 🔍 Scanning C:\Users\Recap\OneDrive\Documents\Banana_Project\Geotag_images\PlaceholderUSB for new images...
[2025-12-05 21:25:07] 🔍 Scanning C:\Users\Recap\OneDrive\Documents\Banana_Project\Geotag_images\PlaceholderUSB for new images...
[2025-12-05 21:25:13] 🔍 Scanning C:\Users\Recap\OneDrive\Documents\Banana_Project\Geotag_images\PlaceholderUSB for new images...
[2025-12-05 21:25:13] 🔍 Scanning C:\Users\Recap\OneDrive\Documents\Banana_Project\Geotag_images\PlaceholderUSB for new images...
[2025-12-05 21:25:15] 🔍 Scanning C:\Users\Recap\OneDrive\Documents\Banana_Project\Geotag_images\PlaceholderUSB for new images...
[2025-12-05 21:25:16] 🔍 Scanning C:\Users\Recap\OneDrive\Documents\Banana_Project\Geotag_images\PlaceholderUSB for new images...
[2025-12-05 21:25:16] 🔍 Scanning C:\Users\Recap\OneDrive\Documents\Banana_Project\Geotag_images\PlaceholderUSB for new images...
[2025-12-05 21:25:17] 🔍 Scanning C:\Users\Recap\OneDrive\Documents\Banana_Project\Geotag_images\PlaceholderUSB for new images...
[2025-12-05 21:25:23] 🔍 Scanning C:\Users\Recap\OneDrive\Documents\Banana_Project\Geotag_images\PlaceholderUSB for new images...
[2025-12-05 21:25:23] 🔍 Scanning C:\Users\Recap\OneDrive\Documents\Banana_Project\Geotag_images\PlaceholderUSB for new images...
[2025-12-05 21:25:25] 🔍 Scanning C:\Users\Recap\OneDrive\Documents\Banana_Project\Geotag_images\PlaceholderUSB for new images...
[2025-12-05 21:25:26] 🔍 Scanning C:\Users\Recap\OneDrive\Documents\Banana_Project\Geotag_images\PlaceholderUSB for new images...
[2025-12-05 21:25:26] 🔍 Scanning C:\Users\Recap\OneDrive\Documents\Banana_Project\Geotag_images\PlaceholderUSB for new images...
[2025-12-05 21:25:27] 🔍 Scanning C:\Users\Recap\OneDrive\Documents\Banana_Project\Geotag_images\PlaceholderUSB for new images...
[2025-12-05 21:25:33] 🔍 Scanning C:\Users\Recap\OneDrive\Documents\Banana_Project\Geotag_images\PlaceholderUSB for new images...
[2025-12-05 21:25:33] 🔍 Scanning C:\Users\Recap\OneDrive\Documents\Banana_Project\Geotag_images\PlaceholderUSB for new images...
[2025-12-05 21:25:35] 🔍 Scanning C:\Users\Recap\OneDrive\Documents\Banana_Project\Geotag_images\PlaceholderUSB for new images...
[2025-12-05 21:25:36] 🔍 Scanning C:\Users\Recap\OneDrive\Documents\Banana_Project\Geotag_images\PlaceholderUSB for new images...
[2025-12-05 21:25:36] 🔍 Scanning C:\Users\Recap\OneDrive\Documents\Banana_Project\Geotag_images\PlaceholderUSB for new images...
[2025-12-05 21:25:37] 🔍 Scanning C:\Users\Recap\OneDrive\Documents\Banana_Project\Geotag_images\PlaceholderUSB for new images...
[2025-12-05 21:25:43] 🔍 Scanning C:\Users\Recap\OneDrive\Documents\Banana_Project\Geotag_images\PlaceholderUSB for new images...
[2025-12-05 21:25:43] 🔍 Scanning C:\Users\Recap\OneDrive\Documents\Banana_Project\Geotag_images\PlaceholderUSB for new images...
[2025-12-05 21:25:45] 🔍 Scanning C:\Users\Recap\OneDrive\Documents\Banana_Project\Geotag_images\PlaceholderUSB for new images...
[2025-12-05 21:25:46] 🔍 Scanning C:\Users\Recap\OneDrive\Documents\Banana_Project\Geotag_images\PlaceholderUSB for new images...
[2025-12-05 21:25:46] 🔍 Scanning C:\Users\Recap\OneDrive\Documents\Banana_Project\Geotag_images\PlaceholderUSB for new images...
[2025-12-05 21:25:47] 🔍 Scanning C:\Users\Recap\OneDrive\Documents\Banana_Project\Geotag_images\PlaceholderUSB for new images...
[2025-12-05 21:25:53] 🔍 Scanning C:\Users\Recap\OneDrive\Documents\Banana_Project\Geotag_images\PlaceholderUSB for new images...
[2025-12-05 21:25:53] 🔍 Scanning C:\Users\Recap\OneDrive\Documents\Banana_Project\Geotag_images\PlaceholderUSB for new images...
[2025-12-05 21:25:55] 🔍 Scanning C:\Users\Recap\OneDrive\Documents\Banana_Project\Geotag_images\PlaceholderUSB for new images...
[2025-12-05 21:25:56] 🔍 Scanning C:\Users\Recap\OneDrive\Documents\Banana_Project\Geotag_images\PlaceholderUSB for new images...
[2025-12-05 21:25:56] 🔍 Scanning C:\Users\Recap\OneDrive\Documents\Banana_Project\Geotag_images\PlaceholderUSB for new images...
[2025-12-05 21:25:57] 🔍 Scanning C:\Users\Recap\OneDrive\Documents\Banana_Project\Geotag_images\PlaceholderUSB for new images...
[2025-12-05 21:26:03] 🔍 Scanning C:\Users\Recap\OneDrive\Documents\Banana_Project\Geotag_images\PlaceholderUSB for new images...
[2025-12-05 21:26:03] 🔍 Scanning C:\Users\Recap\OneDrive\Documents\Banana_Project\Geotag_images\PlaceholderUSB for new images...
[2025-12-05 21:26:05] 🔍 Scanning C:\Users\Recap\OneDrive\Documents\Banana_Project\Geotag_images\PlaceholderUSB for new images...
[2025-12-05 21:26:06] 🔍 Scanning C:\Users\Recap\OneDrive\Documents\Banana_Project\Geotag_images\PlaceholderUSB for new images...
[2025-12-05 21:26:06] 🔍 Scanning C:\Users\Recap\OneDrive\Documents\Banana_Project\Geotag_images\PlaceholderUSB for new images...
[2025-12-05 21:26:07] 🔍 Scanning C:\Users\Recap\OneDrive\Documents\Banana_Project\Geotag_images\PlaceholderUSB for new images...
[2025-12-05 21:26:13] 🔍 Scanning C:\Users\Recap\OneDrive\Documents\Banana_Project\Geotag_images\PlaceholderUSB for new images...
[2025-12-05 21:26:13] 🔍 Scanning C:\Users\Recap\OneDrive\Documents\Banana_Project\Geotag_images\PlaceholderUSB for new images...
[2025-12-05 21:26:15] 🔍 Scanning C:\Users\Recap\OneDrive\Documents\Banana_Project\Geotag_images\PlaceholderUSB for new images...
[2025-12-05 21:26:16] 🔍 Scanning C:\Users\Recap\OneDrive\Documents\Banana_Project\Geotag_images\PlaceholderUSB for new images...
[2025-12-05 21:26:16] 🔍 Scanning C:\Users\Recap\OneDrive\Documents\Banana_Project\Geotag_images\PlaceholderUSB for new images...
[2025-12-05 21:26:17] 🔍 Scanning C:\Users\Recap\OneDrive\Documents\Banana_Project\Geotag_images\PlaceholderUSB for new images...
[2025-12-05 21:26:23] 🔍 Scanning C:\Users\Recap\OneDrive\Documents\Banana_Project\Geotag_images\PlaceholderUSB for new images...
[2025-12-05 21:26:23] 🔍 Scanning C:\Users\Recap\OneDrive\Documents\Banana_Project\Geotag_images\PlaceholderUSB for new images...
[2025-12-05 21:26:25] 🔍 Scanning C:\Users\Recap\OneDrive\Documents\Banana_Project\Geotag_images\PlaceholderUSB for new images...
[2025-12-05 21:26:26] 🔍 Scanning C:\Users\Recap\OneDrive\Documents\Banana_Project\Geotag_images\PlaceholderUSB for new images...
[2025-12-05 21:26:26] 🔍 Scanning C:\Users\Recap\OneDrive\Documents\Banana_Project\Geotag_images\PlaceholderUSB for new images...
[2025-12-05 21:26:27] 🔍 Scanning C:\Users\Recap\OneDrive\Documents\Banana_Project\Geotag_images\PlaceholderUSB for new images...
[2025-12-05 21:26:33] 🔍 Scanning C:\Users\Recap\OneDrive\Documents\Banana_Project\Geotag_images\PlaceholderUSB for new images...
[2025-12-05 21:26:33] 🔍 Scanning C:\Users\Recap\OneDrive\Documents\Banana_Project\Geotag_images\PlaceholderUSB for new images...
[2025-12-05 21:26:35] 🔍 Scanning C:\Users\Recap\OneDrive\Documents\Banana_Project\Geotag_images\PlaceholderUSB for new images...
[2025-12-05 21:26:36] 🔍 Scanning C:\Users\Recap\OneDrive\Documents\Banana_Project\Geotag_images\PlaceholderUSB for new images...
[2025-12-05 21:26:36] 🔍 Scanning C:\Users\Recap\OneDrive\Documents\Banana_Project\Geotag_images\PlaceholderUSB for new images...
[2025-12-05 21:26:37] 🔍 Scanning C:\Users\Recap\OneDrive\Documents\Banana_Project\Geotag_images\PlaceholderUSB for new images...
[2025-12-05 21:26:43] 🔍 Scanning C:\Users\Recap\OneDrive\Documents\Banana_Project\Geotag_images\PlaceholderUSB for new images...
[2025-12-05 21:26:43] 🔍 Scanning C:\Users\Recap\OneDrive\Documents\Banana_Project\Geotag_images\PlaceholderUSB for new images...
[2025-12-05 21:26:45] 🔍 Scanning C:\Users\Recap\OneDrive\Documents\Banana_Project\Geotag_images\PlaceholderUSB for new images...
[2025-12-05 21:26:46] 🔍 Scanning C:\Users\Recap\OneDrive\Documents\Banana_Project\Geotag_images\PlaceholderUSB for new images...
[2025-12-05 21:26:46] 🔍 Scanning C:\Users\Recap\OneDrive\Documents\Banana_Project\Geotag_images\PlaceholderUSB for new images...
[2025-12-05 21:26:47] 🔍 Scanning C:\Users\Recap\OneDrive\Documents\Banana_Project\Geotag_images\PlaceholderUSB for new images...
[2025-12-05 21:26:53] 🔍 Scanning C:\Users\Recap\OneDrive\Documents\Banana_Project\Geotag_images\PlaceholderUSB for new images...
[2025-12-05 21:26:53] 🔍 Scanning C:\Users\Recap\OneDrive\Documents\Banana_Project\Geotag_images\PlaceholderUSB for new images...
[2025-12-05 21:26:55] 🔍 Scanning C:\Users\Recap\OneDrive\Documents\Banana_Project\Geotag_images\PlaceholderUSB for new images...
[2025-12-05 21:26:56] 🔍 Scanning C:\Users\Recap\OneDrive\Documents\Banana_Project\Geotag_images\PlaceholderUSB for new images...
[2025-12-05 21:26:56] 🔍 Scanning C:\Users\Recap\OneDrive\Documents\Banana_Project\Geotag_images\PlaceholderUSB for new images...
[2025-12-05 21:26:57] 🔍 Scanning C:\Users\Recap\OneDrive\Documents\Banana_Project\Geotag_images\PlaceholderUSB for new images...
[2025-12-05 21:27:03] 🔍 Scanning C:\Users\Recap\OneDrive\Documents\Banana_Project\Geotag_images\PlaceholderUSB for new images...
[2025-12-05 21:27:03] 🔍 Scanning C:\Users\Recap\OneDrive\Documents\Banana_Project\Geotag_images\PlaceholderUSB for new images...
[2025-12-05 21:27:05] 🔍 Scanning C:\Users\Recap\OneDrive\Documents\Banana_Project\Geotag_images\PlaceholderUSB for new images...
[2025-12-05 21:27:06] 🔍 Scanning C:\Users\Recap\OneDrive\Documents\Banana_Project\Geotag_images\PlaceholderUSB for new images...
[2025-12-05 21:27:06] 🔍 Scanning C:\Users\Recap\OneDrive\Documents\Banana_Project\Geotag_images\PlaceholderUSB for new images...
[2025-12-05 21:27:07] 🔍 Scanning C:\Users\Recap\OneDrive\Documents\Banana_Project\Geotag_images\PlaceholderUSB for new images...
[2025-12-05 21:27:13] 🔍 Scanning C:\Users\Recap\OneDrive\Documents\Banana_Project\Geotag_images\PlaceholderUSB for new images...
[2025-12-05 21:27:13] 🔍 Scanning C:\Users\Recap\OneDrive\Documents\Banana_Project\Geotag_images\PlaceholderUSB for new images...
[2025-12-05 21:27:15] 🔍 Scanning C:\Users\Recap\OneDrive\Documents\Banana_Project\Geotag_images\PlaceholderUSB for new images...
[2025-12-05 21:27:16] 🔍 Scanning C:\Users\Recap\OneDrive\Documents\Banana_Project\Geotag_images\PlaceholderUSB for new images...
[2025-12-05 21:27:16] 🔍 Scanning C:\Users\Recap\OneDrive\Documents\Banana_Project\Geotag_images\PlaceholderUSB for new images...
[2025-12-05 21:27:17] 🔍 Scanning C:\Users\Recap\OneDrive\Documents\Banana_Project\Geotag_images\PlaceholderUSB for new images...
[2025-12-05 21:27:23] 🔍 Scanning C:\Users\Recap\OneDrive\Documents\Banana_Project\Geotag_images\PlaceholderUSB for new images...
[2025-12-05 21:27:23] 🔍 Scanning C:\Users\Recap\OneDrive\Documents\Banana_Project\Geotag_images\PlaceholderUSB for new images...
[2025-12-05 21:27:25] 🔍 Scanning C:\Users\Recap\OneDrive\Documents\Banana_Project\Geotag_images\PlaceholderUSB for new images...
[2025-12-05 21:27:26] 🔍 Scanning C:\Users\Recap\OneDrive\Documents\Banana_Project\Geotag_images\PlaceholderUSB for new images...
[2025-12-05 21:27:26] 🔍 Scanning C:\Users\Recap\OneDrive\Documents\Banana_Project\Geotag_images\PlaceholderUSB for new images...
[2025-12-05 21:27:27] 🔍 Scanning C:\Users\Recap\OneDrive\Documents\Banana_Project\Geotag_images\PlaceholderUSB for new images...
[2025-12-05 21:27:33] 🔍 Scanning C:\Users\Recap\OneDrive\Documents\Banana_Project\Geotag_images\PlaceholderUSB for new images...
[2025-12-05 21:27:33] 🔍 Scanning C:\Users\Recap\OneDrive\Documents\Banana_Project\Geotag_images\PlaceholderUSB for new images...
[2025-12-05 21:27:35] 🔍 Scanning C:\Users\Recap\OneDrive\Documents\Banana_Project\Geotag_images\PlaceholderUSB for new images...
[2025-12-05 21:27:36] 🔍 Scanning C:\Users\Recap\OneDrive\Documents\Banana_Project\Geotag_images\PlaceholderUSB for new images...
[2025-12-05 21:27:36] 🔍 Scanning C:\Users\Recap\OneDrive\Documents\Banana_Project\Geotag_images\PlaceholderUSB for new images...
[2025-12-05 21:27:37] 🔍 Scanning C:\Users\Recap\OneDrive\Documents\Banana_Project\Geotag_images\PlaceholderUSB for new images...
[2025-12-05 21:27:43] 🔍 Scanning C:\Users\Recap\OneDrive\Documents\Banana_Project\Geotag_images\PlaceholderUSB for new images...
[2025-12-05 21:27:43] 🔍 Scanning C:\Users\Recap\OneDrive\Documents\Banana_Project\Geotag_images\PlaceholderUSB for new images...
[2025-12-05 21:27:45] 🔍 Scanning C:\Users\Recap\OneDrive\Documents\Banana_Project\Geotag_images\PlaceholderUSB for new images...
[2025-12-05 21:27:46] 🔍 Scanning C:\Users\Recap\OneDrive\Documents\Banana_Project\Geotag_images\PlaceholderUSB for new images...
[2025-12-05 21:27:46] 🔍 Scanning C:\Users\Recap\OneDrive\Documents\Banana_Project\Geotag_images\PlaceholderUSB for new images...
[2025-12-05 21:27:47] 🔍 Scanning C:\Users\Recap\OneDrive\Documents\Banana_Project\Geotag_images\PlaceholderUSB for new images...
[2025-12-05 21:27:53] 🔍 Scanning C:\Users\Recap\OneDrive\Documents\Banana_Project\Geotag_images\PlaceholderUSB for new images...
[2025-12-05 21:27:53] 🔍 Scanning C:\Users\Recap\OneDrive\Documents\Banana_Project\Geotag_images\PlaceholderUSB for new images...
[2025-12-05 21:27:55] 🔍 Scanning C:\Users\Recap\OneDrive\Documents\Banana_Project\Geotag_images\PlaceholderUSB for new images...
[2025-12-05 21:27:56] 🔍 Scanning C:\Users\Recap\OneDrive\Documents\Banana_Project\Geotag_images\PlaceholderUSB for new images...
[2025-12-05 21:27:56] 🔍 Scanning C:\Users\Recap\OneDrive\Documents\Banana_Project\Geotag_images\PlaceholderUSB for new images...
[2025-12-05 21:27:57] 🔍 Scanning C:\Users\Recap\OneDrive\Documents\Banana_Project\Geotag_images\PlaceholderUSB for new images...
[2025-12-05 21:28:03] 🔍 Scanning C:\Users\Recap\OneDrive\Documents\Banana_Project\Geotag_images\PlaceholderUSB for new images...
[2025-12-05 21:28:03] 🔍 Scanning C:\Users\Recap\OneDrive\Documents\Banana_Project\Geotag_images\PlaceholderUSB for new images...
[2025-12-05 21:28:05] 🔍 Scanning C:\Users\Recap\OneDrive\Documents\Banana_Project\Geotag_images\PlaceholderUSB for new images...
[2025-12-05 21:28:06] 🔍 Scanning C:\Users\Recap\OneDrive\Documents\Banana_Project\Geotag_images\PlaceholderUSB for new images...
[2025-12-05 21:28:06] 🔍 Scanning C:\Users\Recap\OneDrive\Documents\Banana_Project\Geotag_images\PlaceholderUSB for new images...
[2025-12-05 21:28:07] 🔍 Scanning C:\Users\Recap\OneDrive\Documents\Banana_Project\Geotag_images\PlaceholderUSB for new images...
[2025-12-05 21:28:13] 🔍 Scanning C:\Users\Recap\OneDrive\Documents\Banana_Project\Geotag_images\PlaceholderUSB for new images...
[2025-12-05 21:28:13] 🔍 Scanning C:\Users\Recap\OneDrive\Documents\Banana_Project\Geotag_images\PlaceholderUSB for new images...
[2025-12-05 21:28:15] 🔍 Scanning C:\Users\Recap\OneDrive\Documents\Banana_Project\Geotag_images\PlaceholderUSB for new images...
[2025-12-05 21:28:16] 🔍 Scanning C:\Users\Recap\OneDrive\Documents\Banana_Project\Geotag_images\PlaceholderUSB for new images...
[2025-12-05 21:28:16] 🔍 Scanning C:\Users\Recap\OneDrive\Documents\Banana_Project\Geotag_images\PlaceholderUSB for new images...
[2025-12-05 21:28:17] 🔍 Scanning C:\Users\Recap\OneDrive\Documents\Banana_Project\Geotag_images\PlaceholderUSB for new images...
[2025-12-05 21:28:23] 🔍 Scanning C:\Users\Recap\OneDrive\Documents\Banana_Project\Geotag_images\PlaceholderUSB for new images...
[2025-12-05 21:28:23] 🔍 Scanning C:\Users\Recap\OneDrive\Documents\Banana_Project\Geotag_images\PlaceholderUSB for new images...
[2025-12-05 21:28:25] 🔍 Scanning C:\Users\Recap\OneDrive\Documents\Banana_Project\Geotag_images\PlaceholderUSB for new images...
[2025-12-05 21:28:26] 🔍 Scanning C:\Users\Recap\OneDrive\Documents\Banana_Project\Geotag_images\PlaceholderUSB for new images...
[2025-12-05 21:28:26] 🔍 Scanning C:\Users\Recap\OneDrive\Documents\Banana_Project\Geotag_images\PlaceholderUSB for new images...
[2025-12-05 21:28:27] 🔍 Scanning C:\Users\Recap\OneDrive\Documents\Banana_Project\Geotag_images\PlaceholderUSB for new images...
[2025-12-05 21:28:33] 🔍 Scanning C:\Users\Recap\OneDrive\Documents\Banana_Project\Geotag_images\PlaceholderUSB for new images...
[2025-12-05 21:28:33] 🔍 Scanning C:\Users\Recap\OneDrive\Documents\Banana_Project\Geotag_images\PlaceholderUSB for new images...
[2025-12-05 21:28:35] 🔍 Scanning C:\Users\Recap\OneDrive\Documents\Banana_Project\Geotag_images\PlaceholderUSB for new images...
[2025-12-05 21:28:36] 🔍 Scanning C:\Users\Recap\OneDrive\Documents\Banana_Project\Geotag_images\PlaceholderUSB for new images...
[2025-12-05 21:28:36] 🔍 Scanning C:\Users\Recap\OneDrive\Documents\Banana_Project\Geotag_images\PlaceholderUSB for new images...
[2025-12-05 21:28:37] 🔍 Scanning C:\Users\Recap\OneDrive\Documents\Banana_Project\Geotag_images\PlaceholderUSB for new images...
[2025-12-05 21:28:43] 🔍 Scanning C:\Users\Recap\OneDrive\Documents\Banana_Project\Geotag_images\PlaceholderUSB for new images...
[2025-12-05 21:28:43] 🔍 Scanning C:\Users\Recap\OneDrive\Documents\Banana_Project\Geotag_images\PlaceholderUSB for new images...
[2025-12-05 21:28:45] 🔍 Scanning C:\Users\Recap\OneDrive\Documents\Banana_Project\Geotag_images\PlaceholderUSB for new images...
[2025-12-05 21:28:46] 🔍 Scanning C:\Users\Recap\OneDrive\Documents\Banana_Project\Geotag_images\PlaceholderUSB for new images...
[2025-12-05 21:28:46] 🔍 Scanning C:\Users\Recap\OneDrive\Documents\Banana_Project\Geotag_images\PlaceholderUSB for new images...
[2025-12-05 21:28:47] 🔍 Scanning C:\Users\Recap\OneDrive\Documents\Banana_Project\Geotag_images\PlaceholderUSB for new images...
[2025-12-05 21:28:53] 🔍 Scanning C:\Users\Recap\OneDrive\Documents\Banana_Project\Geotag_images\PlaceholderUSB for new images...
[2025-12-05 21:28:53] 🔍 Scanning C:\Users\Recap\OneDrive\Documents\Banana_Project\Geotag_images\PlaceholderUSB for new images...
[2025-12-05 21:28:55] 🔍 Scanning C:\Users\Recap\OneDrive\Documents\Banana_Project\Geotag_images\PlaceholderUSB for new images...
[2025-12-05 21:28:56] 🔍 Scanning C:\Users\Recap\OneDrive\Documents\Banana_Project\Geotag_images\PlaceholderUSB for new images...
[2025-12-05 21:28:56] 🔍 Scanning C:\Users\Recap\OneDrive\Documents\Banana_Project\Geotag_images\PlaceholderUSB for new images...
[2025-12-05 21:28:57] 🔍 Scanning C:\Users\Recap\OneDrive\Documents\Banana_Project\Geotag_images\PlaceholderUSB for new images...
[2025-12-05 21:29:03] 🔍 Scanning C:\Users\Recap\OneDrive\Documents\Banana_Project\Geotag_images\PlaceholderUSB for new images...
[2025-12-05 21:29:03] 🔍 Scanning C:\Users\Recap\OneDrive\Documents\Banana_Project\Geotag_images\PlaceholderUSB for new images...
[2025-12-05 21:29:05] 🔍 Scanning C:\Users\Recap\OneDrive\Documents\Banana_Project\Geotag_images\PlaceholderUSB for new images...
[2025-12-05 21:29:06] 🔍 Scanning C:\Users\Recap\OneDrive\Documents\Banana_Project\Geotag_images\PlaceholderUSB for new images...
[2025-12-05 21:29:06] 🔍 Scanning C:\Users\Recap\OneDrive\Documents\Banana_Project\Geotag_images\PlaceholderUSB for new images...
[2025-12-05 21:29:07] 🔍 Scanning C:\Users\Recap\OneDrive\Documents\Banana_Project\Geotag_images\PlaceholderUSB for new images...
[2025-12-05 21:29:13] 🔍 Scanning C:\Users\Recap\OneDrive\Documents\Banana_Project\Geotag_images\PlaceholderUSB for new images...
[2025-12-05 21:29:13] 🔍 Scanning C:\Users\Recap\OneDrive\Documents\Banana_Project\Geotag_images\PlaceholderUSB for new images...
[2025-12-05 21:29:15] 🔍 Scanning C:\Users\Recap\OneDrive\Documents\Banana_Project\Geotag_images\PlaceholderUSB for new images...
[2025-12-05 21:29:16] 🔍 Scanning C:\Users\Recap\OneDrive\Documents\Banana_Project\Geotag_images\PlaceholderUSB for new images...
[2025-12-05 21:29:16] 🔍 Scanning C:\Users\Recap\OneDrive\Documents\Banana_Project\Geotag_images\PlaceholderUSB for new images...
[2025-12-05 21:29:17] 🔍 Scanning C:\Users\Recap\OneDrive\Documents\Banana_Project\Geotag_images\PlaceholderUSB for new images...
[2025-12-05 21:29:23] 🔍 Scanning C:\Users\Recap\OneDrive\Documents\Banana_Project\Geotag_images\PlaceholderUSB for new images...
[2025-12-05 21:29:23] 🔍 Scanning C:\Users\Recap\OneDrive\Documents\Banana_Project\Geotag_images\PlaceholderUSB for new images...
[2025-12-05 21:29:25] 🔍 Scanning C:\Users\Recap\OneDrive\Documents\Banana_Project\Geotag_images\PlaceholderUSB for new images...
[2025-12-05 21:29:26] 🔍 Scanning C:\Users\Recap\OneDrive\Documents\Banana_Project\Geotag_images\PlaceholderUSB for new images...
[2025-12-05 21:29:26] 🔍 Scanning C:\Users\Recap\OneDrive\Documents\Banana_Project\Geotag_images\PlaceholderUSB for new images...
[2025-12-05 21:29:27] 🔍 Scanning C:\Users\Recap\OneDrive\Documents\Banana_Project\Geotag_images\PlaceholderUSB for new images...
[2025-12-05 21:29:33] 🔍 Scanning C:\Users\Recap\OneDrive\Documents\Banana_Project\Geotag_images\PlaceholderUSB for new images...
[2025-12-05 21:29:33] 🔍 Scanning C:\Users\Recap\OneDrive\Documents\Banana_Project\Geotag_images\PlaceholderUSB for new images...
[2025-12-05 21:29:35] 🔍 Scanning C:\Users\Recap\OneDrive\Documents\Banana_Project\Geotag_images\PlaceholderUSB for new images...
[2025-12-05 21:29:36] 🔍 Scanning C:\Users\Recap\OneDrive\Documents\Banana_Project\Geotag_images\PlaceholderUSB for new images...
[2025-12-05 21:29:36] 🔍 Scanning C:\Users\Recap\OneDrive\Documents\Banana_Project\Geotag_images\PlaceholderUSB for new images...
[2025-12-05 21:29:37] 🔍 Scanning C:\Users\Recap\OneDrive\Documents\Banana_Project\Geotag_images\PlaceholderUSB for new images...
[2025-12-05 21:29:43] 🔍 Scanning C:\Users\Recap\OneDrive\Documents\Banana_Project\Geotag_images\PlaceholderUSB for new images...
[2025-12-05 21:29:43] 🔍 Scanning C:\Users\Recap\OneDrive\Documents\Banana_Project\Geotag_images\PlaceholderUSB for new images...
[2025-12-05 21:29:45] 🔍 Scanning C:\Users\Recap\OneDrive\Documents\Banana_Project\Geotag_images\PlaceholderUSB for new images...
[2025-12-05 21:29:46] 🔍 Scanning C:\Users\Recap\OneDrive\Documents\Banana_Project\Geotag_images\PlaceholderUSB for new images...
[2025-12-05 21:29:46] 🔍 Scanning C:\Users\Recap\OneDrive\Documents\Banana_Project\Geotag_images\PlaceholderUSB for new images...
[2025-12-05 21:29:47] 🔍 Scanning C:\Users\Recap\OneDrive\Documents\Banana_Project\Geotag_images\PlaceholderUSB for new images...
[2025-12-05 21:29:53] 🔍 Scanning C:\Users\Recap\OneDrive\Documents\Banana_Project\Geotag_images\PlaceholderUSB for new images...
[2025-12-05 21:29:53] 🔍 Scanning C:\Users\Recap\OneDrive\Documents\Banana_Project\Geotag_images\PlaceholderUSB for new images...
[2025-12-05 21:29:55] 🔍 Scanning C:\Users\Recap\OneDrive\Documents\Banana_Project\Geotag_images\PlaceholderUSB for new images...
[2025-12-05 21:29:56] 🔍 Scanning C:\Users\Recap\OneDrive\Documents\Banana_Project\Geotag_images\PlaceholderUSB for new images...
[2025-12-05 21:29:56] 🔍 Scanning C:\Users\Recap\OneDrive\Documents\Banana_Project\Geotag_images\PlaceholderUSB for new images...
[2025-12-05 21:29:57] 🔍 Scanning C:\Users\Recap\OneDrive\Documents\Banana_Project\Geotag_images\PlaceholderUSB for new images...
[2025-12-05 21:30:03] 🔍 Scanning C:\Users\Recap\OneDrive\Documents\Banana_Project\Geotag_images\PlaceholderUSB for new images...
[2025-12-05 21:30:03] 🔍 Scanning C:\Users\Recap\OneDrive\Documents\Banana_Project\Geotag_images\PlaceholderUSB for new images...
[2025-12-05 21:30:05] 🔍 Scanning C:\Users\Recap\OneDrive\Documents\Banana_Project\Geotag_images\PlaceholderUSB for new images...
[2025-12-05 21:30:06] 🔍 Scanning C:\Users\Recap\OneDrive\Documents\Banana_Project\Geotag_images\PlaceholderUSB for new images...
[2025-12-05 21:30:06] 🔍 Scanning C:\Users\Recap\OneDrive\Documents\Banana_Project\Geotag_images\PlaceholderUSB for new images...
[2025-12-05 21:30:07] 🔍 Scanning C:\Users\Recap\OneDrive\Documents\Banana_Project\Geotag_images\PlaceholderUSB for new images...
[2025-12-05 21:30:13] 🔍 Scanning C:\Users\Recap\OneDrive\Documents\Banana_Project\Geotag_images\PlaceholderUSB for new images...
[2025-12-05 21:30:13] 🔍 Scanning C:\Users\Recap\OneDrive\Documents\Banana_Project\Geotag_images\PlaceholderUSB for new images...
[2025-12-05 21:30:15] 🔍 Scanning C:\Users\Recap\OneDrive\Documents\Banana_Project\Geotag_images\PlaceholderUSB for new images...
[2025-12-05 21:30:16] 🔍 Scanning C:\Users\Recap\OneDrive\Documents\Banana_Project\Geotag_images\PlaceholderUSB for new images...
[2025-12-05 21:30:16] 🔍 Scanning C:\Users\Recap\OneDrive\Documents\Banana_Project\Geotag_images\PlaceholderUSB for new images...
[2025-12-05 21:30:17] 🔍 Scanning C:\Users\Recap\OneDrive\Documents\Banana_Project\Geotag_images\PlaceholderUSB for new images...
[2025-12-05 21:30:23] 🔍 Scanning C:\Users\Recap\OneDrive\Documents\Banana_Project\Geotag_images\PlaceholderUSB for new images...
[2025-12-05 21:30:23] 🔍 Scanning C:\Users\Recap\OneDrive\Documents\Banana_Project\Geotag_images\PlaceholderUSB for new images...
[2025-12-05 21:30:25] 🔍 Scanning C:\Users\Recap\OneDrive\Documents\Banana_Project\Geotag_images\PlaceholderUSB for new images...
[2025-12-05 21:30:26] 🔍 Scanning C:\Users\Recap\OneDrive\Documents\Banana_Project\Geotag_images\PlaceholderUSB for new images...
[2025-12-05 21:30:26] 🔍 Scanning C:\Users\Recap\OneDrive\Documents\Banana_Project\Geotag_images\PlaceholderUSB for new images...
[2025-12-05 21:30:27] 🔍 Scanning C:\Users\Recap\OneDrive\Documents\Banana_Project\Geotag_images\PlaceholderUSB for new images...
[2025-12-05 21:30:33] 🔍 Scanning C:\Users\Recap\OneDrive\Documents\Banana_Project\Geotag_images\PlaceholderUSB for new images...
[2025-12-05 21:30:33] 🔍 Scanning C:\Users\Recap\OneDrive\Documents\Banana_Project\Geotag_images\PlaceholderUSB for new images...
[2025-12-05 21:30:35] 🔍 Scanning C:\Users\Recap\OneDrive\Documents\Banana_Project\Geotag_images\PlaceholderUSB for new images...
[2025-12-05 21:30:36] 🔍 Scanning C:\Users\Recap\OneDrive\Documents\Banana_Project\Geotag_images\PlaceholderUSB for new images...
[2025-12-05 21:30:36] 🔍 Scanning C:\Users\Recap\OneDrive\Documents\Banana_Project\Geotag_images\PlaceholderUSB for new images...
[2025-12-05 21:30:37] 🔍 Scanning C:\Users\Recap\OneDrive\Documents\Banana_Project\Geotag_images\PlaceholderUSB for new images...
[2025-12-05 21:30:43] 🔍 Scanning C:\Users\Recap\OneDrive\Documents\Banana_Project\Geotag_images\PlaceholderUSB for new images...
[2025-12-05 21:30:43] 🔍 Scanning C:\Users\Recap\OneDrive\Documents\Banana_Project\Geotag_images\PlaceholderUSB for new images...
[2025-12-05 21:30:45] 🔍 Scanning C:\Users\Recap\OneDrive\Documents\Banana_Project\Geotag_images\PlaceholderUSB for new images...
[2025-12-05 21:30:46] 🔍 Scanning C:\Users\Recap\OneDrive\Documents\Banana_Project\Geotag_images\PlaceholderUSB for new images...
[2025-12-05 21:30:46] 🔍 Scanning C:\Users\Recap\OneDrive\Documents\Banana_Project\Geotag_images\PlaceholderUSB for new images...
[2025-12-05 21:30:47] 🔍 Scanning C:\Users\Recap\OneDrive\Documents\Banana_Project\Geotag_images\PlaceholderUSB for new images...
[2025-12-05 21:30:53] 🔍 Scanning C:\Users\Recap\OneDrive\Documents\Banana_Project\Geotag_images\PlaceholderUSB for new images...
[2025-12-05 21:30:53] 🔍 Scanning C:\Users\Recap\OneDrive\Documents\Banana_Project\Geotag_images\PlaceholderUSB for new images...
[2025-12-05 21:30:55] 🔍 Scanning C:\Users\Recap\OneDrive\Documents\Banana_Project\Geotag_images\PlaceholderUSB for new images...
[2025-12-05 21:30:56] 🔍 Scanning C:\Users\Recap\OneDrive\Documents\Banana_Project\Geotag_images\PlaceholderUSB for new images...
[2025-12-05 21:30:56] 🔍 Scanning C:\Users\Recap\OneDrive\Documents\Banana_Project\Geotag_images\PlaceholderUSB for new images...
[2025-12-05 21:30:57] 🔍 Scanning C:\Users\Recap\OneDrive\Documents\Banana_Project\Geotag_images\PlaceholderUSB for new images...
[2025-12-05 21:31:03] 🔍 Scanning C:\Users\Recap\OneDrive\Documents\Banana_Project\Geotag_images\PlaceholderUSB for new images...
[2025-12-05 21:31:03] 🔍 Scanning C:\Users\Recap\OneDrive\Documents\Banana_Project\Geotag_images\PlaceholderUSB for new images...
[2025-12-05 21:31:05] 🔍 Scanning C:\Users\Recap\OneDrive\Documents\Banana_Project\Geotag_images\PlaceholderUSB for new images...
[2025-12-05 21:31:06] 🔍 Scanning C:\Users\Recap\OneDrive\Documents\Banana_Project\Geotag_images\PlaceholderUSB for new images...
[2025-12-05 21:31:06] 🔍 Scanning C:\Users\Recap\OneDrive\Documents\Banana_Project\Geotag_images\PlaceholderUSB for new images...
[2025-12-05 21:31:07] 🔍 Scanning C:\Users\Recap\OneDrive\Documents\Banana_Project\Geotag_images\PlaceholderUSB for new images...
[2025-12-05 21:31:13] 🔍 Scanning C:\Users\Recap\OneDrive\Documents\Banana_Project\Geotag_images\PlaceholderUSB for new images...
[2025-12-05 21:31:13] 🔍 Scanning C:\Users\Recap\OneDrive\Documents\Banana_Project\Geotag_images\PlaceholderUSB for new images...
[2025-12-05 21:31:15] 🔍 Scanning C:\Users\Recap\OneDrive\Documents\Banana_Project\Geotag_images\PlaceholderUSB for new images...
[2025-12-05 21:31:16] 🔍 Scanning C:\Users\Recap\OneDrive\Documents\Banana_Project\Geotag_images\PlaceholderUSB for new images...
[2025-12-05 21:31:16] 🔍 Scanning C:\Users\Recap\OneDrive\Documents\Banana_Project\Geotag_images\PlaceholderUSB for new images...
[2025-12-05 21:31:17] 🔍 Scanning C:\Users\Recap\OneDrive\Documents\Banana_Project\Geotag_images\PlaceholderUSB for new images...
[2025-12-05 21:31:23] 🔍 Scanning C:\Users\Recap\OneDrive\Documents\Banana_Project\Geotag_images\PlaceholderUSB for new images...
[2025-12-05 21:31:23] 🔍 Scanning C:\Users\Recap\OneDrive\Documents\Banana_Project\Geotag_images\PlaceholderUSB for new images...
[2025-12-05 21:31:25] 🔍 Scanning C:\Users\Recap\OneDrive\Documents\Banana_Project\Geotag_images\PlaceholderUSB for new images...
[2025-12-05 21:31:26] 🔍 Scanning C:\Users\Recap\OneDrive\Documents\Banana_Project\Geotag_images\PlaceholderUSB for new images...
[2025-12-05 21:31:26] 🔍 Scanning C:\Users\Recap\OneDrive\Documents\Banana_Project\Geotag_images\PlaceholderUSB for new images...
[2025-12-05 21:31:27] 🔍 Scanning C:\Users\Recap\OneDrive\Documents\Banana_Project\Geotag_images\PlaceholderUSB for new images...
[2025-12-05 21:31:33] 🔍 Scanning C:\Users\Recap\OneDrive\Documents\Banana_Project\Geotag_images\PlaceholderUSB for new images...
[2025-12-05 21:31:33] 🔍 Scanning C:\Users\Recap\OneDrive\Documents\Banana_Project\Geotag_images\PlaceholderUSB for new images...
[2025-12-05 21:31:35] 🔍 Scanning C:\Users\Recap\OneDrive\Documents\Banana_Project\Geotag_images\PlaceholderUSB for new images...
[2025-12-05 21:31:36] 🔍 Scanning C:\Users\Recap\OneDrive\Documents\Banana_Project\Geotag_images\PlaceholderUSB for new images...
[2025-12-05 21:31:36] 🔍 Scanning C:\Users\Recap\OneDrive\Documents\Banana_Project\Geotag_images\PlaceholderUSB for new images...
[2025-12-05 21:31:37] 🔍 Scanning C:\Users\Recap\OneDrive\Documents\Banana_Project\Geotag_images\PlaceholderUSB for new images...
[2025-12-05 21:31:43] 🔍 Scanning C:\Users\Recap\OneDrive\Documents\Banana_Project\Geotag_images\PlaceholderUSB for new images...
[2025-12-05 21:31:43] 🔍 Scanning C:\Users\Recap\OneDrive\Documents\Banana_Project\Geotag_images\PlaceholderUSB for new images...
[2025-12-05 21:31:45] 🔍 Scanning C:\Users\Recap\OneDrive\Documents\Banana_Project\Geotag_images\PlaceholderUSB for new images...
[2025-12-05 21:31:46] 🔍 Scanning C:\Users\Recap\OneDrive\Documents\Banana_Project\Geotag_images\PlaceholderUSB for new images...
[2025-12-05 21:31:46] 🔍 Scanning C:\Users\Recap\OneDrive\Documents\Banana_Project\Geotag_images\PlaceholderUSB for new images...
[2025-12-05 21:31:47] 🔍 Scanning C:\Users\Recap\OneDrive\Documents\Banana_Project\Geotag_images\PlaceholderUSB for new images...
[2025-12-05 21:31:53] 🔍 Scanning C:\Users\Recap\OneDrive\Documents\Banana_Project\Geotag_images\PlaceholderUSB for new images...
[2025-12-05 21:31:53] 🔍 Scanning C:\Users\Recap\OneDrive\Documents\Banana_Project\Geotag_images\PlaceholderUSB for new images...
[2025-12-05 21:31:55] 🔍 Scanning C:\Users\Recap\OneDrive\Documents\Banana_Project\Geotag_images\PlaceholderUSB for new images...
[2025-12-05 21:31:56] 🔍 Scanning C:\Users\Recap\OneDrive\Documents\Banana_Project\Geotag_images\PlaceholderUSB for new images...
[2025-12-05 21:31:56] 🔍 Scanning C:\Users\Recap\OneDrive\Documents\Banana_Project\Geotag_images\PlaceholderUSB for new images...
[2025-12-05 21:31:57] 🔍 Scanning C:\Users\Recap\OneDrive\Documents\Banana_Project\Geotag_images\PlaceholderUSB for new images...
[2025-12-05 21:32:03] 🔍 Scanning C:\Users\Recap\OneDrive\Documents\Banana_Project\Geotag_images\PlaceholderUSB for new images...
[2025-12-05 21:32:03] 🔍 Scanning C:\Users\Recap\OneDrive\Documents\Banana_Project\Geotag_images\PlaceholderUSB for new images...
[2025-12-05 21:32:05] 🔍 Scanning C:\Users\Recap\OneDrive\Documents\Banana_Project\Geotag_images\PlaceholderUSB for new images...
[2025-12-05 21:32:06] 🔍 Scanning C:\Users\Recap\OneDrive\Documents\Banana_Project\Geotag_images\PlaceholderUSB for new images...
[2025-12-05 21:32:06] 🔍 Scanning C:\Users\Recap\OneDrive\Documents\Banana_Project\Geotag_images\PlaceholderUSB for new images...
[2025-12-05 21:32:07] 🔍 Scanning C:\Users\Recap\OneDrive\Documents\Banana_Project\Geotag_images\PlaceholderUSB for new images...
[2025-12-05 21:32:13] 🔍 Scanning C:\Users\Recap\OneDrive\Documents\Banana_Project\Geotag_images\PlaceholderUSB for new images...
[2025-12-05 21:32:13] 🔍 Scanning C:\Users\Recap\OneDrive\Documents\Banana_Project\Geotag_images\PlaceholderUSB for new images...
[2025-12-05 21:32:15] 🔍 Scanning C:\Users\Recap\OneDrive\Documents\Banana_Project\Geotag_images\PlaceholderUSB for new images...
[2025-12-05 21:32:16] 🔍 Scanning C:\Users\Recap\OneDrive\Documents\Banana_Project\Geotag_images\PlaceholderUSB for new images...
[2025-12-05 21:32:16] 🔍 Scanning C:\Users\Recap\OneDrive\Documents\Banana_Project\Geotag_images\PlaceholderUSB for new images...
[2025-12-05 21:32:17] 🔍 Scanning C:\Users\Recap\OneDrive\Documents\Banana_Project\Geotag_images\PlaceholderUSB for new images...
[2025-12-05 21:32:23] 🔍 Scanning C:\Users\Recap\OneDrive\Documents\Banana_Project\Geotag_images\PlaceholderUSB for new images...
[2025-12-05 21:32:23] 🔍 Scanning C:\Users\Recap\OneDrive\Documents\Banana_Project\Geotag_images\PlaceholderUSB for new images...
[2025-12-05 21:32:25] 🔍 Scanning C:\Users\Recap\OneDrive\Documents\Banana_Project\Geotag_images\PlaceholderUSB for new images...
[2025-12-05 21:32:26] 🔍 Scanning C:\Users\Recap\OneDrive\Documents\Banana_Project\Geotag_images\PlaceholderUSB for new images...
[2025-12-05 21:32:26] 🔍 Scanning C:\Users\Recap\OneDrive\Documents\Banana_Project\Geotag_images\PlaceholderUSB for new images...
[2025-12-05 21:32:27] 🔍 Scanning C:\Users\Recap\OneDrive\Documents\Banana_Project\Geotag_images\PlaceholderUSB for new images...
[2025-12-05 21:32:33] 🔍 Scanning C:\Users\Recap\OneDrive\Documents\Banana_Project\Geotag_images\PlaceholderUSB for new images...
[2025-12-05 21:32:33] 🔍 Scanning C:\Users\Recap\OneDrive\Documents\Banana_Project\Geotag_images\PlaceholderUSB for new images...
[2025-12-05 21:32:35] 🔍 Scanning C:\Users\Recap\OneDrive\Documents\Banana_Project\Geotag_images\PlaceholderUSB for new images...
[2025-12-05 21:32:36] 🔍 Scanning C:\Users\Recap\OneDrive\Documents\Banana_Project\Geotag_images\PlaceholderUSB for new images...
[2025-12-05 21:32:36] 🔍 Scanning C:\Users\Recap\OneDrive\Documents\Banana_Project\Geotag_images\PlaceholderUSB for new images...
[2025-12-05 21:32:37] 🔍 Scanning C:\Users\Recap\OneDrive\Documents\Banana_Project\Geotag_images\PlaceholderUSB for new images...
[2025-12-05 21:32:43] 🔍 Scanning C:\Users\Recap\OneDrive\Documents\Banana_Project\Geotag_images\PlaceholderUSB for new images...
[2025-12-05 21:32:43] 🔍 Scanning C:\Users\Recap\OneDrive\Documents\Banana_Project\Geotag_images\PlaceholderUSB for new images...
[2025-12-05 21:32:45] 🔍 Scanning C:\Users\Recap\OneDrive\Documents\Banana_Project\Geotag_images\PlaceholderUSB for new images...
[2025-12-05 21:32:46] 🔍 Scanning C:\Users\Recap\OneDrive\Documents\Banana_Project\Geotag_images\PlaceholderUSB for new images...
[2025-12-05 21:32:46] 🔍 Scanning C:\Users\Recap\OneDrive\Documents\Banana_Project\Geotag_images\PlaceholderUSB for new images...
[2025-12-05 21:32:47] 🔍 Scanning C:\Users\Recap\OneDrive\Documents\Banana_Project\Geotag_images\PlaceholderUSB for new images...
[2025-12-05 21:32:53] 🔍 Scanning C:\Users\Recap\OneDrive\Documents\Banana_Project\Geotag_images\PlaceholderUSB for new images...
[2025-12-05 21:32:53] 🔍 Scanning C:\Users\Recap\OneDrive\Documents\Banana_Project\Geotag_images\PlaceholderUSB for new images...
[2025-12-05 21:32:55] 🔍 Scanning C:\Users\Recap\OneDrive\Documents\Banana_Project\Geotag_images\PlaceholderUSB for new images...
[2025-12-05 21:32:56] 🔍 Scanning C:\Users\Recap\OneDrive\Documents\Banana_Project\Geotag_images\PlaceholderUSB for new images...
[2025-12-05 21:32:56] 🔍 Scanning C:\Users\Recap\OneDrive\Documents\Banana_Project\Geotag_images\PlaceholderUSB for new images...
[2025-12-05 21:32:57] 🔍 Scanning C:\Users\Recap\OneDrive\Documents\Banana_Project\Geotag_images\PlaceholderUSB for new images...
[2025-12-05 21:33:03] 🔍 Scanning C:\Users\Recap\OneDrive\Documents\Banana_Project\Geotag_images\PlaceholderUSB for new images...
[2025-12-05 21:33:03] 🔍 Scanning C:\Users\Recap\OneDrive\Documents\Banana_Project\Geotag_images\PlaceholderUSB for new images...
[2025-12-05 21:33:05] 🔍 Scanning C:\Users\Recap\OneDrive\Documents\Banana_Project\Geotag_images\PlaceholderUSB for new images...
[2025-12-05 21:33:06] 🔍 Scanning C:\Users\Recap\OneDrive\Documents\Banana_Project\Geotag_images\PlaceholderUSB for new images...
[2025-12-05 21:33:06] 🔍 Scanning C:\Users\Recap\OneDrive\Documents\Banana_Project\Geotag_images\PlaceholderUSB for new images...
[2025-12-05 21:33:07] 🔍 Scanning C:\Users\Recap\OneDrive\Documents\Banana_Project\Geotag_images\PlaceholderUSB for new images...
[2025-12-05 21:33:13] 🔍 Scanning C:\Users\Recap\OneDrive\Documents\Banana_Project\Geotag_images\PlaceholderUSB for new images...
[2025-12-05 21:33:14] 🔍 Scanning C:\Users\Recap\OneDrive\Documents\Banana_Project\Geotag_images\PlaceholderUSB for new images...
[2025-12-05 21:33:15] 🔍 Scanning C:\Users\Recap\OneDrive\Documents\Banana_Project\Geotag_images\PlaceholderUSB for new images...
[2025-12-05 21:33:16] 🔍 Scanning C:\Users\Recap\OneDrive\Documents\Banana_Project\Geotag_images\PlaceholderUSB for new images...
[2025-12-05 21:33:16] 🔍 Scanning C:\Users\Recap\OneDrive\Documents\Banana_Project\Geotag_images\PlaceholderUSB for new images...
[2025-12-05 21:33:17] 🔍 Scanning C:\Users\Recap\OneDrive\Documents\Banana_Project\Geotag_images\PlaceholderUSB for new images...
[2025-12-05 21:33:23] 🔍 Scanning C:\Users\Recap\OneDrive\Documents\Banana_Project\Geotag_images\PlaceholderUSB for new images...
[2025-12-05 21:33:24] 🔍 Scanning C:\Users\Recap\OneDrive\Documents\Banana_Project\Geotag_images\PlaceholderUSB for new images...
[2025-12-05 21:33:25] 🔍 Scanning C:\Users\Recap\OneDrive\Documents\Banana_Project\Geotag_images\PlaceholderUSB for new images...
[2025-12-05 21:33:26] 🔍 Scanning C:\Users\Recap\OneDrive\Documents\Banana_Project\Geotag_images\PlaceholderUSB for new images...
[2025-12-05 21:33:26] 🔍 Scanning C:\Users\Recap\OneDrive\Documents\Banana_Project\Geotag_images\PlaceholderUSB for new images...
[2025-12-05 21:33:27] 🔍 Scanning C:\Users\Recap\OneDrive\Documents\Banana_Project\Geotag_images\PlaceholderUSB for new images...
[2025-12-05 21:33:33] 🔍 Scanning C:\Users\Recap\OneDrive\Documents\Banana_Project\Geotag_images\PlaceholderUSB for new images...
[2025-12-05 21:33:34] 🔍 Scanning C:\Users\Recap\OneDrive\Documents\Banana_Project\Geotag_images\PlaceholderUSB for new images...
[2025-12-05 21:33:35] 🔍 Scanning C:\Users\Recap\OneDrive\Documents\Banana_Project\Geotag_images\PlaceholderUSB for new images...
[2025-12-05 21:33:36] 🔍 Scanning C:\Users\Recap\OneDrive\Documents\Banana_Project\Geotag_images\PlaceholderUSB for new images...
[2025-12-05 21:33:36] 🔍 Scanning C:\Users\Recap\OneDrive\Documents\Banana_Project\Geotag_images\PlaceholderUSB for new images...
[2025-12-05 21:33:37] 🔍 Scanning C:\Users\Recap\OneDrive\Documents\Banana_Project\Geotag_images\PlaceholderUSB for new images...
[2025-12-05 21:33:43] 🔍 Scanning C:\Users\Recap\OneDrive\Documents\Banana_Project\Geotag_images\PlaceholderUSB for new images...
[2025-12-05 21:33:44] 🔍 Scanning C:\Users\Recap\OneDrive\Documents\Banana_Project\Geotag_images\PlaceholderUSB for new images...
[2025-12-05 21:33:45] 🔍 Scanning C:\Users\Recap\OneDrive\Documents\Banana_Project\Geotag_images\PlaceholderUSB for new images...
[2025-12-05 21:33:46] 🔍 Scanning C:\Users\Recap\OneDrive\Documents\Banana_Project\Geotag_images\PlaceholderUSB for new images...
[2025-12-05 21:33:46] 🔍 Scanning C:\Users\Recap\OneDrive\Documents\Banana_Project\Geotag_images\PlaceholderUSB for new images...
[2025-12-05 21:33:47] 🔍 Scanning C:\Users\Recap\OneDrive\Documents\Banana_Project\Geotag_images\PlaceholderUSB for new images...
[2025-12-05 21:33:53] 🔍 Scanning C:\Users\Recap\OneDrive\Documents\Banana_Project\Geotag_images\PlaceholderUSB for new images...
[2025-12-05 21:33:54] 🔍 Scanning C:\Users\Recap\OneDrive\Documents\Banana_Project\Geotag_images\PlaceholderUSB for new images...
[2025-12-05 21:33:55] 🔍 Scanning C:\Users\Recap\OneDrive\Documents\Banana_Project\Geotag_images\PlaceholderUSB for new images...
[2025-12-05 21:33:56] 🔍 Scanning C:\Users\Recap\OneDrive\Documents\Banana_Project\Geotag_images\PlaceholderUSB for new images...
[2025-12-05 21:33:56] 🔍 Scanning C:\Users\Recap\OneDrive\Documents\Banana_Project\Geotag_images\PlaceholderUSB for new images...
[2025-12-05 21:33:57] 🔍 Scanning C:\Users\Recap\OneDrive\Documents\Banana_Project\Geotag_images\PlaceholderUSB for new images...
[2025-12-05 21:34:03] 🔍 Scanning C:\Users\Recap\OneDrive\Documents\Banana_Project\Geotag_images\PlaceholderUSB for new images...
[2025-12-05 21:34:04] 🔍 Scanning C:\Users\Recap\OneDrive\Documents\Banana_Project\Geotag_images\PlaceholderUSB for new images...
[2025-12-05 21:34:05] 🔍 Scanning C:\Users\Recap\OneDrive\Documents\Banana_Project\Geotag_images\PlaceholderUSB for new images...
[2025-12-05 21:34:06] 🔍 Scanning C:\Users\Recap\OneDrive\Documents\Banana_Project\Geotag_images\PlaceholderUSB for new images...
[2025-12-05 21:34:06] 🔍 Scanning C:\Users\Recap\OneDrive\Documents\Banana_Project\Geotag_images\PlaceholderUSB for new images...
[2025-12-05 21:34:07] 🔍 Scanning C:\Users\Recap\OneDrive\Documents\Banana_Project\Geotag_images\PlaceholderUSB for new images...
[2025-12-05 21:34:13] 🔍 Scanning C:\Users\Recap\OneDrive\Documents\Banana_Project\Geotag_images\PlaceholderUSB for new images...
[2025-12-05 21:34:14] 🔍 Scanning C:\Users\Recap\OneDrive\Documents\Banana_Project\Geotag_images\PlaceholderUSB for new images...
[2025-12-05 21:34:15] 🔍 Scanning C:\Users\Recap\OneDrive\Documents\Banana_Project\Geotag_images\PlaceholderUSB for new images...
[2025-12-05 21:34:16] 🔍 Scanning C:\Users\Recap\OneDrive\Documents\Banana_Project\Geotag_images\PlaceholderUSB for new images...
[2025-12-05 21:34:16] 🔍 Scanning C:\Users\Recap\OneDrive\Documents\Banana_Project\Geotag_images\PlaceholderUSB for new images...
[2025-12-05 21:34:17] 🔍 Scanning C:\Users\Recap\OneDrive\Documents\Banana_Project\Geotag_images\PlaceholderUSB for new images...
[2025-12-05 21:34:23] 🔍 Scanning C:\Users\Recap\OneDrive\Documents\Banana_Project\Geotag_images\PlaceholderUSB for new images...
[2025-12-05 21:34:24] 🔍 Scanning C:\Users\Recap\OneDrive\Documents\Banana_Project\Geotag_images\PlaceholderUSB for new images...
[2025-12-05 21:34:25] 🔍 Scanning C:\Users\Recap\OneDrive\Documents\Banana_Project\Geotag_images\PlaceholderUSB for new images...
[2025-12-05 21:34:26] 🔍 Scanning C:\Users\Recap\OneDrive\Documents\Banana_Project\Geotag_images\PlaceholderUSB for new images...
[2025-12-05 21:34:26] 🔍 Scanning C:\Users\Recap\OneDrive\Documents\Banana_Project\Geotag_images\PlaceholderUSB for new images...
[2025-12-05 21:34:27] 🔍 Scanning C:\Users\Recap\OneDrive\Documents\Banana_Project\Geotag_images\PlaceholderUSB for new images...
[2025-12-05 21:34:33] 🔍 Scanning C:\Users\Recap\OneDrive\Documents\Banana_Project\Geotag_images\PlaceholderUSB for new images...
[2025-12-05 21:34:34] 🔍 Scanning C:\Users\Recap\OneDrive\Documents\Banana_Project\Geotag_images\PlaceholderUSB for new images...
[2025-12-05 21:34:35] 🔍 Scanning C:\Users\Recap\OneDrive\Documents\Banana_Project\Geotag_images\PlaceholderUSB for new images...
[2025-12-05 21:34:36] 🔍 Scanning C:\Users\Recap\OneDrive\Documents\Banana_Project\Geotag_images\PlaceholderUSB for new images...
[2025-12-05 21:34:36] 🔍 Scanning C:\Users\Recap\OneDrive\Documents\Banana_Project\Geotag_images\PlaceholderUSB for new images...
[2025-12-05 21:34:37] 🔍 Scanning C:\Users\Recap\OneDrive\Documents\Banana_Project\Geotag_images\PlaceholderUSB for new images...
[2025-12-05 21:34:43] 🔍 Scanning C:\Users\Recap\OneDrive\Documents\Banana_Project\Geotag_images\PlaceholderUSB for new images...
[2025-12-05 21:34:44] 🔍 Scanning C:\Users\Recap\OneDrive\Documents\Banana_Project\Geotag_images\PlaceholderUSB for new images...
[2025-12-05 21:34:45] 🔍 Scanning C:\Users\Recap\OneDrive\Documents\Banana_Project\Geotag_images\PlaceholderUSB for new images...
[2025-12-05 21:34:46] 🔍 Scanning C:\Users\Recap\OneDrive\Documents\Banana_Project\Geotag_images\PlaceholderUSB for new images...
[2025-12-05 21:34:46] 🔍 Scanning C:\Users\Recap\OneDrive\Documents\Banana_Project\Geotag_images\PlaceholderUSB for new images...
[2025-12-05 21:34:47] 🔍 Scanning C:\Users\Recap\OneDrive\Documents\Banana_Project\Geotag_images\PlaceholderUSB for new images...
[2025-12-05 21:34:53] 🔍 Scanning C:\Users\Recap\OneDrive\Documents\Banana_Project\Geotag_images\PlaceholderUSB for new images...
[2025-12-05 21:34:54] 🔍 Scanning C:\Users\Recap\OneDrive\Documents\Banana_Project\Geotag_images\PlaceholderUSB for new images...
[2025-12-05 21:34:55] 🔍 Scanning C:\Users\Recap\OneDrive\Documents\Banana_Project\Geotag_images\PlaceholderUSB for new images...
[2025-12-05 21:34:56] 🔍 Scanning C:\Users\Recap\OneDrive\Documents\Banana_Project\Geotag_images\PlaceholderUSB for new images...
[2025-12-05 21:34:56] 🔍 Scanning C:\Users\Recap\OneDrive\Documents\Banana_Project\Geotag_images\PlaceholderUSB for new images...
[2025-12-05 21:34:57] 🔍 Scanning C:\Users\Recap\OneDrive\Documents\Banana_Project\Geotag_images\PlaceholderUSB for new images...
[2025-12-05 21:35:03] 🔍 Scanning C:\Users\Recap\OneDrive\Documents\Banana_Project\Geotag_images\PlaceholderUSB for new images...
[2025-12-05 21:35:04] 🔍 Scanning C:\Users\Recap\OneDrive\Documents\Banana_Project\Geotag_images\PlaceholderUSB for new images...
[2025-12-05 21:35:05] 🔍 Scanning C:\Users\Recap\OneDrive\Documents\Banana_Project\Geotag_images\PlaceholderUSB for new images...
[2025-12-05 21:35:06] 🔍 Scanning C:\Users\Recap\OneDrive\Documents\Banana_Project\Geotag_images\PlaceholderUSB for new images...
[2025-12-05 21:35:06] 🔍 Scanning C:\Users\Recap\OneDrive\Documents\Banana_Project\Geotag_images\PlaceholderUSB for new images...
[2025-12-05 21:35:07] 🔍 Scanning C:\Users\Recap\OneDrive\Documents\Banana_Project\Geotag_images\PlaceholderUSB for new images...
[2025-12-05 21:35:13] 🔍 Scanning C:\Users\Recap\OneDrive\Documents\Banana_Project\Geotag_images\PlaceholderUSB for new images...
[2025-12-05 21:35:14] 🔍 Scanning C:\Users\Recap\OneDrive\Documents\Banana_Project\Geotag_images\PlaceholderUSB for new images...
[2025-12-05 21:35:15] 🔍 Scanning C:\Users\Recap\OneDrive\Documents\Banana_Project\Geotag_images\PlaceholderUSB for new images...
[2025-12-05 21:35:16] 🔍 Scanning C:\Users\Recap\OneDrive\Documents\Banana_Project\Geotag_images\PlaceholderUSB for new images...
[2025-12-05 21:35:16] 🔍 Scanning C:\Users\Recap\OneDrive\Documents\Banana_Project\Geotag_images\PlaceholderUSB for new images...
[2025-12-05 21:35:17] 🔍 Scanning C:\Users\Recap\OneDrive\Documents\Banana_Project\Geotag_images\PlaceholderUSB for new images...
[2025-12-05 21:35:23] 🔍 Scanning C:\Users\Recap\OneDrive\Documents\Banana_Project\Geotag_images\PlaceholderUSB for new images...
[2025-12-05 21:35:24] 🔍 Scanning C:\Users\Recap\OneDrive\Documents\Banana_Project\Geotag_images\PlaceholderUSB for new images...
[2025-12-05 21:35:25] 🔍 Scanning C:\Users\Recap\OneDrive\Documents\Banana_Project\Geotag_images\PlaceholderUSB for new images...
[2025-12-05 21:35:26] 🔍 Scanning C:\Users\Recap\OneDrive\Documents\Banana_Project\Geotag_images\PlaceholderUSB for new images...
[2025-12-05 21:35:26] 🔍 Scanning C:\Users\Recap\OneDrive\Documents\Banana_Project\Geotag_images\PlaceholderUSB for new images...
[2025-12-05 21:35:27] 🔍 Scanning C:\Users\Recap\OneDrive\Documents\Banana_Project\Geotag_images\PlaceholderUSB for new images...
[2025-12-05 21:35:33] 🔍 Scanning C:\Users\Recap\OneDrive\Documents\Banana_Project\Geotag_images\PlaceholderUSB for new images...
[2025-12-05 21:35:34] 🔍 Scanning C:\Users\Recap\OneDrive\Documents\Banana_Project\Geotag_images\PlaceholderUSB for new images...
[2025-12-05 21:35:35] 🔍 Scanning C:\Users\Recap\OneDrive\Documents\Banana_Project\Geotag_images\PlaceholderUSB for new images...
[2025-12-05 21:35:36] 🔍 Scanning C:\Users\Recap\OneDrive\Documents\Banana_Project\Geotag_images\PlaceholderUSB for new images...
[2025-12-05 21:35:36] 🔍 Scanning C:\Users\Recap\OneDrive\Documents\Banana_Project\Geotag_images\PlaceholderUSB for new images...
[2025-12-05 21:35:37] 🔍 Scanning C:\Users\Recap\OneDrive\Documents\Banana_Project\Geotag_images\PlaceholderUSB for new images...
[2025-12-05 21:35:43] 🔍 Scanning C:\Users\Recap\OneDrive\Documents\Banana_Project\Geotag_images\PlaceholderUSB for new images...
[2025-12-05 21:35:44] 🔍 Scanning C:\Users\Recap\OneDrive\Documents\Banana_Project\Geotag_images\PlaceholderUSB for new images...
[2025-12-05 21:35:45] 🔍 Scanning C:\Users\Recap\OneDrive\Documents\Banana_Project\Geotag_images\PlaceholderUSB for new images...
[2025-12-05 21:35:46] 🔍 Scanning C:\Users\Recap\OneDrive\Documents\Banana_Project\Geotag_images\PlaceholderUSB for new images...
[2025-12-05 21:35:46] 🔍 Scanning C:\Users\Recap\OneDrive\Documents\Banana_Project\Geotag_images\PlaceholderUSB for new images...
[2025-12-05 21:35:47] 🔍 Scanning C:\Users\Recap\OneDrive\Documents\Banana_Project\Geotag_images\PlaceholderUSB for new images...
[2025-12-05 21:35:53] 🔍 Scanning C:\Users\Recap\OneDrive\Documents\Banana_Project\Geotag_images\PlaceholderUSB for new images...
[2025-12-05 21:35:54] 🔍 Scanning C:\Users\Recap\OneDrive\Documents\Banana_Project\Geotag_images\PlaceholderUSB for new images...
[2025-12-05 21:35:55] 🔍 Scanning C:\Users\Recap\OneDrive\Documents\Banana_Project\Geotag_images\PlaceholderUSB for new images...
[2025-12-05 21:35:56] 🔍 Scanning C:\Users\Recap\OneDrive\Documents\Banana_Project\Geotag_images\PlaceholderUSB for new images...
[2025-12-05 21:35:56] 🔍 Scanning C:\Users\Recap\OneDrive\Documents\Banana_Project\Geotag_images\PlaceholderUSB for new images...
[2025-12-05 21:35:57] 🔍 Scanning C:\Users\Recap\OneDrive\Documents\Banana_Project\Geotag_images\PlaceholderUSB for new images...
[2025-12-05 21:36:03] 🔍 Scanning C:\Users\Recap\OneDrive\Documents\Banana_Project\Geotag_images\PlaceholderUSB for new images...
[2025-12-05 21:36:04] 🔍 Scanning C:\Users\Recap\OneDrive\Documents\Banana_Project\Geotag_images\PlaceholderUSB for new images...
[2025-12-05 21:36:05] 🔍 Scanning C:\Users\Recap\OneDrive\Documents\Banana_Project\Geotag_images\PlaceholderUSB for new images...
[2025-12-05 21:36:06] 🔍 Scanning C:\Users\Recap\OneDrive\Documents\Banana_Project\Geotag_images\PlaceholderUSB for new images...
[2025-12-05 21:36:06] 🔍 Scanning C:\Users\Recap\OneDrive\Documents\Banana_Project\Geotag_images\PlaceholderUSB for new images...
[2025-12-05 21:36:07] 🔍 Scanning C:\Users\Recap\OneDrive\Documents\Banana_Project\Geotag_images\PlaceholderUSB for new images...
[2025-12-05 21:36:13] 🔍 Scanning C:\Users\Recap\OneDrive\Documents\Banana_Project\Geotag_images\PlaceholderUSB for new images...
[2025-12-05 21:36:14] 🔍 Scanning C:\Users\Recap\OneDrive\Documents\Banana_Project\Geotag_images\PlaceholderUSB for new images...
[2025-12-05 21:36:15] 🔍 Scanning C:\Users\Recap\OneDrive\Documents\Banana_Project\Geotag_images\PlaceholderUSB for new images...
[2025-12-05 21:36:16] 🔍 Scanning C:\Users\Recap\OneDrive\Documents\Banana_Project\Geotag_images\PlaceholderUSB for new images...
[2025-12-05 21:36:16] 🔍 Scanning C:\Users\Recap\OneDrive\Documents\Banana_Project\Geotag_images\PlaceholderUSB for new images...
[2025-12-05 21:36:17] 🔍 Scanning C:\Users\Recap\OneDrive\Documents\Banana_Project\Geotag_images\PlaceholderUSB for new images...
[2025-12-05 21:36:24] 🔍 Scanning C:\Users\Recap\OneDrive\Documents\Banana_Project\Geotag_images\PlaceholderUSB for new images...
[2025-12-05 21:36:24] 🔍 Scanning C:\Users\Recap\OneDrive\Documents\Banana_Project\Geotag_images\PlaceholderUSB for new images...
[2025-12-05 21:36:25] 🔍 Scanning C:\Users\Recap\OneDrive\Documents\Banana_Project\Geotag_images\PlaceholderUSB for new images...
[2025-12-05 21:36:26] 🔍 Scanning C:\Users\Recap\OneDrive\Documents\Banana_Project\Geotag_images\PlaceholderUSB for new images...
[2025-12-05 21:36:26] 🔍 Scanning C:\Users\Recap\OneDrive\Documents\Banana_Project\Geotag_images\PlaceholderUSB for new images...
[2025-12-05 21:36:27] 🔍 Scanning C:\Users\Recap\OneDrive\Documents\Banana_Project\Geotag_images\PlaceholderUSB for new images...
[2025-12-05 21:36:34] 🔍 Scanning C:\Users\Recap\OneDrive\Documents\Banana_Project\Geotag_images\PlaceholderUSB for new images...
[2025-12-05 21:36:34] 🔍 Scanning C:\Users\Recap\OneDrive\Documents\Banana_Project\Geotag_images\PlaceholderUSB for new images...
[2025-12-05 21:36:35] 🔍 Scanning C:\Users\Recap\OneDrive\Documents\Banana_Project\Geotag_images\PlaceholderUSB for new images...
[2025-12-05 21:36:36] 🔍 Scanning C:\Users\Recap\OneDrive\Documents\Banana_Project\Geotag_images\PlaceholderUSB for new images...
[2025-12-05 21:36:36] 🔍 Scanning C:\Users\Recap\OneDrive\Documents\Banana_Project\Geotag_images\PlaceholderUSB for new images...
[2025-12-05 21:36:37] 🔍 Scanning C:\Users\Recap\OneDrive\Documents\Banana_Project\Geotag_images\PlaceholderUSB for new images...
[2025-12-05 21:36:44] 🔍 Scanning C:\Users\Recap\OneDrive\Documents\Banana_Project\Geotag_images\PlaceholderUSB for new images...
[2025-12-05 21:36:44] 🔍 Scanning C:\Users\Recap\OneDrive\Documents\Banana_Project\Geotag_images\PlaceholderUSB for new images...
[2025-12-05 21:36:45] 🔍 Scanning C:\Users\Recap\OneDrive\Documents\Banana_Project\Geotag_images\PlaceholderUSB for new images...
[2025-12-05 21:36:46] 🔍 Scanning C:\Users\Recap\OneDrive\Documents\Banana_Project\Geotag_images\PlaceholderUSB for new images...
[2025-12-05 21:36:46] 🔍 Scanning C:\Users\Recap\OneDrive\Documents\Banana_Project\Geotag_images\PlaceholderUSB for new images...
[2025-12-05 21:36:47] 🔍 Scanning C:\Users\Recap\OneDrive\Documents\Banana_Project\Geotag_images\PlaceholderUSB for new images...
[2025-12-05 21:36:54] 🔍 Scanning C:\Users\Recap\OneDrive\Documents\Banana_Project\Geotag_images\PlaceholderUSB for new images...
[2025-12-05 21:36:54] 🔍 Scanning C:\Users\Recap\OneDrive\Documents\Banana_Project\Geotag_images\PlaceholderUSB for new images...
[2025-12-05 21:36:55] 🔍 Scanning C:\Users\Recap\OneDrive\Documents\Banana_Project\Geotag_images\PlaceholderUSB for new images...
[2025-12-05 21:36:56] 🔍 Scanning C:\Users\Recap\OneDrive\Documents\Banana_Project\Geotag_images\PlaceholderUSB for new images...
[2025-12-05 21:36:56] 🔍 Scanning C:\Users\Recap\OneDrive\Documents\Banana_Project\Geotag_images\PlaceholderUSB for new images...
[2025-12-05 21:36:57] 🔍 Scanning C:\Users\Recap\OneDrive\Documents\Banana_Project\Geotag_images\PlaceholderUSB for new images...
[2025-12-05 21:37:04] 🔍 Scanning C:\Users\Recap\OneDrive\Documents\Banana_Project\Geotag_images\PlaceholderUSB for new images...
[2025-12-05 21:37:04] 🔍 Scanning C:\Users\Recap\OneDrive\Documents\Banana_Project\Geotag_images\PlaceholderUSB for new images...
[2025-12-05 21:37:05] 🔍 Scanning C:\Users\Recap\OneDrive\Documents\Banana_Project\Geotag_images\PlaceholderUSB for new images...
[2025-12-05 21:37:06] 🔍 Scanning C:\Users\Recap\OneDrive\Documents\Banana_Project\Geotag_images\PlaceholderUSB for new images...
[2025-12-05 21:37:06] 🔍 Scanning C:\Users\Recap\OneDrive\Documents\Banana_Project\Geotag_images\PlaceholderUSB for new images...
[2025-12-05 21:37:07] 🔍 Scanning C:\Users\Recap\OneDrive\Documents\Banana_Project\Geotag_images\PlaceholderUSB for new images...
[2025-12-05 21:37:14] 🔍 Scanning C:\Users\Recap\OneDrive\Documents\Banana_Project\Geotag_images\PlaceholderUSB for new images...
[2025-12-05 21:37:14] 🔍 Scanning C:\Users\Recap\OneDrive\Documents\Banana_Project\Geotag_images\PlaceholderUSB for new images...
[2025-12-05 21:37:15] 🔍 Scanning C:\Users\Recap\OneDrive\Documents\Banana_Project\Geotag_images\PlaceholderUSB for new images...
[2025-12-05 21:37:16] 🔍 Scanning C:\Users\Recap\OneDrive\Documents\Banana_Project\Geotag_images\PlaceholderUSB for new images...
[2025-12-05 21:37:16] 🔍 Scanning C:\Users\Recap\OneDrive\Documents\Banana_Project\Geotag_images\PlaceholderUSB for new images...
[2025-12-05 21:37:17] 🔍 Scanning C:\Users\Recap\OneDrive\Documents\Banana_Project\Geotag_images\PlaceholderUSB for new images...
[2025-12-05 21:37:24] 🔍 Scanning C:\Users\Recap\OneDrive\Documents\Banana_Project\Geotag_images\PlaceholderUSB for new images...
[2025-12-05 21:37:24] 🔍 Scanning C:\Users\Recap\OneDrive\Documents\Banana_Project\Geotag_images\PlaceholderUSB for new images...
[2025-12-05 21:37:25] 🔍 Scanning C:\Users\Recap\OneDrive\Documents\Banana_Project\Geotag_images\PlaceholderUSB for new images...
[2025-12-05 21:37:26] 🔍 Scanning C:\Users\Recap\OneDrive\Documents\Banana_Project\Geotag_images\PlaceholderUSB for new images...
[2025-12-05 21:37:26] 🔍 Scanning C:\Users\Recap\OneDrive\Documents\Banana_Project\Geotag_images\PlaceholderUSB for new images...
[2025-12-05 21:37:27] 🔍 Scanning C:\Users\Recap\OneDrive\Documents\Banana_Project\Geotag_images\PlaceholderUSB for new images...
[2025-12-05 21:37:34] 🔍 Scanning C:\Users\Recap\OneDrive\Documents\Banana_Project\Geotag_images\PlaceholderUSB for new images...
[2025-12-05 21:37:34] 🔍 Scanning C:\Users\Recap\OneDrive\Documents\Banana_Project\Geotag_images\PlaceholderUSB for new images...
[2025-12-05 21:37:35] 🔍 Scanning C:\Users\Recap\OneDrive\Documents\Banana_Project\Geotag_images\PlaceholderUSB for new images...
[2025-12-05 21:37:36] 🔍 Scanning C:\Users\Recap\OneDrive\Documents\Banana_Project\Geotag_images\PlaceholderUSB for new images...
[2025-12-05 21:37:36] 🔍 Scanning C:\Users\Recap\OneDrive\Documents\Banana_Project\Geotag_images\PlaceholderUSB for new images...
[2025-12-05 21:37:37] 🔍 Scanning C:\Users\Recap\OneDrive\Documents\Banana_Project\Geotag_images\PlaceholderUSB for new images...
[2025-12-05 21:37:44] 🔍 Scanning C:\Users\Recap\OneDrive\Documents\Banana_Project\Geotag_images\PlaceholderUSB for new images...
[2025-12-05 21:37:44] 🔍 Scanning C:\Users\Recap\OneDrive\Documents\Banana_Project\Geotag_images\PlaceholderUSB for new images...
[2025-12-05 21:37:46] 🔍 Scanning C:\Users\Recap\OneDrive\Documents\Banana_Project\Geotag_images\PlaceholderUSB for new images...
[2025-12-05 21:37:46] 🔍 Scanning C:\Users\Recap\OneDrive\Documents\Banana_Project\Geotag_images\PlaceholderUSB for new images...
[2025-12-05 21:37:46] 🔍 Scanning C:\Users\Recap\OneDrive\Documents\Banana_Project\Geotag_images\PlaceholderUSB for new images...
[2025-12-05 21:37:47] 🔍 Scanning C:\Users\Recap\OneDrive\Documents\Banana_Project\Geotag_images\PlaceholderUSB for new images...
[2025-12-05 21:37:54] 🔍 Scanning C:\Users\Recap\OneDrive\Documents\Banana_Project\Geotag_images\PlaceholderUSB for new images...
[2025-12-05 21:37:54] 🔍 Scanning C:\Users\Recap\OneDrive\Documents\Banana_Project\Geotag_images\PlaceholderUSB for new images...
[2025-12-05 21:37:56] 🔍 Scanning C:\Users\Recap\OneDrive\Documents\Banana_Project\Geotag_images\PlaceholderUSB for new images...
[2025-12-05 21:37:56] 🔍 Scanning C:\Users\Recap\OneDrive\Documents\Banana_Project\Geotag_images\PlaceholderUSB for new images...
[2025-12-05 21:37:56] 🔍 Scanning C:\Users\Recap\OneDrive\Documents\Banana_Project\Geotag_images\PlaceholderUSB for new images...
[2025-12-05 21:37:57] 🔍 Scanning C:\Users\Recap\OneDrive\Documents\Banana_Project\Geotag_images\PlaceholderUSB for new images...
[2025-12-05 21:38:04] 🔍 Scanning C:\Users\Recap\OneDrive\Documents\Banana_Project\Geotag_images\PlaceholderUSB for new images...
[2025-12-05 21:38:04] 🔍 Scanning C:\Users\Recap\OneDrive\Documents\Banana_Project\Geotag_images\PlaceholderUSB for new images...
[2025-12-05 21:38:06] 🔍 Scanning C:\Users\Recap\OneDrive\Documents\Banana_Project\Geotag_images\PlaceholderUSB for new images...
[2025-12-05 21:38:06] 🔍 Scanning C:\Users\Recap\OneDrive\Documents\Banana_Project\Geotag_images\PlaceholderUSB for new images...
[2025-12-05 21:38:06] 🔍 Scanning C:\Users\Recap\OneDrive\Documents\Banana_Project\Geotag_images\PlaceholderUSB for new images...
[2025-12-05 21:38:07] 🔍 Scanning C:\Users\Recap\OneDrive\Documents\Banana_Project\Geotag_images\PlaceholderUSB for new images...
[2025-12-05 21:38:14] 🔍 Scanning C:\Users\Recap\OneDrive\Documents\Banana_Project\Geotag_images\PlaceholderUSB for new images...
[2025-12-05 21:38:14] 🔍 Scanning C:\Users\Recap\OneDrive\Documents\Banana_Project\Geotag_images\PlaceholderUSB for new images...
[2025-12-05 21:38:16] 🔍 Scanning C:\Users\Recap\OneDrive\Documents\Banana_Project\Geotag_images\PlaceholderUSB for new images...
[2025-12-05 21:38:16] 🔍 Scanning C:\Users\Recap\OneDrive\Documents\Banana_Project\Geotag_images\PlaceholderUSB for new images...
[2025-12-05 21:38:16] 🔍 Scanning C:\Users\Recap\OneDrive\Documents\Banana_Project\Geotag_images\PlaceholderUSB for new images...
[2025-12-05 21:38:18] 🔍 Scanning C:\Users\Recap\OneDrive\Documents\Banana_Project\Geotag_images\PlaceholderUSB for new images...
[2025-12-05 21:38:24] 🔍 Scanning C:\Users\Recap\OneDrive\Documents\Banana_Project\Geotag_images\PlaceholderUSB for new images...
[2025-12-05 21:38:24] 🔍 Scanning C:\Users\Recap\OneDrive\Documents\Banana_Project\Geotag_images\PlaceholderUSB for new images...
[2025-12-05 21:38:26] 🔍 Scanning C:\Users\Recap\OneDrive\Documents\Banana_Project\Geotag_images\PlaceholderUSB for new images...
[2025-12-05 21:38:26] 🔍 Scanning C:\Users\Recap\OneDrive\Documents\Banana_Project\Geotag_images\PlaceholderUSB for new images...
[2025-12-05 21:38:26] 🔍 Scanning C:\Users\Recap\OneDrive\Documents\Banana_Project\Geotag_images\PlaceholderUSB for new images...
[2025-12-05 21:38:28] 🔍 Scanning C:\Users\Recap\OneDrive\Documents\Banana_Project\Geotag_images\PlaceholderUSB for new images...
[2025-12-05 21:38:34] 🔍 Scanning C:\Users\Recap\OneDrive\Documents\Banana_Project\Geotag_images\PlaceholderUSB for new images...
[2025-12-05 21:38:34] 🔍 Scanning C:\Users\Recap\OneDrive\Documents\Banana_Project\Geotag_images\PlaceholderUSB for new images...
[2025-12-05 21:38:36] 🔍 Scanning C:\Users\Recap\OneDrive\Documents\Banana_Project\Geotag_images\PlaceholderUSB for new images...
[2025-12-05 21:38:36] 🔍 Scanning C:\Users\Recap\OneDrive\Documents\Banana_Project\Geotag_images\PlaceholderUSB for new images...
[2025-12-05 21:38:36] 🔍 Scanning C:\Users\Recap\OneDrive\Documents\Banana_Project\Geotag_images\PlaceholderUSB for new images...
[2025-12-05 21:38:38] 🔍 Scanning C:\Users\Recap\OneDrive\Documents\Banana_Project\Geotag_images\PlaceholderUSB for new images...
[2025-12-05 21:38:44] 🔍 Scanning C:\Users\Recap\OneDrive\Documents\Banana_Project\Geotag_images\PlaceholderUSB for new images...
[2025-12-05 21:38:44] 🔍 Scanning C:\Users\Recap\OneDrive\Documents\Banana_Project\Geotag_images\PlaceholderUSB for new images...
[2025-12-05 21:38:46] 🔍 Scanning C:\Users\Recap\OneDrive\Documents\Banana_Project\Geotag_images\PlaceholderUSB for new images...
[2025-12-05 21:38:46] 🔍 Scanning C:\Users\Recap\OneDrive\Documents\Banana_Project\Geotag_images\PlaceholderUSB for new images...
[2025-12-05 21:38:46] 🔍 Scanning C:\Users\Recap\OneDrive\Documents\Banana_Project\Geotag_images\PlaceholderUSB for new images...
[2025-12-05 21:38:48] 🔍 Scanning C:\Users\Recap\OneDrive\Documents\Banana_Project\Geotag_images\PlaceholderUSB for new images...
[2025-12-05 21:38:54] 🔍 Scanning C:\Users\Recap\OneDrive\Documents\Banana_Project\Geotag_images\PlaceholderUSB for new images...
[2025-12-05 21:38:54] 🔍 Scanning C:\Users\Recap\OneDrive\Documents\Banana_Project\Geotag_images\PlaceholderUSB for new images...
[2025-12-05 21:38:56] 🔍 Scanning C:\Users\Recap\OneDrive\Documents\Banana_Project\Geotag_images\PlaceholderUSB for new images...
[2025-12-05 21:38:56] 🔍 Scanning C:\Users\Recap\OneDrive\Documents\Banana_Project\Geotag_images\PlaceholderUSB for new images...
[2025-12-05 21:38:56] 🔍 Scanning C:\Users\Recap\OneDrive\Documents\Banana_Project\Geotag_images\PlaceholderUSB for new images...
[2025-12-05 21:38:58] 🔍 Scanning C:\Users\Recap\OneDrive\Documents\Banana_Project\Geotag_images\PlaceholderUSB for new images...
[2025-12-05 21:39:04] 🔍 Scanning C:\Users\Recap\OneDrive\Documents\Banana_Project\Geotag_images\PlaceholderUSB for new images...
[2025-12-05 21:39:04] 🔍 Scanning C:\Users\Recap\OneDrive\Documents\Banana_Project\Geotag_images\PlaceholderUSB for new images...
[2025-12-05 21:39:06] 🔍 Scanning C:\Users\Recap\OneDrive\Documents\Banana_Project\Geotag_images\PlaceholderUSB for new images...
[2025-12-05 21:39:06] 🔍 Scanning C:\Users\Recap\OneDrive\Documents\Banana_Project\Geotag_images\PlaceholderUSB for new images...
[2025-12-05 21:39:06] 🔍 Scanning C:\Users\Recap\OneDrive\Documents\Banana_Project\Geotag_images\PlaceholderUSB for new images...
[2025-12-05 21:39:08] 🔍 Scanning C:\Users\Recap\OneDrive\Documents\Banana_Project\Geotag_images\PlaceholderUSB for new images...
[2025-12-05 21:39:14] 🔍 Scanning C:\Users\Recap\OneDrive\Documents\Banana_Project\Geotag_images\PlaceholderUSB for new images...
[2025-12-05 21:39:14] 🔍 Scanning C:\Users\Recap\OneDrive\Documents\Banana_Project\Geotag_images\PlaceholderUSB for new images...
[2025-12-05 21:39:16] 🔍 Scanning C:\Users\Recap\OneDrive\Documents\Banana_Project\Geotag_images\PlaceholderUSB for new images...
[2025-12-05 21:39:16] 🔍 Scanning C:\Users\Recap\OneDrive\Documents\Banana_Project\Geotag_images\PlaceholderUSB for new images...
[2025-12-05 21:39:16] 🔍 Scanning C:\Users\Recap\OneDrive\Documents\Banana_Project\Geotag_images\PlaceholderUSB for new images...
[2025-12-05 21:39:18] 🔍 Scanning C:\Users\Recap\OneDrive\Documents\Banana_Project\Geotag_images\PlaceholderUSB for new images...
[2025-12-05 21:39:24] 🔍 Scanning C:\Users\Recap\OneDrive\Documents\Banana_Project\Geotag_images\PlaceholderUSB for new images...
[2025-12-05 21:39:24] 🔍 Scanning C:\Users\Recap\OneDrive\Documents\Banana_Project\Geotag_images\PlaceholderUSB for new images...
[2025-12-05 21:39:26] 🔍 Scanning C:\Users\Recap\OneDrive\Documents\Banana_Project\Geotag_images\PlaceholderUSB for new images...
[2025-12-05 21:39:26] 🔍 Scanning C:\Users\Recap\OneDrive\Documents\Banana_Project\Geotag_images\PlaceholderUSB for new images...
[2025-12-05 21:39:26] 🔍 Scanning C:\Users\Recap\OneDrive\Documents\Banana_Project\Geotag_images\PlaceholderUSB for new images...
[2025-12-05 21:39:28] 🔍 Scanning C:\Users\Recap\OneDrive\Documents\Banana_Project\Geotag_images\PlaceholderUSB for new images...
[2025-12-05 21:39:34] 🔍 Scanning C:\Users\Recap\OneDrive\Documents\Banana_Project\Geotag_images\PlaceholderUSB for new images...
[2025-12-05 21:39:34] 🔍 Scanning C:\Users\Recap\OneDrive\Documents\Banana_Project\Geotag_images\PlaceholderUSB for new images...
[2025-12-05 21:39:36] 🔍 Scanning C:\Users\Recap\OneDrive\Documents\Banana_Project\Geotag_images\PlaceholderUSB for new images...
[2025-12-05 21:39:36] 🔍 Scanning C:\Users\Recap\OneDrive\Documents\Banana_Project\Geotag_images\PlaceholderUSB for new images...
[2025-12-05 21:39:36] 🔍 Scanning C:\Users\Recap\OneDrive\Documents\Banana_Project\Geotag_images\PlaceholderUSB for new images...
[2025-12-05 21:39:38] 🔍 Scanning C:\Users\Recap\OneDrive\Documents\Banana_Project\Geotag_images\PlaceholderUSB for new images...
[2025-12-05 21:39:44] 🔍 Scanning C:\Users\Recap\OneDrive\Documents\Banana_Project\Geotag_images\PlaceholderUSB for new images...
[2025-12-05 21:39:44] 🔍 Scanning C:\Users\Recap\OneDrive\Documents\Banana_Project\Geotag_images\PlaceholderUSB for new images...
[2025-12-05 21:39:46] 🔍 Scanning C:\Users\Recap\OneDrive\Documents\Banana_Project\Geotag_images\PlaceholderUSB for new images...
[2025-12-05 21:39:46] 🔍 Scanning C:\Users\Recap\OneDrive\Documents\Banana_Project\Geotag_images\PlaceholderUSB for new images...
[2025-12-05 21:39:46] 🔍 Scanning C:\Users\Recap\OneDrive\Documents\Banana_Project\Geotag_images\PlaceholderUSB for new images...
[2025-12-05 21:39:48] 🔍 Scanning C:\Users\Recap\OneDrive\Documents\Banana_Project\Geotag_images\PlaceholderUSB for new images...
[2025-12-05 21:39:54] 🔍 Scanning C:\Users\Recap\OneDrive\Documents\Banana_Project\Geotag_images\PlaceholderUSB for new images...
[2025-12-05 21:39:54] 🔍 Scanning C:\Users\Recap\OneDrive\Documents\Banana_Project\Geotag_images\PlaceholderUSB for new images...
[2025-12-05 21:39:56] 🔍 Scanning C:\Users\Recap\OneDrive\Documents\Banana_Project\Geotag_images\PlaceholderUSB for new images...
[2025-12-05 21:39:56] 🔍 Scanning C:\Users\Recap\OneDrive\Documents\Banana_Project\Geotag_images\PlaceholderUSB for new images...
[2025-12-05 21:39:56] 🔍 Scanning C:\Users\Recap\OneDrive\Documents\Banana_Project\Geotag_images\PlaceholderUSB for new images...
[2025-12-05 21:39:58] 🔍 Scanning C:\Users\Recap\OneDrive\Documents\Banana_Project\Geotag_images\PlaceholderUSB for new images...
[2025-12-05 21:40:04] 🔍 Scanning C:\Users\Recap\OneDrive\Documents\Banana_Project\Geotag_images\PlaceholderUSB for new images...
[2025-12-05 21:40:04] 🔍 Scanning C:\Users\Recap\OneDrive\Documents\Banana_Project\Geotag_images\PlaceholderUSB for new images...
[2025-12-05 21:40:06] 🔍 Scanning C:\Users\Recap\OneDrive\Documents\Banana_Project\Geotag_images\PlaceholderUSB for new images...
[2025-12-05 21:40:06] 🔍 Scanning C:\Users\Recap\OneDrive\Documents\Banana_Project\Geotag_images\PlaceholderUSB for new images...
[2025-12-05 21:40:06] 🔍 Scanning C:\Users\Recap\OneDrive\Documents\Banana_Project\Geotag_images\PlaceholderUSB for new images...
[2025-12-05 21:40:08] 🔍 Scanning C:\Users\Recap\OneDrive\Documents\Banana_Project\Geotag_images\PlaceholderUSB for new images...
[2025-12-05 21:40:14] 🔍 Scanning C:\Users\Recap\OneDrive\Documents\Banana_Project\Geotag_images\PlaceholderUSB for new images...
[2025-12-05 21:40:14] 🔍 Scanning C:\Users\Recap\OneDrive\Documents\Banana_Project\Geotag_images\PlaceholderUSB for new images...
[2025-12-05 21:40:16] 🔍 Scanning C:\Users\Recap\OneDrive\Documents\Banana_Project\Geotag_images\PlaceholderUSB for new images...
[2025-12-05 21:40:16] 🔍 Scanning C:\Users\Recap\OneDrive\Documents\Banana_Project\Geotag_images\PlaceholderUSB for new images...
[2025-12-05 21:40:16] 🔍 Scanning C:\Users\Recap\OneDrive\Documents\Banana_Project\Geotag_images\PlaceholderUSB for new images...
[2025-12-05 21:40:18] 🔍 Scanning C:\Users\Recap\OneDrive\Documents\Banana_Project\Geotag_images\PlaceholderUSB for new images...
[2025-12-05 21:40:24] 🔍 Scanning C:\Users\Recap\OneDrive\Documents\Banana_Project\Geotag_images\PlaceholderUSB for new images...
[2025-12-05 21:40:24] 🔍 Scanning C:\Users\Recap\OneDrive\Documents\Banana_Project\Geotag_images\PlaceholderUSB for new images...
[2025-12-05 21:40:26] 🔍 Scanning C:\Users\Recap\OneDrive\Documents\Banana_Project\Geotag_images\PlaceholderUSB for new images...
[2025-12-05 21:40:26] 🔍 Scanning C:\Users\Recap\OneDrive\Documents\Banana_Project\Geotag_images\PlaceholderUSB for new images...
[2025-12-05 21:40:26] 🔍 Scanning C:\Users\Recap\OneDrive\Documents\Banana_Project\Geotag_images\PlaceholderUSB for new images...
[2025-12-05 21:40:28] 🔍 Scanning C:\Users\Recap\OneDrive\Documents\Banana_Project\Geotag_images\PlaceholderUSB for new images...
[2025-12-05 21:40:34] 🔍 Scanning C:\Users\Recap\OneDrive\Documents\Banana_Project\Geotag_images\PlaceholderUSB for new images...
[2025-12-05 21:40:34] 🔍 Scanning C:\Users\Recap\OneDrive\Documents\Banana_Project\Geotag_images\PlaceholderUSB for new images...
[2025-12-05 21:40:36] 🔍 Scanning C:\Users\Recap\OneDrive\Documents\Banana_Project\Geotag_images\PlaceholderUSB for new images...
[2025-12-05 21:40:36] 🔍 Scanning C:\Users\Recap\OneDrive\Documents\Banana_Project\Geotag_images\PlaceholderUSB for new images...
[2025-12-05 21:40:36] 🔍 Scanning C:\Users\Recap\OneDrive\Documents\Banana_Project\Geotag_images\PlaceholderUSB for new images...
[2025-12-05 21:40:38] 🔍 Scanning C:\Users\Recap\OneDrive\Documents\Banana_Project\Geotag_images\PlaceholderUSB for new images...
[2025-12-05 21:40:44] 🔍 Scanning C:\Users\Recap\OneDrive\Documents\Banana_Project\Geotag_images\PlaceholderUSB for new images...
[2025-12-05 21:40:44] 🔍 Scanning C:\Users\Recap\OneDrive\Documents\Banana_Project\Geotag_images\PlaceholderUSB for new images...
[2025-12-05 21:40:46] 🔍 Scanning C:\Users\Recap\OneDrive\Documents\Banana_Project\Geotag_images\PlaceholderUSB for new images...
[2025-12-05 21:40:46] 🔍 Scanning C:\Users\Recap\OneDrive\Documents\Banana_Project\Geotag_images\PlaceholderUSB for new images...
[2025-12-05 21:40:46] 🔍 Scanning C:\Users\Recap\OneDrive\Documents\Banana_Project\Geotag_images\PlaceholderUSB for new images...
[2025-12-05 21:40:48] 🔍 Scanning C:\Users\Recap\OneDrive\Documents\Banana_Project\Geotag_images\PlaceholderUSB for new images...
[2025-12-05 21:40:54] 🔍 Scanning C:\Users\Recap\OneDrive\Documents\Banana_Project\Geotag_images\PlaceholderUSB for new images...
[2025-12-05 21:40:54] 🔍 Scanning C:\Users\Recap\OneDrive\Documents\Banana_Project\Geotag_images\PlaceholderUSB for new images...
[2025-12-05 21:40:56] 🔍 Scanning C:\Users\Recap\OneDrive\Documents\Banana_Project\Geotag_images\PlaceholderUSB for new images...
[2025-12-05 21:40:56] 🔍 Scanning C:\Users\Recap\OneDrive\Documents\Banana_Project\Geotag_images\PlaceholderUSB for new images...
[2025-12-05 21:40:56] 🔍 Scanning C:\Users\Recap\OneDrive\Documents\Banana_Project\Geotag_images\PlaceholderUSB for new images...
[2025-12-05 21:40:58] 🔍 Scanning C:\Users\Recap\OneDrive\Documents\Banana_Project\Geotag_images\PlaceholderUSB for new images...
[2025-12-05 21:41:04] 🔍 Scanning C:\Users\Recap\OneDrive\Documents\Banana_Project\Geotag_images\PlaceholderUSB for new images...
[2025-12-05 21:41:04] 🔍 Scanning C:\Users\Recap\OneDrive\Documents\Banana_Project\Geotag_images\PlaceholderUSB for new images...
[2025-12-05 21:41:06] 🔍 Scanning C:\Users\Recap\OneDrive\Documents\Banana_Project\Geotag_images\PlaceholderUSB for new images...
[2025-12-05 21:41:06] 🔍 Scanning C:\Users\Recap\OneDrive\Documents\Banana_Project\Geotag_images\PlaceholderUSB for new images...
[2025-12-05 21:41:06] 🔍 Scanning C:\Users\Recap\OneDrive\Documents\Banana_Project\Geotag_images\PlaceholderUSB for new images...
[2025-12-05 21:41:08] 🔍 Scanning C:\Users\Recap\OneDrive\Documents\Banana_Project\Geotag_images\PlaceholderUSB for new images...
[2025-12-05 21:41:14] 🔍 Scanning C:\Users\Recap\OneDrive\Documents\Banana_Project\Geotag_images\PlaceholderUSB for new images...
[2025-12-05 21:41:14] 🔍 Scanning C:\Users\Recap\OneDrive\Documents\Banana_Project\Geotag_images\PlaceholderUSB for new images...
[2025-12-05 21:41:16] 🔍 Scanning C:\Users\Recap\OneDrive\Documents\Banana_Project\Geotag_images\PlaceholderUSB for new images...
[2025-12-05 21:41:16] 🔍 Scanning C:\Users\Recap\OneDrive\Documents\Banana_Project\Geotag_images\PlaceholderUSB for new images...
[2025-12-05 21:41:16] 🔍 Scanning C:\Users\Recap\OneDrive\Documents\Banana_Project\Geotag_images\PlaceholderUSB for new images...
[2025-12-05 21:41:18] 🔍 Scanning C:\Users\Recap\OneDrive\Documents\Banana_Project\Geotag_images\PlaceholderUSB for new images...
[2025-12-05 21:41:24] 🔍 Scanning C:\Users\Recap\OneDrive\Documents\Banana_Project\Geotag_images\PlaceholderUSB for new images...
[2025-12-05 21:41:24] 🔍 Scanning C:\Users\Recap\OneDrive\Documents\Banana_Project\Geotag_images\PlaceholderUSB for new images...
[2025-12-05 21:41:26] 🔍 Scanning C:\Users\Recap\OneDrive\Documents\Banana_Project\Geotag_images\PlaceholderUSB for new images...
[2025-12-05 21:41:26] 🔍 Scanning C:\Users\Recap\OneDrive\Documents\Banana_Project\Geotag_images\PlaceholderUSB for new images...
[2025-12-05 21:41:26] 🔍 Scanning C:\Users\Recap\OneDrive\Documents\Banana_Project\Geotag_images\PlaceholderUSB for new images...
[2025-12-05 21:41:28] 🔍 Scanning C:\Users\Recap\OneDrive\Documents\Banana_Project\Geotag_images\PlaceholderUSB for new images...
[2025-12-05 21:41:34] 🔍 Scanning C:\Users\Recap\OneDrive\Documents\Banana_Project\Geotag_images\PlaceholderUSB for new images...
[2025-12-05 21:41:34] 🔍 Scanning C:\Users\Recap\OneDrive\Documents\Banana_Project\Geotag_images\PlaceholderUSB for new images...
[2025-12-05 21:41:36] 🔍 Scanning C:\Users\Recap\OneDrive\Documents\Banana_Project\Geotag_images\PlaceholderUSB for new images...
[2025-12-05 21:41:36] 🔍 Scanning C:\Users\Recap\OneDrive\Documents\Banana_Project\Geotag_images\PlaceholderUSB for new images...
[2025-12-05 21:41:36] 🔍 Scanning C:\Users\Recap\OneDrive\Documents\Banana_Project\Geotag_images\PlaceholderUSB for new images...
[2025-12-05 21:41:38] 🔍 Scanning C:\Users\Recap\OneDrive\Documents\Banana_Project\Geotag_images\PlaceholderUSB for new images...
[2025-12-05 21:41:44] 🔍 Scanning C:\Users\Recap\OneDrive\Documents\Banana_Project\Geotag_images\PlaceholderUSB for new images...
[2025-12-05 21:41:44] 🔍 Scanning C:\Users\Recap\OneDrive\Documents\Banana_Project\Geotag_images\PlaceholderUSB for new images...
[2025-12-05 21:41:46] 🔍 Scanning C:\Users\Recap\OneDrive\Documents\Banana_Project\Geotag_images\PlaceholderUSB for new images...
[2025-12-05 21:41:46] 🔍 Scanning C:\Users\Recap\OneDrive\Documents\Banana_Project\Geotag_images\PlaceholderUSB for new images...
[2025-12-05 21:41:46] 🔍 Scanning C:\Users\Recap\OneDrive\Documents\Banana_Project\Geotag_images\PlaceholderUSB for new images...
[2025-12-05 21:41:48] 🔍 Scanning C:\Users\Recap\OneDrive\Documents\Banana_Project\Geotag_images\PlaceholderUSB for new images...
[2025-12-05 21:41:54] 🔍 Scanning C:\Users\Recap\OneDrive\Documents\Banana_Project\Geotag_images\PlaceholderUSB for new images...
[2025-12-05 21:41:54] 🔍 Scanning C:\Users\Recap\OneDrive\Documents\Banana_Project\Geotag_images\PlaceholderUSB for new images...
[2025-12-05 21:41:56] 🔍 Scanning C:\Users\Recap\OneDrive\Documents\Banana_Project\Geotag_images\PlaceholderUSB for new images...
[2025-12-05 21:41:56] 🔍 Scanning C:\Users\Recap\OneDrive\Documents\Banana_Project\Geotag_images\PlaceholderUSB for new images...
[2025-12-05 21:41:57] 🔍 Scanning C:\Users\Recap\OneDrive\Documents\Banana_Project\Geotag_images\PlaceholderUSB for new images...
[2025-12-05 21:41:58] 🔍 Scanning C:\Users\Recap\OneDrive\Documents\Banana_Project\Geotag_images\PlaceholderUSB for new images...
[2025-12-05 21:42:04] 🔍 Scanning C:\Users\Recap\OneDrive\Documents\Banana_Project\Geotag_images\PlaceholderUSB for new images...
[2025-12-05 21:42:04] 🔍 Scanning C:\Users\Recap\OneDrive\Documents\Banana_Project\Geotag_images\PlaceholderUSB for new images...
[2025-12-05 21:42:06] 🔍 Scanning C:\Users\Recap\OneDrive\Documents\Banana_Project\Geotag_images\PlaceholderUSB for new images...
[2025-12-05 21:42:06] 🔍 Scanning C:\Users\Recap\OneDrive\Documents\Banana_Project\Geotag_images\PlaceholderUSB for new images...
[2025-12-05 21:42:07] 🔍 Scanning C:\Users\Recap\OneDrive\Documents\Banana_Project\Geotag_images\PlaceholderUSB for new images...
[2025-12-05 21:42:08] 🔍 Scanning C:\Users\Recap\OneDrive\Documents\Banana_Project\Geotag_images\PlaceholderUSB for new images...
[2025-12-05 21:42:14] 🔍 Scanning C:\Users\Recap\OneDrive\Documents\Banana_Project\Geotag_images\PlaceholderUSB for new images...
[2025-12-05 21:42:14] 🔍 Scanning C:\Users\Recap\OneDrive\Documents\Banana_Project\Geotag_images\PlaceholderUSB for new images...
[2025-12-05 21:42:16] 🔍 Scanning C:\Users\Recap\OneDrive\Documents\Banana_Project\Geotag_images\PlaceholderUSB for new images...
[2025-12-05 21:42:16] 🔍 Scanning C:\Users\Recap\OneDrive\Documents\Banana_Project\Geotag_images\PlaceholderUSB for new images...
[2025-12-05 21:42:17] 🔍 Scanning C:\Users\Recap\OneDrive\Documents\Banana_Project\Geotag_images\PlaceholderUSB for new images...
[2025-12-05 21:42:18] 🔍 Scanning C:\Users\Recap\OneDrive\Documents\Banana_Project\Geotag_images\PlaceholderUSB for new images...
[2025-12-05 21:42:24] 🔍 Scanning C:\Users\Recap\OneDrive\Documents\Banana_Project\Geotag_images\PlaceholderUSB for new images...
[2025-12-05 21:42:24] 🔍 Scanning C:\Users\Recap\OneDrive\Documents\Banana_Project\Geotag_images\PlaceholderUSB for new images...
[2025-12-05 21:42:26] 🔍 Scanning C:\Users\Recap\OneDrive\Documents\Banana_Project\Geotag_images\PlaceholderUSB for new images...
[2025-12-05 21:42:26] 🔍 Scanning C:\Users\Recap\OneDrive\Documents\Banana_Project\Geotag_images\PlaceholderUSB for new images...
[2025-12-05 21:42:27] 🔍 Scanning C:\Users\Recap\OneDrive\Documents\Banana_Project\Geotag_images\PlaceholderUSB for new images...
[2025-12-05 21:42:28] 🔍 Scanning C:\Users\Recap\OneDrive\Documents\Banana_Project\Geotag_images\PlaceholderUSB for new images...
[2025-12-05 21:42:34] 🔍 Scanning C:\Users\Recap\OneDrive\Documents\Banana_Project\Geotag_images\PlaceholderUSB for new images...
[2025-12-05 21:42:34] 🔍 Scanning C:\Users\Recap\OneDrive\Documents\Banana_Project\Geotag_images\PlaceholderUSB for new images...
[2025-12-05 21:42:36] 🔍 Scanning C:\Users\Recap\OneDrive\Documents\Banana_Project\Geotag_images\PlaceholderUSB for new images...
[2025-12-05 21:42:36] 🔍 Scanning C:\Users\Recap\OneDrive\Documents\Banana_Project\Geotag_images\PlaceholderUSB for new images...
[2025-12-05 21:42:37] 🔍 Scanning C:\Users\Recap\OneDrive\Documents\Banana_Project\Geotag_images\PlaceholderUSB for new images...
[2025-12-05 21:42:38] 🔍 Scanning C:\Users\Recap\OneDrive\Documents\Banana_Project\Geotag_images\PlaceholderUSB for new images...
[2025-12-05 21:42:44] 🔍 Scanning C:\Users\Recap\OneDrive\Documents\Banana_Project\Geotag_images\PlaceholderUSB for new images...
[2025-12-05 21:42:44] 🔍 Scanning C:\Users\Recap\OneDrive\Documents\Banana_Project\Geotag_images\PlaceholderUSB for new images...
[2025-12-05 21:42:46] 🔍 Scanning C:\Users\Recap\OneDrive\Documents\Banana_Project\Geotag_images\PlaceholderUSB for new images...
[2025-12-05 21:42:46] 🔍 Scanning C:\Users\Recap\OneDrive\Documents\Banana_Project\Geotag_images\PlaceholderUSB for new images...
[2025-12-05 21:42:47] 🔍 Scanning C:\Users\Recap\OneDrive\Documents\Banana_Project\Geotag_images\PlaceholderUSB for new images...
[2025-12-05 21:42:48] 🔍 Scanning C:\Users\Recap\OneDrive\Documents\Banana_Project\Geotag_images\PlaceholderUSB for new images...
[2025-12-05 21:42:54] 🔍 Scanning C:\Users\Recap\OneDrive\Documents\Banana_Project\Geotag_images\PlaceholderUSB for new images...
[2025-12-05 21:42:54] 🔍 Scanning C:\Users\Recap\OneDrive\Documents\Banana_Project\Geotag_images\PlaceholderUSB for new images...
[2025-12-05 21:42:56] 🔍 Scanning C:\Users\Recap\OneDrive\Documents\Banana_Project\Geotag_images\PlaceholderUSB for new images...
[2025-12-05 21:42:56] 🔍 Scanning C:\Users\Recap\OneDrive\Documents\Banana_Project\Geotag_images\PlaceholderUSB for new images...
[2025-12-05 21:42:57] 🔍 Scanning C:\Users\Recap\OneDrive\Documents\Banana_Project\Geotag_images\PlaceholderUSB for new images...
[2025-12-05 21:42:58] 🔍 Scanning C:\Users\Recap\OneDrive\Documents\Banana_Project\Geotag_images\PlaceholderUSB for new images...
[2025-12-05 21:43:04] 🔍 Scanning C:\Users\Recap\OneDrive\Documents\Banana_Project\Geotag_images\PlaceholderUSB for new images...
[2025-12-05 21:43:04] 🔍 Scanning C:\Users\Recap\OneDrive\Documents\Banana_Project\Geotag_images\PlaceholderUSB for new images...
[2025-12-05 21:43:06] 🔍 Scanning C:\Users\Recap\OneDrive\Documents\Banana_Project\Geotag_images\PlaceholderUSB for new images...
[2025-12-05 21:43:06] 🔍 Scanning C:\Users\Recap\OneDrive\Documents\Banana_Project\Geotag_images\PlaceholderUSB for new images...
[2025-12-05 21:43:07] 🔍 Scanning C:\Users\Recap\OneDrive\Documents\Banana_Project\Geotag_images\PlaceholderUSB for new images...
[2025-12-05 21:43:08] 🔍 Scanning C:\Users\Recap\OneDrive\Documents\Banana_Project\Geotag_images\PlaceholderUSB for new images...
[2025-12-05 21:43:14] 🔍 Scanning C:\Users\Recap\OneDrive\Documents\Banana_Project\Geotag_images\PlaceholderUSB for new images...
[2025-12-05 21:43:14] 🔍 Scanning C:\Users\Recap\OneDrive\Documents\Banana_Project\Geotag_images\PlaceholderUSB for new images...
[2025-12-05 21:43:16] 🔍 Scanning C:\Users\Recap\OneDrive\Documents\Banana_Project\Geotag_images\PlaceholderUSB for new images...
[2025-12-05 21:43:16] 🔍 Scanning C:\Users\Recap\OneDrive\Documents\Banana_Project\Geotag_images\PlaceholderUSB for new images...
[2025-12-05 21:43:17] 🔍 Scanning C:\Users\Recap\OneDrive\Documents\Banana_Project\Geotag_images\PlaceholderUSB for new images...
[2025-12-05 21:43:18] 🔍 Scanning C:\Users\Recap\OneDrive\Documents\Banana_Project\Geotag_images\PlaceholderUSB for new images...
[2025-12-05 21:43:24] 🔍 Scanning C:\Users\Recap\OneDrive\Documents\Banana_Project\Geotag_images\PlaceholderUSB for new images...
[2025-12-05 21:43:24] 🔍 Scanning C:\Users\Recap\OneDrive\Documents\Banana_Project\Geotag_images\PlaceholderUSB for new images...
[2025-12-05 21:43:26] 🔍 Scanning C:\Users\Recap\OneDrive\Documents\Banana_Project\Geotag_images\PlaceholderUSB for new images...
[2025-12-05 21:43:26] 🔍 Scanning C:\Users\Recap\OneDrive\Documents\Banana_Project\Geotag_images\PlaceholderUSB for new images...
[2025-12-05 21:43:27] 🔍 Scanning C:\Users\Recap\OneDrive\Documents\Banana_Project\Geotag_images\PlaceholderUSB for new images...
[2025-12-05 21:43:28] 🔍 Scanning C:\Users\Recap\OneDrive\Documents\Banana_Project\Geotag_images\PlaceholderUSB for new images...
[2025-12-05 21:43:34] 🔍 Scanning C:\Users\Recap\OneDrive\Documents\Banana_Project\Geotag_images\PlaceholderUSB for new images...
[2025-12-05 21:43:34] 🔍 Scanning C:\Users\Recap\OneDrive\Documents\Banana_Project\Geotag_images\PlaceholderUSB for new images...
[2025-12-05 21:43:36] 🔍 Scanning C:\Users\Recap\OneDrive\Documents\Banana_Project\Geotag_images\PlaceholderUSB for new images...
[2025-12-05 21:43:36] 🔍 Scanning C:\Users\Recap\OneDrive\Documents\Banana_Project\Geotag_images\PlaceholderUSB for new images...
[2025-12-05 21:43:37] 🔍 Scanning C:\Users\Recap\OneDrive\Documents\Banana_Project\Geotag_images\PlaceholderUSB for new images...
[2025-12-05 21:43:38] 🔍 Scanning C:\Users\Recap\OneDrive\Documents\Banana_Project\Geotag_images\PlaceholderUSB for new images...
[2025-12-05 21:43:44] 🔍 Scanning C:\Users\Recap\OneDrive\Documents\Banana_Project\Geotag_images\PlaceholderUSB for new images...
[2025-12-05 21:43:44] 🔍 Scanning C:\Users\Recap\OneDrive\Documents\Banana_Project\Geotag_images\PlaceholderUSB for new images...
[2025-12-05 21:43:46] 🔍 Scanning C:\Users\Recap\OneDrive\Documents\Banana_Project\Geotag_images\PlaceholderUSB for new images...
[2025-12-05 21:43:46] 🔍 Scanning C:\Users\Recap\OneDrive\Documents\Banana_Project\Geotag_images\PlaceholderUSB for new images...
[2025-12-05 21:43:47] 🔍 Scanning C:\Users\Recap\OneDrive\Documents\Banana_Project\Geotag_images\PlaceholderUSB for new images...
[2025-12-05 21:43:48] 🔍 Scanning C:\Users\Recap\OneDrive\Documents\Banana_Project\Geotag_images\PlaceholderUSB for new images...
[2025-12-05 21:43:54] 🔍 Scanning C:\Users\Recap\OneDrive\Documents\Banana_Project\Geotag_images\PlaceholderUSB for new images...
[2025-12-05 21:43:54] 🔍 Scanning C:\Users\Recap\OneDrive\Documents\Banana_Project\Geotag_images\PlaceholderUSB for new images...
[2025-12-05 21:43:56] 🔍 Scanning C:\Users\Recap\OneDrive\Documents\Banana_Project\Geotag_images\PlaceholderUSB for new images...
[2025-12-05 21:43:56] 🔍 Scanning C:\Users\Recap\OneDrive\Documents\Banana_Project\Geotag_images\PlaceholderUSB for new images...
[2025-12-05 21:43:57] 🔍 Scanning C:\Users\Recap\OneDrive\Documents\Banana_Project\Geotag_images\PlaceholderUSB for new images...
[2025-12-05 21:43:58] 🔍 Scanning C:\Users\Recap\OneDrive\Documents\Banana_Project\Geotag_images\PlaceholderUSB for new images...
[2025-12-05 21:44:04] 🔍 Scanning C:\Users\Recap\OneDrive\Documents\Banana_Project\Geotag_images\PlaceholderUSB for new images...
[2025-12-05 21:44:04] 🔍 Scanning C:\Users\Recap\OneDrive\Documents\Banana_Project\Geotag_images\PlaceholderUSB for new images...
[2025-12-05 21:44:06] 🔍 Scanning C:\Users\Recap\OneDrive\Documents\Banana_Project\Geotag_images\PlaceholderUSB for new images...
[2025-12-05 21:44:06] 🔍 Scanning C:\Users\Recap\OneDrive\Documents\Banana_Project\Geotag_images\PlaceholderUSB for new images...
[2025-12-05 21:44:07] 🔍 Scanning C:\Users\Recap\OneDrive\Documents\Banana_Project\Geotag_images\PlaceholderUSB for new images...
[2025-12-05 21:44:08] 🔍 Scanning C:\Users\Recap\OneDrive\Documents\Banana_Project\Geotag_images\PlaceholderUSB for new images...
[2025-12-05 21:44:14] 🔍 Scanning C:\Users\Recap\OneDrive\Documents\Banana_Project\Geotag_images\PlaceholderUSB for new images...
[2025-12-05 21:44:14] 🔍 Scanning C:\Users\Recap\OneDrive\Documents\Banana_Project\Geotag_images\PlaceholderUSB for new images...
[2025-12-05 21:44:16] 🔍 Scanning C:\Users\Recap\OneDrive\Documents\Banana_Project\Geotag_images\PlaceholderUSB for new images...
[2025-12-05 21:44:16] 🔍 Scanning C:\Users\Recap\OneDrive\Documents\Banana_Project\Geotag_images\PlaceholderUSB for new images...
[2025-12-05 21:44:17] 🔍 Scanning C:\Users\Recap\OneDrive\Documents\Banana_Project\Geotag_images\PlaceholderUSB for new images...
[2025-12-05 21:44:18] 🔍 Scanning C:\Users\Recap\OneDrive\Documents\Banana_Project\Geotag_images\PlaceholderUSB for new images...
[2025-12-05 21:44:24] 🔍 Scanning C:\Users\Recap\OneDrive\Documents\Banana_Project\Geotag_images\PlaceholderUSB for new images...
[2025-12-05 21:44:24] 🔍 Scanning C:\Users\Recap\OneDrive\Documents\Banana_Project\Geotag_images\PlaceholderUSB for new images...
[2025-12-05 21:44:26] 🔍 Scanning C:\Users\Recap\OneDrive\Documents\Banana_Project\Geotag_images\PlaceholderUSB for new images...
[2025-12-05 21:44:26] 🔍 Scanning C:\Users\Recap\OneDrive\Documents\Banana_Project\Geotag_images\PlaceholderUSB for new images...
[2025-12-05 21:44:27] 🔍 Scanning C:\Users\Recap\OneDrive\Documents\Banana_Project\Geotag_images\PlaceholderUSB for new images...
[2025-12-05 21:44:28] 🔍 Scanning C:\Users\Recap\OneDrive\Documents\Banana_Project\Geotag_images\PlaceholderUSB for new images...
[2025-12-05 21:44:34] 🔍 Scanning C:\Users\Recap\OneDrive\Documents\Banana_Project\Geotag_images\PlaceholderUSB for new images...
[2025-12-05 21:44:34] 🔍 Scanning C:\Users\Recap\OneDrive\Documents\Banana_Project\Geotag_images\PlaceholderUSB for new images...
[2025-12-05 21:44:36] 🔍 Scanning C:\Users\Recap\OneDrive\Documents\Banana_Project\Geotag_images\PlaceholderUSB for new images...
[2025-12-05 21:44:36] 🔍 Scanning C:\Users\Recap\OneDrive\Documents\Banana_Project\Geotag_images\PlaceholderUSB for new images...
[2025-12-05 21:44:37] 🔍 Scanning C:\Users\Recap\OneDrive\Documents\Banana_Project\Geotag_images\PlaceholderUSB for new images...
[2025-12-05 21:44:38] 🔍 Scanning C:\Users\Recap\OneDrive\Documents\Banana_Project\Geotag_images\PlaceholderUSB for new images...
[2025-12-05 21:44:44] 🔍 Scanning C:\Users\Recap\OneDrive\Documents\Banana_Project\Geotag_images\PlaceholderUSB for new images...
[2025-12-05 21:44:44] 🔍 Scanning C:\Users\Recap\OneDrive\Documents\Banana_Project\Geotag_images\PlaceholderUSB for new images...
[2025-12-05 21:44:46] 🔍 Scanning C:\Users\Recap\OneDrive\Documents\Banana_Project\Geotag_images\PlaceholderUSB for new images...
[2025-12-05 21:44:46] 🔍 Scanning C:\Users\Recap\OneDrive\Documents\Banana_Project\Geotag_images\PlaceholderUSB for new images...
[2025-12-05 21:44:47] 🔍 Scanning C:\Users\Recap\OneDrive\Documents\Banana_Project\Geotag_images\PlaceholderUSB for new images...
[2025-12-05 21:44:48] 🔍 Scanning C:\Users\Recap\OneDrive\Documents\Banana_Project\Geotag_images\PlaceholderUSB for new images...
[2025-12-05 21:44:54] 🔍 Scanning C:\Users\Recap\OneDrive\Documents\Banana_Project\Geotag_images\PlaceholderUSB for new images...
[2025-12-05 21:44:54] 🔍 Scanning C:\Users\Recap\OneDrive\Documents\Banana_Project\Geotag_images\PlaceholderUSB for new images...
[2025-12-05 21:44:56] 🔍 Scanning C:\Users\Recap\OneDrive\Documents\Banana_Project\Geotag_images\PlaceholderUSB for new images...
[2025-12-05 21:44:56] 🔍 Scanning C:\Users\Recap\OneDrive\Documents\Banana_Project\Geotag_images\PlaceholderUSB for new images...
[2025-12-05 21:44:57] 🔍 Scanning C:\Users\Recap\OneDrive\Documents\Banana_Project\Geotag_images\PlaceholderUSB for new images...
[2025-12-05 21:44:58] 🔍 Scanning C:\Users\Recap\OneDrive\Documents\Banana_Project\Geotag_images\PlaceholderUSB for new images...
[2025-12-05 21:45:04] 🔍 Scanning C:\Users\Recap\OneDrive\Documents\Banana_Project\Geotag_images\PlaceholderUSB for new images...
[2025-12-05 21:45:04] 🔍 Scanning C:\Users\Recap\OneDrive\Documents\Banana_Project\Geotag_images\PlaceholderUSB for new images...
[2025-12-05 21:45:06] 🔍 Scanning C:\Users\Recap\OneDrive\Documents\Banana_Project\Geotag_images\PlaceholderUSB for new images...
[2025-12-05 21:45:06] 🔍 Scanning C:\Users\Recap\OneDrive\Documents\Banana_Project\Geotag_images\PlaceholderUSB for new images...
[2025-12-05 21:45:07] 🔍 Scanning C:\Users\Recap\OneDrive\Documents\Banana_Project\Geotag_images\PlaceholderUSB for new images...
[2025-12-05 21:45:08] 🔍 Scanning C:\Users\Recap\OneDrive\Documents\Banana_Project\Geotag_images\PlaceholderUSB for new images...
[2025-12-05 21:45:14] 🔍 Scanning C:\Users\Recap\OneDrive\Documents\Banana_Project\Geotag_images\PlaceholderUSB for new images...
[2025-12-05 21:45:14] 🔍 Scanning C:\Users\Recap\OneDrive\Documents\Banana_Project\Geotag_images\PlaceholderUSB for new images...
[2025-12-05 21:45:16] 🔍 Scanning C:\Users\Recap\OneDrive\Documents\Banana_Project\Geotag_images\PlaceholderUSB for new images...
[2025-12-05 21:45:16] 🔍 Scanning C:\Users\Recap\OneDrive\Documents\Banana_Project\Geotag_images\PlaceholderUSB for new images...
[2025-12-05 21:45:17] 🔍 Scanning C:\Users\Recap\OneDrive\Documents\Banana_Project\Geotag_images\PlaceholderUSB for new images...
[2025-12-05 21:45:18] 🔍 Scanning C:\Users\Recap\OneDrive\Documents\Banana_Project\Geotag_images\PlaceholderUSB for new images...
[2025-12-05 21:45:24] 🔍 Scanning C:\Users\Recap\OneDrive\Documents\Banana_Project\Geotag_images\PlaceholderUSB for new images...
[2025-12-05 21:45:24] 🔍 Scanning C:\Users\Recap\OneDrive\Documents\Banana_Project\Geotag_images\PlaceholderUSB for new images...
[2025-12-05 21:45:26] 🔍 Scanning C:\Users\Recap\OneDrive\Documents\Banana_Project\Geotag_images\PlaceholderUSB for new images...
[2025-12-05 21:45:26] 🔍 Scanning C:\Users\Recap\OneDrive\Documents\Banana_Project\Geotag_images\PlaceholderUSB for new images...
[2025-12-05 21:45:27] 🔍 Scanning C:\Users\Recap\OneDrive\Documents\Banana_Project\Geotag_images\PlaceholderUSB for new images...
[2025-12-05 21:45:28] 🔍 Scanning C:\Users\Recap\OneDrive\Documents\Banana_Project\Geotag_images\PlaceholderUSB for new images...
[2025-12-05 21:45:34] 🔍 Scanning C:\Users\Recap\OneDrive\Documents\Banana_Project\Geotag_images\PlaceholderUSB for new images...
[2025-12-05 21:45:34] 🔍 Scanning C:\Users\Recap\OneDrive\Documents\Banana_Project\Geotag_images\PlaceholderUSB for new images...
[2025-12-05 21:45:36] 🔍 Scanning C:\Users\Recap\OneDrive\Documents\Banana_Project\Geotag_images\PlaceholderUSB for new images...
[2025-12-05 21:45:36] 🔍 Scanning C:\Users\Recap\OneDrive\Documents\Banana_Project\Geotag_images\PlaceholderUSB for new images...
[2025-12-05 21:45:37] 🔍 Scanning C:\Users\Recap\OneDrive\Documents\Banana_Project\Geotag_images\PlaceholderUSB for new images...
[2025-12-05 21:45:38] 🔍 Scanning C:\Users\Recap\OneDrive\Documents\Banana_Project\Geotag_images\PlaceholderUSB for new images...
[2025-12-05 21:45:44] 🔍 Scanning C:\Users\Recap\OneDrive\Documents\Banana_Project\Geotag_images\PlaceholderUSB for new images...
[2025-12-05 21:45:44] 🔍 Scanning C:\Users\Recap\OneDrive\Documents\Banana_Project\Geotag_images\PlaceholderUSB for new images...
[2025-12-05 21:45:46] 🔍 Scanning C:\Users\Recap\OneDrive\Documents\Banana_Project\Geotag_images\PlaceholderUSB for new images...
[2025-12-05 21:45:47] 🔍 Scanning C:\Users\Recap\OneDrive\Documents\Banana_Project\Geotag_images\PlaceholderUSB for new images...
[2025-12-05 21:45:47] 🔍 Scanning C:\Users\Recap\OneDrive\Documents\Banana_Project\Geotag_images\PlaceholderUSB for new images...
[2025-12-05 21:45:48] 🔍 Scanning C:\Users\Recap\OneDrive\Documents\Banana_Project\Geotag_images\PlaceholderUSB for new images...
[2025-12-05 21:45:54] 🔍 Scanning C:\Users\Recap\OneDrive\Documents\Banana_Project\Geotag_images\PlaceholderUSB for new images...
[2025-12-05 21:45:54] 🔍 Scanning C:\Users\Recap\OneDrive\Documents\Banana_Project\Geotag_images\PlaceholderUSB for new images...
[2025-12-05 21:45:56] 🔍 Scanning C:\Users\Recap\OneDrive\Documents\Banana_Project\Geotag_images\PlaceholderUSB for new images...
[2025-12-05 21:45:57] 🔍 Scanning C:\Users\Recap\OneDrive\Documents\Banana_Project\Geotag_images\PlaceholderUSB for new images...
[2025-12-05 21:45:57] 🔍 Scanning C:\Users\Recap\OneDrive\Documents\Banana_Project\Geotag_images\PlaceholderUSB for new images...
[2025-12-05 21:45:58] 🔍 Scanning C:\Users\Recap\OneDrive\Documents\Banana_Project\Geotag_images\PlaceholderUSB for new images...
[2025-12-05 21:46:04] 🔍 Scanning C:\Users\Recap\OneDrive\Documents\Banana_Project\Geotag_images\PlaceholderUSB for new images...
[2025-12-05 21:46:04] 🔍 Scanning C:\Users\Recap\OneDrive\Documents\Banana_Project\Geotag_images\PlaceholderUSB for new images...
[2025-12-05 21:46:06] 🔍 Scanning C:\Users\Recap\OneDrive\Documents\Banana_Project\Geotag_images\PlaceholderUSB for new images...
[2025-12-05 21:46:07] 🔍 Scanning C:\Users\Recap\OneDrive\Documents\Banana_Project\Geotag_images\PlaceholderUSB for new images...
[2025-12-05 21:46:07] 🔍 Scanning C:\Users\Recap\OneDrive\Documents\Banana_Project\Geotag_images\PlaceholderUSB for new images...
[2025-12-05 21:46:08] 🔍 Scanning C:\Users\Recap\OneDrive\Documents\Banana_Project\Geotag_images\PlaceholderUSB for new images...
[2025-12-05 21:46:14] 🔍 Scanning C:\Users\Recap\OneDrive\Documents\Banana_Project\Geotag_images\PlaceholderUSB for new images...
[2025-12-05 21:46:14] 🔍 Scanning C:\Users\Recap\OneDrive\Documents\Banana_Project\Geotag_images\PlaceholderUSB for new images...
[2025-12-05 21:46:16] 🔍 Scanning C:\Users\Recap\OneDrive\Documents\Banana_Project\Geotag_images\PlaceholderUSB for new images...
[2025-12-05 21:46:17] 🔍 Scanning C:\Users\Recap\OneDrive\Documents\Banana_Project\Geotag_images\PlaceholderUSB for new images...
[2025-12-05 21:46:17] 🔍 Scanning C:\Users\Recap\OneDrive\Documents\Banana_Project\Geotag_images\PlaceholderUSB for new images...
[2025-12-05 21:46:18] 🔍 Scanning C:\Users\Recap\OneDrive\Documents\Banana_Project\Geotag_images\PlaceholderUSB for new images...
[2025-12-05 21:46:24] 🔍 Scanning C:\Users\Recap\OneDrive\Documents\Banana_Project\Geotag_images\PlaceholderUSB for new images...
[2025-12-05 21:46:24] 🔍 Scanning C:\Users\Recap\OneDrive\Documents\Banana_Project\Geotag_images\PlaceholderUSB for new images...
[2025-12-05 21:46:26] 🔍 Scanning C:\Users\Recap\OneDrive\Documents\Banana_Project\Geotag_images\PlaceholderUSB for new images...
[2025-12-05 21:46:27] 🔍 Scanning C:\Users\Recap\OneDrive\Documents\Banana_Project\Geotag_images\PlaceholderUSB for new images...
[2025-12-05 21:46:27] 🔍 Scanning C:\Users\Recap\OneDrive\Documents\Banana_Project\Geotag_images\PlaceholderUSB for new images...
[2025-12-05 21:46:28] 🔍 Scanning C:\Users\Recap\OneDrive\Documents\Banana_Project\Geotag_images\PlaceholderUSB for new images...
[2025-12-05 21:46:34] 🔍 Scanning C:\Users\Recap\OneDrive\Documents\Banana_Project\Geotag_images\PlaceholderUSB for new images...
[2025-12-05 21:46:34] 🔍 Scanning C:\Users\Recap\OneDrive\Documents\Banana_Project\Geotag_images\PlaceholderUSB for new images...
[2025-12-05 21:46:36] 🔍 Scanning C:\Users\Recap\OneDrive\Documents\Banana_Project\Geotag_images\PlaceholderUSB for new images...
[2025-12-05 21:46:37] 🔍 Scanning C:\Users\Recap\OneDrive\Documents\Banana_Project\Geotag_images\PlaceholderUSB for new images...
[2025-12-05 21:46:37] 🔍 Scanning C:\Users\Recap\OneDrive\Documents\Banana_Project\Geotag_images\PlaceholderUSB for new images...
[2025-12-05 21:46:38] 🔍 Scanning C:\Users\Recap\OneDrive\Documents\Banana_Project\Geotag_images\PlaceholderUSB for new images...
[2025-12-05 21:46:44] 🔍 Scanning C:\Users\Recap\OneDrive\Documents\Banana_Project\Geotag_images\PlaceholderUSB for new images...
[2025-12-05 21:46:44] 🔍 Scanning C:\Users\Recap\OneDrive\Documents\Banana_Project\Geotag_images\PlaceholderUSB for new images...
[2025-12-05 21:46:46] 🔍 Scanning C:\Users\Recap\OneDrive\Documents\Banana_Project\Geotag_images\PlaceholderUSB for new images...
[2025-12-05 21:46:47] 🔍 Scanning C:\Users\Recap\OneDrive\Documents\Banana_Project\Geotag_images\PlaceholderUSB for new images...
[2025-12-05 21:46:47] 🔍 Scanning C:\Users\Recap\OneDrive\Documents\Banana_Project\Geotag_images\PlaceholderUSB for new images...
[2025-12-05 21:46:48] 🔍 Scanning C:\Users\Recap\OneDrive\Documents\Banana_Project\Geotag_images\PlaceholderUSB for new images...
[2025-12-05 21:46:54] 🔍 Scanning C:\Users\Recap\OneDrive\Documents\Banana_Project\Geotag_images\PlaceholderUSB for new images...
[2025-12-05 21:46:54] 🔍 Scanning C:\Users\Recap\OneDrive\Documents\Banana_Project\Geotag_images\PlaceholderUSB for new images...
[2025-12-05 21:46:56] 🔍 Scanning C:\Users\Recap\OneDrive\Documents\Banana_Project\Geotag_images\PlaceholderUSB for new images...
[2025-12-05 21:46:57] 🔍 Scanning C:\Users\Recap\OneDrive\Documents\Banana_Project\Geotag_images\PlaceholderUSB for new images...
[2025-12-05 21:46:57] 🔍 Scanning C:\Users\Recap\OneDrive\Documents\Banana_Project\Geotag_images\PlaceholderUSB for new images...
[2025-12-05 21:46:58] 🔍 Scanning C:\Users\Recap\OneDrive\Documents\Banana_Project\Geotag_images\PlaceholderUSB for new images...
