[2025-12-05 20:05:43] 🟢 Auto_convert has started successfully.
[2025-12-05 20:05:43] 📄 New or updated flight log detected: DJIFlightRecord_2025-11-19_[12-24-58].txt
[2025-12-05 20:05:44] ✅ Successfully converted: DJIFlightRecord_2025-11-19_[12-24-58].txt → DJIFlightRecord_2025-11-19_[12-24-58].csv
[2025-12-05 20:05:44] ⏳ Waiting for new files...
[2025-12-05 20:05:45] ⏳ Waiting for new files...
[2025-12-05 20:05:46] ⏳ Waiting for new files...
[2025-12-05 20:05:47] ⏳ Waiting for new files...
[2025-12-05 20:05:51] ⏳ Waiting for new files...
[2025-12-05 20:05:54] ⏳ Waiting for new files...
[2025-12-05 20:05:55] ⏳ Waiting for new files...
[2025-12-05 20:05:56] ⏳ Waiting for new files...
[2025-12-05 20:05:57] ⏳ Waiting for new files...
[2025-12-05 20:05:58] ⏳ Waiting for new files...
[2025-12-05 20:06:02] ⏳ Waiting for new files...
[2025-12-05 20:06:05] ⏳ Waiting for new files...
[2025-12-05 20:06:06] ⏳ Waiting for new files...
[2025-12-05 20:06:07] ⏳ Waiting for new files...
[2025-12-05 20:06:08] ⏳ Waiting for new files...
[2025-12-05 20:06:09] ⏳ Waiting for new files...
[2025-12-05 20:06:13] ⏳ Waiting for new files...
[2025-12-05 20:06:16] ⏳ Waiting for new files...
[2025-12-05 20:06:17] ⏳ Waiting for new files...
[2025-12-05 20:06:18] ⏳ Waiting for new files...
[2025-12-05 20:06:19] ⏳ Waiting for new files...
[2025-12-05 20:06:20] ⏳ Waiting for new files...
[2025-12-05 20:06:24] ⏳ Waiting for new files...
[2025-12-05 20:06:27] ⏳ Waiting for new files...
[2025-12-05 20:06:28] ⏳ Waiting for new files...
[2025-12-05 20:06:29] ⏳ Waiting for new files...
[2025-12-05 20:06:30] ⏳ Waiting for new files...
[2025-12-05 20:06:31] ⏳ Waiting for new files...
[2025-12-05 20:06:35] ⏳ Waiting for new files...
[2025-12-05 20:06:38] ⏳ Waiting for new files...
[2025-12-05 20:06:39] ⏳ Waiting for new files...
[2025-12-05 20:06:40] ⏳ Waiting for new files...
[2025-12-05 20:06:41] ⏳ Waiting for new files...
[2025-12-05 20:06:42] ⏳ Waiting for new files...
[2025-12-05 20:06:46] ⏳ Waiting for new files...
[2025-12-05 20:06:49] ⏳ Waiting for new files...
[2025-12-05 20:06:50] ⏳ Waiting for new files...
[2025-12-05 20:06:51] ⏳ Waiting for new files...
[2025-12-05 20:06:52] ⏳ Waiting for new files...
[2025-12-05 20:06:54] ⏳ Waiting for new files...
[2025-12-05 20:06:57] ⏳ Waiting for new files...
[2025-12-05 20:07:00] ⏳ Waiting for new files...
[2025-12-05 20:07:01] ⏳ Waiting for new files...
[2025-12-05 20:07:02] ⏳ Waiting for new files...
[2025-12-05 20:07:03] ⏳ Waiting for new files...
[2025-12-05 20:07:05] ⏳ Waiting for new files...
[2025-12-05 20:07:08] ⏳ Waiting for new files...
[2025-12-05 20:07:11] ⏳ Waiting for new files...
[2025-12-05 20:07:12] ⏳ Waiting for new files...
[2025-12-05 20:07:13] ⏳ Waiting for new files...
[2025-12-05 20:07:15] ⏳ Waiting for new files...
[2025-12-05 20:07:16] ⏳ Waiting for new files...
[2025-12-05 20:07:19] ⏳ Waiting for new files...
[2025-12-05 20:07:22] ⏳ Waiting for new files...
[2025-12-05 20:07:23] ⏳ Waiting for new files...
[2025-12-05 20:07:24] ⏳ Waiting for new files...
[2025-12-05 20:07:26] ⏳ Waiting for new files...
[2025-12-05 20:07:27] ⏳ Waiting for new files...
[2025-12-05 20:07:30] ⏳ Waiting for new files...
[2025-12-05 20:07:33] ⏳ Waiting for new files...
[2025-12-05 20:07:34] ⏳ Waiting for new files...
[2025-12-05 20:07:35] ⏳ Waiting for new files...
[2025-12-05 20:07:37] ⏳ Waiting for new files...
[2025-12-05 20:07:38] ⏳ Waiting for new files...
[2025-12-05 20:07:41] ⏳ Waiting for new files...
[2025-12-05 20:07:44] ⏳ Waiting for new files...
[2025-12-05 20:07:45] ⏳ Waiting for new files...
[2025-12-05 20:07:46] ⏳ Waiting for new files...
[2025-12-05 20:07:48] ⏳ Waiting for new files...
[2025-12-05 20:07:49] ⏳ Waiting for new files...
[2025-12-05 20:07:52] ⏳ Waiting for new files...
[2025-12-05 20:07:55] ⏳ Waiting for new files...
[2025-12-05 20:07:56] ⏳ Waiting for new files...
[2025-12-05 20:07:57] ⏳ Waiting for new files...
[2025-12-05 20:07:59] ⏳ Waiting for new files...
[2025-12-05 20:08:00] ⏳ Waiting for new files...
[2025-12-05 20:08:03] ⏳ Waiting for new files...
[2025-12-05 20:08:06] ⏳ Waiting for new files...
[2025-12-05 20:08:07] ⏳ Waiting for new files...
[2025-12-05 20:08:08] ⏳ Waiting for new files...
[2025-12-05 20:08:10] ⏳ Waiting for new files...
[2025-12-05 20:08:11] ⏳ Waiting for new files...
[2025-12-05 20:08:14] ⏳ Waiting for new files...
[2025-12-05 20:08:17] ⏳ Waiting for new files...
[2025-12-05 20:08:18] ⏳ Waiting for new files...
[2025-12-05 20:08:19] ⏳ Waiting for new files...
[2025-12-05 20:08:21] ⏳ Waiting for new files...
[2025-12-05 20:08:22] ⏳ Waiting for new files...
[2025-12-05 20:08:25] ⏳ Waiting for new files...
[2025-12-05 20:08:28] ⏳ Waiting for new files...
[2025-12-05 20:08:29] ⏳ Waiting for new files...
[2025-12-05 20:08:30] ⏳ Waiting for new files...
[2025-12-05 20:08:32] ⏳ Waiting for new files...
[2025-12-05 20:08:33] ⏳ Waiting for new files...
[2025-12-05 20:08:36] ⏳ Waiting for new files...
[2025-12-05 20:08:39] ⏳ Waiting for new files...
[2025-12-05 20:08:40] ⏳ Waiting for new files...
[2025-12-05 20:08:41] ⏳ Waiting for new files...
[2025-12-05 20:08:43] ⏳ Waiting for new files...
[2025-12-05 20:08:44] ⏳ Waiting for new files...
[2025-12-05 20:08:47] ⏳ Waiting for new files...
[2025-12-05 20:08:50] ⏳ Waiting for new files...
[2025-12-05 20:08:51] ⏳ Waiting for new files...
[2025-12-05 20:08:53] ⏳ Waiting for new files...
[2025-12-05 20:08:54] ⏳ Waiting for new files...
[2025-12-05 20:08:55] ⏳ Waiting for new files...
[2025-12-05 20:08:58] ⏳ Waiting for new files...
[2025-12-05 20:09:01] ⏳ Waiting for new files...
[2025-12-05 20:09:02] ⏳ Waiting for new files...
[2025-12-05 20:09:04] ⏳ Waiting for new files...
[2025-12-05 20:09:05] ⏳ Waiting for new files...
[2025-12-05 20:09:06] ⏳ Waiting for new files...
[2025-12-05 20:09:09] ⏳ Waiting for new files...
[2025-12-05 20:09:12] ⏳ Waiting for new files...
[2025-12-05 20:09:13] ⏳ Waiting for new files...
[2025-12-05 20:09:15] ⏳ Waiting for new files...
[2025-12-05 20:09:16] ⏳ Waiting for new files...
[2025-12-05 20:09:17] ⏳ Waiting for new files...
[2025-12-05 20:09:20] ⏳ Waiting for new files...
[2025-12-05 20:09:23] ⏳ Waiting for new files...
[2025-12-05 20:09:24] ⏳ Waiting for new files...
[2025-12-05 20:09:26] ⏳ Waiting for new files...
[2025-12-05 20:09:27] ⏳ Waiting for new files...
[2025-12-05 20:09:28] ⏳ Waiting for new files...
[2025-12-05 20:09:31] ⏳ Waiting for new files...
[2025-12-05 20:09:34] ⏳ Waiting for new files...
[2025-12-05 20:09:35] ⏳ Waiting for new files...
[2025-12-05 20:09:37] ⏳ Waiting for new files...
[2025-12-05 20:09:38] ⏳ Waiting for new files...
[2025-12-05 20:09:39] ⏳ Waiting for new files...
[2025-12-05 20:09:42] ⏳ Waiting for new files...
[2025-12-05 20:09:45] ⏳ Waiting for new files...
[2025-12-05 20:09:46] ⏳ Waiting for new files...
[2025-12-05 20:09:48] ⏳ Waiting for new files...
[2025-12-05 20:09:49] ⏳ Waiting for new files...
[2025-12-05 20:09:50] ⏳ Waiting for new files...
[2025-12-05 20:09:53] ⏳ Waiting for new files...
[2025-12-05 20:09:56] ⏳ Waiting for new files...
[2025-12-05 20:09:57] ⏳ Waiting for new files...
[2025-12-05 20:09:59] ⏳ Waiting for new files...
[2025-12-05 20:10:00] ⏳ Waiting for new files...
[2025-12-05 20:10:01] ⏳ Waiting for new files...
[2025-12-05 20:10:04] ⏳ Waiting for new files...
[2025-12-05 20:10:07] ⏳ Waiting for new files...
[2025-12-05 20:10:08] ⏳ Waiting for new files...
[2025-12-05 20:10:10] ⏳ Waiting for new files...
[2025-12-05 20:10:11] ⏳ Waiting for new files...
[2025-12-05 20:10:12] ⏳ Waiting for new files...
[2025-12-05 20:10:15] ⏳ Waiting for new files...
[2025-12-05 20:10:18] ⏳ Waiting for new files...
[2025-12-05 20:10:19] ⏳ Waiting for new files...
[2025-12-05 20:10:21] ⏳ Waiting for new files...
[2025-12-05 20:10:22] ⏳ Waiting for new files...
[2025-12-05 20:10:23] ⏳ Waiting for new files...
[2025-12-05 20:10:26] ⏳ Waiting for new files...
[2025-12-05 20:10:29] ⏳ Waiting for new files...
[2025-12-05 20:10:30] ⏳ Waiting for new files...
[2025-12-05 20:10:32] ⏳ Waiting for new files...
[2025-12-05 20:10:33] ⏳ Waiting for new files...
[2025-12-05 20:10:34] ⏳ Waiting for new files...
[2025-12-05 20:10:37] ⏳ Waiting for new files...
[2025-12-05 20:10:40] ⏳ Waiting for new files...
[2025-12-05 20:10:41] ⏳ Waiting for new files...
[2025-12-05 20:10:43] ⏳ Waiting for new files...
[2025-12-05 20:10:44] ⏳ Waiting for new files...
[2025-12-05 20:10:45] ⏳ Waiting for new files...
[2025-12-05 20:10:48] ⏳ Waiting for new files...
[2025-12-05 20:10:52] ⏳ Waiting for new files...
[2025-12-05 20:10:52] ⏳ Waiting for new files...
[2025-12-05 20:10:54] ⏳ Waiting for new files...
[2025-12-05 20:10:55] ⏳ Waiting for new files...
[2025-12-05 20:10:56] ⏳ Waiting for new files...
[2025-12-05 20:10:59] ⏳ Waiting for new files...
[2025-12-05 20:11:03] ⏳ Waiting for new files...
[2025-12-05 20:11:03] ⏳ Waiting for new files...
[2025-12-05 20:11:05] ⏳ Waiting for new files...
[2025-12-05 20:11:06] ⏳ Waiting for new files...
[2025-12-05 20:11:07] ⏳ Waiting for new files...
[2025-12-05 20:11:10] ⏳ Waiting for new files...
[2025-12-05 20:11:14] ⏳ Waiting for new files...
[2025-12-05 20:11:14] ⏳ Waiting for new files...
[2025-12-05 20:11:16] ⏳ Waiting for new files...
[2025-12-05 20:11:17] ⏳ Waiting for new files...
[2025-12-05 20:11:18] ⏳ Waiting for new files...
[2025-12-05 20:11:21] ⏳ Waiting for new files...
[2025-12-05 20:11:25] ⏳ Waiting for new files...
[2025-12-05 20:11:25] ⏳ Waiting for new files...
[2025-12-05 20:11:27] ⏳ Waiting for new files...
[2025-12-05 20:11:28] ⏳ Waiting for new files...
[2025-12-05 20:11:29] ⏳ Waiting for new files...
[2025-12-05 20:11:32] ⏳ Waiting for new files...
[2025-12-05 20:11:36] ⏳ Waiting for new files...
[2025-12-05 20:11:37] ⏳ Waiting for new files...
[2025-12-05 20:11:38] ⏳ Waiting for new files...
[2025-12-05 20:11:39] ⏳ Waiting for new files...
[2025-12-05 20:11:40] ⏳ Waiting for new files...
[2025-12-05 20:11:43] ⏳ Waiting for new files...
[2025-12-05 20:11:47] ⏳ Waiting for new files...
[2025-12-05 20:11:48] ⏳ Waiting for new files...
[2025-12-05 20:11:49] ⏳ Waiting for new files...
[2025-12-05 20:11:50] ⏳ Waiting for new files...
[2025-12-05 20:11:51] ⏳ Waiting for new files...
[2025-12-05 20:11:54] ⏳ Waiting for new files...
[2025-12-05 20:11:58] ⏳ Waiting for new files...
[2025-12-05 20:11:59] ⏳ Waiting for new files...
[2025-12-05 20:12:00] ⏳ Waiting for new files...
[2025-12-05 20:12:01] ⏳ Waiting for new files...
[2025-12-05 20:12:02] ⏳ Waiting for new files...
[2025-12-05 20:12:06] ⏳ Waiting for new files...
[2025-12-05 20:12:09] ⏳ Waiting for new files...
[2025-12-05 20:12:10] ⏳ Waiting for new files...
[2025-12-05 20:12:11] ⏳ Waiting for new files...
[2025-12-05 20:12:12] ⏳ Waiting for new files...
[2025-12-05 20:12:13] ⏳ Waiting for new files...
[2025-12-05 20:12:17] ⏳ Waiting for new files...
[2025-12-05 20:12:20] ⏳ Waiting for new files...
[2025-12-05 20:12:21] ⏳ Waiting for new files...
[2025-12-05 20:12:22] ⏳ Waiting for new files...
[2025-12-05 20:12:23] ⏳ Waiting for new files...
[2025-12-05 20:12:24] ⏳ Waiting for new files...
[2025-12-05 20:12:28] ⏳ Waiting for new files...
[2025-12-05 20:12:31] ⏳ Waiting for new files...
[2025-12-05 20:12:32] ⏳ Waiting for new files...
[2025-12-05 20:12:33] ⏳ Waiting for new files...
[2025-12-05 20:12:34] ⏳ Waiting for new files...
[2025-12-05 20:12:35] ⏳ Waiting for new files...
[2025-12-05 20:12:39] ⏳ Waiting for new files...
[2025-12-05 20:12:42] ⏳ Waiting for new files...
[2025-12-05 20:12:43] ⏳ Waiting for new files...
[2025-12-05 20:12:44] ⏳ Waiting for new files...
[2025-12-05 20:12:45] ⏳ Waiting for new files...
[2025-12-05 20:12:46] ⏳ Waiting for new files...
[2025-12-05 20:12:50] ⏳ Waiting for new files...
[2025-12-05 20:12:53] ⏳ Waiting for new files...
[2025-12-05 20:12:54] ⏳ Waiting for new files...
[2025-12-05 20:12:55] ⏳ Waiting for new files...
[2025-12-05 20:12:57] ⏳ Waiting for new files...
[2025-12-05 20:12:58] ⏳ Waiting for new files...
[2025-12-05 20:13:01] ⏳ Waiting for new files...
[2025-12-05 20:13:04] ⏳ Waiting for new files...
[2025-12-05 20:13:05] ⏳ Waiting for new files...
[2025-12-05 20:13:06] ⏳ Waiting for new files...
[2025-12-05 20:13:08] ⏳ Waiting for new files...
[2025-12-05 20:13:09] ⏳ Waiting for new files...
[2025-12-05 20:13:12] ⏳ Waiting for new files...
[2025-12-05 20:13:15] ⏳ Waiting for new files...
[2025-12-05 20:13:16] ⏳ Waiting for new files...
[2025-12-05 20:13:17] ⏳ Waiting for new files...
[2025-12-05 20:13:19] ⏳ Waiting for new files...
[2025-12-05 20:13:20] ⏳ Waiting for new files...
[2025-12-05 20:13:23] ⏳ Waiting for new files...
[2025-12-05 20:13:26] ⏳ Waiting for new files...
[2025-12-05 20:13:27] ⏳ Waiting for new files...
[2025-12-05 20:13:28] ⏳ Waiting for new files...
[2025-12-05 20:13:30] ⏳ Waiting for new files...
[2025-12-05 20:13:31] ⏳ Waiting for new files...
[2025-12-05 20:13:34] ⏳ Waiting for new files...
[2025-12-05 20:13:37] ⏳ Waiting for new files...
[2025-12-05 20:13:38] ⏳ Waiting for new files...
[2025-12-05 20:13:39] ⏳ Waiting for new files...
[2025-12-05 20:13:41] ⏳ Waiting for new files...
[2025-12-05 20:13:42] ⏳ Waiting for new files...
[2025-12-05 20:13:45] ⏳ Waiting for new files...
[2025-12-05 20:13:48] ⏳ Waiting for new files...
[2025-12-05 20:13:49] ⏳ Waiting for new files...
[2025-12-05 20:13:50] ⏳ Waiting for new files...
[2025-12-05 20:13:52] ⏳ Waiting for new files...
[2025-12-05 20:13:53] ⏳ Waiting for new files...
[2025-12-05 20:13:56] ⏳ Waiting for new files...
[2025-12-05 20:13:59] ⏳ Waiting for new files...
[2025-12-05 20:14:00] ⏳ Waiting for new files...
[2025-12-05 20:14:01] ⏳ Waiting for new files...
[2025-12-05 20:14:03] ⏳ Waiting for new files...
[2025-12-05 20:14:04] ⏳ Waiting for new files...
[2025-12-05 20:14:07] ⏳ Waiting for new files...
[2025-12-05 20:14:10] ⏳ Waiting for new files...
[2025-12-05 20:14:11] ⏳ Waiting for new files...
[2025-12-05 20:14:12] ⏳ Waiting for new files...
[2025-12-05 20:14:14] ⏳ Waiting for new files...
[2025-12-05 20:14:15] ⏳ Waiting for new files...
[2025-12-05 20:14:18] ⏳ Waiting for new files...
[2025-12-05 20:14:21] ⏳ Waiting for new files...
[2025-12-05 20:14:22] ⏳ Waiting for new files...
[2025-12-05 20:14:23] ⏳ Waiting for new files...
[2025-12-05 20:14:25] ⏳ Waiting for new files...
[2025-12-05 20:14:26] ⏳ Waiting for new files...
[2025-12-05 20:14:29] ⏳ Waiting for new files...
[2025-12-05 20:14:32] ⏳ Waiting for new files...
[2025-12-05 20:14:33] ⏳ Waiting for new files...
[2025-12-05 20:14:34] ⏳ Waiting for new files...
[2025-12-05 20:14:36] ⏳ Waiting for new files...
[2025-12-05 20:14:37] ⏳ Waiting for new files...
[2025-12-05 20:14:40] ⏳ Waiting for new files...
[2025-12-05 20:14:43] ⏳ Waiting for new files...
[2025-12-05 20:14:44] ⏳ Waiting for new files...
[2025-12-05 20:14:45] ⏳ Waiting for new files...
[2025-12-05 20:14:47] ⏳ Waiting for new files...
[2025-12-05 20:14:48] ⏳ Waiting for new files...
[2025-12-05 20:14:51] ⏳ Waiting for new files...
[2025-12-05 20:14:54] ⏳ Waiting for new files...
[2025-12-05 20:14:55] ⏳ Waiting for new files...
[2025-12-05 20:14:56] ⏳ Waiting for new files...
[2025-12-05 20:14:58] ⏳ Waiting for new files...
[2025-12-05 20:14:59] ⏳ Waiting for new files...
[2025-12-05 20:15:02] ⏳ Waiting for new files...
[2025-12-05 20:15:05] ⏳ Waiting for new files...
[2025-12-05 20:15:06] ⏳ Waiting for new files...
[2025-12-05 20:15:08] ⏳ Waiting for new files...
[2025-12-05 20:15:09] ⏳ Waiting for new files...
[2025-12-05 20:15:10] ⏳ Waiting for new files...
[2025-12-05 20:15:13] ⏳ Waiting for new files...
[2025-12-05 20:15:16] ⏳ Waiting for new files...
[2025-12-05 20:15:17] ⏳ Waiting for new files...
[2025-12-05 20:15:19] ⏳ Waiting for new files...
[2025-12-05 20:15:20] ⏳ Waiting for new files...
[2025-12-05 20:15:21] ⏳ Waiting for new files...
[2025-12-05 20:15:24] ⏳ Waiting for new files...
[2025-12-05 20:15:27] ⏳ Waiting for new files...
[2025-12-05 20:15:28] ⏳ Waiting for new files...
[2025-12-05 20:15:30] ⏳ Waiting for new files...
[2025-12-05 20:15:31] ⏳ Waiting for new files...
[2025-12-05 20:15:32] ⏳ Waiting for new files...
[2025-12-05 20:15:35] ⏳ Waiting for new files...
[2025-12-05 20:15:38] ⏳ Waiting for new files...
[2025-12-05 20:15:39] ⏳ Waiting for new files...
[2025-12-05 20:15:41] ⏳ Waiting for new files...
[2025-12-05 20:15:42] ⏳ Waiting for new files...
[2025-12-05 20:15:43] ⏳ Waiting for new files...
[2025-12-05 20:15:46] ⏳ Waiting for new files...
[2025-12-05 20:15:49] ⏳ Waiting for new files...
[2025-12-05 20:15:50] ⏳ Waiting for new files...
[2025-12-05 20:15:52] ⏳ Waiting for new files...
[2025-12-05 20:15:53] ⏳ Waiting for new files...
[2025-12-05 20:15:54] ⏳ Waiting for new files...
[2025-12-05 20:15:57] ⏳ Waiting for new files...
[2025-12-05 20:16:00] ⏳ Waiting for new files...
[2025-12-05 20:16:01] ⏳ Waiting for new files...
[2025-12-05 20:16:03] ⏳ Waiting for new files...
[2025-12-05 20:16:04] ⏳ Waiting for new files...
[2025-12-05 20:16:05] ⏳ Waiting for new files...
[2025-12-05 20:16:08] ⏳ Waiting for new files...
[2025-12-05 20:16:11] ⏳ Waiting for new files...
[2025-12-05 20:16:12] ⏳ Waiting for new files...
[2025-12-05 20:16:14] ⏳ Waiting for new files...
[2025-12-05 20:16:15] ⏳ Waiting for new files...
[2025-12-05 20:16:16] ⏳ Waiting for new files...
[2025-12-05 20:16:19] ⏳ Waiting for new files...
[2025-12-05 20:16:23] ⏳ Waiting for new files...
[2025-12-05 20:16:23] ⏳ Waiting for new files...
[2025-12-05 20:16:25] ⏳ Waiting for new files...
[2025-12-05 20:16:26] ⏳ Waiting for new files...
[2025-12-05 20:16:27] ⏳ Waiting for new files...
[2025-12-05 20:16:30] ⏳ Waiting for new files...
[2025-12-05 20:16:34] ⏳ Waiting for new files...
[2025-12-05 20:16:34] ⏳ Waiting for new files...
[2025-12-05 20:16:36] ⏳ Waiting for new files...
[2025-12-05 20:16:37] ⏳ Waiting for new files...
[2025-12-05 20:16:38] ⏳ Waiting for new files...
[2025-12-05 20:16:41] ⏳ Waiting for new files...
[2025-12-05 20:16:45] ⏳ Waiting for new files...
[2025-12-05 20:16:45] ⏳ Waiting for new files...
[2025-12-05 20:16:47] ⏳ Waiting for new files...
[2025-12-05 20:16:48] ⏳ Waiting for new files...
[2025-12-05 20:16:49] ⏳ Waiting for new files...
[2025-12-05 20:16:52] ⏳ Waiting for new files...
[2025-12-05 20:16:56] ⏳ Waiting for new files...
[2025-12-05 20:16:56] ⏳ Waiting for new files...
[2025-12-05 20:16:58] ⏳ Waiting for new files...
[2025-12-05 20:16:59] ⏳ Waiting for new files...
[2025-12-05 20:17:00] ⏳ Waiting for new files...
[2025-12-05 20:17:03] ⏳ Waiting for new files...
[2025-12-05 20:17:07] ⏳ Waiting for new files...
[2025-12-05 20:17:07] ⏳ Waiting for new files...
[2025-12-05 20:17:09] ⏳ Waiting for new files...
[2025-12-05 20:17:10] ⏳ Waiting for new files...
[2025-12-05 20:17:11] ⏳ Waiting for new files...
[2025-12-05 20:17:14] ⏳ Waiting for new files...
[2025-12-05 20:17:18] ⏳ Waiting for new files...
[2025-12-05 20:17:18] ⏳ Waiting for new files...
[2025-12-05 20:17:20] ⏳ Waiting for new files...
[2025-12-05 20:17:21] ⏳ Waiting for new files...
[2025-12-05 20:17:22] ⏳ Waiting for new files...
[2025-12-05 20:17:25] ⏳ Waiting for new files...
[2025-12-05 20:17:29] ⏳ Waiting for new files...
[2025-12-05 20:17:30] ⏳ Waiting for new files...
[2025-12-05 20:17:31] ⏳ Waiting for new files...
[2025-12-05 20:17:32] ⏳ Waiting for new files...
[2025-12-05 20:17:33] ⏳ Waiting for new files...
[2025-12-05 20:17:36] ⏳ Waiting for new files...
[2025-12-05 20:17:40] ⏳ Waiting for new files...
[2025-12-05 20:17:41] ⏳ Waiting for new files...
[2025-12-05 20:17:42] ⏳ Waiting for new files...
[2025-12-05 20:17:43] ⏳ Waiting for new files...
[2025-12-05 20:17:44] ⏳ Waiting for new files...
[2025-12-05 20:17:47] ⏳ Waiting for new files...
[2025-12-05 20:17:51] ⏳ Waiting for new files...
[2025-12-05 20:17:52] ⏳ Waiting for new files...
[2025-12-05 20:17:53] ⏳ Waiting for new files...
[2025-12-05 20:17:54] ⏳ Waiting for new files...
[2025-12-05 20:17:55] ⏳ Waiting for new files...
[2025-12-05 20:17:58] ⏳ Waiting for new files...
[2025-12-05 20:18:02] ⏳ Waiting for new files...
[2025-12-05 20:18:03] ⏳ Waiting for new files...
[2025-12-05 20:18:04] ⏳ Waiting for new files...
[2025-12-05 20:18:05] ⏳ Waiting for new files...
[2025-12-05 20:18:06] ⏳ Waiting for new files...
[2025-12-05 20:18:09] ⏳ Waiting for new files...
[2025-12-05 20:18:13] ⏳ Waiting for new files...
[2025-12-05 20:18:14] ⏳ Waiting for new files...
[2025-12-05 20:18:15] ⏳ Waiting for new files...
[2025-12-05 20:18:16] ⏳ Waiting for new files...
[2025-12-05 20:18:17] ⏳ Waiting for new files...
[2025-12-05 20:18:21] ⏳ Waiting for new files...
[2025-12-05 20:18:24] ⏳ Waiting for new files...
[2025-12-05 20:18:25] ⏳ Waiting for new files...
[2025-12-05 20:18:26] ⏳ Waiting for new files...
[2025-12-05 20:18:27] ⏳ Waiting for new files...
[2025-12-05 20:18:28] ⏳ Waiting for new files...
[2025-12-05 20:18:32] ⏳ Waiting for new files...
[2025-12-05 20:18:35] ⏳ Waiting for new files...
[2025-12-05 20:18:36] ⏳ Waiting for new files...
[2025-12-05 20:18:37] ⏳ Waiting for new files...
[2025-12-05 20:18:38] ⏳ Waiting for new files...
[2025-12-05 20:18:40] ⏳ Waiting for new files...
[2025-12-05 20:18:43] ⏳ Waiting for new files...
[2025-12-05 20:18:46] ⏳ Waiting for new files...
[2025-12-05 20:18:47] ⏳ Waiting for new files...
[2025-12-05 20:18:48] ⏳ Waiting for new files...
[2025-12-05 20:18:49] ⏳ Waiting for new files...
[2025-12-05 20:18:51] ⏳ Waiting for new files...
[2025-12-05 20:18:54] ⏳ Waiting for new files...
[2025-12-05 20:18:57] ⏳ Waiting for new files...
[2025-12-05 20:18:58] ⏳ Waiting for new files...
[2025-12-05 20:18:59] ⏳ Waiting for new files...
[2025-12-05 20:19:00] ⏳ Waiting for new files...
[2025-12-05 20:19:02] ⏳ Waiting for new files...
[2025-12-05 20:19:05] ⏳ Waiting for new files...
[2025-12-05 20:19:08] ⏳ Waiting for new files...
[2025-12-05 20:19:09] ⏳ Waiting for new files...
[2025-12-05 20:19:10] ⏳ Waiting for new files...
[2025-12-05 20:19:12] ⏳ Waiting for new files...
[2025-12-05 20:19:13] ⏳ Waiting for new files...
[2025-12-05 20:19:16] ⏳ Waiting for new files...
[2025-12-05 20:19:19] ⏳ Waiting for new files...
[2025-12-05 20:19:20] ⏳ Waiting for new files...
[2025-12-05 20:19:21] ⏳ Waiting for new files...
[2025-12-05 20:19:23] ⏳ Waiting for new files...
[2025-12-05 20:19:24] ⏳ Waiting for new files...
[2025-12-05 20:19:27] ⏳ Waiting for new files...
[2025-12-05 20:19:30] ⏳ Waiting for new files...
[2025-12-05 20:19:31] ⏳ Waiting for new files...
[2025-12-05 20:19:32] ⏳ Waiting for new files...
[2025-12-05 20:19:34] ⏳ Waiting for new files...
[2025-12-05 20:19:35] ⏳ Waiting for new files...
[2025-12-05 20:19:38] ⏳ Waiting for new files...
[2025-12-05 20:19:41] ⏳ Waiting for new files...
[2025-12-05 20:19:42] ⏳ Waiting for new files...
[2025-12-05 20:19:43] ⏳ Waiting for new files...
[2025-12-05 20:19:45] ⏳ Waiting for new files...
[2025-12-05 20:19:46] ⏳ Waiting for new files...
[2025-12-05 20:19:49] ⏳ Waiting for new files...
[2025-12-05 20:19:52] ⏳ Waiting for new files...
[2025-12-05 20:19:53] ⏳ Waiting for new files...
[2025-12-05 20:19:54] ⏳ Waiting for new files...
[2025-12-05 20:19:56] ⏳ Waiting for new files...
[2025-12-05 20:19:57] ⏳ Waiting for new files...
[2025-12-05 20:20:00] ⏳ Waiting for new files...
[2025-12-05 20:20:03] ⏳ Waiting for new files...
[2025-12-05 20:20:04] ⏳ Waiting for new files...
[2025-12-05 20:20:05] ⏳ Waiting for new files...
[2025-12-05 20:20:07] ⏳ Waiting for new files...
[2025-12-05 20:20:08] ⏳ Waiting for new files...
[2025-12-05 20:20:11] ⏳ Waiting for new files...
[2025-12-05 20:20:14] ⏳ Waiting for new files...
[2025-12-05 20:20:15] ⏳ Waiting for new files...
[2025-12-05 20:20:16] ⏳ Waiting for new files...
[2025-12-05 20:20:18] ⏳ Waiting for new files...
[2025-12-05 20:20:19] ⏳ Waiting for new files...
[2025-12-05 20:20:22] ⏳ Waiting for new files...
[2025-12-05 20:20:25] ⏳ Waiting for new files...
[2025-12-05 20:20:26] ⏳ Waiting for new files...
[2025-12-05 20:20:27] ⏳ Waiting for new files...
[2025-12-05 20:20:29] ⏳ Waiting for new files...
[2025-12-05 20:20:30] ⏳ Waiting for new files...
[2025-12-05 20:20:33] ⏳ Waiting for new files...
[2025-12-05 20:20:36] ⏳ Waiting for new files...
[2025-12-05 20:20:37] ⏳ Waiting for new files...
[2025-12-05 20:20:38] ⏳ Waiting for new files...
[2025-12-05 20:20:40] ⏳ Waiting for new files...
[2025-12-05 20:20:41] ⏳ Waiting for new files...
[2025-12-05 20:20:44] ⏳ Waiting for new files...
[2025-12-05 20:20:47] ⏳ Waiting for new files...
[2025-12-05 20:20:48] ⏳ Waiting for new files...
[2025-12-05 20:20:49] ⏳ Waiting for new files...
[2025-12-05 20:20:51] ⏳ Waiting for new files...
[2025-12-05 20:20:52] ⏳ Waiting for new files...
[2025-12-05 20:20:55] ⏳ Waiting for new files...
[2025-12-05 20:20:58] ⏳ Waiting for new files...
[2025-12-05 20:20:59] ⏳ Waiting for new files...
[2025-12-05 20:21:00] ⏳ Waiting for new files...
[2025-12-05 20:21:02] ⏳ Waiting for new files...
[2025-12-05 20:21:03] ⏳ Waiting for new files...
[2025-12-05 20:21:06] ⏳ Waiting for new files...
[2025-12-05 20:21:09] ⏳ Waiting for new files...
[2025-12-05 20:21:10] ⏳ Waiting for new files...
[2025-12-05 20:21:11] ⏳ Waiting for new files...
[2025-12-05 20:21:13] ⏳ Waiting for new files...
[2025-12-05 20:21:14] ⏳ Waiting for new files...
[2025-12-05 20:21:17] ⏳ Waiting for new files...
[2025-12-05 20:21:20] ⏳ Waiting for new files...
[2025-12-05 20:21:21] ⏳ Waiting for new files...
[2025-12-05 20:21:22] ⏳ Waiting for new files...
[2025-12-05 20:21:24] ⏳ Waiting for new files...
[2025-12-05 20:21:25] ⏳ Waiting for new files...
[2025-12-05 20:21:28] ⏳ Waiting for new files...
[2025-12-05 20:21:31] ⏳ Waiting for new files...
[2025-12-05 20:21:32] ⏳ Waiting for new files...
[2025-12-05 20:21:34] ⏳ Waiting for new files...
[2025-12-05 20:21:35] ⏳ Waiting for new files...
[2025-12-05 20:21:36] ⏳ Waiting for new files...
[2025-12-05 20:21:39] ⏳ Waiting for new files...
[2025-12-05 20:21:42] ⏳ Waiting for new files...
[2025-12-05 20:21:43] ⏳ Waiting for new files...
[2025-12-05 20:21:45] ⏳ Waiting for new files...
[2025-12-05 20:21:46] ⏳ Waiting for new files...
[2025-12-05 20:21:47] ⏳ Waiting for new files...
[2025-12-05 20:21:50] ⏳ Waiting for new files...
[2025-12-05 20:21:53] ⏳ Waiting for new files...
[2025-12-05 20:21:54] ⏳ Waiting for new files...
[2025-12-05 20:21:56] ⏳ Waiting for new files...
[2025-12-05 20:21:57] ⏳ Waiting for new files...
[2025-12-05 20:21:58] ⏳ Waiting for new files...
[2025-12-05 20:22:01] ⏳ Waiting for new files...
[2025-12-05 20:22:04] ⏳ Waiting for new files...
[2025-12-05 20:22:05] ⏳ Waiting for new files...
[2025-12-05 20:22:07] ⏳ Waiting for new files...
[2025-12-05 20:22:08] ⏳ Waiting for new files...
[2025-12-05 20:22:09] ⏳ Waiting for new files...
[2025-12-05 20:22:12] ⏳ Waiting for new files...
[2025-12-05 20:22:16] ⏳ Waiting for new files...
[2025-12-05 20:22:16] ⏳ Waiting for new files...
[2025-12-05 20:22:18] ⏳ Waiting for new files...
[2025-12-05 20:22:19] ⏳ Waiting for new files...
[2025-12-05 20:22:20] ⏳ Waiting for new files...
[2025-12-05 20:22:23] ⏳ Waiting for new files...
[2025-12-05 20:22:27] ⏳ Waiting for new files...
[2025-12-05 20:22:27] ⏳ Waiting for new files...
[2025-12-05 20:22:29] ⏳ Waiting for new files...
[2025-12-05 20:22:30] ⏳ Waiting for new files...
[2025-12-05 20:22:31] ⏳ Waiting for new files...
[2025-12-05 20:22:34] ⏳ Waiting for new files...
[2025-12-05 20:22:38] ⏳ Waiting for new files...
[2025-12-05 20:22:38] ⏳ Waiting for new files...
[2025-12-05 20:22:40] ⏳ Waiting for new files...
[2025-12-05 20:22:41] ⏳ Waiting for new files...
[2025-12-05 20:22:42] ⏳ Waiting for new files...
[2025-12-05 20:22:45] ⏳ Waiting for new files...
[2025-12-05 20:22:49] ⏳ Waiting for new files...
[2025-12-05 20:22:49] ⏳ Waiting for new files...
[2025-12-05 20:22:51] ⏳ Waiting for new files...
[2025-12-05 20:22:52] ⏳ Waiting for new files...
[2025-12-05 20:22:53] ⏳ Waiting for new files...
[2025-12-05 20:22:56] ⏳ Waiting for new files...
[2025-12-05 20:23:00] ⏳ Waiting for new files...
[2025-12-05 20:23:00] ⏳ Waiting for new files...
[2025-12-05 20:23:02] ⏳ Waiting for new files...
[2025-12-05 20:23:03] ⏳ Waiting for new files...
[2025-12-05 20:23:04] ⏳ Waiting for new files...
[2025-12-05 20:23:07] ⏳ Waiting for new files...
[2025-12-05 20:23:11] ⏳ Waiting for new files...
[2025-12-05 20:23:12] ⏳ Waiting for new files...
[2025-12-05 20:23:13] ⏳ Waiting for new files...
[2025-12-05 20:23:14] ⏳ Waiting for new files...
[2025-12-05 20:23:15] ⏳ Waiting for new files...
[2025-12-05 20:23:18] ⏳ Waiting for new files...
[2025-12-05 20:23:22] ⏳ Waiting for new files...
[2025-12-05 20:23:23] ⏳ Waiting for new files...
[2025-12-05 20:23:24] ⏳ Waiting for new files...
[2025-12-05 20:23:25] ⏳ Waiting for new files...
[2025-12-05 20:23:26] ⏳ Waiting for new files...
[2025-12-05 20:23:29] ⏳ Waiting for new files...
[2025-12-05 20:23:33] ⏳ Waiting for new files...
[2025-12-05 20:23:34] ⏳ Waiting for new files...
[2025-12-05 20:23:35] ⏳ Waiting for new files...
[2025-12-05 20:23:36] ⏳ Waiting for new files...
[2025-12-05 20:23:37] ⏳ Waiting for new files...
[2025-12-05 20:23:40] ⏳ Waiting for new files...
[2025-12-05 20:23:44] ⏳ Waiting for new files...
[2025-12-05 20:23:45] ⏳ Waiting for new files...
[2025-12-05 20:23:46] ⏳ Waiting for new files...
[2025-12-05 20:23:47] ⏳ Waiting for new files...
[2025-12-05 20:23:48] ⏳ Waiting for new files...
[2025-12-05 20:23:51] ⏳ Waiting for new files...
[2025-12-05 20:23:55] ⏳ Waiting for new files...
[2025-12-05 20:23:56] ⏳ Waiting for new files...
[2025-12-05 20:23:57] ⏳ Waiting for new files...
[2025-12-05 20:23:58] ⏳ Waiting for new files...
[2025-12-05 20:23:59] ⏳ Waiting for new files...
[2025-12-05 20:24:02] ⏳ Waiting for new files...
[2025-12-05 20:24:06] ⏳ Waiting for new files...
[2025-12-05 20:24:07] ⏳ Waiting for new files...
[2025-12-05 20:24:08] ⏳ Waiting for new files...
[2025-12-05 20:24:09] ⏳ Waiting for new files...
[2025-12-05 20:24:10] ⏳ Waiting for new files...
[2025-12-05 20:24:13] ⏳ Waiting for new files...
[2025-12-05 20:24:17] ⏳ Waiting for new files...
[2025-12-05 20:24:18] ⏳ Waiting for new files...
[2025-12-05 20:24:19] ⏳ Waiting for new files...
[2025-12-05 20:24:20] ⏳ Waiting for new files...
[2025-12-05 20:24:21] ⏳ Waiting for new files...
[2025-12-05 20:24:24] ⏳ Waiting for new files...
[2025-12-05 20:24:28] ⏳ Waiting for new files...
[2025-12-05 20:24:29] ⏳ Waiting for new files...
[2025-12-05 20:24:30] ⏳ Waiting for new files...
[2025-12-05 20:24:31] ⏳ Waiting for new files...
[2025-12-05 20:24:32] ⏳ Waiting for new files...
[2025-12-05 20:24:36] ⏳ Waiting for new files...
[2025-12-05 20:24:39] ⏳ Waiting for new files...
[2025-12-05 20:24:40] ⏳ Waiting for new files...
[2025-12-05 20:24:41] ⏳ Waiting for new files...
[2025-12-05 20:24:43] ⏳ Waiting for new files...
[2025-12-05 20:24:44] ⏳ Waiting for new files...
[2025-12-05 20:24:47] ⏳ Waiting for new files...
[2025-12-05 20:24:50] ⏳ Waiting for new files...
[2025-12-05 20:24:51] ⏳ Waiting for new files...
[2025-12-05 20:24:52] ⏳ Waiting for new files...
[2025-12-05 20:24:54] ⏳ Waiting for new files...
[2025-12-05 20:24:55] ⏳ Waiting for new files...
[2025-12-05 20:24:58] ⏳ Waiting for new files...
[2025-12-05 20:25:01] ⏳ Waiting for new files...
[2025-12-05 20:25:02] ⏳ Waiting for new files...
[2025-12-05 20:25:03] ⏳ Waiting for new files...
[2025-12-05 20:25:05] ⏳ Waiting for new files...
[2025-12-05 20:25:06] ⏳ Waiting for new files...
[2025-12-05 20:25:09] ⏳ Waiting for new files...
[2025-12-05 20:25:12] ⏳ Waiting for new files...
[2025-12-05 20:25:13] ⏳ Waiting for new files...
[2025-12-05 20:25:14] ⏳ Waiting for new files...
[2025-12-05 20:25:16] ⏳ Waiting for new files...
[2025-12-05 20:25:17] ⏳ Waiting for new files...
[2025-12-05 20:25:20] ⏳ Waiting for new files...
[2025-12-05 20:25:23] ⏳ Waiting for new files...
[2025-12-05 20:25:24] ⏳ Waiting for new files...
[2025-12-05 20:25:25] ⏳ Waiting for new files...
[2025-12-05 20:25:27] ⏳ Waiting for new files...
[2025-12-05 20:25:28] ⏳ Waiting for new files...
[2025-12-05 20:25:31] ⏳ Waiting for new files...
[2025-12-05 20:25:34] ⏳ Waiting for new files...
[2025-12-05 20:25:35] ⏳ Waiting for new files...
[2025-12-05 20:25:36] ⏳ Waiting for new files...
[2025-12-05 20:25:38] ⏳ Waiting for new files...
[2025-12-05 20:25:39] ⏳ Waiting for new files...
[2025-12-05 20:25:42] ⏳ Waiting for new files...
[2025-12-05 20:25:45] ⏳ Waiting for new files...
[2025-12-05 20:25:46] ⏳ Waiting for new files...
[2025-12-05 20:25:47] ⏳ Waiting for new files...
[2025-12-05 20:25:49] ⏳ Waiting for new files...
[2025-12-05 20:25:50] ⏳ Waiting for new files...
[2025-12-05 20:25:53] ⏳ Waiting for new files...
[2025-12-05 20:25:56] ⏳ Waiting for new files...
[2025-12-05 20:25:57] ⏳ Waiting for new files...
[2025-12-05 20:25:58] ⏳ Waiting for new files...
[2025-12-05 20:26:00] ⏳ Waiting for new files...
[2025-12-05 20:26:01] ⏳ Waiting for new files...
[2025-12-05 20:26:04] ⏳ Waiting for new files...
[2025-12-05 20:26:07] ⏳ Waiting for new files...
[2025-12-05 20:26:08] ⏳ Waiting for new files...
[2025-12-05 20:26:09] ⏳ Waiting for new files...
[2025-12-05 20:26:11] ⏳ Waiting for new files...
[2025-12-05 20:26:12] ⏳ Waiting for new files...
[2025-12-05 20:26:15] ⏳ Waiting for new files...
[2025-12-05 20:26:18] ⏳ Waiting for new files...
[2025-12-05 20:26:19] ⏳ Waiting for new files...
[2025-12-05 20:26:20] ⏳ Waiting for new files...
[2025-12-05 20:26:22] ⏳ Waiting for new files...
[2025-12-05 20:26:23] ⏳ Waiting for new files...
[2025-12-05 20:26:26] ⏳ Waiting for new files...
[2025-12-05 20:26:29] ⏳ Waiting for new files...
[2025-12-05 20:26:30] ⏳ Waiting for new files...
[2025-12-05 20:26:31] ⏳ Waiting for new files...
[2025-12-05 20:26:33] ⏳ Waiting for new files...
[2025-12-05 20:26:34] ⏳ Waiting for new files...
[2025-12-05 20:26:37] ⏳ Waiting for new files...
[2025-12-05 20:26:40] ⏳ Waiting for new files...
[2025-12-05 20:26:41] ⏳ Waiting for new files...
[2025-12-05 20:26:42] ⏳ Waiting for new files...
[2025-12-05 20:26:44] ⏳ Waiting for new files...
[2025-12-05 20:26:45] ⏳ Waiting for new files...
[2025-12-05 20:26:48] ⏳ Waiting for new files...
[2025-12-05 20:26:51] ⏳ Waiting for new files...
[2025-12-05 20:26:52] ⏳ Waiting for new files...
[2025-12-05 20:26:53] ⏳ Waiting for new files...
[2025-12-05 20:26:55] ⏳ Waiting for new files...
[2025-12-05 20:26:56] ⏳ Waiting for new files...
[2025-12-05 20:26:59] ⏳ Waiting for new files...
[2025-12-05 20:27:02] ⏳ Waiting for new files...
[2025-12-05 20:27:03] ⏳ Waiting for new files...
[2025-12-05 20:27:04] ⏳ Waiting for new files...
[2025-12-05 20:27:06] ⏳ Waiting for new files...
[2025-12-05 20:27:07] ⏳ Waiting for new files...
[2025-12-05 20:27:10] ⏳ Waiting for new files...
[2025-12-05 20:27:13] ⏳ Waiting for new files...
[2025-12-05 20:27:14] ⏳ Waiting for new files...
[2025-12-05 20:27:15] ⏳ Waiting for new files...
[2025-12-05 20:27:17] ⏳ Waiting for new files...
[2025-12-05 20:27:18] ⏳ Waiting for new files...
[2025-12-05 20:27:21] ⏳ Waiting for new files...
[2025-12-05 20:27:24] ⏳ Waiting for new files...
[2025-12-05 20:27:25] ⏳ Waiting for new files...
[2025-12-05 20:27:26] ⏳ Waiting for new files...
[2025-12-05 20:27:28] ⏳ Waiting for new files...
[2025-12-05 20:27:29] ⏳ Waiting for new files...
[2025-12-05 20:27:32] ⏳ Waiting for new files...
[2025-12-05 20:27:35] ⏳ Waiting for new files...
[2025-12-05 20:27:36] ⏳ Waiting for new files...
[2025-12-05 20:27:37] ⏳ Waiting for new files...
[2025-12-05 20:27:39] ⏳ Waiting for new files...
[2025-12-05 20:27:40] ⏳ Waiting for new files...
[2025-12-05 20:27:43] ⏳ Waiting for new files...
[2025-12-05 20:27:46] ⏳ Waiting for new files...
[2025-12-05 20:27:47] ⏳ Waiting for new files...
[2025-12-05 20:27:48] ⏳ Waiting for new files...
[2025-12-05 20:27:50] ⏳ Waiting for new files...
[2025-12-05 20:27:51] ⏳ Waiting for new files...
[2025-12-05 20:27:54] ⏳ Waiting for new files...
[2025-12-05 20:27:57] ⏳ Waiting for new files...
[2025-12-05 20:27:58] ⏳ Waiting for new files...
[2025-12-05 20:27:59] ⏳ Waiting for new files...
[2025-12-05 20:28:01] ⏳ Waiting for new files...
[2025-12-05 20:28:02] ⏳ Waiting for new files...
[2025-12-05 20:28:05] ⏳ Waiting for new files...
[2025-12-05 20:28:08] ⏳ Waiting for new files...
[2025-12-05 20:28:09] ⏳ Waiting for new files...
[2025-12-05 20:28:11] ⏳ Waiting for new files...
[2025-12-05 20:28:12] ⏳ Waiting for new files...
[2025-12-05 20:28:13] ⏳ Waiting for new files...
[2025-12-05 20:28:16] ⏳ Waiting for new files...
[2025-12-05 20:28:19] ⏳ Waiting for new files...
[2025-12-05 20:28:20] ⏳ Waiting for new files...
[2025-12-05 20:28:22] ⏳ Waiting for new files...
[2025-12-05 20:28:23] ⏳ Waiting for new files...
[2025-12-05 20:28:24] ⏳ Waiting for new files...
[2025-12-05 20:28:27] ⏳ Waiting for new files...
[2025-12-05 20:28:31] ⏳ Waiting for new files...
[2025-12-05 20:28:31] ⏳ Waiting for new files...
[2025-12-05 20:28:33] ⏳ Waiting for new files...
[2025-12-05 20:28:34] ⏳ Waiting for new files...
[2025-12-05 20:28:35] ⏳ Waiting for new files...
[2025-12-05 20:28:38] ⏳ Waiting for new files...
[2025-12-05 20:28:42] ⏳ Waiting for new files...
[2025-12-05 20:28:42] ⏳ Waiting for new files...
[2025-12-05 20:28:44] ⏳ Waiting for new files...
[2025-12-05 20:28:45] ⏳ Waiting for new files...
[2025-12-05 20:28:46] ⏳ Waiting for new files...
[2025-12-05 20:28:49] ⏳ Waiting for new files...
[2025-12-05 20:28:53] ⏳ Waiting for new files...
[2025-12-05 20:28:54] ⏳ Waiting for new files...
[2025-12-05 20:28:55] ⏳ Waiting for new files...
[2025-12-05 20:28:56] ⏳ Waiting for new files...
[2025-12-05 20:28:57] ⏳ Waiting for new files...
[2025-12-05 20:29:00] ⏳ Waiting for new files...
[2025-12-05 20:29:04] ⏳ Waiting for new files...
[2025-12-05 20:29:05] ⏳ Waiting for new files...
[2025-12-05 20:29:06] ⏳ Waiting for new files...
[2025-12-05 20:29:07] ⏳ Waiting for new files...
[2025-12-05 20:29:08] ⏳ Waiting for new files...
[2025-12-05 20:29:11] ⏳ Waiting for new files...
[2025-12-05 20:29:15] ⏳ Waiting for new files...
[2025-12-05 20:29:16] ⏳ Waiting for new files...
[2025-12-05 20:29:17] ⏳ Waiting for new files...
[2025-12-05 20:29:18] ⏳ Waiting for new files...
[2025-12-05 20:29:19] ⏳ Waiting for new files...
[2025-12-05 20:29:22] ⏳ Waiting for new files...
[2025-12-05 20:29:26] ⏳ Waiting for new files...
[2025-12-05 20:29:27] ⏳ Waiting for new files...
[2025-12-05 20:29:28] ⏳ Waiting for new files...
[2025-12-05 20:29:29] ⏳ Waiting for new files...
[2025-12-05 20:29:30] ⏳ Waiting for new files...
[2025-12-05 20:29:33] ⏳ Waiting for new files...
[2025-12-05 20:29:37] ⏳ Waiting for new files...
[2025-12-05 20:29:38] ⏳ Waiting for new files...
[2025-12-05 20:29:39] ⏳ Waiting for new files...
[2025-12-05 20:29:40] ⏳ Waiting for new files...
[2025-12-05 20:29:41] ⏳ Waiting for new files...
[2025-12-05 20:29:44] ⏳ Waiting for new files...
[2025-12-05 20:29:48] ⏳ Waiting for new files...
[2025-12-05 20:29:49] ⏳ Waiting for new files...
[2025-12-05 20:29:50] ⏳ Waiting for new files...
[2025-12-05 20:29:51] ⏳ Waiting for new files...
[2025-12-05 20:29:52] ⏳ Waiting for new files...
[2025-12-05 20:29:55] ⏳ Waiting for new files...
[2025-12-05 20:29:59] ⏳ Waiting for new files...
[2025-12-05 20:30:00] ⏳ Waiting for new files...
[2025-12-05 20:30:01] ⏳ Waiting for new files...
[2025-12-05 20:30:02] ⏳ Waiting for new files...
[2025-12-05 20:30:03] ⏳ Waiting for new files...
[2025-12-05 20:30:06] ⏳ Waiting for new files...
[2025-12-05 20:30:10] ⏳ Waiting for new files...
[2025-12-05 20:30:11] ⏳ Waiting for new files...
[2025-12-05 20:30:12] ⏳ Waiting for new files...
[2025-12-05 20:30:14] ⏳ Waiting for new files...
[2025-12-05 20:30:14] ⏳ Waiting for new files...
[2025-12-05 20:30:17] ⏳ Waiting for new files...
[2025-12-05 20:30:21] ⏳ Waiting for new files...
[2025-12-05 20:30:22] ⏳ Waiting for new files...
[2025-12-05 20:30:23] ⏳ Waiting for new files...
[2025-12-05 20:30:25] ⏳ Waiting for new files...
[2025-12-05 20:30:25] ⏳ Waiting for new files...
[2025-12-05 20:30:28] ⏳ Waiting for new files...
[2025-12-05 20:30:32] ⏳ Waiting for new files...
[2025-12-05 20:30:33] ⏳ Waiting for new files...
[2025-12-05 20:30:34] ⏳ Waiting for new files...
[2025-12-05 20:30:36] ⏳ Waiting for new files...
[2025-12-05 20:30:36] ⏳ Waiting for new files...
[2025-12-05 20:30:39] ⏳ Waiting for new files...
[2025-12-05 20:30:43] ⏳ Waiting for new files...
[2025-12-05 20:30:44] ⏳ Waiting for new files...
[2025-12-05 20:30:45] ⏳ Waiting for new files...
[2025-12-05 20:30:47] ⏳ Waiting for new files...
[2025-12-05 20:30:47] ⏳ Waiting for new files...
[2025-12-05 20:30:50] ⏳ Waiting for new files...
[2025-12-05 20:30:54] ⏳ Waiting for new files...
[2025-12-05 20:30:55] ⏳ Waiting for new files...
[2025-12-05 20:30:56] ⏳ Waiting for new files...
[2025-12-05 20:30:58] ⏳ Waiting for new files...
[2025-12-05 20:30:58] ⏳ Waiting for new files...
[2025-12-05 20:31:02] ⏳ Waiting for new files...
[2025-12-05 20:31:05] ⏳ Waiting for new files...
[2025-12-05 20:31:06] ⏳ Waiting for new files...
[2025-12-05 20:31:07] ⏳ Waiting for new files...
[2025-12-05 20:31:09] ⏳ Waiting for new files...
[2025-12-05 20:31:10] ⏳ Waiting for new files...
[2025-12-05 20:31:13] ⏳ Waiting for new files...
[2025-12-05 20:31:16] ⏳ Waiting for new files...
[2025-12-05 20:31:17] ⏳ Waiting for new files...
[2025-12-05 20:31:18] ⏳ Waiting for new files...
[2025-12-05 20:31:20] ⏳ Waiting for new files...
[2025-12-05 20:31:21] ⏳ Waiting for new files...
[2025-12-05 20:31:24] ⏳ Waiting for new files...
[2025-12-05 20:31:27] ⏳ Waiting for new files...
[2025-12-05 20:31:28] ⏳ Waiting for new files...
[2025-12-05 20:31:29] ⏳ Waiting for new files...
[2025-12-05 20:31:31] ⏳ Waiting for new files...
[2025-12-05 20:31:32] ⏳ Waiting for new files...
[2025-12-05 20:31:35] ⏳ Waiting for new files...
[2025-12-05 20:31:38] ⏳ Waiting for new files...
[2025-12-05 20:31:39] ⏳ Waiting for new files...
[2025-12-05 20:31:40] ⏳ Waiting for new files...
[2025-12-05 20:31:42] ⏳ Waiting for new files...
[2025-12-05 20:31:43] ⏳ Waiting for new files...
[2025-12-05 20:31:46] ⏳ Waiting for new files...
[2025-12-05 20:31:49] ⏳ Waiting for new files...
[2025-12-05 20:31:50] ⏳ Waiting for new files...
[2025-12-05 20:31:51] ⏳ Waiting for new files...
[2025-12-05 20:31:53] ⏳ Waiting for new files...
[2025-12-05 20:31:54] ⏳ Waiting for new files...
[2025-12-05 20:31:57] ⏳ Waiting for new files...
[2025-12-05 20:32:00] ⏳ Waiting for new files...
[2025-12-05 20:32:01] ⏳ Waiting for new files...
[2025-12-05 20:32:02] ⏳ Waiting for new files...
[2025-12-05 20:32:04] ⏳ Waiting for new files...
[2025-12-05 20:32:05] ⏳ Waiting for new files...
[2025-12-05 20:32:08] ⏳ Waiting for new files...
[2025-12-05 20:32:11] ⏳ Waiting for new files...
[2025-12-05 20:32:12] ⏳ Waiting for new files...
[2025-12-05 20:32:13] ⏳ Waiting for new files...
[2025-12-05 20:32:15] ⏳ Waiting for new files...
[2025-12-05 20:32:16] ⏳ Waiting for new files...
[2025-12-05 20:32:19] ⏳ Waiting for new files...
[2025-12-05 20:32:22] ⏳ Waiting for new files...
[2025-12-05 20:32:23] ⏳ Waiting for new files...
[2025-12-05 20:32:24] ⏳ Waiting for new files...
[2025-12-05 20:32:26] ⏳ Waiting for new files...
[2025-12-05 20:32:27] ⏳ Waiting for new files...
[2025-12-05 20:32:30] ⏳ Waiting for new files...
[2025-12-05 20:32:33] ⏳ Waiting for new files...
[2025-12-05 20:32:34] ⏳ Waiting for new files...
[2025-12-05 20:32:35] ⏳ Waiting for new files...
[2025-12-05 20:32:37] ⏳ Waiting for new files...
[2025-12-05 20:32:38] ⏳ Waiting for new files...
[2025-12-05 20:32:41] ⏳ Waiting for new files...
[2025-12-05 20:32:44] ⏳ Waiting for new files...
[2025-12-05 20:32:45] ⏳ Waiting for new files...
[2025-12-05 20:32:46] ⏳ Waiting for new files...
[2025-12-05 20:32:48] ⏳ Waiting for new files...
[2025-12-05 20:32:49] ⏳ Waiting for new files...
[2025-12-05 20:32:52] ⏳ Waiting for new files...
[2025-12-05 20:32:55] ⏳ Waiting for new files...
[2025-12-05 20:32:56] ⏳ Waiting for new files...
[2025-12-05 20:32:57] ⏳ Waiting for new files...
[2025-12-05 20:32:59] ⏳ Waiting for new files...
[2025-12-05 20:33:00] ⏳ Waiting for new files...
[2025-12-05 20:33:03] ⏳ Waiting for new files...
[2025-12-05 20:33:06] ⏳ Waiting for new files...
[2025-12-05 20:33:07] ⏳ Waiting for new files...
[2025-12-05 20:33:08] ⏳ Waiting for new files...
[2025-12-05 20:33:10] ⏳ Waiting for new files...
[2025-12-05 20:33:11] ⏳ Waiting for new files...
[2025-12-05 20:33:14] ⏳ Waiting for new files...
[2025-12-05 20:33:17] ⏳ Waiting for new files...
[2025-12-05 20:33:18] ⏳ Waiting for new files...
[2025-12-05 20:33:19] ⏳ Waiting for new files...
[2025-12-05 20:33:21] ⏳ Waiting for new files...
[2025-12-05 20:33:22] ⏳ Waiting for new files...
[2025-12-05 20:33:25] ⏳ Waiting for new files...
[2025-12-05 20:33:28] ⏳ Waiting for new files...
[2025-12-05 20:33:29] ⏳ Waiting for new files...
[2025-12-05 20:33:30] ⏳ Waiting for new files...
[2025-12-05 20:33:32] ⏳ Waiting for new files...
[2025-12-05 20:33:33] ⏳ Waiting for new files...
[2025-12-05 20:33:36] ⏳ Waiting for new files...
[2025-12-05 20:33:39] ⏳ Waiting for new files...
[2025-12-05 20:33:40] ⏳ Waiting for new files...
[2025-12-05 20:33:41] ⏳ Waiting for new files...
[2025-12-05 20:33:43] ⏳ Waiting for new files...
[2025-12-05 20:33:44] ⏳ Waiting for new files...
[2025-12-05 20:33:47] ⏳ Waiting for new files...
[2025-12-05 20:33:50] ⏳ Waiting for new files...
[2025-12-05 20:33:52] ⏳ Waiting for new files...
[2025-12-05 20:33:53] ⏳ Waiting for new files...
[2025-12-05 20:33:54] ⏳ Waiting for new files...
[2025-12-05 20:33:55] ⏳ Waiting for new files...
[2025-12-05 20:33:58] ⏳ Waiting for new files...
[2025-12-05 20:34:01] ⏳ Waiting for new files...
[2025-12-05 20:34:03] ⏳ Waiting for new files...
[2025-12-05 20:34:04] ⏳ Waiting for new files...
[2025-12-05 20:34:05] ⏳ Waiting for new files...
[2025-12-05 20:34:06] ⏳ Waiting for new files...
[2025-12-05 20:34:09] ⏳ Waiting for new files...
[2025-12-05 20:34:12] ⏳ Waiting for new files...
[2025-12-05 20:34:14] ⏳ Waiting for new files...
[2025-12-05 20:34:15] ⏳ Waiting for new files...
[2025-12-05 20:34:16] ⏳ Waiting for new files...
[2025-12-05 20:34:17] ⏳ Waiting for new files...
[2025-12-05 20:34:20] ⏳ Waiting for new files...
[2025-12-05 20:34:23] ⏳ Waiting for new files...
[2025-12-05 20:34:25] ⏳ Waiting for new files...
[2025-12-05 20:34:26] ⏳ Waiting for new files...
[2025-12-05 20:34:27] ⏳ Waiting for new files...
[2025-12-05 20:34:28] ⏳ Waiting for new files...
[2025-12-05 20:34:31] ⏳ Waiting for new files...
[2025-12-05 20:34:34] ⏳ Waiting for new files...
[2025-12-05 20:34:36] ⏳ Waiting for new files...
[2025-12-05 20:34:37] ⏳ Waiting for new files...
[2025-12-05 20:34:38] ⏳ Waiting for new files...
[2025-12-05 20:34:39] ⏳ Waiting for new files...
[2025-12-05 20:34:42] ⏳ Waiting for new files...
[2025-12-05 20:34:46] ⏳ Waiting for new files...
[2025-12-05 20:34:47] ⏳ Waiting for new files...
[2025-12-05 20:34:48] ⏳ Waiting for new files...
[2025-12-05 20:34:49] ⏳ Waiting for new files...
[2025-12-05 20:34:50] ⏳ Waiting for new files...
[2025-12-05 20:34:53] ⏳ Waiting for new files...
[2025-12-05 20:34:57] ⏳ Waiting for new files...
[2025-12-05 20:34:58] ⏳ Waiting for new files...
[2025-12-05 20:34:59] ⏳ Waiting for new files...
[2025-12-05 20:35:00] ⏳ Waiting for new files...
[2025-12-05 20:35:01] ⏳ Waiting for new files...
[2025-12-05 20:35:04] ⏳ Waiting for new files...
[2025-12-05 20:35:08] ⏳ Waiting for new files...
[2025-12-05 20:35:09] ⏳ Waiting for new files...
[2025-12-05 20:35:10] ⏳ Waiting for new files...
[2025-12-05 20:35:11] ⏳ Waiting for new files...
[2025-12-05 20:35:12] ⏳ Waiting for new files...
[2025-12-05 20:35:15] ⏳ Waiting for new files...
[2025-12-05 20:35:19] ⏳ Waiting for new files...
[2025-12-05 20:35:20] ⏳ Waiting for new files...
[2025-12-05 20:35:21] ⏳ Waiting for new files...
[2025-12-05 20:35:22] ⏳ Waiting for new files...
[2025-12-05 20:35:23] ⏳ Waiting for new files...
[2025-12-05 20:35:26] ⏳ Waiting for new files...
[2025-12-05 20:35:30] ⏳ Waiting for new files...
[2025-12-05 20:35:31] ⏳ Waiting for new files...
[2025-12-05 20:35:32] ⏳ Waiting for new files...
[2025-12-05 20:35:33] ⏳ Waiting for new files...
[2025-12-05 20:35:34] ⏳ Waiting for new files...
[2025-12-05 20:35:37] ⏳ Waiting for new files...
[2025-12-05 20:35:41] ⏳ Waiting for new files...
[2025-12-05 20:35:42] ⏳ Waiting for new files...
[2025-12-05 20:35:43] ⏳ Waiting for new files...
[2025-12-05 20:35:44] ⏳ Waiting for new files...
[2025-12-05 20:35:45] ⏳ Waiting for new files...
[2025-12-05 20:35:48] ⏳ Waiting for new files...
[2025-12-05 20:35:52] ⏳ Waiting for new files...
[2025-12-05 20:35:53] ⏳ Waiting for new files...
[2025-12-05 20:35:54] ⏳ Waiting for new files...
[2025-12-05 20:35:56] ⏳ Waiting for new files...
[2025-12-05 20:35:56] ⏳ Waiting for new files...
[2025-12-05 20:35:59] ⏳ Waiting for new files...
[2025-12-05 20:36:03] ⏳ Waiting for new files...
[2025-12-05 20:36:04] ⏳ Waiting for new files...
[2025-12-05 20:36:05] ⏳ Waiting for new files...
[2025-12-05 20:36:07] ⏳ Waiting for new files...
[2025-12-05 20:36:07] ⏳ Waiting for new files...
[2025-12-05 20:36:10] ⏳ Waiting for new files...
[2025-12-05 20:36:14] ⏳ Waiting for new files...
[2025-12-05 20:36:15] ⏳ Waiting for new files...
[2025-12-05 20:36:16] ⏳ Waiting for new files...
[2025-12-05 20:36:18] ⏳ Waiting for new files...
[2025-12-05 20:36:18] ⏳ Waiting for new files...
[2025-12-05 20:36:21] ⏳ Waiting for new files...
[2025-12-05 20:36:25] ⏳ Waiting for new files...
[2025-12-05 20:36:26] ⏳ Waiting for new files...
[2025-12-05 20:36:27] ⏳ Waiting for new files...
[2025-12-05 20:36:29] ⏳ Waiting for new files...
[2025-12-05 20:36:29] ⏳ Waiting for new files...
[2025-12-05 20:36:32] ⏳ Waiting for new files...
[2025-12-05 20:36:36] ⏳ Waiting for new files...
[2025-12-05 20:36:37] ⏳ Waiting for new files...
[2025-12-05 20:36:38] ⏳ Waiting for new files...
[2025-12-05 20:36:40] ⏳ Waiting for new files...
[2025-12-05 20:36:40] ⏳ Waiting for new files...
[2025-12-05 20:36:44] ⏳ Waiting for new files...
[2025-12-05 20:36:47] ⏳ Waiting for new files...
[2025-12-05 20:36:48] ⏳ Waiting for new files...
[2025-12-05 20:36:49] ⏳ Waiting for new files...
[2025-12-05 20:36:51] ⏳ Waiting for new files...
[2025-12-05 20:36:51] ⏳ Waiting for new files...
[2025-12-05 20:36:55] ⏳ Waiting for new files...
[2025-12-05 20:36:58] ⏳ Waiting for new files...
[2025-12-05 20:36:59] ⏳ Waiting for new files...
[2025-12-05 20:37:00] ⏳ Waiting for new files...
[2025-12-05 20:37:02] ⏳ Waiting for new files...
[2025-12-05 20:37:02] ⏳ Waiting for new files...
[2025-12-05 20:37:06] ⏳ Waiting for new files...
[2025-12-05 20:37:09] ⏳ Waiting for new files...
[2025-12-05 20:37:10] ⏳ Waiting for new files...
[2025-12-05 20:37:11] ⏳ Waiting for new files...
[2025-12-05 20:37:13] ⏳ Waiting for new files...
[2025-12-05 20:37:14] ⏳ Waiting for new files...
[2025-12-05 20:37:17] ⏳ Waiting for new files...
[2025-12-05 20:37:20] ⏳ Waiting for new files...
[2025-12-05 20:37:21] ⏳ Waiting for new files...
[2025-12-05 20:37:22] ⏳ Waiting for new files...
[2025-12-05 20:37:24] ⏳ Waiting for new files...
[2025-12-05 20:37:25] ⏳ Waiting for new files...
[2025-12-05 20:37:28] ⏳ Waiting for new files...
[2025-12-05 20:37:31] ⏳ Waiting for new files...
[2025-12-05 20:37:32] ⏳ Waiting for new files...
[2025-12-05 20:37:33] ⏳ Waiting for new files...
[2025-12-05 20:37:35] ⏳ Waiting for new files...
[2025-12-05 20:37:36] ⏳ Waiting for new files...
[2025-12-05 20:37:39] ⏳ Waiting for new files...
[2025-12-05 20:37:42] ⏳ Waiting for new files...
[2025-12-05 20:37:43] ⏳ Waiting for new files...
[2025-12-05 20:37:44] ⏳ Waiting for new files...
[2025-12-05 20:37:46] ⏳ Waiting for new files...
[2025-12-05 20:37:47] ⏳ Waiting for new files...
[2025-12-05 20:37:50] ⏳ Waiting for new files...
[2025-12-05 20:37:53] ⏳ Waiting for new files...
[2025-12-05 20:37:54] ⏳ Waiting for new files...
[2025-12-05 20:37:55] ⏳ Waiting for new files...
[2025-12-05 20:37:57] ⏳ Waiting for new files...
[2025-12-05 20:37:58] ⏳ Waiting for new files...
[2025-12-05 20:38:01] ⏳ Waiting for new files...
[2025-12-05 20:38:04] ⏳ Waiting for new files...
[2025-12-05 20:38:05] ⏳ Waiting for new files...
[2025-12-05 20:38:06] ⏳ Waiting for new files...
[2025-12-05 20:38:08] ⏳ Waiting for new files...
[2025-12-05 20:38:09] ⏳ Waiting for new files...
[2025-12-05 20:38:12] ⏳ Waiting for new files...
[2025-12-05 20:38:15] ⏳ Waiting for new files...
[2025-12-05 20:38:16] ⏳ Waiting for new files...
[2025-12-05 20:38:17] ⏳ Waiting for new files...
[2025-12-05 20:38:19] ⏳ Waiting for new files...
[2025-12-05 20:38:20] ⏳ Waiting for new files...
[2025-12-05 20:38:23] ⏳ Waiting for new files...
[2025-12-05 20:38:26] ⏳ Waiting for new files...
[2025-12-05 20:38:27] ⏳ Waiting for new files...
[2025-12-05 20:38:28] ⏳ Waiting for new files...
[2025-12-05 20:38:30] ⏳ Waiting for new files...
[2025-12-05 20:38:31] ⏳ Waiting for new files...
[2025-12-05 20:38:34] ⏳ Waiting for new files...
[2025-12-05 20:38:37] ⏳ Waiting for new files...
[2025-12-05 20:38:38] ⏳ Waiting for new files...
[2025-12-05 20:38:39] ⏳ Waiting for new files...
[2025-12-05 20:38:41] ⏳ Waiting for new files...
[2025-12-05 20:38:42] ⏳ Waiting for new files...
[2025-12-05 20:38:45] ⏳ Waiting for new files...
[2025-12-05 20:38:48] ⏳ Waiting for new files...
[2025-12-05 20:38:49] ⏳ Waiting for new files...
[2025-12-05 20:38:50] ⏳ Waiting for new files...
[2025-12-05 20:38:52] ⏳ Waiting for new files...
[2025-12-05 20:38:53] ⏳ Waiting for new files...
[2025-12-05 20:38:56] ⏳ Waiting for new files...
[2025-12-05 20:38:59] ⏳ Waiting for new files...
[2025-12-05 20:39:00] ⏳ Waiting for new files...
[2025-12-05 20:39:01] ⏳ Waiting for new files...
[2025-12-05 20:39:03] ⏳ Waiting for new files...
[2025-12-05 20:39:04] ⏳ Waiting for new files...
[2025-12-05 20:39:07] ⏳ Waiting for new files...
[2025-12-05 20:39:10] ⏳ Waiting for new files...
[2025-12-05 20:39:11] ⏳ Waiting for new files...
[2025-12-05 20:39:12] ⏳ Waiting for new files...
[2025-12-05 20:39:14] ⏳ Waiting for new files...
[2025-12-05 20:39:15] ⏳ Waiting for new files...
[2025-12-05 20:39:18] ⏳ Waiting for new files...
[2025-12-05 20:39:21] ⏳ Waiting for new files...
[2025-12-05 20:39:22] ⏳ Waiting for new files...
[2025-12-05 20:39:23] ⏳ Waiting for new files...
[2025-12-05 20:39:25] ⏳ Waiting for new files...
[2025-12-05 20:39:26] ⏳ Waiting for new files...
[2025-12-05 20:39:29] ⏳ Waiting for new files...
[2025-12-05 20:39:32] ⏳ Waiting for new files...
[2025-12-05 20:39:34] ⏳ Waiting for new files...
[2025-12-05 20:39:34] ⏳ Waiting for new files...
[2025-12-05 20:39:36] ⏳ Waiting for new files...
[2025-12-05 20:39:37] ⏳ Waiting for new files...
[2025-12-05 20:39:40] ⏳ Waiting for new files...
[2025-12-05 20:39:43] ⏳ Waiting for new files...
[2025-12-05 20:39:45] ⏳ Waiting for new files...
[2025-12-05 20:39:45] ⏳ Waiting for new files...
[2025-12-05 20:39:47] ⏳ Waiting for new files...
[2025-12-05 20:39:48] ⏳ Waiting for new files...
[2025-12-05 20:39:51] ⏳ Waiting for new files...
[2025-12-05 20:39:54] ⏳ Waiting for new files...
[2025-12-05 20:39:56] ⏳ Waiting for new files...
[2025-12-05 20:39:56] ⏳ Waiting for new files...
[2025-12-05 20:39:58] ⏳ Waiting for new files...
[2025-12-05 20:39:59] ⏳ Waiting for new files...
[2025-12-05 20:40:02] ⏳ Waiting for new files...
[2025-12-05 20:40:05] ⏳ Waiting for new files...
[2025-12-05 20:40:07] ⏳ Waiting for new files...
[2025-12-05 20:40:07] ⏳ Waiting for new files...
[2025-12-05 20:40:09] ⏳ Waiting for new files...
[2025-12-05 20:40:10] ⏳ Waiting for new files...
[2025-12-05 20:40:13] ⏳ Waiting for new files...
[2025-12-05 20:40:16] ⏳ Waiting for new files...
[2025-12-05 20:40:18] ⏳ Waiting for new files...
[2025-12-05 20:40:19] ⏳ Waiting for new files...
[2025-12-05 20:40:20] ⏳ Waiting for new files...
[2025-12-05 20:40:21] ⏳ Waiting for new files...
[2025-12-05 20:40:24] ⏳ Waiting for new files...
[2025-12-05 20:40:27] ⏳ Waiting for new files...
[2025-12-05 20:40:29] ⏳ Waiting for new files...
[2025-12-05 20:40:30] ⏳ Waiting for new files...
[2025-12-05 20:40:31] ⏳ Waiting for new files...
[2025-12-05 20:40:32] ⏳ Waiting for new files...
[2025-12-05 20:40:35] ⏳ Waiting for new files...
[2025-12-05 20:40:39] ⏳ Waiting for new files...
[2025-12-05 20:40:40] ⏳ Waiting for new files...
[2025-12-05 20:40:41] ⏳ Waiting for new files...
[2025-12-05 20:40:42] ⏳ Waiting for new files...
[2025-12-05 20:40:43] ⏳ Waiting for new files...
[2025-12-05 20:40:46] ⏳ Waiting for new files...
[2025-12-05 20:40:50] ⏳ Waiting for new files...
[2025-12-05 20:40:51] ⏳ Waiting for new files...
[2025-12-05 20:40:52] ⏳ Waiting for new files...
[2025-12-05 20:40:53] ⏳ Waiting for new files...
[2025-12-05 20:40:54] ⏳ Waiting for new files...
[2025-12-05 20:40:57] ⏳ Waiting for new files...
[2025-12-05 20:41:01] ⏳ Waiting for new files...
[2025-12-05 20:41:02] ⏳ Waiting for new files...
[2025-12-05 20:41:03] ⏳ Waiting for new files...
[2025-12-05 20:41:04] ⏳ Waiting for new files...
[2025-12-05 20:41:05] ⏳ Waiting for new files...
[2025-12-05 20:41:08] ⏳ Waiting for new files...
[2025-12-05 20:41:12] ⏳ Waiting for new files...
[2025-12-05 20:41:13] ⏳ Waiting for new files...
[2025-12-05 20:41:14] ⏳ Waiting for new files...
[2025-12-05 20:41:15] ⏳ Waiting for new files...
[2025-12-05 20:41:16] ⏳ Waiting for new files...
[2025-12-05 20:41:19] ⏳ Waiting for new files...
[2025-12-05 20:41:23] ⏳ Waiting for new files...
[2025-12-05 20:41:24] ⏳ Waiting for new files...
[2025-12-05 20:41:25] ⏳ Waiting for new files...
[2025-12-05 20:41:27] ⏳ Waiting for new files...
[2025-12-05 20:41:27] ⏳ Waiting for new files...
[2025-12-05 20:41:30] ⏳ Waiting for new files...
[2025-12-05 20:41:34] ⏳ Waiting for new files...
[2025-12-05 20:41:35] ⏳ Waiting for new files...
[2025-12-05 20:41:36] ⏳ Waiting for new files...
[2025-12-05 20:41:38] ⏳ Waiting for new files...
[2025-12-05 20:41:38] ⏳ Waiting for new files...
[2025-12-05 20:41:41] ⏳ Waiting for new files...
[2025-12-05 20:41:45] ⏳ Waiting for new files...
[2025-12-05 20:41:46] ⏳ Waiting for new files...
[2025-12-05 20:41:47] ⏳ Waiting for new files...
[2025-12-05 20:41:49] ⏳ Waiting for new files...
[2025-12-05 20:41:49] ⏳ Waiting for new files...
[2025-12-05 20:41:52] ⏳ Waiting for new files...
[2025-12-05 20:41:56] ⏳ Waiting for new files...
[2025-12-05 20:41:57] ⏳ Waiting for new files...
[2025-12-05 20:41:58] ⏳ Waiting for new files...
[2025-12-05 20:42:00] ⏳ Waiting for new files...
[2025-12-05 20:42:00] ⏳ Waiting for new files...
[2025-12-05 20:42:03] ⏳ Waiting for new files...
[2025-12-05 20:42:07] ⏳ Waiting for new files...
[2025-12-05 20:42:08] ⏳ Waiting for new files...
[2025-12-05 20:42:09] ⏳ Waiting for new files...
[2025-12-05 20:42:11] ⏳ Waiting for new files...
[2025-12-05 20:42:11] ⏳ Waiting for new files...
[2025-12-05 20:42:14] ⏳ Waiting for new files...
[2025-12-05 20:42:18] ⏳ Waiting for new files...
[2025-12-05 20:42:19] ⏳ Waiting for new files...
[2025-12-05 20:42:20] ⏳ Waiting for new files...
[2025-12-05 20:42:22] ⏳ Waiting for new files...
[2025-12-05 20:42:23] ⏳ Waiting for new files...
[2025-12-05 20:42:25] ⏳ Waiting for new files...
[2025-12-05 20:42:29] ⏳ Waiting for new files...
[2025-12-05 20:42:30] ⏳ Waiting for new files...
[2025-12-05 20:42:31] ⏳ Waiting for new files...
[2025-12-05 20:42:33] ⏳ Waiting for new files...
[2025-12-05 20:42:34] ⏳ Waiting for new files...
[2025-12-05 20:42:37] ⏳ Waiting for new files...
[2025-12-05 20:42:40] ⏳ Waiting for new files...
[2025-12-05 20:42:41] ⏳ Waiting for new files...
[2025-12-05 20:42:42] ⏳ Waiting for new files...
[2025-12-05 20:42:44] ⏳ Waiting for new files...
[2025-12-05 20:42:45] ⏳ Waiting for new files...
[2025-12-05 20:42:48] ⏳ Waiting for new files...
[2025-12-05 20:42:51] ⏳ Waiting for new files...
[2025-12-05 20:42:52] ⏳ Waiting for new files...
[2025-12-05 20:42:53] ⏳ Waiting for new files...
[2025-12-05 20:42:55] ⏳ Waiting for new files...
[2025-12-05 20:42:56] ⏳ Waiting for new files...
[2025-12-05 20:42:59] ⏳ Waiting for new files...
[2025-12-05 20:43:02] ⏳ Waiting for new files...
[2025-12-05 20:43:03] ⏳ Waiting for new files...
[2025-12-05 20:43:04] ⏳ Waiting for new files...
[2025-12-05 20:43:06] ⏳ Waiting for new files...
[2025-12-05 20:43:07] ⏳ Waiting for new files...
[2025-12-05 20:43:10] ⏳ Waiting for new files...
[2025-12-05 20:43:13] ⏳ Waiting for new files...
[2025-12-05 20:43:14] ⏳ Waiting for new files...
[2025-12-05 20:43:15] ⏳ Waiting for new files...
[2025-12-05 20:43:17] ⏳ Waiting for new files...
[2025-12-05 20:43:18] ⏳ Waiting for new files...
[2025-12-05 20:43:21] ⏳ Waiting for new files...
[2025-12-05 20:43:24] ⏳ Waiting for new files...
[2025-12-05 20:43:25] ⏳ Waiting for new files...
[2025-12-05 20:43:26] ⏳ Waiting for new files...
[2025-12-05 20:43:28] ⏳ Waiting for new files...
[2025-12-05 20:43:29] ⏳ Waiting for new files...
[2025-12-05 20:43:32] ⏳ Waiting for new files...
[2025-12-05 20:43:35] ⏳ Waiting for new files...
[2025-12-05 20:43:36] ⏳ Waiting for new files...
[2025-12-05 20:43:37] ⏳ Waiting for new files...
[2025-12-05 20:43:39] ⏳ Waiting for new files...
[2025-12-05 20:43:40] ⏳ Waiting for new files...
[2025-12-05 20:43:43] ⏳ Waiting for new files...
[2025-12-05 20:43:46] ⏳ Waiting for new files...
[2025-12-05 20:43:47] ⏳ Waiting for new files...
[2025-12-05 20:43:48] ⏳ Waiting for new files...
[2025-12-05 20:43:50] ⏳ Waiting for new files...
[2025-12-05 20:43:51] ⏳ Waiting for new files...
[2025-12-05 20:43:54] ⏳ Waiting for new files...
[2025-12-05 20:43:57] ⏳ Waiting for new files...
[2025-12-05 20:43:58] ⏳ Waiting for new files...
[2025-12-05 20:43:59] ⏳ Waiting for new files...
[2025-12-05 20:44:01] ⏳ Waiting for new files...
[2025-12-05 20:44:02] ⏳ Waiting for new files...
[2025-12-05 20:44:05] ⏳ Waiting for new files...
[2025-12-05 20:44:08] ⏳ Waiting for new files...
[2025-12-05 20:44:09] ⏳ Waiting for new files...
[2025-12-05 20:44:10] ⏳ Waiting for new files...
[2025-12-05 20:44:12] ⏳ Waiting for new files...
[2025-12-05 20:44:13] ⏳ Waiting for new files...
[2025-12-05 20:44:16] ⏳ Waiting for new files...
[2025-12-05 20:44:19] ⏳ Waiting for new files...
[2025-12-05 20:44:20] ⏳ Waiting for new files...
[2025-12-05 20:44:21] ⏳ Waiting for new files...
[2025-12-05 20:44:23] ⏳ Waiting for new files...
[2025-12-05 20:44:24] ⏳ Waiting for new files...
[2025-12-05 20:44:27] ⏳ Waiting for new files...
[2025-12-05 20:44:30] ⏳ Waiting for new files...
[2025-12-05 20:44:31] ⏳ Waiting for new files...
[2025-12-05 20:44:32] ⏳ Waiting for new files...
[2025-12-05 20:44:34] ⏳ Waiting for new files...
[2025-12-05 20:44:35] ⏳ Waiting for new files...
[2025-12-05 20:44:38] ⏳ Waiting for new files...
[2025-12-05 20:44:41] ⏳ Waiting for new files...
[2025-12-05 20:44:42] ⏳ Waiting for new files...
[2025-12-05 20:44:43] ⏳ Waiting for new files...
[2025-12-05 20:44:45] ⏳ Waiting for new files...
[2025-12-05 20:44:46] ⏳ Waiting for new files...
[2025-12-05 20:44:49] ⏳ Waiting for new files...
[2025-12-05 20:44:52] ⏳ Waiting for new files...
[2025-12-05 20:44:53] ⏳ Waiting for new files...
[2025-12-05 20:44:54] ⏳ Waiting for new files...
[2025-12-05 20:44:56] ⏳ Waiting for new files...
[2025-12-05 20:44:57] ⏳ Waiting for new files...
[2025-12-05 20:45:00] ⏳ Waiting for new files...
[2025-12-05 20:45:03] ⏳ Waiting for new files...
[2025-12-05 20:45:04] ⏳ Waiting for new files...
[2025-12-05 20:45:05] ⏳ Waiting for new files...
[2025-12-05 20:45:07] ⏳ Waiting for new files...
[2025-12-05 20:45:08] ⏳ Waiting for new files...
[2025-12-05 20:45:11] ⏳ Waiting for new files...
[2025-12-05 20:45:14] ⏳ Waiting for new files...
[2025-12-05 20:45:15] ⏳ Waiting for new files...
[2025-12-05 20:45:16] ⏳ Waiting for new files...
[2025-12-05 20:45:18] ⏳ Waiting for new files...
[2025-12-05 20:45:19] ⏳ Waiting for new files...
[2025-12-05 20:45:22] ⏳ Waiting for new files...
[2025-12-05 20:45:25] ⏳ Waiting for new files...
[2025-12-05 20:45:26] ⏳ Waiting for new files...
[2025-12-05 20:45:27] ⏳ Waiting for new files...
[2025-12-05 20:45:29] ⏳ Waiting for new files...
[2025-12-05 20:45:30] ⏳ Waiting for new files...
[2025-12-05 20:45:33] ⏳ Waiting for new files...
[2025-12-05 20:45:36] ⏳ Waiting for new files...
[2025-12-05 20:45:37] ⏳ Waiting for new files...
[2025-12-05 20:45:38] ⏳ Waiting for new files...
[2025-12-05 20:45:40] ⏳ Waiting for new files...
[2025-12-05 20:45:41] ⏳ Waiting for new files...
[2025-12-05 20:45:44] ⏳ Waiting for new files...
[2025-12-05 20:45:47] ⏳ Waiting for new files...
[2025-12-05 20:45:48] ⏳ Waiting for new files...
[2025-12-05 20:45:49] ⏳ Waiting for new files...
[2025-12-05 20:45:51] ⏳ Waiting for new files...
[2025-12-05 20:45:52] ⏳ Waiting for new files...
[2025-12-05 20:45:55] ⏳ Waiting for new files...
[2025-12-05 20:45:58] ⏳ Waiting for new files...
[2025-12-05 20:45:59] ⏳ Waiting for new files...
[2025-12-05 20:46:00] ⏳ Waiting for new files...
[2025-12-05 20:46:02] ⏳ Waiting for new files...
[2025-12-05 20:46:03] ⏳ Waiting for new files...
[2025-12-05 20:46:06] ⏳ Waiting for new files...
[2025-12-05 20:46:09] ⏳ Waiting for new files...
[2025-12-05 20:46:10] ⏳ Waiting for new files...
[2025-12-05 20:46:12] ⏳ Waiting for new files...
[2025-12-05 20:46:13] ⏳ Waiting for new files...
[2025-12-05 20:46:14] ⏳ Waiting for new files...
[2025-12-05 20:46:17] ⏳ Waiting for new files...
[2025-12-05 20:46:20] ⏳ Waiting for new files...
[2025-12-05 20:46:21] ⏳ Waiting for new files...
[2025-12-05 20:46:23] ⏳ Waiting for new files...
[2025-12-05 20:46:24] ⏳ Waiting for new files...
[2025-12-05 20:46:25] ⏳ Waiting for new files...
[2025-12-05 20:46:28] ⏳ Waiting for new files...
[2025-12-05 20:46:31] ⏳ Waiting for new files...
[2025-12-05 20:46:33] ⏳ Waiting for new files...
[2025-12-05 20:46:34] ⏳ Waiting for new files...
[2025-12-05 20:46:35] ⏳ Waiting for new files...
[2025-12-05 20:46:36] ⏳ Waiting for new files...
[2025-12-05 20:46:39] ⏳ Waiting for new files...
[2025-12-05 20:46:42] ⏳ Waiting for new files...
[2025-12-05 20:46:44] ⏳ Waiting for new files...
[2025-12-05 20:46:45] ⏳ Waiting for new files...
[2025-12-05 20:46:46] ⏳ Waiting for new files...
[2025-12-05 20:46:47] ⏳ Waiting for new files...
[2025-12-05 20:46:50] ⏳ Waiting for new files...
[2025-12-05 20:46:54] ⏳ Waiting for new files...
[2025-12-05 20:46:55] ⏳ Waiting for new files...
[2025-12-05 20:46:56] ⏳ Waiting for new files...
[2025-12-05 20:46:57] ⏳ Waiting for new files...
[2025-12-05 20:46:58] ⏳ Waiting for new files...
[2025-12-05 20:47:01] ⏳ Waiting for new files...
[2025-12-05 20:47:05] ⏳ Waiting for new files...
[2025-12-05 20:47:06] ⏳ Waiting for new files...
[2025-12-05 20:47:07] ⏳ Waiting for new files...
[2025-12-05 20:47:08] ⏳ Waiting for new files...
[2025-12-05 20:47:09] ⏳ Waiting for new files...
[2025-12-05 20:47:12] ⏳ Waiting for new files...
[2025-12-05 20:47:16] ⏳ Waiting for new files...
[2025-12-05 20:47:17] ⏳ Waiting for new files...
[2025-12-05 20:47:18] ⏳ Waiting for new files...
[2025-12-05 20:47:20] ⏳ Waiting for new files...
[2025-12-05 20:47:20] ⏳ Waiting for new files...
[2025-12-05 20:47:23] ⏳ Waiting for new files...
[2025-12-05 20:47:27] ⏳ Waiting for new files...
[2025-12-05 20:47:28] ⏳ Waiting for new files...
[2025-12-05 20:47:29] ⏳ Waiting for new files...
[2025-12-05 20:47:31] ⏳ Waiting for new files...
[2025-12-05 20:47:31] ⏳ Waiting for new files...
[2025-12-05 20:47:34] ⏳ Waiting for new files...
[2025-12-05 20:47:38] ⏳ Waiting for new files...
[2025-12-05 20:47:39] ⏳ Waiting for new files...
[2025-12-05 20:47:40] ⏳ Waiting for new files...
[2025-12-05 20:47:42] ⏳ Waiting for new files...
[2025-12-05 20:47:42] ⏳ Waiting for new files...
[2025-12-05 20:47:45] ⏳ Waiting for new files...
[2025-12-05 20:47:49] ⏳ Waiting for new files...
[2025-12-05 20:47:50] ⏳ Waiting for new files...
[2025-12-05 20:47:51] ⏳ Waiting for new files...
[2025-12-05 20:47:53] ⏳ Waiting for new files...
[2025-12-05 20:47:53] ⏳ Waiting for new files...
[2025-12-05 20:47:56] ⏳ Waiting for new files...
[2025-12-05 20:48:00] ⏳ Waiting for new files...
[2025-12-05 20:48:01] ⏳ Waiting for new files...
[2025-12-05 20:48:02] ⏳ Waiting for new files...
[2025-12-05 20:48:04] ⏳ Waiting for new files...
[2025-12-05 20:48:05] ⏳ Waiting for new files...
[2025-12-05 20:48:07] ⏳ Waiting for new files...
[2025-12-05 20:48:11] ⏳ Waiting for new files...
[2025-12-05 20:48:12] ⏳ Waiting for new files...
[2025-12-05 20:48:13] ⏳ Waiting for new files...
[2025-12-05 20:48:15] ⏳ Waiting for new files...
[2025-12-05 20:48:16] ⏳ Waiting for new files...
[2025-12-05 20:48:18] ⏳ Waiting for new files...
[2025-12-05 20:48:22] ⏳ Waiting for new files...
[2025-12-05 20:48:23] ⏳ Waiting for new files...
[2025-12-05 20:48:24] ⏳ Waiting for new files...
[2025-12-05 20:48:26] ⏳ Waiting for new files...
[2025-12-05 20:48:27] ⏳ Waiting for new files...
[2025-12-05 20:48:29] ⏳ Waiting for new files...
[2025-12-05 20:48:33] ⏳ Waiting for new files...
[2025-12-05 20:48:34] ⏳ Waiting for new files...
[2025-12-05 20:48:35] ⏳ Waiting for new files...
[2025-12-05 20:48:37] ⏳ Waiting for new files...
[2025-12-05 20:48:38] ⏳ Waiting for new files...
[2025-12-05 20:48:40] ⏳ Waiting for new files...
[2025-12-05 20:48:44] ⏳ Waiting for new files...
[2025-12-05 20:48:45] ⏳ Waiting for new files...
[2025-12-05 20:48:46] ⏳ Waiting for new files...
[2025-12-05 20:48:48] ⏳ Waiting for new files...
[2025-12-05 20:48:49] ⏳ Waiting for new files...
[2025-12-05 20:48:51] ⏳ Waiting for new files...
[2025-12-05 20:48:55] ⏳ Waiting for new files...
[2025-12-05 20:48:56] ⏳ Waiting for new files...
[2025-12-05 20:48:57] ⏳ Waiting for new files...
[2025-12-05 20:48:59] ⏳ Waiting for new files...
[2025-12-05 20:49:00] ⏳ Waiting for new files...
[2025-12-05 20:49:02] ⏳ Waiting for new files...
[2025-12-05 20:49:06] ⏳ Waiting for new files...
[2025-12-05 20:49:07] ⏳ Waiting for new files...
[2025-12-05 20:49:08] ⏳ Waiting for new files...
[2025-12-05 20:49:10] ⏳ Waiting for new files...
[2025-12-05 20:49:11] ⏳ Waiting for new files...
[2025-12-05 20:49:14] ⏳ Waiting for new files...
[2025-12-05 20:49:17] ⏳ Waiting for new files...
[2025-12-05 20:49:18] ⏳ Waiting for new files...
[2025-12-05 20:49:19] ⏳ Waiting for new files...
[2025-12-05 20:49:21] ⏳ Waiting for new files...
[2025-12-05 20:49:22] ⏳ Waiting for new files...
[2025-12-05 20:49:25] ⏳ Waiting for new files...
[2025-12-05 20:49:28] ⏳ Waiting for new files...
[2025-12-05 20:49:29] ⏳ Waiting for new files...
[2025-12-05 20:49:30] ⏳ Waiting for new files...
[2025-12-05 20:49:32] ⏳ Waiting for new files...
[2025-12-05 20:49:33] ⏳ Waiting for new files...
[2025-12-05 20:49:36] ⏳ Waiting for new files...
[2025-12-05 20:49:39] ⏳ Waiting for new files...
[2025-12-05 20:49:40] ⏳ Waiting for new files...
[2025-12-05 20:49:41] ⏳ Waiting for new files...
[2025-12-05 20:49:43] ⏳ Waiting for new files...
[2025-12-05 20:49:44] ⏳ Waiting for new files...
[2025-12-05 20:49:47] ⏳ Waiting for new files...
[2025-12-05 20:49:50] ⏳ Waiting for new files...
[2025-12-05 20:49:51] ⏳ Waiting for new files...
[2025-12-05 20:49:52] ⏳ Waiting for new files...
[2025-12-05 20:49:54] ⏳ Waiting for new files...
[2025-12-05 20:49:55] ⏳ Waiting for new files...
[2025-12-05 20:49:58] ⏳ Waiting for new files...
[2025-12-05 20:50:01] ⏳ Waiting for new files...
[2025-12-05 20:50:02] ⏳ Waiting for new files...
[2025-12-05 20:50:03] ⏳ Waiting for new files...
[2025-12-05 20:50:05] ⏳ Waiting for new files...
[2025-12-05 20:50:06] ⏳ Waiting for new files...
[2025-12-05 20:50:09] ⏳ Waiting for new files...
[2025-12-05 20:50:12] ⏳ Waiting for new files...
[2025-12-05 20:50:13] ⏳ Waiting for new files...
[2025-12-05 20:50:14] ⏳ Waiting for new files...
[2025-12-05 20:50:16] ⏳ Waiting for new files...
[2025-12-05 20:50:17] ⏳ Waiting for new files...
[2025-12-05 20:50:20] ⏳ Waiting for new files...
[2025-12-05 20:50:23] ⏳ Waiting for new files...
[2025-12-05 20:50:24] ⏳ Waiting for new files...
[2025-12-05 20:50:25] ⏳ Waiting for new files...
[2025-12-05 20:50:27] ⏳ Waiting for new files...
[2025-12-05 20:50:28] ⏳ Waiting for new files...
[2025-12-05 20:50:31] ⏳ Waiting for new files...
[2025-12-05 20:50:34] ⏳ Waiting for new files...
[2025-12-05 20:50:35] ⏳ Waiting for new files...
[2025-12-05 20:50:36] ⏳ Waiting for new files...
[2025-12-05 20:50:38] ⏳ Waiting for new files...
[2025-12-05 20:50:39] ⏳ Waiting for new files...
[2025-12-05 20:50:42] ⏳ Waiting for new files...
[2025-12-05 20:50:45] ⏳ Waiting for new files...
[2025-12-05 20:50:46] ⏳ Waiting for new files...
[2025-12-05 20:50:47] ⏳ Waiting for new files...
[2025-12-05 20:50:49] ⏳ Waiting for new files...
[2025-12-05 20:50:50] ⏳ Waiting for new files...
[2025-12-05 20:50:53] ⏳ Waiting for new files...
[2025-12-05 20:50:56] ⏳ Waiting for new files...
[2025-12-05 20:50:57] ⏳ Waiting for new files...
[2025-12-05 20:50:58] ⏳ Waiting for new files...
[2025-12-05 20:51:00] ⏳ Waiting for new files...
[2025-12-05 20:51:01] ⏳ Waiting for new files...
[2025-12-05 20:51:04] ⏳ Waiting for new files...
[2025-12-05 20:51:07] ⏳ Waiting for new files...
[2025-12-05 20:51:08] ⏳ Waiting for new files...
[2025-12-05 20:51:09] ⏳ Waiting for new files...
[2025-12-05 20:51:11] ⏳ Waiting for new files...
[2025-12-05 20:51:12] ⏳ Waiting for new files...
[2025-12-05 20:51:15] ⏳ Waiting for new files...
[2025-12-05 20:51:18] ⏳ Waiting for new files...
[2025-12-05 20:51:19] ⏳ Waiting for new files...
[2025-12-05 20:51:20] ⏳ Waiting for new files...
[2025-12-05 20:51:22] ⏳ Waiting for new files...
[2025-12-05 20:51:23] ⏳ Waiting for new files...
[2025-12-05 20:51:26] ⏳ Waiting for new files...
[2025-12-05 20:51:29] ⏳ Waiting for new files...
[2025-12-05 20:51:30] ⏳ Waiting for new files...
[2025-12-05 20:51:31] ⏳ Waiting for new files...
[2025-12-05 20:51:33] ⏳ Waiting for new files...
[2025-12-05 20:51:34] ⏳ Waiting for new files...
[2025-12-05 20:51:37] ⏳ Waiting for new files...
[2025-12-05 20:51:40] ⏳ Waiting for new files...
[2025-12-05 20:51:41] ⏳ Waiting for new files...
[2025-12-05 20:51:42] ⏳ Waiting for new files...
[2025-12-05 20:51:44] ⏳ Waiting for new files...
[2025-12-05 20:51:45] ⏳ Waiting for new files...
[2025-12-05 20:51:48] ⏳ Waiting for new files...
[2025-12-05 20:51:51] ⏳ Waiting for new files...
[2025-12-05 20:51:52] ⏳ Waiting for new files...
[2025-12-05 20:51:53] ⏳ Waiting for new files...
[2025-12-05 20:51:55] ⏳ Waiting for new files...
[2025-12-05 20:51:56] ⏳ Waiting for new files...
[2025-12-05 20:51:59] ⏳ Waiting for new files...
[2025-12-05 20:52:02] ⏳ Waiting for new files...
[2025-12-05 20:52:03] ⏳ Waiting for new files...
[2025-12-05 20:52:04] ⏳ Waiting for new files...
[2025-12-05 20:52:06] ⏳ Waiting for new files...
[2025-12-05 20:52:07] ⏳ Waiting for new files...
[2025-12-05 20:52:10] ⏳ Waiting for new files...
[2025-12-05 20:52:13] ⏳ Waiting for new files...
[2025-12-05 20:52:14] ⏳ Waiting for new files...
[2025-12-05 20:52:15] ⏳ Waiting for new files...
[2025-12-05 20:52:17] ⏳ Waiting for new files...
[2025-12-05 20:52:18] ⏳ Waiting for new files...
[2025-12-05 20:52:21] ⏳ Waiting for new files...
[2025-12-05 20:52:24] ⏳ Waiting for new files...
[2025-12-05 20:52:26] ⏳ Waiting for new files...
[2025-12-05 20:52:26] ⏳ Waiting for new files...
[2025-12-05 20:52:28] ⏳ Waiting for new files...
[2025-12-05 20:52:29] ⏳ Waiting for new files...
[2025-12-05 20:52:32] ⏳ Waiting for new files...
[2025-12-05 20:52:36] ⏳ Waiting for new files...
[2025-12-05 20:52:37] ⏳ Waiting for new files...
[2025-12-05 20:52:38] ⏳ Waiting for new files...
[2025-12-05 20:52:39] ⏳ Waiting for new files...
[2025-12-05 20:52:40] ⏳ Waiting for new files...
[2025-12-05 20:52:43] ⏳ Waiting for new files...
[2025-12-05 20:52:47] ⏳ Waiting for new files...
[2025-12-05 20:52:48] ⏳ Waiting for new files...
[2025-12-05 20:52:49] ⏳ Waiting for new files...
[2025-12-05 20:52:50] ⏳ Waiting for new files...
[2025-12-05 20:52:51] ⏳ Waiting for new files...
[2025-12-05 20:52:54] ⏳ Waiting for new files...
[2025-12-05 20:52:58] ⏳ Waiting for new files...
[2025-12-05 20:52:59] ⏳ Waiting for new files...
[2025-12-05 20:53:00] ⏳ Waiting for new files...
[2025-12-05 20:53:01] ⏳ Waiting for new files...
[2025-12-05 20:53:02] ⏳ Waiting for new files...
[2025-12-05 20:53:05] ⏳ Waiting for new files...
[2025-12-05 20:53:09] ⏳ Waiting for new files...
[2025-12-05 20:53:10] ⏳ Waiting for new files...
[2025-12-05 20:53:11] ⏳ Waiting for new files...
[2025-12-05 20:53:12] ⏳ Waiting for new files...
[2025-12-05 20:53:13] ⏳ Waiting for new files...
[2025-12-05 20:53:16] ⏳ Waiting for new files...
[2025-12-05 20:53:20] ⏳ Waiting for new files...
[2025-12-05 20:53:21] ⏳ Waiting for new files...
[2025-12-05 20:53:22] ⏳ Waiting for new files...
[2025-12-05 20:53:23] ⏳ Waiting for new files...
[2025-12-05 20:53:24] ⏳ Waiting for new files...
[2025-12-05 20:53:27] ⏳ Waiting for new files...
[2025-12-05 20:53:31] ⏳ Waiting for new files...
[2025-12-05 20:53:32] ⏳ Waiting for new files...
[2025-12-05 20:53:33] ⏳ Waiting for new files...
[2025-12-05 20:53:34] ⏳ Waiting for new files...
[2025-12-05 20:53:35] ⏳ Waiting for new files...
[2025-12-05 20:53:38] ⏳ Waiting for new files...
[2025-12-05 20:53:42] ⏳ Waiting for new files...
[2025-12-05 20:53:43] ⏳ Waiting for new files...
[2025-12-05 20:53:44] ⏳ Waiting for new files...
[2025-12-05 20:53:45] ⏳ Waiting for new files...
[2025-12-05 20:53:46] ⏳ Waiting for new files...
[2025-12-05 20:53:49] ⏳ Waiting for new files...
[2025-12-05 20:53:53] ⏳ Waiting for new files...
[2025-12-05 20:53:54] ⏳ Waiting for new files...
[2025-12-05 20:53:55] ⏳ Waiting for new files...
[2025-12-05 20:53:56] ⏳ Waiting for new files...
[2025-12-05 20:53:58] ⏳ Waiting for new files...
[2025-12-05 20:54:00] ⏳ Waiting for new files...
[2025-12-05 20:54:04] ⏳ Waiting for new files...
[2025-12-05 20:54:05] ⏳ Waiting for new files...
[2025-12-05 20:54:06] ⏳ Waiting for new files...
[2025-12-05 20:54:07] ⏳ Waiting for new files...
[2025-12-05 20:54:09] ⏳ Waiting for new files...
[2025-12-05 20:54:11] ⏳ Waiting for new files...
[2025-12-05 20:54:15] ⏳ Waiting for new files...
[2025-12-05 20:54:16] ⏳ Waiting for new files...
[2025-12-05 20:54:17] ⏳ Waiting for new files...
[2025-12-05 20:54:19] ⏳ Waiting for new files...
[2025-12-05 20:54:20] ⏳ Waiting for new files...
[2025-12-05 20:54:22] ⏳ Waiting for new files...
[2025-12-05 20:54:26] ⏳ Waiting for new files...
[2025-12-05 20:54:27] ⏳ Waiting for new files...
[2025-12-05 20:54:28] ⏳ Waiting for new files...
[2025-12-05 20:54:30] ⏳ Waiting for new files...
[2025-12-05 20:54:31] ⏳ Waiting for new files...
[2025-12-05 20:54:33] ⏳ Waiting for new files...
[2025-12-05 20:54:37] ⏳ Waiting for new files...
[2025-12-05 20:54:38] ⏳ Waiting for new files...
[2025-12-05 20:54:39] ⏳ Waiting for new files...
[2025-12-05 20:54:41] ⏳ Waiting for new files...
[2025-12-05 20:54:42] ⏳ Waiting for new files...
[2025-12-05 20:54:44] ⏳ Waiting for new files...
[2025-12-05 20:54:48] ⏳ Waiting for new files...
[2025-12-05 20:54:49] ⏳ Waiting for new files...
[2025-12-05 20:54:50] ⏳ Waiting for new files...
[2025-12-05 20:54:52] ⏳ Waiting for new files...
[2025-12-05 20:54:53] ⏳ Waiting for new files...
[2025-12-05 20:54:55] ⏳ Waiting for new files...
[2025-12-05 20:54:59] ⏳ Waiting for new files...
[2025-12-05 20:55:00] ⏳ Waiting for new files...
[2025-12-05 20:55:01] ⏳ Waiting for new files...
[2025-12-05 20:55:03] ⏳ Waiting for new files...
[2025-12-05 20:55:04] ⏳ Waiting for new files...
[2025-12-05 20:55:07] ⏳ Waiting for new files...
[2025-12-05 20:55:10] ⏳ Waiting for new files...
[2025-12-05 20:55:11] ⏳ Waiting for new files...
[2025-12-05 20:55:12] ⏳ Waiting for new files...
[2025-12-05 20:55:14] ⏳ Waiting for new files...
[2025-12-05 20:55:15] ⏳ Waiting for new files...
[2025-12-05 20:55:18] ⏳ Waiting for new files...
[2025-12-05 20:55:21] ⏳ Waiting for new files...
[2025-12-05 20:55:22] ⏳ Waiting for new files...
[2025-12-05 20:55:23] ⏳ Waiting for new files...
[2025-12-05 20:55:25] ⏳ Waiting for new files...
[2025-12-05 20:55:26] ⏳ Waiting for new files...
[2025-12-05 20:55:29] ⏳ Waiting for new files...
[2025-12-05 20:55:32] ⏳ Waiting for new files...
[2025-12-05 20:55:33] ⏳ Waiting for new files...
[2025-12-05 20:55:34] ⏳ Waiting for new files...
[2025-12-05 20:55:36] ⏳ Waiting for new files...
[2025-12-05 20:55:37] ⏳ Waiting for new files...
[2025-12-05 20:55:40] ⏳ Waiting for new files...
[2025-12-05 20:55:43] ⏳ Waiting for new files...
[2025-12-05 20:55:44] ⏳ Waiting for new files...
[2025-12-05 20:55:45] ⏳ Waiting for new files...
[2025-12-05 20:55:47] ⏳ Waiting for new files...
[2025-12-05 20:55:48] ⏳ Waiting for new files...
[2025-12-05 20:55:51] ⏳ Waiting for new files...
[2025-12-05 20:55:54] ⏳ Waiting for new files...
[2025-12-05 20:55:55] ⏳ Waiting for new files...
[2025-12-05 20:55:56] ⏳ Waiting for new files...
[2025-12-05 20:55:58] ⏳ Waiting for new files...
[2025-12-05 20:55:59] ⏳ Waiting for new files...
[2025-12-05 20:56:02] ⏳ Waiting for new files...
[2025-12-05 20:56:05] ⏳ Waiting for new files...
[2025-12-05 20:56:06] ⏳ Waiting for new files...
[2025-12-05 20:56:07] ⏳ Waiting for new files...
[2025-12-05 20:56:09] ⏳ Waiting for new files...
[2025-12-05 20:56:10] ⏳ Waiting for new files...
[2025-12-05 20:56:13] ⏳ Waiting for new files...
[2025-12-05 20:56:16] ⏳ Waiting for new files...
[2025-12-05 20:56:17] ⏳ Waiting for new files...
[2025-12-05 20:56:18] ⏳ Waiting for new files...
[2025-12-05 20:56:20] ⏳ Waiting for new files...
[2025-12-05 20:56:21] ⏳ Waiting for new files...
[2025-12-05 20:56:24] ⏳ Waiting for new files...
[2025-12-05 20:56:27] ⏳ Waiting for new files...
[2025-12-05 20:56:28] ⏳ Waiting for new files...
[2025-12-05 20:56:29] ⏳ Waiting for new files...
[2025-12-05 20:56:31] ⏳ Waiting for new files...
[2025-12-05 20:56:32] ⏳ Waiting for new files...
[2025-12-05 20:56:35] ⏳ Waiting for new files...
[2025-12-05 20:56:38] ⏳ Waiting for new files...
[2025-12-05 20:56:39] ⏳ Waiting for new files...
[2025-12-05 20:56:40] ⏳ Waiting for new files...
[2025-12-05 20:56:42] ⏳ Waiting for new files...
[2025-12-05 20:56:43] ⏳ Waiting for new files...
[2025-12-05 20:56:46] ⏳ Waiting for new files...
[2025-12-05 20:56:49] ⏳ Waiting for new files...
[2025-12-05 20:56:50] ⏳ Waiting for new files...
[2025-12-05 20:56:51] ⏳ Waiting for new files...
[2025-12-05 20:56:53] ⏳ Waiting for new files...
[2025-12-05 20:56:54] ⏳ Waiting for new files...
[2025-12-05 20:56:57] ⏳ Waiting for new files...
[2025-12-05 20:57:00] ⏳ Waiting for new files...
[2025-12-05 20:57:01] ⏳ Waiting for new files...
[2025-12-05 20:57:02] ⏳ Waiting for new files...
[2025-12-05 20:57:04] ⏳ Waiting for new files...
[2025-12-05 20:57:05] ⏳ Waiting for new files...
[2025-12-05 20:57:08] ⏳ Waiting for new files...
[2025-12-05 20:57:11] ⏳ Waiting for new files...
[2025-12-05 20:57:12] ⏳ Waiting for new files...
[2025-12-05 20:57:13] ⏳ Waiting for new files...
[2025-12-05 20:57:15] ⏳ Waiting for new files...
[2025-12-05 20:57:16] ⏳ Waiting for new files...
[2025-12-05 20:57:19] ⏳ Waiting for new files...
[2025-12-05 20:57:22] ⏳ Waiting for new files...
[2025-12-05 20:57:23] ⏳ Waiting for new files...
[2025-12-05 20:57:24] ⏳ Waiting for new files...
[2025-12-05 20:57:26] ⏳ Waiting for new files...
[2025-12-05 20:57:27] ⏳ Waiting for new files...
[2025-12-05 20:57:30] ⏳ Waiting for new files...
[2025-12-05 20:57:33] ⏳ Waiting for new files...
[2025-12-05 20:57:34] ⏳ Waiting for new files...
[2025-12-05 20:57:35] ⏳ Waiting for new files...
[2025-12-05 20:57:37] ⏳ Waiting for new files...
[2025-12-05 20:57:38] ⏳ Waiting for new files...
[2025-12-05 20:57:41] ⏳ Waiting for new files...
[2025-12-05 20:57:44] ⏳ Waiting for new files...
[2025-12-05 20:57:45] ⏳ Waiting for new files...
[2025-12-05 20:57:46] ⏳ Waiting for new files...
[2025-12-05 20:57:48] ⏳ Waiting for new files...
[2025-12-05 20:57:49] ⏳ Waiting for new files...
[2025-12-05 20:57:52] ⏳ Waiting for new files...
[2025-12-05 20:57:55] ⏳ Waiting for new files...
[2025-12-05 20:57:57] ⏳ Waiting for new files...
[2025-12-05 20:57:58] ⏳ Waiting for new files...
[2025-12-05 20:57:59] ⏳ Waiting for new files...
[2025-12-05 20:58:00] ⏳ Waiting for new files...
[2025-12-05 20:58:03] ⏳ Waiting for new files...
[2025-12-05 20:58:06] ⏳ Waiting for new files...
[2025-12-05 20:58:08] ⏳ Waiting for new files...
[2025-12-05 20:58:09] ⏳ Waiting for new files...
[2025-12-05 20:58:10] ⏳ Waiting for new files...
[2025-12-05 20:58:11] ⏳ Waiting for new files...
[2025-12-05 20:58:14] ⏳ Waiting for new files...
[2025-12-05 20:58:17] ⏳ Waiting for new files...
[2025-12-05 20:58:19] ⏳ Waiting for new files...
[2025-12-05 20:58:20] ⏳ Waiting for new files...
[2025-12-05 20:58:21] ⏳ Waiting for new files...
[2025-12-05 20:58:22] ⏳ Waiting for new files...
[2025-12-05 20:58:25] ⏳ Waiting for new files...
[2025-12-05 20:58:28] ⏳ Waiting for new files...
[2025-12-05 20:58:30] ⏳ Waiting for new files...
[2025-12-05 20:58:31] ⏳ Waiting for new files...
[2025-12-05 20:58:32] ⏳ Waiting for new files...
[2025-12-05 20:58:33] ⏳ Waiting for new files...
[2025-12-05 20:58:36] ⏳ Waiting for new files...
[2025-12-05 20:58:40] ⏳ Waiting for new files...
[2025-12-05 20:58:41] ⏳ Waiting for new files...
[2025-12-05 20:58:42] ⏳ Waiting for new files...
[2025-12-05 20:58:43] ⏳ Waiting for new files...
[2025-12-05 20:58:44] ⏳ Waiting for new files...
[2025-12-05 20:58:47] ⏳ Waiting for new files...
[2025-12-05 20:58:51] ⏳ Waiting for new files...
[2025-12-05 20:58:52] ⏳ Waiting for new files...
[2025-12-05 20:58:53] ⏳ Waiting for new files...
[2025-12-05 20:58:54] ⏳ Waiting for new files...
[2025-12-05 20:58:55] ⏳ Waiting for new files...
[2025-12-05 20:58:58] ⏳ Waiting for new files...
[2025-12-05 20:59:02] ⏳ Waiting for new files...
[2025-12-05 20:59:03] ⏳ Waiting for new files...
[2025-12-05 20:59:04] ⏳ Waiting for new files...
[2025-12-05 20:59:05] ⏳ Waiting for new files...
[2025-12-05 20:59:06] ⏳ Waiting for new files...
[2025-12-05 20:59:09] ⏳ Waiting for new files...
[2025-12-05 20:59:13] ⏳ Waiting for new files...
[2025-12-05 20:59:14] ⏳ Waiting for new files...
[2025-12-05 20:59:15] ⏳ Waiting for new files...
[2025-12-05 20:59:16] ⏳ Waiting for new files...
[2025-12-05 20:59:17] ⏳ Waiting for new files...
[2025-12-05 20:59:20] ⏳ Waiting for new files...
[2025-12-05 20:59:24] ⏳ Waiting for new files...
[2025-12-05 20:59:25] ⏳ Waiting for new files...
[2025-12-05 20:59:26] ⏳ Waiting for new files...
[2025-12-05 20:59:27] ⏳ Waiting for new files...
[2025-12-05 20:59:28] ⏳ Waiting for new files...
[2025-12-05 20:59:31] ⏳ Waiting for new files...
[2025-12-05 20:59:35] ⏳ Waiting for new files...
[2025-12-05 20:59:36] ⏳ Waiting for new files...
[2025-12-05 20:59:37] ⏳ Waiting for new files...
[2025-12-05 20:59:38] ⏳ Waiting for new files...
[2025-12-05 20:59:39] ⏳ Waiting for new files...
[2025-12-05 20:59:42] ⏳ Waiting for new files...
[2025-12-05 20:59:46] ⏳ Waiting for new files...
[2025-12-05 20:59:47] ⏳ Waiting for new files...
[2025-12-05 20:59:48] ⏳ Waiting for new files...
[2025-12-05 20:59:49] ⏳ Waiting for new files...
[2025-12-05 20:59:50] ⏳ Waiting for new files...
[2025-12-05 20:59:53] ⏳ Waiting for new files...
[2025-12-05 20:59:57] ⏳ Waiting for new files...
[2025-12-05 20:59:58] ⏳ Waiting for new files...
[2025-12-05 20:59:59] ⏳ Waiting for new files...
[2025-12-05 21:00:00] ⏳ Waiting for new files...
[2025-12-05 21:00:01] ⏳ Waiting for new files...
[2025-12-05 21:00:04] ⏳ Waiting for new files...
[2025-12-05 21:00:08] ⏳ Waiting for new files...
[2025-12-05 21:00:09] ⏳ Waiting for new files...
[2025-12-05 21:00:10] ⏳ Waiting for new files...
[2025-12-05 21:00:11] ⏳ Waiting for new files...
[2025-12-05 21:00:13] ⏳ Waiting for new files...
[2025-12-05 21:00:15] ⏳ Waiting for new files...
[2025-12-05 21:00:19] ⏳ Waiting for new files...
[2025-12-05 21:00:20] ⏳ Waiting for new files...
[2025-12-05 21:00:21] ⏳ Waiting for new files...
[2025-12-05 21:00:22] ⏳ Waiting for new files...
[2025-12-05 21:00:24] ⏳ Waiting for new files...
[2025-12-05 21:00:26] ⏳ Waiting for new files...
[2025-12-05 21:00:30] ⏳ Waiting for new files...
[2025-12-05 21:00:31] ⏳ Waiting for new files...
[2025-12-05 21:00:32] ⏳ Waiting for new files...
[2025-12-05 21:00:33] ⏳ Waiting for new files...
[2025-12-05 21:00:35] ⏳ Waiting for new files...
[2025-12-05 21:00:38] ⏳ Waiting for new files...
[2025-12-05 21:00:41] ⏳ Waiting for new files...
[2025-12-05 21:00:42] ⏳ Waiting for new files...
[2025-12-05 21:00:43] ⏳ Waiting for new files...
[2025-12-05 21:00:44] ⏳ Waiting for new files...
[2025-12-05 21:00:46] ⏳ Waiting for new files...
[2025-12-05 21:00:49] ⏳ Waiting for new files...
[2025-12-05 21:00:52] ⏳ Waiting for new files...
[2025-12-05 21:00:53] ⏳ Waiting for new files...
[2025-12-05 21:00:54] ⏳ Waiting for new files...
[2025-12-05 21:00:56] ⏳ Waiting for new files...
[2025-12-05 21:00:57] ⏳ Waiting for new files...
[2025-12-05 21:01:00] ⏳ Waiting for new files...
[2025-12-05 21:01:03] ⏳ Waiting for new files...
[2025-12-05 21:01:04] ⏳ Waiting for new files...
[2025-12-05 21:01:05] ⏳ Waiting for new files...
[2025-12-05 21:01:07] ⏳ Waiting for new files...
[2025-12-05 21:01:08] ⏳ Waiting for new files...
[2025-12-05 21:01:11] ⏳ Waiting for new files...
[2025-12-05 21:01:14] ⏳ Waiting for new files...
[2025-12-05 21:01:15] ⏳ Waiting for new files...
[2025-12-05 21:01:16] ⏳ Waiting for new files...
[2025-12-05 21:01:18] ⏳ Waiting for new files...
[2025-12-05 21:01:19] ⏳ Waiting for new files...
[2025-12-05 21:01:22] ⏳ Waiting for new files...
[2025-12-05 21:01:25] ⏳ Waiting for new files...
[2025-12-05 21:01:26] ⏳ Waiting for new files...
[2025-12-05 21:01:27] ⏳ Waiting for new files...
[2025-12-05 21:01:29] ⏳ Waiting for new files...
[2025-12-05 21:01:30] ⏳ Waiting for new files...
[2025-12-05 21:01:33] ⏳ Waiting for new files...
[2025-12-05 21:01:36] ⏳ Waiting for new files...
[2025-12-05 21:01:37] ⏳ Waiting for new files...
[2025-12-05 21:01:38] ⏳ Waiting for new files...
[2025-12-05 21:01:40] ⏳ Waiting for new files...
[2025-12-05 21:01:41] ⏳ Waiting for new files...
[2025-12-05 21:01:44] ⏳ Waiting for new files...
[2025-12-05 21:01:47] ⏳ Waiting for new files...
[2025-12-05 21:01:48] ⏳ Waiting for new files...
[2025-12-05 21:01:49] ⏳ Waiting for new files...
[2025-12-05 21:01:51] ⏳ Waiting for new files...
[2025-12-05 21:01:52] ⏳ Waiting for new files...
[2025-12-05 21:01:55] ⏳ Waiting for new files...
[2025-12-05 21:01:58] ⏳ Waiting for new files...
[2025-12-05 21:01:59] ⏳ Waiting for new files...
[2025-12-05 21:02:00] ⏳ Waiting for new files...
[2025-12-05 21:02:02] ⏳ Waiting for new files...
[2025-12-05 21:02:03] ⏳ Waiting for new files...
[2025-12-05 21:02:06] ⏳ Waiting for new files...
[2025-12-05 21:02:09] ⏳ Waiting for new files...
[2025-12-05 21:02:10] ⏳ Waiting for new files...
[2025-12-05 21:02:11] ⏳ Waiting for new files...
[2025-12-05 21:02:13] ⏳ Waiting for new files...
[2025-12-05 21:02:14] ⏳ Waiting for new files...
[2025-12-05 21:02:17] ⏳ Waiting for new files...
[2025-12-05 21:02:20] ⏳ Waiting for new files...
[2025-12-05 21:02:21] ⏳ Waiting for new files...
[2025-12-05 21:02:22] ⏳ Waiting for new files...
[2025-12-05 21:02:24] ⏳ Waiting for new files...
[2025-12-05 21:02:25] ⏳ Waiting for new files...
[2025-12-05 21:02:28] ⏳ Waiting for new files...
[2025-12-05 21:02:31] ⏳ Waiting for new files...
[2025-12-05 21:02:32] ⏳ Waiting for new files...
[2025-12-05 21:02:33] ⏳ Waiting for new files...
[2025-12-05 21:02:35] ⏳ Waiting for new files...
[2025-12-05 21:02:36] ⏳ Waiting for new files...
[2025-12-05 21:02:39] ⏳ Waiting for new files...
[2025-12-05 21:02:42] ⏳ Waiting for new files...
[2025-12-05 21:02:43] ⏳ Waiting for new files...
[2025-12-05 21:02:44] ⏳ Waiting for new files...
[2025-12-05 21:02:46] ⏳ Waiting for new files...
[2025-12-05 21:02:47] ⏳ Waiting for new files...
[2025-12-05 21:02:50] ⏳ Waiting for new files...
[2025-12-05 21:02:53] ⏳ Waiting for new files...
[2025-12-05 21:02:54] ⏳ Waiting for new files...
[2025-12-05 21:02:55] ⏳ Waiting for new files...
[2025-12-05 21:02:57] ⏳ Waiting for new files...
[2025-12-05 21:02:58] ⏳ Waiting for new files...
[2025-12-05 21:03:01] ⏳ Waiting for new files...
[2025-12-05 21:03:04] ⏳ Waiting for new files...
[2025-12-05 21:03:05] ⏳ Waiting for new files...
[2025-12-05 21:03:06] ⏳ Waiting for new files...
[2025-12-05 21:03:08] ⏳ Waiting for new files...
[2025-12-05 21:03:09] ⏳ Waiting for new files...
[2025-12-05 21:03:12] ⏳ Waiting for new files...
[2025-12-05 21:03:15] ⏳ Waiting for new files...
[2025-12-05 21:03:16] ⏳ Waiting for new files...
[2025-12-05 21:03:17] ⏳ Waiting for new files...
[2025-12-05 21:03:19] ⏳ Waiting for new files...
[2025-12-05 21:03:20] ⏳ Waiting for new files...
[2025-12-05 21:03:23] ⏳ Waiting for new files...
[2025-12-05 21:03:26] ⏳ Waiting for new files...
[2025-12-05 21:03:27] ⏳ Waiting for new files...
[2025-12-05 21:03:28] ⏳ Waiting for new files...
[2025-12-05 21:03:30] ⏳ Waiting for new files...
[2025-12-05 21:03:31] ⏳ Waiting for new files...
[2025-12-05 21:03:34] ⏳ Waiting for new files...
[2025-12-05 21:03:37] ⏳ Waiting for new files...
[2025-12-05 21:03:38] ⏳ Waiting for new files...
[2025-12-05 21:03:39] ⏳ Waiting for new files...
[2025-12-05 21:03:41] ⏳ Waiting for new files...
[2025-12-05 21:03:42] ⏳ Waiting for new files...
[2025-12-05 21:03:45] ⏳ Waiting for new files...
[2025-12-05 21:03:48] ⏳ Waiting for new files...
[2025-12-05 21:03:50] ⏳ Waiting for new files...
[2025-12-05 21:03:50] ⏳ Waiting for new files...
[2025-12-05 21:03:52] ⏳ Waiting for new files...
[2025-12-05 21:03:53] ⏳ Waiting for new files...
[2025-12-05 21:03:56] ⏳ Waiting for new files...
[2025-12-05 21:03:59] ⏳ Waiting for new files...
[2025-12-05 21:04:01] ⏳ Waiting for new files...
[2025-12-05 21:04:02] ⏳ Waiting for new files...
[2025-12-05 21:04:03] ⏳ Waiting for new files...
[2025-12-05 21:04:04] ⏳ Waiting for new files...
[2025-12-05 21:04:07] ⏳ Waiting for new files...
[2025-12-05 21:04:10] ⏳ Waiting for new files...
[2025-12-05 21:04:12] ⏳ Waiting for new files...
[2025-12-05 21:04:13] ⏳ Waiting for new files...
[2025-12-05 21:04:14] ⏳ Waiting for new files...
[2025-12-05 21:04:15] ⏳ Waiting for new files...
[2025-12-05 21:04:18] ⏳ Waiting for new files...
[2025-12-05 21:04:21] ⏳ Waiting for new files...
[2025-12-05 21:04:23] ⏳ Waiting for new files...
[2025-12-05 21:04:24] ⏳ Waiting for new files...
[2025-12-05 21:04:25] ⏳ Waiting for new files...
[2025-12-05 21:04:26] ⏳ Waiting for new files...
[2025-12-05 21:04:29] ⏳ Waiting for new files...
[2025-12-05 21:04:32] ⏳ Waiting for new files...
[2025-12-05 21:04:34] ⏳ Waiting for new files...
[2025-12-05 21:04:35] ⏳ Waiting for new files...
[2025-12-05 21:04:36] ⏳ Waiting for new files...
[2025-12-05 21:04:37] ⏳ Waiting for new files...
[2025-12-05 21:04:40] ⏳ Waiting for new files...
[2025-12-05 21:04:43] ⏳ Waiting for new files...
[2025-12-05 21:04:45] ⏳ Waiting for new files...
[2025-12-05 21:04:46] ⏳ Waiting for new files...
[2025-12-05 21:04:47] ⏳ Waiting for new files...
[2025-12-05 21:04:48] ⏳ Waiting for new files...
[2025-12-05 21:04:51] ⏳ Waiting for new files...
[2025-12-05 21:04:54] ⏳ Waiting for new files...
[2025-12-05 21:04:56] ⏳ Waiting for new files...
[2025-12-05 21:04:57] ⏳ Waiting for new files...
[2025-12-05 21:04:58] ⏳ Waiting for new files...
[2025-12-05 21:04:59] ⏳ Waiting for new files...
[2025-12-05 21:05:02] ⏳ Waiting for new files...
[2025-12-05 21:05:06] ⏳ Waiting for new files...
[2025-12-05 21:05:07] ⏳ Waiting for new files...
[2025-12-05 21:05:08] ⏳ Waiting for new files...
[2025-12-05 21:05:09] ⏳ Waiting for new files...
[2025-12-05 21:05:10] ⏳ Waiting for new files...
[2025-12-05 21:05:13] ⏳ Waiting for new files...
[2025-12-05 21:05:17] ⏳ Waiting for new files...
[2025-12-05 21:05:18] ⏳ Waiting for new files...
[2025-12-05 21:05:19] ⏳ Waiting for new files...
[2025-12-05 21:05:20] ⏳ Waiting for new files...
[2025-12-05 21:05:21] ⏳ Waiting for new files...
[2025-12-05 21:05:24] ⏳ Waiting for new files...
[2025-12-05 21:05:28] ⏳ Waiting for new files...
[2025-12-05 21:05:29] ⏳ Waiting for new files...
[2025-12-05 21:05:30] ⏳ Waiting for new files...
[2025-12-05 21:05:31] ⏳ Waiting for new files...
[2025-12-05 21:05:32] ⏳ Waiting for new files...
[2025-12-05 21:05:35] ⏳ Waiting for new files...
[2025-12-05 21:05:39] ⏳ Waiting for new files...
[2025-12-05 21:05:40] ⏳ Waiting for new files...
[2025-12-05 21:05:41] ⏳ Waiting for new files...
[2025-12-05 21:05:42] ⏳ Waiting for new files...
[2025-12-05 21:05:43] ⏳ Waiting for new files...
[2025-12-05 21:05:46] ⏳ Waiting for new files...
[2025-12-05 21:05:50] ⏳ Waiting for new files...
[2025-12-05 21:05:51] ⏳ Waiting for new files...
[2025-12-05 21:05:52] ⏳ Waiting for new files...
[2025-12-05 21:05:53] ⏳ Waiting for new files...
[2025-12-05 21:05:54] ⏳ Waiting for new files...
[2025-12-05 21:05:57] ⏳ Waiting for new files...
[2025-12-05 21:06:01] ⏳ Waiting for new files...
[2025-12-05 21:06:02] ⏳ Waiting for new files...
[2025-12-05 21:06:03] ⏳ Waiting for new files...
[2025-12-05 21:06:04] ⏳ Waiting for new files...
[2025-12-05 21:06:05] ⏳ Waiting for new files...
[2025-12-05 21:06:08] ⏳ Waiting for new files...
[2025-12-05 21:06:12] ⏳ Waiting for new files...
[2025-12-05 21:06:13] ⏳ Waiting for new files...
[2025-12-05 21:06:14] ⏳ Waiting for new files...
[2025-12-05 21:06:15] ⏳ Waiting for new files...
[2025-12-05 21:06:16] ⏳ Waiting for new files...
[2025-12-05 21:06:19] ⏳ Waiting for new files...
[2025-12-05 21:06:23] ⏳ Waiting for new files...
[2025-12-05 21:06:24] ⏳ Waiting for new files...
[2025-12-05 21:06:25] ⏳ Waiting for new files...
[2025-12-05 21:06:26] ⏳ Waiting for new files...
[2025-12-05 21:06:27] ⏳ Waiting for new files...
[2025-12-05 21:06:30] ⏳ Waiting for new files...
[2025-12-05 21:06:34] ⏳ Waiting for new files...
[2025-12-05 21:06:35] ⏳ Waiting for new files...
[2025-12-05 21:06:36] ⏳ Waiting for new files...
[2025-12-05 21:06:37] ⏳ Waiting for new files...
[2025-12-05 21:06:38] ⏳ Waiting for new files...
[2025-12-05 21:06:41] ⏳ Waiting for new files...
[2025-12-05 21:06:45] ⏳ Waiting for new files...
[2025-12-05 21:06:46] ⏳ Waiting for new files...
[2025-12-05 21:06:47] ⏳ Waiting for new files...
[2025-12-05 21:06:48] ⏳ Waiting for new files...
[2025-12-05 21:06:49] ⏳ Waiting for new files...
[2025-12-05 21:06:53] ⏳ Waiting for new files...
[2025-12-05 21:06:56] ⏳ Waiting for new files...
[2025-12-05 21:06:57] ⏳ Waiting for new files...
[2025-12-05 21:06:58] ⏳ Waiting for new files...
[2025-12-05 21:06:59] ⏳ Waiting for new files...
[2025-12-05 21:07:01] ⏳ Waiting for new files...
[2025-12-05 21:07:04] ⏳ Waiting for new files...
[2025-12-05 21:07:07] ⏳ Waiting for new files...
[2025-12-05 21:07:08] ⏳ Waiting for new files...
[2025-12-05 21:07:09] ⏳ Waiting for new files...
[2025-12-05 21:07:10] ⏳ Waiting for new files...
[2025-12-05 21:07:12] ⏳ Waiting for new files...
[2025-12-05 21:07:15] ⏳ Waiting for new files...
[2025-12-05 21:07:18] ⏳ Waiting for new files...
[2025-12-05 21:07:19] ⏳ Waiting for new files...
[2025-12-05 21:07:20] ⏳ Waiting for new files...
[2025-12-05 21:07:21] ⏳ Waiting for new files...
[2025-12-05 21:07:23] ⏳ Waiting for new files...
[2025-12-05 21:07:26] ⏳ Waiting for new files...
[2025-12-05 21:07:29] ⏳ Waiting for new files...
[2025-12-05 21:07:30] ⏳ Waiting for new files...
[2025-12-05 21:07:31] ⏳ Waiting for new files...
[2025-12-05 21:07:32] ⏳ Waiting for new files...
[2025-12-05 21:07:34] ⏳ Waiting for new files...
[2025-12-05 21:07:37] ⏳ Waiting for new files...
[2025-12-05 21:07:40] ⏳ Waiting for new files...
[2025-12-05 21:07:41] ⏳ Waiting for new files...
[2025-12-05 21:07:42] ⏳ Waiting for new files...
[2025-12-05 21:07:44] ⏳ Waiting for new files...
[2025-12-05 21:07:45] ⏳ Waiting for new files...
[2025-12-05 21:07:48] ⏳ Waiting for new files...
[2025-12-05 21:07:51] ⏳ Waiting for new files...
[2025-12-05 21:07:52] ⏳ Waiting for new files...
[2025-12-05 21:07:53] ⏳ Waiting for new files...
[2025-12-05 21:07:55] ⏳ Waiting for new files...
[2025-12-05 21:07:56] ⏳ Waiting for new files...
[2025-12-05 21:07:59] ⏳ Waiting for new files...
[2025-12-05 21:08:02] ⏳ Waiting for new files...
[2025-12-05 21:08:03] ⏳ Waiting for new files...
[2025-12-05 21:08:04] ⏳ Waiting for new files...
[2025-12-05 21:08:06] ⏳ Waiting for new files...
[2025-12-05 21:08:07] ⏳ Waiting for new files...
[2025-12-05 21:08:10] ⏳ Waiting for new files...
[2025-12-05 21:08:13] ⏳ Waiting for new files...
[2025-12-05 21:08:14] ⏳ Waiting for new files...
[2025-12-05 21:08:15] ⏳ Waiting for new files...
[2025-12-05 21:08:17] ⏳ Waiting for new files...
[2025-12-05 21:08:18] ⏳ Waiting for new files...
[2025-12-05 21:08:21] ⏳ Waiting for new files...
[2025-12-05 21:08:24] ⏳ Waiting for new files...
[2025-12-05 21:08:25] ⏳ Waiting for new files...
[2025-12-05 21:08:26] ⏳ Waiting for new files...
[2025-12-05 21:08:28] ⏳ Waiting for new files...
[2025-12-05 21:08:29] ⏳ Waiting for new files...
[2025-12-05 21:08:32] ⏳ Waiting for new files...
[2025-12-05 21:08:35] ⏳ Waiting for new files...
[2025-12-05 21:08:36] ⏳ Waiting for new files...
[2025-12-05 21:08:37] ⏳ Waiting for new files...
[2025-12-05 21:08:39] ⏳ Waiting for new files...
[2025-12-05 21:08:40] ⏳ Waiting for new files...
[2025-12-05 21:08:43] ⏳ Waiting for new files...
[2025-12-05 21:08:46] ⏳ Waiting for new files...
[2025-12-05 21:08:47] ⏳ Waiting for new files...
[2025-12-05 21:08:48] ⏳ Waiting for new files...
[2025-12-05 21:08:50] ⏳ Waiting for new files...
[2025-12-05 21:08:51] ⏳ Waiting for new files...
[2025-12-05 21:08:54] ⏳ Waiting for new files...
[2025-12-05 21:08:57] ⏳ Waiting for new files...
[2025-12-05 21:08:58] ⏳ Waiting for new files...
[2025-12-05 21:08:59] ⏳ Waiting for new files...
[2025-12-05 21:09:01] ⏳ Waiting for new files...
[2025-12-05 21:09:02] ⏳ Waiting for new files...
[2025-12-05 21:09:05] ⏳ Waiting for new files...
[2025-12-05 21:09:08] ⏳ Waiting for new files...
[2025-12-05 21:09:09] ⏳ Waiting for new files...
[2025-12-05 21:09:10] ⏳ Waiting for new files...
[2025-12-05 21:09:12] ⏳ Waiting for new files...
[2025-12-05 21:09:13] ⏳ Waiting for new files...
[2025-12-05 21:09:16] ⏳ Waiting for new files...
[2025-12-05 21:09:19] ⏳ Waiting for new files...
[2025-12-05 21:09:20] ⏳ Waiting for new files...
[2025-12-05 21:09:21] ⏳ Waiting for new files...
[2025-12-05 21:09:23] ⏳ Waiting for new files...
[2025-12-05 21:09:24] ⏳ Waiting for new files...
[2025-12-05 21:09:27] ⏳ Waiting for new files...
[2025-12-05 21:09:30] ⏳ Waiting for new files...
[2025-12-05 21:09:31] ⏳ Waiting for new files...
[2025-12-05 21:09:32] ⏳ Waiting for new files...
[2025-12-05 21:09:34] ⏳ Waiting for new files...
[2025-12-05 21:09:35] ⏳ Waiting for new files...
[2025-12-05 21:09:38] ⏳ Waiting for new files...
[2025-12-05 21:09:41] ⏳ Waiting for new files...
[2025-12-05 21:09:42] ⏳ Waiting for new files...
[2025-12-05 21:09:43] ⏳ Waiting for new files...
[2025-12-05 21:09:45] ⏳ Waiting for new files...
[2025-12-05 21:09:46] ⏳ Waiting for new files...
[2025-12-05 21:09:49] ⏳ Waiting for new files...
[2025-12-05 21:09:52] ⏳ Waiting for new files...
[2025-12-05 21:09:53] ⏳ Waiting for new files...
[2025-12-05 21:09:54] ⏳ Waiting for new files...
[2025-12-05 21:09:56] ⏳ Waiting for new files...
[2025-12-05 21:09:57] ⏳ Waiting for new files...
[2025-12-05 21:10:00] ⏳ Waiting for new files...
[2025-12-05 21:10:03] ⏳ Waiting for new files...
[2025-12-05 21:10:04] ⏳ Waiting for new files...
[2025-12-05 21:10:05] ⏳ Waiting for new files...
[2025-12-05 21:10:07] ⏳ Waiting for new files...
[2025-12-05 21:10:08] ⏳ Waiting for new files...
[2025-12-05 21:10:11] ⏳ Waiting for new files...
[2025-12-05 21:10:14] ⏳ Waiting for new files...
[2025-12-05 21:10:15] ⏳ Waiting for new files...
[2025-12-05 21:10:16] ⏳ Waiting for new files...
[2025-12-05 21:10:18] ⏳ Waiting for new files...
[2025-12-05 21:10:19] ⏳ Waiting for new files...
[2025-12-05 21:10:22] ⏳ Waiting for new files...
[2025-12-05 21:10:25] ⏳ Waiting for new files...
[2025-12-05 21:10:26] ⏳ Waiting for new files...
[2025-12-05 21:10:27] ⏳ Waiting for new files...
[2025-12-05 21:10:29] ⏳ Waiting for new files...
[2025-12-05 21:10:30] ⏳ Waiting for new files...
[2025-12-05 21:10:33] ⏳ Waiting for new files...
[2025-12-05 21:10:36] ⏳ Waiting for new files...
[2025-12-05 21:10:37] ⏳ Waiting for new files...
[2025-12-05 21:10:38] ⏳ Waiting for new files...
[2025-12-05 21:10:40] ⏳ Waiting for new files...
[2025-12-05 21:10:41] ⏳ Waiting for new files...
[2025-12-05 21:10:44] ⏳ Waiting for new files...
[2025-12-05 21:10:47] ⏳ Waiting for new files...
[2025-12-05 21:10:48] ⏳ Waiting for new files...
[2025-12-05 21:10:49] ⏳ Waiting for new files...
[2025-12-05 21:10:51] ⏳ Waiting for new files...
[2025-12-05 21:10:52] ⏳ Waiting for new files...
[2025-12-05 21:10:55] ⏳ Waiting for new files...
[2025-12-05 21:10:58] ⏳ Waiting for new files...
[2025-12-05 21:11:00] ⏳ Waiting for new files...
[2025-12-05 21:11:01] ⏳ Waiting for new files...
[2025-12-05 21:11:02] ⏳ Waiting for new files...
[2025-12-05 21:11:03] ⏳ Waiting for new files...
[2025-12-05 21:11:06] ⏳ Waiting for new files...
[2025-12-05 21:11:09] ⏳ Waiting for new files...
[2025-12-05 21:11:11] ⏳ Waiting for new files...
[2025-12-05 21:11:12] ⏳ Waiting for new files...
[2025-12-05 21:11:13] ⏳ Waiting for new files...
[2025-12-05 21:11:14] ⏳ Waiting for new files...
[2025-12-05 21:11:17] ⏳ Waiting for new files...
[2025-12-05 21:11:20] ⏳ Waiting for new files...
[2025-12-05 21:11:22] ⏳ Waiting for new files...
[2025-12-05 21:11:23] ⏳ Waiting for new files...
[2025-12-05 21:11:24] ⏳ Waiting for new files...
[2025-12-05 21:11:25] ⏳ Waiting for new files...
[2025-12-05 21:11:28] ⏳ Waiting for new files...
[2025-12-05 21:11:31] ⏳ Waiting for new files...
[2025-12-05 21:11:33] ⏳ Waiting for new files...
[2025-12-05 21:11:34] ⏳ Waiting for new files...
[2025-12-05 21:11:35] ⏳ Waiting for new files...
[2025-12-05 21:11:36] ⏳ Waiting for new files...
[2025-12-05 21:11:39] ⏳ Waiting for new files...
[2025-12-05 21:11:42] ⏳ Waiting for new files...
[2025-12-05 21:11:44] ⏳ Waiting for new files...
[2025-12-05 21:11:45] ⏳ Waiting for new files...
[2025-12-05 21:11:46] ⏳ Waiting for new files...
[2025-12-05 21:11:47] ⏳ Waiting for new files...
[2025-12-05 21:11:50] ⏳ Waiting for new files...
[2025-12-05 21:11:54] ⏳ Waiting for new files...
[2025-12-05 21:11:55] ⏳ Waiting for new files...
[2025-12-05 21:11:56] ⏳ Waiting for new files...
[2025-12-05 21:11:57] ⏳ Waiting for new files...
[2025-12-05 21:11:58] ⏳ Waiting for new files...
[2025-12-05 21:12:01] ⏳ Waiting for new files...
[2025-12-05 21:12:05] ⏳ Waiting for new files...
[2025-12-05 21:12:06] ⏳ Waiting for new files...
[2025-12-05 21:12:07] ⏳ Waiting for new files...
[2025-12-05 21:12:08] ⏳ Waiting for new files...
[2025-12-05 21:12:09] ⏳ Waiting for new files...
[2025-12-05 21:12:12] ⏳ Waiting for new files...
[2025-12-05 21:12:16] ⏳ Waiting for new files...
[2025-12-05 21:12:17] ⏳ Waiting for new files...
[2025-12-05 21:12:18] ⏳ Waiting for new files...
[2025-12-05 21:12:19] ⏳ Waiting for new files...
[2025-12-05 21:12:20] ⏳ Waiting for new files...
[2025-12-05 21:12:23] ⏳ Waiting for new files...
[2025-12-05 21:12:27] ⏳ Waiting for new files...
[2025-12-05 21:12:28] ⏳ Waiting for new files...
[2025-12-05 21:12:29] ⏳ Waiting for new files...
[2025-12-05 21:12:30] ⏳ Waiting for new files...
[2025-12-05 21:12:31] ⏳ Waiting for new files...
[2025-12-05 21:12:34] ⏳ Waiting for new files...
[2025-12-05 21:12:38] ⏳ Waiting for new files...
[2025-12-05 21:12:39] ⏳ Waiting for new files...
[2025-12-05 21:12:40] ⏳ Waiting for new files...
[2025-12-05 21:12:41] ⏳ Waiting for new files...
[2025-12-05 21:12:42] ⏳ Waiting for new files...
[2025-12-05 21:12:45] ⏳ Waiting for new files...
[2025-12-05 21:12:49] ⏳ Waiting for new files...
[2025-12-05 21:12:50] ⏳ Waiting for new files...
[2025-12-05 21:12:51] ⏳ Waiting for new files...
[2025-12-05 21:12:52] ⏳ Waiting for new files...
[2025-12-05 21:12:53] ⏳ Waiting for new files...
[2025-12-05 21:12:56] ⏳ Waiting for new files...
[2025-12-05 21:13:00] ⏳ Waiting for new files...
[2025-12-05 21:13:01] ⏳ Waiting for new files...
[2025-12-05 21:13:02] ⏳ Waiting for new files...
[2025-12-05 21:13:03] ⏳ Waiting for new files...
[2025-12-05 21:13:04] ⏳ Waiting for new files...
[2025-12-05 21:13:07] ⏳ Waiting for new files...
[2025-12-05 21:13:11] ⏳ Waiting for new files...
[2025-12-05 21:13:12] ⏳ Waiting for new files...
[2025-12-05 21:13:13] ⏳ Waiting for new files...
[2025-12-05 21:13:14] ⏳ Waiting for new files...
[2025-12-05 21:13:15] ⏳ Waiting for new files...
[2025-12-05 21:13:18] ⏳ Waiting for new files...
[2025-12-05 21:13:22] ⏳ Waiting for new files...
[2025-12-05 21:13:23] ⏳ Waiting for new files...
[2025-12-05 21:13:24] ⏳ Waiting for new files...
[2025-12-05 21:13:25] ⏳ Waiting for new files...
[2025-12-05 21:13:26] ⏳ Waiting for new files...
[2025-12-05 21:13:30] ⏳ Waiting for new files...
[2025-12-05 21:13:33] ⏳ Waiting for new files...
[2025-12-05 21:13:34] ⏳ Waiting for new files...
[2025-12-05 21:13:35] ⏳ Waiting for new files...
[2025-12-05 21:13:36] ⏳ Waiting for new files...
[2025-12-05 21:13:38] ⏳ Waiting for new files...
[2025-12-05 21:13:41] ⏳ Waiting for new files...
[2025-12-05 21:13:44] ⏳ Waiting for new files...
[2025-12-05 21:13:45] ⏳ Waiting for new files...
[2025-12-05 21:13:46] ⏳ Waiting for new files...
[2025-12-05 21:13:47] ⏳ Waiting for new files...
[2025-12-05 21:13:49] ⏳ Waiting for new files...
[2025-12-05 21:13:52] ⏳ Waiting for new files...
[2025-12-05 21:13:55] ⏳ Waiting for new files...
[2025-12-05 21:13:56] ⏳ Waiting for new files...
[2025-12-05 21:13:57] ⏳ Waiting for new files...
[2025-12-05 21:13:58] ⏳ Waiting for new files...
[2025-12-05 21:14:00] ⏳ Waiting for new files...
[2025-12-05 21:14:03] ⏳ Waiting for new files...
[2025-12-05 21:14:06] ⏳ Waiting for new files...
[2025-12-05 21:14:07] ⏳ Waiting for new files...
[2025-12-05 21:14:08] ⏳ Waiting for new files...
[2025-12-05 21:14:09] ⏳ Waiting for new files...
[2025-12-05 21:14:11] ⏳ Waiting for new files...
[2025-12-05 21:14:14] ⏳ Waiting for new files...
[2025-12-05 21:14:17] ⏳ Waiting for new files...
[2025-12-05 21:14:18] ⏳ Waiting for new files...
[2025-12-05 21:14:19] ⏳ Waiting for new files...
[2025-12-05 21:14:20] ⏳ Waiting for new files...
[2025-12-05 21:14:22] ⏳ Waiting for new files...
[2025-12-05 21:14:25] ⏳ Waiting for new files...
[2025-12-05 21:14:28] ⏳ Waiting for new files...
[2025-12-05 21:14:29] ⏳ Waiting for new files...
[2025-12-05 21:14:30] ⏳ Waiting for new files...
[2025-12-05 21:14:31] ⏳ Waiting for new files...
[2025-12-05 21:14:33] ⏳ Waiting for new files...
[2025-12-05 21:14:36] ⏳ Waiting for new files...
[2025-12-05 21:14:39] ⏳ Waiting for new files...
[2025-12-05 21:14:40] ⏳ Waiting for new files...
[2025-12-05 21:14:41] ⏳ Waiting for new files...
[2025-12-05 21:14:43] ⏳ Waiting for new files...
[2025-12-05 21:14:44] ⏳ Waiting for new files...
[2025-12-05 21:14:47] ⏳ Waiting for new files...
[2025-12-05 21:14:50] ⏳ Waiting for new files...
[2025-12-05 21:14:51] ⏳ Waiting for new files...
[2025-12-05 21:14:52] ⏳ Waiting for new files...
[2025-12-05 21:14:54] ⏳ Waiting for new files...
[2025-12-05 21:14:55] ⏳ Waiting for new files...
[2025-12-05 21:14:58] ⏳ Waiting for new files...
[2025-12-05 21:15:01] ⏳ Waiting for new files...
[2025-12-05 21:15:02] ⏳ Waiting for new files...
[2025-12-05 21:15:03] ⏳ Waiting for new files...
[2025-12-05 21:15:05] ⏳ Waiting for new files...
[2025-12-05 21:15:06] ⏳ Waiting for new files...
[2025-12-05 21:15:09] ⏳ Waiting for new files...
[2025-12-05 21:15:12] ⏳ Waiting for new files...
[2025-12-05 21:15:13] ⏳ Waiting for new files...
[2025-12-05 21:15:14] ⏳ Waiting for new files...
[2025-12-05 21:15:16] ⏳ Waiting for new files...
[2025-12-05 21:15:17] ⏳ Waiting for new files...
[2025-12-05 21:15:20] ⏳ Waiting for new files...
[2025-12-05 21:15:23] ⏳ Waiting for new files...
[2025-12-05 21:15:24] ⏳ Waiting for new files...
[2025-12-05 21:15:25] ⏳ Waiting for new files...
[2025-12-05 21:15:27] ⏳ Waiting for new files...
[2025-12-05 21:15:28] ⏳ Waiting for new files...
[2025-12-05 21:15:31] ⏳ Waiting for new files...
[2025-12-05 21:15:34] ⏳ Waiting for new files...
[2025-12-05 21:15:35] ⏳ Waiting for new files...
[2025-12-05 21:15:36] ⏳ Waiting for new files...
[2025-12-05 21:15:38] ⏳ Waiting for new files...
[2025-12-05 21:15:39] ⏳ Waiting for new files...
[2025-12-05 21:15:42] ⏳ Waiting for new files...
[2025-12-05 21:15:45] ⏳ Waiting for new files...
[2025-12-05 21:15:46] ⏳ Waiting for new files...
[2025-12-05 21:15:47] ⏳ Waiting for new files...
[2025-12-05 21:15:49] ⏳ Waiting for new files...
[2025-12-05 21:15:50] ⏳ Waiting for new files...
[2025-12-05 21:15:53] ⏳ Waiting for new files...
[2025-12-05 21:15:56] ⏳ Waiting for new files...
[2025-12-05 21:15:57] ⏳ Waiting for new files...
[2025-12-05 21:15:58] ⏳ Waiting for new files...
[2025-12-05 21:16:00] ⏳ Waiting for new files...
[2025-12-05 21:16:01] ⏳ Waiting for new files...
[2025-12-05 21:16:04] ⏳ Waiting for new files...
[2025-12-05 21:16:07] ⏳ Waiting for new files...
[2025-12-05 21:16:08] ⏳ Waiting for new files...
[2025-12-05 21:16:09] ⏳ Waiting for new files...
[2025-12-05 21:16:11] ⏳ Waiting for new files...
[2025-12-05 21:16:12] ⏳ Waiting for new files...
[2025-12-05 21:16:15] ⏳ Waiting for new files...
[2025-12-05 21:16:18] ⏳ Waiting for new files...
[2025-12-05 21:16:19] ⏳ Waiting for new files...
[2025-12-05 21:16:20] ⏳ Waiting for new files...
[2025-12-05 21:16:22] ⏳ Waiting for new files...
[2025-12-05 21:16:23] ⏳ Waiting for new files...
[2025-12-05 21:16:26] ⏳ Waiting for new files...
[2025-12-05 21:16:29] ⏳ Waiting for new files...
[2025-12-05 21:16:30] ⏳ Waiting for new files...
[2025-12-05 21:16:31] ⏳ Waiting for new files...
[2025-12-05 21:16:33] ⏳ Waiting for new files...
[2025-12-05 21:16:34] ⏳ Waiting for new files...
[2025-12-05 21:16:37] ⏳ Waiting for new files...
[2025-12-05 21:16:40] ⏳ Waiting for new files...
[2025-12-05 21:16:41] ⏳ Waiting for new files...
[2025-12-05 21:16:42] ⏳ Waiting for new files...
[2025-12-05 21:16:44] ⏳ Waiting for new files...
[2025-12-05 21:16:45] ⏳ Waiting for new files...
[2025-12-05 21:16:48] ⏳ Waiting for new files...
[2025-12-05 21:16:51] ⏳ Waiting for new files...
[2025-12-05 21:16:52] ⏳ Waiting for new files...
[2025-12-05 21:16:53] ⏳ Waiting for new files...
[2025-12-05 21:16:55] ⏳ Waiting for new files...
[2025-12-05 21:16:56] ⏳ Waiting for new files...
[2025-12-05 21:16:59] ⏳ Waiting for new files...
[2025-12-05 21:17:02] ⏳ Waiting for new files...
[2025-12-05 21:17:03] ⏳ Waiting for new files...
[2025-12-05 21:17:04] ⏳ Waiting for new files...
[2025-12-05 21:17:06] ⏳ Waiting for new files...
[2025-12-05 21:17:07] ⏳ Waiting for new files...
[2025-12-05 21:17:10] ⏳ Waiting for new files...
[2025-12-05 21:17:13] ⏳ Waiting for new files...
[2025-12-05 21:17:15] ⏳ Waiting for new files...
[2025-12-05 21:17:15] ⏳ Waiting for new files...
[2025-12-05 21:17:17] ⏳ Waiting for new files...
[2025-12-05 21:17:18] ⏳ Waiting for new files...
[2025-12-05 21:17:21] ⏳ Waiting for new files...
[2025-12-05 21:17:24] ⏳ Waiting for new files...
[2025-12-05 21:17:26] ⏳ Waiting for new files...
[2025-12-05 21:17:27] ⏳ Waiting for new files...
[2025-12-05 21:17:28] ⏳ Waiting for new files...
[2025-12-05 21:17:29] ⏳ Waiting for new files...
[2025-12-05 21:17:32] ⏳ Waiting for new files...
[2025-12-05 21:17:35] ⏳ Waiting for new files...
[2025-12-05 21:17:37] ⏳ Waiting for new files...
[2025-12-05 21:17:38] ⏳ Waiting for new files...
[2025-12-05 21:17:39] ⏳ Waiting for new files...
[2025-12-05 21:17:40] ⏳ Waiting for new files...
[2025-12-05 21:17:43] ⏳ Waiting for new files...
[2025-12-05 21:17:46] ⏳ Waiting for new files...
[2025-12-05 21:17:48] ⏳ Waiting for new files...
[2025-12-05 21:17:49] ⏳ Waiting for new files...
[2025-12-05 21:17:50] ⏳ Waiting for new files...
[2025-12-05 21:17:51] ⏳ Waiting for new files...
[2025-12-05 21:17:54] ⏳ Waiting for new files...
[2025-12-05 21:17:57] ⏳ Waiting for new files...
[2025-12-05 21:17:59] ⏳ Waiting for new files...
[2025-12-05 21:18:00] ⏳ Waiting for new files...
[2025-12-05 21:18:01] ⏳ Waiting for new files...
[2025-12-05 21:18:02] ⏳ Waiting for new files...
[2025-12-05 21:18:05] ⏳ Waiting for new files...
[2025-12-05 21:18:09] ⏳ Waiting for new files...
[2025-12-05 21:18:10] ⏳ Waiting for new files...
[2025-12-05 21:18:11] ⏳ Waiting for new files...
[2025-12-05 21:18:12] ⏳ Waiting for new files...
[2025-12-05 21:18:13] ⏳ Waiting for new files...
[2025-12-05 21:18:16] ⏳ Waiting for new files...
[2025-12-05 21:18:20] ⏳ Waiting for new files...
[2025-12-05 21:18:21] ⏳ Waiting for new files...
[2025-12-05 21:18:22] ⏳ Waiting for new files...
[2025-12-05 21:18:23] ⏳ Waiting for new files...
[2025-12-05 21:18:24] ⏳ Waiting for new files...
[2025-12-05 21:18:27] ⏳ Waiting for new files...
[2025-12-05 21:18:31] ⏳ Waiting for new files...
[2025-12-05 21:18:32] ⏳ Waiting for new files...
[2025-12-05 21:18:33] ⏳ Waiting for new files...
[2025-12-05 21:18:34] ⏳ Waiting for new files...
[2025-12-05 21:18:35] ⏳ Waiting for new files...
[2025-12-05 21:18:38] ⏳ Waiting for new files...
[2025-12-05 21:18:42] ⏳ Waiting for new files...
[2025-12-05 21:18:43] ⏳ Waiting for new files...
[2025-12-05 21:18:44] ⏳ Waiting for new files...
[2025-12-05 21:18:45] ⏳ Waiting for new files...
[2025-12-05 21:18:46] ⏳ Waiting for new files...
[2025-12-05 21:18:49] ⏳ Waiting for new files...
[2025-12-05 21:18:53] ⏳ Waiting for new files...
[2025-12-05 21:18:54] ⏳ Waiting for new files...
[2025-12-05 21:18:55] ⏳ Waiting for new files...
[2025-12-05 21:18:56] ⏳ Waiting for new files...
[2025-12-05 21:18:57] ⏳ Waiting for new files...
[2025-12-05 21:19:00] ⏳ Waiting for new files...
[2025-12-05 21:19:04] ⏳ Waiting for new files...
[2025-12-05 21:19:05] ⏳ Waiting for new files...
[2025-12-05 21:19:06] ⏳ Waiting for new files...
[2025-12-05 21:19:07] ⏳ Waiting for new files...
[2025-12-05 21:19:08] ⏳ Waiting for new files...
[2025-12-05 21:19:11] ⏳ Waiting for new files...
[2025-12-05 21:19:15] ⏳ Waiting for new files...
[2025-12-05 21:19:16] ⏳ Waiting for new files...
[2025-12-05 21:19:17] ⏳ Waiting for new files...
[2025-12-05 21:19:18] ⏳ Waiting for new files...
[2025-12-05 21:19:19] ⏳ Waiting for new files...
[2025-12-05 21:19:22] ⏳ Waiting for new files...
[2025-12-05 21:19:26] ⏳ Waiting for new files...
[2025-12-05 21:19:27] ⏳ Waiting for new files...
[2025-12-05 21:19:28] ⏳ Waiting for new files...
[2025-12-05 21:19:29] ⏳ Waiting for new files...
[2025-12-05 21:19:30] ⏳ Waiting for new files...
[2025-12-05 21:19:33] ⏳ Waiting for new files...
[2025-12-05 21:19:37] ⏳ Waiting for new files...
[2025-12-05 21:19:38] ⏳ Waiting for new files...
[2025-12-05 21:19:39] ⏳ Waiting for new files...
[2025-12-05 21:19:40] ⏳ Waiting for new files...
[2025-12-05 21:19:41] ⏳ Waiting for new files...
[2025-12-05 21:19:44] ⏳ Waiting for new files...
[2025-12-05 21:19:48] ⏳ Waiting for new files...
[2025-12-05 21:19:49] ⏳ Waiting for new files...
[2025-12-05 21:19:50] ⏳ Waiting for new files...
[2025-12-05 21:19:51] ⏳ Waiting for new files...
[2025-12-05 21:19:52] ⏳ Waiting for new files...
[2025-12-05 21:19:56] ⏳ Waiting for new files...
[2025-12-05 21:19:59] ⏳ Waiting for new files...
[2025-12-05 21:20:00] ⏳ Waiting for new files...
[2025-12-05 21:20:01] ⏳ Waiting for new files...
[2025-12-05 21:20:02] ⏳ Waiting for new files...
[2025-12-05 21:20:03] ⏳ Waiting for new files...
[2025-12-05 21:20:07] ⏳ Waiting for new files...
[2025-12-05 21:20:10] ⏳ Waiting for new files...
[2025-12-05 21:20:11] ⏳ Waiting for new files...
[2025-12-05 21:20:12] ⏳ Waiting for new files...
[2025-12-05 21:20:13] ⏳ Waiting for new files...
[2025-12-05 21:20:15] ⏳ Waiting for new files...
[2025-12-05 21:20:18] ⏳ Waiting for new files...
[2025-12-05 21:20:21] ⏳ Waiting for new files...
[2025-12-05 21:20:22] ⏳ Waiting for new files...
[2025-12-05 21:20:23] ⏳ Waiting for new files...
[2025-12-05 21:20:24] ⏳ Waiting for new files...
[2025-12-05 21:20:26] ⏳ Waiting for new files...
[2025-12-05 21:20:29] ⏳ Waiting for new files...
[2025-12-05 21:20:32] ⏳ Waiting for new files...
[2025-12-05 21:20:33] ⏳ Waiting for new files...
[2025-12-05 21:20:34] ⏳ Waiting for new files...
[2025-12-05 21:20:35] ⏳ Waiting for new files...
[2025-12-05 21:20:37] ⏳ Waiting for new files...
[2025-12-05 21:20:40] ⏳ Waiting for new files...
[2025-12-05 21:20:43] ⏳ Waiting for new files...
[2025-12-05 21:20:44] ⏳ Waiting for new files...
[2025-12-05 21:20:45] ⏳ Waiting for new files...
[2025-12-05 21:20:46] ⏳ Waiting for new files...
[2025-12-05 21:20:48] ⏳ Waiting for new files...
[2025-12-05 21:20:51] ⏳ Waiting for new files...
[2025-12-05 21:20:54] ⏳ Waiting for new files...
[2025-12-05 21:20:55] ⏳ Waiting for new files...
[2025-12-05 21:20:56] ⏳ Waiting for new files...
[2025-12-05 21:20:58] ⏳ Waiting for new files...
[2025-12-05 21:20:59] ⏳ Waiting for new files...
[2025-12-05 21:21:02] ⏳ Waiting for new files...
[2025-12-05 21:21:05] ⏳ Waiting for new files...
[2025-12-05 21:21:06] ⏳ Waiting for new files...
[2025-12-05 21:21:07] ⏳ Waiting for new files...
[2025-12-05 21:21:09] ⏳ Waiting for new files...
[2025-12-05 21:21:10] ⏳ Waiting for new files...
[2025-12-05 21:21:13] ⏳ Waiting for new files...
[2025-12-05 21:21:16] ⏳ Waiting for new files...
[2025-12-05 21:21:17] ⏳ Waiting for new files...
[2025-12-05 21:21:18] ⏳ Waiting for new files...
[2025-12-05 21:21:20] ⏳ Waiting for new files...
[2025-12-05 21:21:21] ⏳ Waiting for new files...
[2025-12-05 21:21:24] ⏳ Waiting for new files...
[2025-12-05 21:21:27] ⏳ Waiting for new files...
[2025-12-05 21:21:28] ⏳ Waiting for new files...
[2025-12-05 21:21:29] ⏳ Waiting for new files...
[2025-12-05 21:21:31] ⏳ Waiting for new files...
[2025-12-05 21:21:32] ⏳ Waiting for new files...
[2025-12-05 21:21:35] ⏳ Waiting for new files...
[2025-12-05 21:21:38] ⏳ Waiting for new files...
[2025-12-05 21:21:39] ⏳ Waiting for new files...
[2025-12-05 21:21:40] ⏳ Waiting for new files...
[2025-12-05 21:21:42] ⏳ Waiting for new files...
[2025-12-05 21:21:43] ⏳ Waiting for new files...
[2025-12-05 21:21:46] ⏳ Waiting for new files...
[2025-12-05 21:21:49] ⏳ Waiting for new files...
[2025-12-05 21:21:50] ⏳ Waiting for new files...
[2025-12-05 21:21:51] ⏳ Waiting for new files...
[2025-12-05 21:21:53] ⏳ Waiting for new files...
[2025-12-05 21:21:54] ⏳ Waiting for new files...
[2025-12-05 21:21:57] ⏳ Waiting for new files...
[2025-12-05 21:22:00] ⏳ Waiting for new files...
[2025-12-05 21:22:01] ⏳ Waiting for new files...
[2025-12-05 21:22:02] ⏳ Waiting for new files...
[2025-12-05 21:22:04] ⏳ Waiting for new files...
[2025-12-05 21:22:05] ⏳ Waiting for new files...
[2025-12-05 21:22:08] ⏳ Waiting for new files...
[2025-12-05 21:22:11] ⏳ Waiting for new files...
[2025-12-05 21:22:12] ⏳ Waiting for new files...
[2025-12-05 21:22:13] ⏳ Waiting for new files...
[2025-12-05 21:22:15] ⏳ Waiting for new files...
[2025-12-05 21:22:16] ⏳ Waiting for new files...
[2025-12-05 21:22:19] ⏳ Waiting for new files...
[2025-12-05 21:22:22] ⏳ Waiting for new files...
[2025-12-05 21:22:23] ⏳ Waiting for new files...
[2025-12-05 21:22:24] ⏳ Waiting for new files...
[2025-12-05 21:22:26] ⏳ Waiting for new files...
[2025-12-05 21:22:27] ⏳ Waiting for new files...
[2025-12-05 21:22:30] ⏳ Waiting for new files...
[2025-12-05 21:22:33] ⏳ Waiting for new files...
[2025-12-05 21:22:34] ⏳ Waiting for new files...
[2025-12-05 21:22:35] ⏳ Waiting for new files...
[2025-12-05 21:22:37] ⏳ Waiting for new files...
[2025-12-05 21:22:38] ⏳ Waiting for new files...
[2025-12-05 21:22:41] ⏳ Waiting for new files...
[2025-12-05 21:22:44] ⏳ Waiting for new files...
[2025-12-05 21:22:45] ⏳ Waiting for new files...
[2025-12-05 21:22:46] ⏳ Waiting for new files...
[2025-12-05 21:22:48] ⏳ Waiting for new files...
[2025-12-05 21:22:49] ⏳ Waiting for new files...
[2025-12-05 21:22:52] ⏳ Waiting for new files...
[2025-12-05 21:22:55] ⏳ Waiting for new files...
[2025-12-05 21:22:56] ⏳ Waiting for new files...
[2025-12-05 21:22:57] ⏳ Waiting for new files...
[2025-12-05 21:22:59] ⏳ Waiting for new files...
[2025-12-05 21:23:00] ⏳ Waiting for new files...
[2025-12-05 21:23:03] ⏳ Waiting for new files...
[2025-12-05 21:23:06] ⏳ Waiting for new files...
[2025-12-05 21:23:07] ⏳ Waiting for new files...
[2025-12-05 21:23:08] ⏳ Waiting for new files...
[2025-12-05 21:23:10] ⏳ Waiting for new files...
[2025-12-05 21:23:11] ⏳ Waiting for new files...
[2025-12-05 21:23:14] ⏳ Waiting for new files...
[2025-12-05 21:23:17] ⏳ Waiting for new files...
[2025-12-05 21:23:18] ⏳ Waiting for new files...
[2025-12-05 21:23:19] ⏳ Waiting for new files...
[2025-12-05 21:23:21] ⏳ Waiting for new files...
[2025-12-05 21:23:22] ⏳ Waiting for new files...
[2025-12-05 21:23:25] ⏳ Waiting for new files...
[2025-12-05 21:23:28] ⏳ Waiting for new files...
[2025-12-05 21:23:30] ⏳ Waiting for new files...
[2025-12-05 21:23:30] ⏳ Waiting for new files...
[2025-12-05 21:23:32] ⏳ Waiting for new files...
[2025-12-05 21:23:33] ⏳ Waiting for new files...
[2025-12-05 21:23:36] ⏳ Waiting for new files...
[2025-12-05 21:23:39] ⏳ Waiting for new files...
[2025-12-05 21:23:41] ⏳ Waiting for new files...
[2025-12-05 21:23:41] ⏳ Waiting for new files...
[2025-12-05 21:23:43] ⏳ Waiting for new files...
[2025-12-05 21:23:44] ⏳ Waiting for new files...
[2025-12-05 21:23:47] ⏳ Waiting for new files...
[2025-12-05 21:23:50] ⏳ Waiting for new files...
[2025-12-05 21:23:52] ⏳ Waiting for new files...
[2025-12-05 21:23:52] ⏳ Waiting for new files...
[2025-12-05 21:23:54] ⏳ Waiting for new files...
[2025-12-05 21:23:55] ⏳ Waiting for new files...
[2025-12-05 21:23:58] ⏳ Waiting for new files...
[2025-12-05 21:24:01] ⏳ Waiting for new files...
[2025-12-05 21:24:03] ⏳ Waiting for new files...
[2025-12-05 21:24:04] ⏳ Waiting for new files...
[2025-12-05 21:24:05] ⏳ Waiting for new files...
[2025-12-05 21:24:06] ⏳ Waiting for new files...
[2025-12-05 21:24:09] ⏳ Waiting for new files...
[2025-12-05 21:24:12] ⏳ Waiting for new files...
[2025-12-05 21:24:14] ⏳ Waiting for new files...
[2025-12-05 21:24:15] ⏳ Waiting for new files...
[2025-12-05 21:24:16] ⏳ Waiting for new files...
[2025-12-05 21:24:17] ⏳ Waiting for new files...
[2025-12-05 21:24:20] ⏳ Waiting for new files...
[2025-12-05 21:24:23] ⏳ Waiting for new files...
[2025-12-05 21:24:25] ⏳ Waiting for new files...
[2025-12-05 21:24:26] ⏳ Waiting for new files...
[2025-12-05 21:24:27] ⏳ Waiting for new files...
[2025-12-05 21:24:28] ⏳ Waiting for new files...
[2025-12-05 21:24:31] ⏳ Waiting for new files...
[2025-12-05 21:24:34] ⏳ Waiting for new files...
[2025-12-05 21:24:36] ⏳ Waiting for new files...
[2025-12-05 21:24:37] ⏳ Waiting for new files...
[2025-12-05 21:24:38] ⏳ Waiting for new files...
[2025-12-05 21:24:39] ⏳ Waiting for new files...
[2025-12-05 21:24:42] ⏳ Waiting for new files...
[2025-12-05 21:24:45] ⏳ Waiting for new files...
[2025-12-05 21:24:47] ⏳ Waiting for new files...
[2025-12-05 21:24:48] ⏳ Waiting for new files...
[2025-12-05 21:24:49] ⏳ Waiting for new files...
[2025-12-05 21:24:50] ⏳ Waiting for new files...
[2025-12-05 21:24:53] ⏳ Waiting for new files...
[2025-12-05 21:24:57] ⏳ Waiting for new files...
[2025-12-05 21:24:58] ⏳ Waiting for new files...
[2025-12-05 21:24:59] ⏳ Waiting for new files...
[2025-12-05 21:25:00] ⏳ Waiting for new files...
[2025-12-05 21:25:01] ⏳ Waiting for new files...
[2025-12-05 21:25:04] ⏳ Waiting for new files...
[2025-12-05 21:25:08] ⏳ Waiting for new files...
[2025-12-05 21:25:09] ⏳ Waiting for new files...
[2025-12-05 21:25:10] ⏳ Waiting for new files...
[2025-12-05 21:25:11] ⏳ Waiting for new files...
[2025-12-05 21:25:12] ⏳ Waiting for new files...
[2025-12-05 21:25:15] ⏳ Waiting for new files...
[2025-12-05 21:25:19] ⏳ Waiting for new files...
[2025-12-05 21:25:20] ⏳ Waiting for new files...
[2025-12-05 21:25:21] ⏳ Waiting for new files...
[2025-12-05 21:25:22] ⏳ Waiting for new files...
[2025-12-05 21:25:23] ⏳ Waiting for new files...
[2025-12-05 21:25:26] ⏳ Waiting for new files...
[2025-12-05 21:25:30] ⏳ Waiting for new files...
[2025-12-05 21:25:31] ⏳ Waiting for new files...
[2025-12-05 21:25:32] ⏳ Waiting for new files...
[2025-12-05 21:25:33] ⏳ Waiting for new files...
[2025-12-05 21:25:34] ⏳ Waiting for new files...
[2025-12-05 21:25:37] ⏳ Waiting for new files...
[2025-12-05 21:25:41] ⏳ Waiting for new files...
[2025-12-05 21:25:42] ⏳ Waiting for new files...
[2025-12-05 21:25:43] ⏳ Waiting for new files...
[2025-12-05 21:25:44] ⏳ Waiting for new files...
[2025-12-05 21:25:45] ⏳ Waiting for new files...
[2025-12-05 21:25:48] ⏳ Waiting for new files...
[2025-12-05 21:25:52] ⏳ Waiting for new files...
[2025-12-05 21:25:53] ⏳ Waiting for new files...
[2025-12-05 21:25:54] ⏳ Waiting for new files...
[2025-12-05 21:25:55] ⏳ Waiting for new files...
[2025-12-05 21:25:56] ⏳ Waiting for new files...
[2025-12-05 21:25:59] ⏳ Waiting for new files...
[2025-12-05 21:26:03] ⏳ Waiting for new files...
[2025-12-05 21:26:04] ⏳ Waiting for new files...
[2025-12-05 21:26:05] ⏳ Waiting for new files...
[2025-12-05 21:26:06] ⏳ Waiting for new files...
[2025-12-05 21:26:07] ⏳ Waiting for new files...
[2025-12-05 21:26:10] ⏳ Waiting for new files...
[2025-12-05 21:26:14] ⏳ Waiting for new files...
[2025-12-05 21:26:15] ⏳ Waiting for new files...
[2025-12-05 21:26:16] ⏳ Waiting for new files...
[2025-12-05 21:26:17] ⏳ Waiting for new files...
[2025-12-05 21:26:19] ⏳ Waiting for new files...
[2025-12-05 21:26:21] ⏳ Waiting for new files...
[2025-12-05 21:26:25] ⏳ Waiting for new files...
[2025-12-05 21:26:26] ⏳ Waiting for new files...
[2025-12-05 21:26:27] ⏳ Waiting for new files...
[2025-12-05 21:26:28] ⏳ Waiting for new files...
[2025-12-05 21:26:30] ⏳ Waiting for new files...
[2025-12-05 21:26:32] ⏳ Waiting for new files...
[2025-12-05 21:26:36] ⏳ Waiting for new files...
[2025-12-05 21:26:37] ⏳ Waiting for new files...
[2025-12-05 21:26:38] ⏳ Waiting for new files...
[2025-12-05 21:26:39] ⏳ Waiting for new files...
[2025-12-05 21:26:41] ⏳ Waiting for new files...
[2025-12-05 21:26:44] ⏳ Waiting for new files...
[2025-12-05 21:26:47] ⏳ Waiting for new files...
[2025-12-05 21:26:48] ⏳ Waiting for new files...
[2025-12-05 21:26:49] ⏳ Waiting for new files...
[2025-12-05 21:26:50] ⏳ Waiting for new files...
[2025-12-05 21:26:52] ⏳ Waiting for new files...
[2025-12-05 21:26:55] ⏳ Waiting for new files...
[2025-12-05 21:26:58] ⏳ Waiting for new files...
[2025-12-05 21:26:59] ⏳ Waiting for new files...
[2025-12-05 21:27:00] ⏳ Waiting for new files...
[2025-12-05 21:27:01] ⏳ Waiting for new files...
[2025-12-05 21:27:03] ⏳ Waiting for new files...
[2025-12-05 21:27:06] ⏳ Waiting for new files...
[2025-12-05 21:27:09] ⏳ Waiting for new files...
[2025-12-05 21:27:10] ⏳ Waiting for new files...
[2025-12-05 21:27:11] ⏳ Waiting for new files...
[2025-12-05 21:27:12] ⏳ Waiting for new files...
[2025-12-05 21:27:14] ⏳ Waiting for new files...
[2025-12-05 21:27:17] ⏳ Waiting for new files...
[2025-12-05 21:27:20] ⏳ Waiting for new files...
[2025-12-05 21:27:21] ⏳ Waiting for new files...
[2025-12-05 21:27:22] ⏳ Waiting for new files...
[2025-12-05 21:27:24] ⏳ Waiting for new files...
[2025-12-05 21:27:25] ⏳ Waiting for new files...
[2025-12-05 21:27:28] ⏳ Waiting for new files...
[2025-12-05 21:27:31] ⏳ Waiting for new files...
[2025-12-05 21:27:32] ⏳ Waiting for new files...
[2025-12-05 21:27:33] ⏳ Waiting for new files...
[2025-12-05 21:27:35] ⏳ Waiting for new files...
[2025-12-05 21:27:36] ⏳ Waiting for new files...
[2025-12-05 21:27:39] ⏳ Waiting for new files...
[2025-12-05 21:27:42] ⏳ Waiting for new files...
[2025-12-05 21:27:43] ⏳ Waiting for new files...
[2025-12-05 21:27:44] ⏳ Waiting for new files...
[2025-12-05 21:27:46] ⏳ Waiting for new files...
[2025-12-05 21:27:47] ⏳ Waiting for new files...
[2025-12-05 21:27:50] ⏳ Waiting for new files...
[2025-12-05 21:27:53] ⏳ Waiting for new files...
[2025-12-05 21:27:54] ⏳ Waiting for new files...
[2025-12-05 21:27:55] ⏳ Waiting for new files...
[2025-12-05 21:27:57] ⏳ Waiting for new files...
[2025-12-05 21:27:58] ⏳ Waiting for new files...
[2025-12-05 21:28:01] ⏳ Waiting for new files...
[2025-12-05 21:28:04] ⏳ Waiting for new files...
[2025-12-05 21:28:05] ⏳ Waiting for new files...
[2025-12-05 21:28:06] ⏳ Waiting for new files...
[2025-12-05 21:28:08] ⏳ Waiting for new files...
[2025-12-05 21:28:09] ⏳ Waiting for new files...
[2025-12-05 21:28:12] ⏳ Waiting for new files...
[2025-12-05 21:28:15] ⏳ Waiting for new files...
[2025-12-05 21:28:16] ⏳ Waiting for new files...
[2025-12-05 21:28:17] ⏳ Waiting for new files...
[2025-12-05 21:28:19] ⏳ Waiting for new files...
[2025-12-05 21:28:20] ⏳ Waiting for new files...
[2025-12-05 21:28:23] ⏳ Waiting for new files...
[2025-12-05 21:28:26] ⏳ Waiting for new files...
[2025-12-05 21:28:27] ⏳ Waiting for new files...
[2025-12-05 21:28:28] ⏳ Waiting for new files...
[2025-12-05 21:28:30] ⏳ Waiting for new files...
[2025-12-05 21:28:31] ⏳ Waiting for new files...
[2025-12-05 21:28:34] ⏳ Waiting for new files...
[2025-12-05 21:28:37] ⏳ Waiting for new files...
[2025-12-05 21:28:38] ⏳ Waiting for new files...
[2025-12-05 21:28:39] ⏳ Waiting for new files...
[2025-12-05 21:28:41] ⏳ Waiting for new files...
[2025-12-05 21:28:42] ⏳ Waiting for new files...
[2025-12-05 21:28:45] ⏳ Waiting for new files...
[2025-12-05 21:28:48] ⏳ Waiting for new files...
[2025-12-05 21:28:49] ⏳ Waiting for new files...
[2025-12-05 21:28:50] ⏳ Waiting for new files...
[2025-12-05 21:28:52] ⏳ Waiting for new files...
[2025-12-05 21:28:53] ⏳ Waiting for new files...
[2025-12-05 21:28:56] ⏳ Waiting for new files...
[2025-12-05 21:28:59] ⏳ Waiting for new files...
[2025-12-05 21:29:00] ⏳ Waiting for new files...
[2025-12-05 21:29:01] ⏳ Waiting for new files...
[2025-12-05 21:29:03] ⏳ Waiting for new files...
[2025-12-05 21:29:04] ⏳ Waiting for new files...
[2025-12-05 21:29:07] ⏳ Waiting for new files...
[2025-12-05 21:29:10] ⏳ Waiting for new files...
[2025-12-05 21:29:11] ⏳ Waiting for new files...
[2025-12-05 21:29:12] ⏳ Waiting for new files...
[2025-12-05 21:29:14] ⏳ Waiting for new files...
[2025-12-05 21:29:15] ⏳ Waiting for new files...
[2025-12-05 21:29:18] ⏳ Waiting for new files...
[2025-12-05 21:29:21] ⏳ Waiting for new files...
[2025-12-05 21:29:22] ⏳ Waiting for new files...
[2025-12-05 21:29:23] ⏳ Waiting for new files...
[2025-12-05 21:29:25] ⏳ Waiting for new files...
[2025-12-05 21:29:26] ⏳ Waiting for new files...
[2025-12-05 21:29:29] ⏳ Waiting for new files...
[2025-12-05 21:29:32] ⏳ Waiting for new files...
[2025-12-05 21:29:33] ⏳ Waiting for new files...
[2025-12-05 21:29:34] ⏳ Waiting for new files...
[2025-12-05 21:29:36] ⏳ Waiting for new files...
[2025-12-05 21:29:37] ⏳ Waiting for new files...
[2025-12-05 21:29:40] ⏳ Waiting for new files...
[2025-12-05 21:29:43] ⏳ Waiting for new files...
[2025-12-05 21:29:45] ⏳ Waiting for new files...
[2025-12-05 21:29:45] ⏳ Waiting for new files...
[2025-12-05 21:29:47] ⏳ Waiting for new files...
[2025-12-05 21:29:48] ⏳ Waiting for new files...
[2025-12-05 21:29:51] ⏳ Waiting for new files...
[2025-12-05 21:29:54] ⏳ Waiting for new files...
[2025-12-05 21:29:56] ⏳ Waiting for new files...
[2025-12-05 21:29:57] ⏳ Waiting for new files...
[2025-12-05 21:29:58] ⏳ Waiting for new files...
[2025-12-05 21:29:59] ⏳ Waiting for new files...
[2025-12-05 21:30:02] ⏳ Waiting for new files...
[2025-12-05 21:30:05] ⏳ Waiting for new files...
[2025-12-05 21:30:07] ⏳ Waiting for new files...
[2025-12-05 21:30:08] ⏳ Waiting for new files...
[2025-12-05 21:30:09] ⏳ Waiting for new files...
[2025-12-05 21:30:10] ⏳ Waiting for new files...
[2025-12-05 21:30:13] ⏳ Waiting for new files...
[2025-12-05 21:30:16] ⏳ Waiting for new files...
[2025-12-05 21:30:18] ⏳ Waiting for new files...
[2025-12-05 21:30:19] ⏳ Waiting for new files...
[2025-12-05 21:30:20] ⏳ Waiting for new files...
[2025-12-05 21:30:21] ⏳ Waiting for new files...
[2025-12-05 21:30:24] ⏳ Waiting for new files...
[2025-12-05 21:30:27] ⏳ Waiting for new files...
[2025-12-05 21:30:29] ⏳ Waiting for new files...
[2025-12-05 21:30:30] ⏳ Waiting for new files...
[2025-12-05 21:30:31] ⏳ Waiting for new files...
[2025-12-05 21:30:32] ⏳ Waiting for new files...
[2025-12-05 21:30:35] ⏳ Waiting for new files...
[2025-12-05 21:30:38] ⏳ Waiting for new files...
[2025-12-05 21:30:40] ⏳ Waiting for new files...
[2025-12-05 21:30:41] ⏳ Waiting for new files...
[2025-12-05 21:30:42] ⏳ Waiting for new files...
[2025-12-05 21:30:43] ⏳ Waiting for new files...
[2025-12-05 21:30:46] ⏳ Waiting for new files...
[2025-12-05 21:30:49] ⏳ Waiting for new files...
[2025-12-05 21:30:51] ⏳ Waiting for new files...
[2025-12-05 21:30:52] ⏳ Waiting for new files...
[2025-12-05 21:30:53] ⏳ Waiting for new files...
[2025-12-05 21:30:54] ⏳ Waiting for new files...
[2025-12-05 21:30:57] ⏳ Waiting for new files...
[2025-12-05 21:31:00] ⏳ Waiting for new files...
[2025-12-05 21:31:02] ⏳ Waiting for new files...
[2025-12-05 21:31:03] ⏳ Waiting for new files...
[2025-12-05 21:31:04] ⏳ Waiting for new files...
[2025-12-05 21:31:05] ⏳ Waiting for new files...
[2025-12-05 21:31:08] ⏳ Waiting for new files...
[2025-12-05 21:31:11] ⏳ Waiting for new files...
[2025-12-05 21:31:13] ⏳ Waiting for new files...
[2025-12-05 21:31:14] ⏳ Waiting for new files...
[2025-12-05 21:31:15] ⏳ Waiting for new files...
[2025-12-05 21:31:16] ⏳ Waiting for new files...
[2025-12-05 21:31:19] ⏳ Waiting for new files...
[2025-12-05 21:31:22] ⏳ Waiting for new files...
[2025-12-05 21:31:24] ⏳ Waiting for new files...
[2025-12-05 21:31:25] ⏳ Waiting for new files...
[2025-12-05 21:31:26] ⏳ Waiting for new files...
[2025-12-05 21:31:27] ⏳ Waiting for new files...
[2025-12-05 21:31:30] ⏳ Waiting for new files...
[2025-12-05 21:31:33] ⏳ Waiting for new files...
[2025-12-05 21:31:35] ⏳ Waiting for new files...
[2025-12-05 21:31:36] ⏳ Waiting for new files...
[2025-12-05 21:31:37] ⏳ Waiting for new files...
[2025-12-05 21:31:38] ⏳ Waiting for new files...
[2025-12-05 21:31:41] ⏳ Waiting for new files...
[2025-12-05 21:31:44] ⏳ Waiting for new files...
[2025-12-05 21:31:46] ⏳ Waiting for new files...
[2025-12-05 21:31:47] ⏳ Waiting for new files...
[2025-12-05 21:31:48] ⏳ Waiting for new files...
[2025-12-05 21:31:49] ⏳ Waiting for new files...
[2025-12-05 21:31:52] ⏳ Waiting for new files...
[2025-12-05 21:31:55] ⏳ Waiting for new files...
[2025-12-05 21:31:57] ⏳ Waiting for new files...
[2025-12-05 21:31:58] ⏳ Waiting for new files...
[2025-12-05 21:31:59] ⏳ Waiting for new files...
[2025-12-05 21:32:00] ⏳ Waiting for new files...
[2025-12-05 21:32:03] ⏳ Waiting for new files...
[2025-12-05 21:32:07] ⏳ Waiting for new files...
[2025-12-05 21:32:08] ⏳ Waiting for new files...
[2025-12-05 21:32:09] ⏳ Waiting for new files...
[2025-12-05 21:32:10] ⏳ Waiting for new files...
[2025-12-05 21:32:11] ⏳ Waiting for new files...
[2025-12-05 21:32:14] ⏳ Waiting for new files...
[2025-12-05 21:32:18] ⏳ Waiting for new files...
[2025-12-05 21:32:19] ⏳ Waiting for new files...
[2025-12-05 21:32:20] ⏳ Waiting for new files...
[2025-12-05 21:32:21] ⏳ Waiting for new files...
[2025-12-05 21:32:22] ⏳ Waiting for new files...
[2025-12-05 21:32:25] ⏳ Waiting for new files...
[2025-12-05 21:32:29] ⏳ Waiting for new files...
[2025-12-05 21:32:30] ⏳ Waiting for new files...
[2025-12-05 21:32:31] ⏳ Waiting for new files...
[2025-12-05 21:32:32] ⏳ Waiting for new files...
[2025-12-05 21:32:33] ⏳ Waiting for new files...
[2025-12-05 21:32:37] ⏳ Waiting for new files...
[2025-12-05 21:32:40] ⏳ Waiting for new files...
[2025-12-05 21:32:41] ⏳ Waiting for new files...
[2025-12-05 21:32:42] ⏳ Waiting for new files...
[2025-12-05 21:32:43] ⏳ Waiting for new files...
[2025-12-05 21:32:45] ⏳ Waiting for new files...
[2025-12-05 21:32:48] ⏳ Waiting for new files...
[2025-12-05 21:32:51] ⏳ Waiting for new files...
[2025-12-05 21:32:52] ⏳ Waiting for new files...
[2025-12-05 21:32:53] ⏳ Waiting for new files...
[2025-12-05 21:32:54] ⏳ Waiting for new files...
[2025-12-05 21:32:56] ⏳ Waiting for new files...
[2025-12-05 21:32:59] ⏳ Waiting for new files...
[2025-12-05 21:33:02] ⏳ Waiting for new files...
[2025-12-05 21:33:03] ⏳ Waiting for new files...
[2025-12-05 21:33:04] ⏳ Waiting for new files...
[2025-12-05 21:33:05] ⏳ Waiting for new files...
[2025-12-05 21:33:07] ⏳ Waiting for new files...
[2025-12-05 21:33:10] ⏳ Waiting for new files...
[2025-12-05 21:33:13] ⏳ Waiting for new files...
[2025-12-05 21:33:14] ⏳ Waiting for new files...
[2025-12-05 21:33:15] ⏳ Waiting for new files...
[2025-12-05 21:33:16] ⏳ Waiting for new files...
[2025-12-05 21:33:18] ⏳ Waiting for new files...
[2025-12-05 21:33:21] ⏳ Waiting for new files...
[2025-12-05 21:33:24] ⏳ Waiting for new files...
[2025-12-05 21:33:25] ⏳ Waiting for new files...
[2025-12-05 21:33:26] ⏳ Waiting for new files...
[2025-12-05 21:33:28] ⏳ Waiting for new files...
[2025-12-05 21:33:29] ⏳ Waiting for new files...
[2025-12-05 21:33:32] ⏳ Waiting for new files...
[2025-12-05 21:33:35] ⏳ Waiting for new files...
[2025-12-05 21:33:36] ⏳ Waiting for new files...
[2025-12-05 21:33:37] ⏳ Waiting for new files...
[2025-12-05 21:33:39] ⏳ Waiting for new files...
[2025-12-05 21:33:40] ⏳ Waiting for new files...
[2025-12-05 21:33:43] ⏳ Waiting for new files...
[2025-12-05 21:33:46] ⏳ Waiting for new files...
[2025-12-05 21:33:47] ⏳ Waiting for new files...
[2025-12-05 21:33:48] ⏳ Waiting for new files...
[2025-12-05 21:33:50] ⏳ Waiting for new files...
[2025-12-05 21:33:51] ⏳ Waiting for new files...
[2025-12-05 21:33:54] ⏳ Waiting for new files...
[2025-12-05 21:33:57] ⏳ Waiting for new files...
[2025-12-05 21:33:58] ⏳ Waiting for new files...
[2025-12-05 21:33:59] ⏳ Waiting for new files...
[2025-12-05 21:34:01] ⏳ Waiting for new files...
[2025-12-05 21:34:02] ⏳ Waiting for new files...
[2025-12-05 21:34:05] ⏳ Waiting for new files...
[2025-12-05 21:34:08] ⏳ Waiting for new files...
[2025-12-05 21:34:09] ⏳ Waiting for new files...
[2025-12-05 21:34:10] ⏳ Waiting for new files...
[2025-12-05 21:34:12] ⏳ Waiting for new files...
[2025-12-05 21:34:13] ⏳ Waiting for new files...
[2025-12-05 21:34:16] ⏳ Waiting for new files...
[2025-12-05 21:34:19] ⏳ Waiting for new files...
[2025-12-05 21:34:20] ⏳ Waiting for new files...
[2025-12-05 21:34:21] ⏳ Waiting for new files...
[2025-12-05 21:34:23] ⏳ Waiting for new files...
[2025-12-05 21:34:24] ⏳ Waiting for new files...
[2025-12-05 21:34:27] ⏳ Waiting for new files...
[2025-12-05 21:34:30] ⏳ Waiting for new files...
[2025-12-05 21:34:31] ⏳ Waiting for new files...
[2025-12-05 21:34:32] ⏳ Waiting for new files...
[2025-12-05 21:34:34] ⏳ Waiting for new files...
[2025-12-05 21:34:35] ⏳ Waiting for new files...
[2025-12-05 21:34:38] ⏳ Waiting for new files...
[2025-12-05 21:34:41] ⏳ Waiting for new files...
[2025-12-05 21:34:42] ⏳ Waiting for new files...
[2025-12-05 21:34:43] ⏳ Waiting for new files...
[2025-12-05 21:34:45] ⏳ Waiting for new files...
[2025-12-05 21:34:46] ⏳ Waiting for new files...
[2025-12-05 21:34:49] ⏳ Waiting for new files...
[2025-12-05 21:34:52] ⏳ Waiting for new files...
[2025-12-05 21:34:53] ⏳ Waiting for new files...
[2025-12-05 21:34:54] ⏳ Waiting for new files...
[2025-12-05 21:34:56] ⏳ Waiting for new files...
[2025-12-05 21:34:57] ⏳ Waiting for new files...
[2025-12-05 21:35:00] ⏳ Waiting for new files...
[2025-12-05 21:35:03] ⏳ Waiting for new files...
[2025-12-05 21:35:04] ⏳ Waiting for new files...
[2025-12-05 21:35:05] ⏳ Waiting for new files...
[2025-12-05 21:35:07] ⏳ Waiting for new files...
[2025-12-05 21:35:08] ⏳ Waiting for new files...
[2025-12-05 21:35:11] ⏳ Waiting for new files...
[2025-12-05 21:35:14] ⏳ Waiting for new files...
[2025-12-05 21:35:15] ⏳ Waiting for new files...
[2025-12-05 21:35:16] ⏳ Waiting for new files...
[2025-12-05 21:35:18] ⏳ Waiting for new files...
[2025-12-05 21:35:19] ⏳ Waiting for new files...
[2025-12-05 21:35:22] ⏳ Waiting for new files...
[2025-12-05 21:35:25] ⏳ Waiting for new files...
[2025-12-05 21:35:26] ⏳ Waiting for new files...
[2025-12-05 21:35:27] ⏳ Waiting for new files...
[2025-12-05 21:35:29] ⏳ Waiting for new files...
[2025-12-05 21:35:30] ⏳ Waiting for new files...
[2025-12-05 21:35:33] ⏳ Waiting for new files...
[2025-12-05 21:35:36] ⏳ Waiting for new files...
[2025-12-05 21:35:37] ⏳ Waiting for new files...
[2025-12-05 21:35:38] ⏳ Waiting for new files...
[2025-12-05 21:35:40] ⏳ Waiting for new files...
[2025-12-05 21:35:41] ⏳ Waiting for new files...
[2025-12-05 21:35:44] ⏳ Waiting for new files...
[2025-12-05 21:35:47] ⏳ Waiting for new files...
[2025-12-05 21:35:48] ⏳ Waiting for new files...
[2025-12-05 21:35:49] ⏳ Waiting for new files...
[2025-12-05 21:35:51] ⏳ Waiting for new files...
[2025-12-05 21:35:52] ⏳ Waiting for new files...
[2025-12-05 21:35:55] ⏳ Waiting for new files...
[2025-12-05 21:35:58] ⏳ Waiting for new files...
[2025-12-05 21:35:59] ⏳ Waiting for new files...
[2025-12-05 21:36:01] ⏳ Waiting for new files...
[2025-12-05 21:36:02] ⏳ Waiting for new files...
[2025-12-05 21:36:03] ⏳ Waiting for new files...
[2025-12-05 21:36:06] ⏳ Waiting for new files...
[2025-12-05 21:36:09] ⏳ Waiting for new files...
[2025-12-05 21:36:11] ⏳ Waiting for new files...
[2025-12-05 21:36:12] ⏳ Waiting for new files...
[2025-12-05 21:36:13] ⏳ Waiting for new files...
[2025-12-05 21:36:14] ⏳ Waiting for new files...
[2025-12-05 21:36:17] ⏳ Waiting for new files...
[2025-12-05 21:36:20] ⏳ Waiting for new files...
[2025-12-05 21:36:22] ⏳ Waiting for new files...
[2025-12-05 21:36:23] ⏳ Waiting for new files...
[2025-12-05 21:36:24] ⏳ Waiting for new files...
[2025-12-05 21:36:25] ⏳ Waiting for new files...
[2025-12-05 21:36:28] ⏳ Waiting for new files...
[2025-12-05 21:36:31] ⏳ Waiting for new files...
[2025-12-05 21:36:33] ⏳ Waiting for new files...
[2025-12-05 21:36:34] ⏳ Waiting for new files...
[2025-12-05 21:36:35] ⏳ Waiting for new files...
[2025-12-05 21:36:36] ⏳ Waiting for new files...
[2025-12-05 21:36:39] ⏳ Waiting for new files...
[2025-12-05 21:36:42] ⏳ Waiting for new files...
[2025-12-05 21:36:44] ⏳ Waiting for new files...
[2025-12-05 21:36:45] ⏳ Waiting for new files...
[2025-12-05 21:36:46] ⏳ Waiting for new files...
[2025-12-05 21:36:47] ⏳ Waiting for new files...
[2025-12-05 21:36:50] ⏳ Waiting for new files...
[2025-12-05 21:36:53] ⏳ Waiting for new files...
[2025-12-05 21:36:55] ⏳ Waiting for new files...
[2025-12-05 21:36:56] ⏳ Waiting for new files...
[2025-12-05 21:36:57] ⏳ Waiting for new files...
[2025-12-05 21:36:58] ⏳ Waiting for new files...
[2025-12-05 21:37:01] ⏳ Waiting for new files...
[2025-12-05 21:37:04] ⏳ Waiting for new files...
[2025-12-05 21:37:06] ⏳ Waiting for new files...
[2025-12-05 21:37:07] ⏳ Waiting for new files...
[2025-12-05 21:37:08] ⏳ Waiting for new files...
[2025-12-05 21:37:09] ⏳ Waiting for new files...
[2025-12-05 21:37:12] ⏳ Waiting for new files...
[2025-12-05 21:37:15] ⏳ Waiting for new files...
[2025-12-05 21:37:17] ⏳ Waiting for new files...
[2025-12-05 21:37:18] ⏳ Waiting for new files...
[2025-12-05 21:37:19] ⏳ Waiting for new files...
[2025-12-05 21:37:20] ⏳ Waiting for new files...
[2025-12-05 21:37:23] ⏳ Waiting for new files...
[2025-12-05 21:37:26] ⏳ Waiting for new files...
[2025-12-05 21:37:28] ⏳ Waiting for new files...
[2025-12-05 21:37:29] ⏳ Waiting for new files...
[2025-12-05 21:37:30] ⏳ Waiting for new files...
[2025-12-05 21:37:31] ⏳ Waiting for new files...
[2025-12-05 21:37:34] ⏳ Waiting for new files...
[2025-12-05 21:37:37] ⏳ Waiting for new files...
[2025-12-05 21:37:39] ⏳ Waiting for new files...
[2025-12-05 21:37:40] ⏳ Waiting for new files...
[2025-12-05 21:37:41] ⏳ Waiting for new files...
[2025-12-05 21:37:42] ⏳ Waiting for new files...
[2025-12-05 21:37:45] ⏳ Waiting for new files...
[2025-12-05 21:37:48] ⏳ Waiting for new files...
[2025-12-05 21:37:50] ⏳ Waiting for new files...
[2025-12-05 21:37:51] ⏳ Waiting for new files...
[2025-12-05 21:37:52] ⏳ Waiting for new files...
[2025-12-05 21:37:53] ⏳ Waiting for new files...
[2025-12-05 21:37:56] ⏳ Waiting for new files...
[2025-12-05 21:37:59] ⏳ Waiting for new files...
[2025-12-05 21:38:01] ⏳ Waiting for new files...
[2025-12-05 21:38:02] ⏳ Waiting for new files...
[2025-12-05 21:38:03] ⏳ Waiting for new files...
[2025-12-05 21:38:05] ⏳ Waiting for new files...
[2025-12-05 21:38:07] ⏳ Waiting for new files...
[2025-12-05 21:38:10] ⏳ Waiting for new files...
[2025-12-05 21:38:12] ⏳ Waiting for new files...
[2025-12-05 21:38:13] ⏳ Waiting for new files...
[2025-12-05 21:38:14] ⏳ Waiting for new files...
[2025-12-05 21:38:16] ⏳ Waiting for new files...
[2025-12-05 21:38:19] ⏳ Waiting for new files...
[2025-12-05 21:38:22] ⏳ Waiting for new files...
[2025-12-05 21:38:23] ⏳ Waiting for new files...
[2025-12-05 21:38:24] ⏳ Waiting for new files...
[2025-12-05 21:38:25] ⏳ Waiting for new files...
[2025-12-05 21:38:27] ⏳ Waiting for new files...
[2025-12-05 21:38:30] ⏳ Waiting for new files...
[2025-12-05 21:38:33] ⏳ Waiting for new files...
[2025-12-05 21:38:34] ⏳ Waiting for new files...
[2025-12-05 21:38:35] ⏳ Waiting for new files...
[2025-12-05 21:38:36] ⏳ Waiting for new files...
[2025-12-05 21:38:38] ⏳ Waiting for new files...
[2025-12-05 21:38:41] ⏳ Waiting for new files...
[2025-12-05 21:38:44] ⏳ Waiting for new files...
[2025-12-05 21:38:45] ⏳ Waiting for new files...
[2025-12-05 21:38:46] ⏳ Waiting for new files...
[2025-12-05 21:38:47] ⏳ Waiting for new files...
[2025-12-05 21:38:49] ⏳ Waiting for new files...
[2025-12-05 21:38:52] ⏳ Waiting for new files...
[2025-12-05 21:38:55] ⏳ Waiting for new files...
[2025-12-05 21:38:56] ⏳ Waiting for new files...
[2025-12-05 21:38:57] ⏳ Waiting for new files...
[2025-12-05 21:38:58] ⏳ Waiting for new files...
[2025-12-05 21:39:00] ⏳ Waiting for new files...
[2025-12-05 21:39:03] ⏳ Waiting for new files...
[2025-12-05 21:39:06] ⏳ Waiting for new files...
[2025-12-05 21:39:07] ⏳ Waiting for new files...
[2025-12-05 21:39:08] ⏳ Waiting for new files...
[2025-12-05 21:39:09] ⏳ Waiting for new files...
[2025-12-05 21:39:11] ⏳ Waiting for new files...
[2025-12-05 21:39:14] ⏳ Waiting for new files...
[2025-12-05 21:39:17] ⏳ Waiting for new files...
[2025-12-05 21:39:18] ⏳ Waiting for new files...
[2025-12-05 21:39:19] ⏳ Waiting for new files...
[2025-12-05 21:39:20] ⏳ Waiting for new files...
[2025-12-05 21:39:22] ⏳ Waiting for new files...
[2025-12-05 21:39:25] ⏳ Waiting for new files...
[2025-12-05 21:39:28] ⏳ Waiting for new files...
[2025-12-05 21:39:29] ⏳ Waiting for new files...
[2025-12-05 21:39:30] ⏳ Waiting for new files...
[2025-12-05 21:39:32] ⏳ Waiting for new files...
[2025-12-05 21:39:33] ⏳ Waiting for new files...
[2025-12-05 21:39:36] ⏳ Waiting for new files...
[2025-12-05 21:39:39] ⏳ Waiting for new files...
[2025-12-05 21:39:40] ⏳ Waiting for new files...
[2025-12-05 21:39:41] ⏳ Waiting for new files...
[2025-12-05 21:39:43] ⏳ Waiting for new files...
[2025-12-05 21:39:44] ⏳ Waiting for new files...
[2025-12-05 21:39:47] ⏳ Waiting for new files...
[2025-12-05 21:39:50] ⏳ Waiting for new files...
[2025-12-05 21:39:51] ⏳ Waiting for new files...
[2025-12-05 21:39:52] ⏳ Waiting for new files...
[2025-12-05 21:39:54] ⏳ Waiting for new files...
[2025-12-05 21:39:55] ⏳ Waiting for new files...
[2025-12-05 21:39:58] ⏳ Waiting for new files...
[2025-12-05 21:40:01] ⏳ Waiting for new files...
[2025-12-05 21:40:02] ⏳ Waiting for new files...
[2025-12-05 21:40:03] ⏳ Waiting for new files...
[2025-12-05 21:40:05] ⏳ Waiting for new files...
[2025-12-05 21:40:06] ⏳ Waiting for new files...
[2025-12-05 21:40:09] ⏳ Waiting for new files...
[2025-12-05 21:40:12] ⏳ Waiting for new files...
[2025-12-05 21:40:13] ⏳ Waiting for new files...
[2025-12-05 21:40:14] ⏳ Waiting for new files...
[2025-12-05 21:40:16] ⏳ Waiting for new files...
[2025-12-05 21:40:17] ⏳ Waiting for new files...
[2025-12-05 21:40:20] ⏳ Waiting for new files...
[2025-12-05 21:40:23] ⏳ Waiting for new files...
[2025-12-05 21:40:24] ⏳ Waiting for new files...
[2025-12-05 21:40:25] ⏳ Waiting for new files...
[2025-12-05 21:40:27] ⏳ Waiting for new files...
[2025-12-05 21:40:28] ⏳ Waiting for new files...
[2025-12-05 21:40:31] ⏳ Waiting for new files...
[2025-12-05 21:40:34] ⏳ Waiting for new files...
[2025-12-05 21:40:35] ⏳ Waiting for new files...
[2025-12-05 21:40:36] ⏳ Waiting for new files...
[2025-12-05 21:40:38] ⏳ Waiting for new files...
[2025-12-05 21:40:39] ⏳ Waiting for new files...
[2025-12-05 21:40:42] ⏳ Waiting for new files...
[2025-12-05 21:40:45] ⏳ Waiting for new files...
[2025-12-05 21:40:46] ⏳ Waiting for new files...
[2025-12-05 21:40:47] ⏳ Waiting for new files...
[2025-12-05 21:40:49] ⏳ Waiting for new files...
[2025-12-05 21:40:50] ⏳ Waiting for new files...
[2025-12-05 21:40:53] ⏳ Waiting for new files...
[2025-12-05 21:40:56] ⏳ Waiting for new files...
[2025-12-05 21:40:57] ⏳ Waiting for new files...
[2025-12-05 21:40:58] ⏳ Waiting for new files...
[2025-12-05 21:41:00] ⏳ Waiting for new files...
[2025-12-05 21:41:01] ⏳ Waiting for new files...
[2025-12-05 21:41:04] ⏳ Waiting for new files...
[2025-12-05 21:41:07] ⏳ Waiting for new files...
[2025-12-05 21:41:08] ⏳ Waiting for new files...
[2025-12-05 21:41:09] ⏳ Waiting for new files...
[2025-12-05 21:41:11] ⏳ Waiting for new files...
[2025-12-05 21:41:12] ⏳ Waiting for new files...
[2025-12-05 21:41:15] ⏳ Waiting for new files...
[2025-12-05 21:41:18] ⏳ Waiting for new files...
[2025-12-05 21:41:19] ⏳ Waiting for new files...
[2025-12-05 21:41:20] ⏳ Waiting for new files...
[2025-12-05 21:41:22] ⏳ Waiting for new files...
[2025-12-05 21:41:23] ⏳ Waiting for new files...
[2025-12-05 21:41:26] ⏳ Waiting for new files...
[2025-12-05 21:41:29] ⏳ Waiting for new files...
[2025-12-05 21:41:30] ⏳ Waiting for new files...
[2025-12-05 21:41:31] ⏳ Waiting for new files...
[2025-12-05 21:41:33] ⏳ Waiting for new files...
[2025-12-05 21:41:34] ⏳ Waiting for new files...
[2025-12-05 21:41:37] ⏳ Waiting for new files...
[2025-12-05 21:41:40] ⏳ Waiting for new files...
[2025-12-05 21:41:41] ⏳ Waiting for new files...
[2025-12-05 21:41:42] ⏳ Waiting for new files...
[2025-12-05 21:41:44] ⏳ Waiting for new files...
[2025-12-05 21:41:45] ⏳ Waiting for new files...
[2025-12-05 21:41:48] ⏳ Waiting for new files...
[2025-12-05 21:41:51] ⏳ Waiting for new files...
[2025-12-05 21:41:52] ⏳ Waiting for new files...
[2025-12-05 21:41:53] ⏳ Waiting for new files...
[2025-12-05 21:41:55] ⏳ Waiting for new files...
[2025-12-05 21:41:56] ⏳ Waiting for new files...
[2025-12-05 21:41:59] ⏳ Waiting for new files...
[2025-12-05 21:42:02] ⏳ Waiting for new files...
[2025-12-05 21:42:03] ⏳ Waiting for new files...
[2025-12-05 21:42:04] ⏳ Waiting for new files...
[2025-12-05 21:42:06] ⏳ Waiting for new files...
[2025-12-05 21:42:07] ⏳ Waiting for new files...
[2025-12-05 21:42:10] ⏳ Waiting for new files...
[2025-12-05 21:42:13] ⏳ Waiting for new files...
[2025-12-05 21:42:14] ⏳ Waiting for new files...
[2025-12-05 21:42:15] ⏳ Waiting for new files...
[2025-12-05 21:42:17] ⏳ Waiting for new files...
[2025-12-05 21:42:18] ⏳ Waiting for new files...
[2025-12-05 21:42:21] ⏳ Waiting for new files...
[2025-12-05 21:42:24] ⏳ Waiting for new files...
[2025-12-05 21:42:25] ⏳ Waiting for new files...
[2025-12-05 21:42:26] ⏳ Waiting for new files...
[2025-12-05 21:42:28] ⏳ Waiting for new files...
[2025-12-05 21:42:29] ⏳ Waiting for new files...
[2025-12-05 21:42:32] ⏳ Waiting for new files...
[2025-12-05 21:42:35] ⏳ Waiting for new files...
[2025-12-05 21:42:37] ⏳ Waiting for new files...
[2025-12-05 21:42:38] ⏳ Waiting for new files...
[2025-12-05 21:42:39] ⏳ Waiting for new files...
[2025-12-05 21:42:40] ⏳ Waiting for new files...
[2025-12-05 21:42:43] ⏳ Waiting for new files...
[2025-12-05 21:42:46] ⏳ Waiting for new files...
[2025-12-05 21:42:48] ⏳ Waiting for new files...
[2025-12-05 21:42:49] ⏳ Waiting for new files...
[2025-12-05 21:42:50] ⏳ Waiting for new files...
[2025-12-05 21:42:51] ⏳ Waiting for new files...
[2025-12-05 21:42:54] ⏳ Waiting for new files...
[2025-12-05 21:42:57] ⏳ Waiting for new files...
[2025-12-05 21:42:59] ⏳ Waiting for new files...
[2025-12-05 21:43:00] ⏳ Waiting for new files...
[2025-12-05 21:43:01] ⏳ Waiting for new files...
[2025-12-05 21:43:02] ⏳ Waiting for new files...
[2025-12-05 21:43:05] ⏳ Waiting for new files...
[2025-12-05 21:43:08] ⏳ Waiting for new files...
[2025-12-05 21:43:10] ⏳ Waiting for new files...
[2025-12-05 21:43:11] ⏳ Waiting for new files...
[2025-12-05 21:43:12] ⏳ Waiting for new files...
[2025-12-05 21:43:13] ⏳ Waiting for new files...
[2025-12-05 21:43:16] ⏳ Waiting for new files...
[2025-12-05 21:43:19] ⏳ Waiting for new files...
[2025-12-05 21:43:21] ⏳ Waiting for new files...
[2025-12-05 21:43:22] ⏳ Waiting for new files...
[2025-12-05 21:43:23] ⏳ Waiting for new files...
[2025-12-05 21:43:24] ⏳ Waiting for new files...
[2025-12-05 21:43:27] ⏳ Waiting for new files...
[2025-12-05 21:43:30] ⏳ Waiting for new files...
[2025-12-05 21:43:32] ⏳ Waiting for new files...
[2025-12-05 21:43:33] ⏳ Waiting for new files...
[2025-12-05 21:43:34] ⏳ Waiting for new files...
[2025-12-05 21:43:35] ⏳ Waiting for new files...
[2025-12-05 21:43:38] ⏳ Waiting for new files...
[2025-12-05 21:43:41] ⏳ Waiting for new files...
[2025-12-05 21:43:43] ⏳ Waiting for new files...
[2025-12-05 21:43:44] ⏳ Waiting for new files...
[2025-12-05 21:43:45] ⏳ Waiting for new files...
[2025-12-05 21:43:46] ⏳ Waiting for new files...
[2025-12-05 21:43:49] ⏳ Waiting for new files...
[2025-12-05 21:43:52] ⏳ Waiting for new files...
[2025-12-05 21:43:54] ⏳ Waiting for new files...
[2025-12-05 21:43:55] ⏳ Waiting for new files...
[2025-12-05 21:43:56] ⏳ Waiting for new files...
[2025-12-05 21:43:57] ⏳ Waiting for new files...
[2025-12-05 21:44:00] ⏳ Waiting for new files...
[2025-12-05 21:44:03] ⏳ Waiting for new files...
[2025-12-05 21:44:05] ⏳ Waiting for new files...
[2025-12-05 21:44:06] ⏳ Waiting for new files...
[2025-12-05 21:44:07] ⏳ Waiting for new files...
[2025-12-05 21:44:09] ⏳ Waiting for new files...
[2025-12-05 21:44:11] ⏳ Waiting for new files...
[2025-12-05 21:44:14] ⏳ Waiting for new files...
[2025-12-05 21:44:16] ⏳ Waiting for new files...
[2025-12-05 21:44:17] ⏳ Waiting for new files...
[2025-12-05 21:44:18] ⏳ Waiting for new files...
[2025-12-05 21:44:20] ⏳ Waiting for new files...
[2025-12-05 21:44:22] ⏳ Waiting for new files...
[2025-12-05 21:44:26] ⏳ Waiting for new files...
[2025-12-05 21:44:27] ⏳ Waiting for new files...
[2025-12-05 21:44:28] ⏳ Waiting for new files...
[2025-12-05 21:44:29] ⏳ Waiting for new files...
[2025-12-05 21:44:31] ⏳ Waiting for new files...
[2025-12-05 21:44:34] ⏳ Waiting for new files...
[2025-12-05 21:44:37] ⏳ Waiting for new files...
[2025-12-05 21:44:38] ⏳ Waiting for new files...
[2025-12-05 21:44:39] ⏳ Waiting for new files...
[2025-12-05 21:44:40] ⏳ Waiting for new files...
[2025-12-05 21:44:42] ⏳ Waiting for new files...
[2025-12-05 21:44:45] ⏳ Waiting for new files...
[2025-12-05 21:44:48] ⏳ Waiting for new files...
[2025-12-05 21:44:49] ⏳ Waiting for new files...
[2025-12-05 21:44:50] ⏳ Waiting for new files...
[2025-12-05 21:44:51] ⏳ Waiting for new files...
[2025-12-05 21:44:53] ⏳ Waiting for new files...
[2025-12-05 21:44:56] ⏳ Waiting for new files...
[2025-12-05 21:44:59] ⏳ Waiting for new files...
[2025-12-05 21:45:00] ⏳ Waiting for new files...
[2025-12-05 21:45:01] ⏳ Waiting for new files...
[2025-12-05 21:45:02] ⏳ Waiting for new files...
[2025-12-05 21:45:04] ⏳ Waiting for new files...
[2025-12-05 21:45:07] ⏳ Waiting for new files...
[2025-12-05 21:45:10] ⏳ Waiting for new files...
[2025-12-05 21:45:11] ⏳ Waiting for new files...
[2025-12-05 21:45:12] ⏳ Waiting for new files...
[2025-12-05 21:45:14] ⏳ Waiting for new files...
[2025-12-05 21:45:15] ⏳ Waiting for new files...
[2025-12-05 21:45:18] ⏳ Waiting for new files...
[2025-12-05 21:45:21] ⏳ Waiting for new files...
[2025-12-05 21:45:22] ⏳ Waiting for new files...
[2025-12-05 21:45:23] ⏳ Waiting for new files...
[2025-12-05 21:45:25] ⏳ Waiting for new files...
[2025-12-05 21:45:26] ⏳ Waiting for new files...
[2025-12-05 21:45:29] ⏳ Waiting for new files...
[2025-12-05 21:45:32] ⏳ Waiting for new files...
[2025-12-05 21:45:33] ⏳ Waiting for new files...
[2025-12-05 21:45:34] ⏳ Waiting for new files...
[2025-12-05 21:45:36] ⏳ Waiting for new files...
[2025-12-05 21:45:37] ⏳ Waiting for new files...
[2025-12-05 21:45:40] ⏳ Waiting for new files...
[2025-12-05 21:45:43] ⏳ Waiting for new files...
[2025-12-05 21:45:44] ⏳ Waiting for new files...
[2025-12-05 21:45:45] ⏳ Waiting for new files...
[2025-12-05 21:45:47] ⏳ Waiting for new files...
[2025-12-05 21:45:48] ⏳ Waiting for new files...
[2025-12-05 21:45:51] ⏳ Waiting for new files...
[2025-12-05 21:45:54] ⏳ Waiting for new files...
[2025-12-05 21:45:55] ⏳ Waiting for new files...
[2025-12-05 21:45:56] ⏳ Waiting for new files...
[2025-12-05 21:45:58] ⏳ Waiting for new files...
[2025-12-05 21:45:59] ⏳ Waiting for new files...
[2025-12-05 21:46:02] ⏳ Waiting for new files...
[2025-12-05 21:46:05] ⏳ Waiting for new files...
[2025-12-05 21:46:06] ⏳ Waiting for new files...
[2025-12-05 21:46:07] ⏳ Waiting for new files...
[2025-12-05 21:46:09] ⏳ Waiting for new files...
[2025-12-05 21:46:10] ⏳ Waiting for new files...
[2025-12-05 21:46:13] ⏳ Waiting for new files...
[2025-12-05 21:46:16] ⏳ Waiting for new files...
[2025-12-05 21:46:17] ⏳ Waiting for new files...
[2025-12-05 21:46:18] ⏳ Waiting for new files...
[2025-12-05 21:46:20] ⏳ Waiting for new files...
[2025-12-05 21:46:21] ⏳ Waiting for new files...
[2025-12-05 21:46:24] ⏳ Waiting for new files...
[2025-12-05 21:46:27] ⏳ Waiting for new files...
[2025-12-05 21:46:28] ⏳ Waiting for new files...
[2025-12-05 21:46:29] ⏳ Waiting for new files...
[2025-12-05 21:46:31] ⏳ Waiting for new files...
[2025-12-05 21:46:32] ⏳ Waiting for new files...
[2025-12-05 21:46:35] ⏳ Waiting for new files...
[2025-12-05 21:46:38] ⏳ Waiting for new files...
[2025-12-05 21:46:39] ⏳ Waiting for new files...
[2025-12-05 21:46:40] ⏳ Waiting for new files...
[2025-12-05 21:46:42] ⏳ Waiting for new files...
[2025-12-05 21:46:43] ⏳ Waiting for new files...
[2025-12-05 21:46:46] ⏳ Waiting for new files...
[2025-12-05 21:46:49] ⏳ Waiting for new files...
[2025-12-05 21:46:50] ⏳ Waiting for new files...
[2025-12-05 21:46:51] ⏳ Waiting for new files...
[2025-12-05 21:46:53] ⏳ Waiting for new files...
[2025-12-05 21:46:54] ⏳ Waiting for new files...
[2025-12-05 21:46:57] ⏳ Waiting for new files...
