CUSTOM.dateTime,OSD.flyTime,OSD.latitude,OSD.longitude,OSD.height,OSD.heightMax,OSD.vpsHeight,OSD.altitude,OSD.xSpeed,OSD.xSpeedMax,OSD.ySpeed,OSD.ySpeedMax,OSD.zSpeed,OSD.zSpeedMax,OSD.pitch,OSD.roll,OSD.yaw,OSD.flycState,OSD.flycCommand,OSD.flightAction,OSD.isGPSUsed,OSD.nonGPSCause,OSD.gpsNum,OSD.gpsLevel,OSD.droneType,OSD.isSwaveWork,OSD.waveError,OSD.goHomeStatus,OSD.batteryType,OSD.isOnGround,OSD.isMotorOn,OSD.isMotorBlocked,OSD.motorStartFailedCause,OSD.isImuPreheated,OSD.imuInitFailReason,OSD.isAcceleratorOverRange,OSD.isBarometerDeadInAir,OSD.isCompassError,OSD.isGoHomeHeightModified,OSD.canIOCWork,OSD.isNotEnoughForce,OSD.isOutOfLimit,OSD.isPropellerCatapult,OSD.isVibrating,OSD.isVisionUsed,OSD.voltageWarning,GIMBAL.mode,GIMBAL.pitch,GIMBAL.roll,GIMBAL.yaw,GIMBAL.isPitchAtLimit,GIMBAL.isRollAtLimit,GIMBAL.isYawAtLimit,GIMBAL.isStuck,CAMERA.isPhoto,CAMERA.isVideo,CAMERA.sdCardIsInserted,CAMERA.sdCardState,RC.downlinkSignal,RC.uplinkSignal,RC.aileron,RC.elevator,RC.throttle,RC.rudder,BATTERY.chargeLevel,BATTERY.voltage,BATTERY.current,BATTERY.currentCapacity,BATTERY.fullCapacity,BATTERY.cellNum,BATTERY.isCellVoltageEstimated,BATTERY.cellVoltage1,BATTERY.cellVoltage2,BATTERY.cellVoltage3,BATTERY.cellVoltageDeviation,BATTERY.maxCellVoltageDeviation,BATTERY.temperature,BATTERY.minTemperature,BATTERY.maxTemperature,HOME.latitude,HOME.longitude,HOME.altitude,HOME.heightLimit,HOME.isHomeRecord,HOME.goHomeMode,HOME.isDynamicHomePointEnabled,HOME.isNearDistanceLimit,HOME.isNearHeightLimit,HOME.isCompassCalibrating,HOME.compassCalibrationState,HOME.isMultipleModeEnabled,HOME.isBeginnerMode,HOME.isIOCEnabled,HOME.IOCMode,HOME.goHomeHeight,HOME.IOCCourseLockAngle,HOME.maxAllowedHeight,HOME.currentFlightRecordIndex,RECOVER.appPlatform,RECOVER.appVersion,RECOVER.aircraftName,RECOVER.aircraftSerial,RECOVER.cameraSerial,RECOVER.rcSerial,RECOVER.batterySerial,APP.tip,APP.warn,DETAILS.totalTime,DETAILS.totalDistance,DETAILS.maxHeight,DETAILS.maxHorizontalSpeed,DETAILS.maxVerticalSpeed,DETAILS.photoNum,DETAILS.videoTime,DETAILS.aircraftName,DETAILS.aircraftSerial,DETAILS.cameraSerial,DETAILS.rcSerial,DETAILS.appPlatform,DETAILS.appVersion
2025-11-19T04:22:30.316Z,0.0,14.153596668009573,121.26241811035338,0.0,0.0,0.0,0.0,0.0,0.0,0.0,0.0,0.0,0.0,-2.1,-1.3,-58.0,EngineStart,AutoFly,AppAutoTakeoff,true,Already,9,4,Spark,false,false,Standby,Smart,true,true,false,None,true,MonitorError,false,false,false,false,false,false,false,false,false,false,0,YawFollow,0.0,0.0,-58.8,false,false,false,false,false,false,false,,,,0,0,0,0,0,0.0,0.0,0,0,3,true,0.0,0.0,0.0,0.0,0.0,0.0,0.0,0.0,0.0,0.0,0.0,0.0,false,,false,false,false,false,,false,false,false,,0,,0.0,0,Android,4.3.62,Clinton Spark,0BMCE8B0112XGP,,,0C0AF8NB33038T,Flight mode changed to EngineStart.,,121.5,23.604368,11.5,1.9104973,2.0,2,0,Clinton Spark,0BMCE8B0112XGP,,,Android,4.3.62
2025-11-19T04:22:30.519Z,0.1,14.153596813257007,121.26241797322676,0.0,0.0,0.0,0.0,0.0,0.0,0.0,0.0,0.0,0.0,-2.0,-1.4,-58.0,EngineStart,AutoFly,AppAutoTakeoff,true,Already,9,4,Spark,false,false,Standby,Smart,true,true,false,None,true,MonitorError,false,false,false,false,false,false,false,false,false,false,0,YawFollow,0.0,0.0,-59.4,false,false,false,false,false,false,false,,,,0,0,0,0,0,0.0,0.0,0,0,3,true,0.0,0.0,0.0,0.0,0.0,0.0,0.0,0.0,0.0,0.0,0.0,0.0,false,,false,false,false,false,,false,false,false,,0,,0.0,0,Android,4.3.62,Clinton Spark,0BMCE8B0112XGP,,,0C0AF8NB33038T,,,121.5,23.604368,11.5,1.9104973,2.0,2,0,Clinton Spark,0BMCE8B0112XGP,,,Android,4.3.62
2025-11-19T04:22:30.519Z,0.2,14.153596966320972,121.2624178490786,0.0,0.0,0.0,0.0,0.0,0.0,0.0,0.0,0.0,0.0,-2.1,-1.4,-58.3,EngineStart,AutoFly,AppAutoTakeoff,true,Already,9,4,Spark,false,false,Standby,Smart,true,true,false,None,true,MonitorError,false,false,false,false,false,false,false,false,false,false,0,YawFollow,0.0,0.0,-58.5,false,false,false,false,false,false,false,,,,0,0,0,0,0,0.0,0.0,0,0,3,true,0.0,0.0,0.0,0.0,0.0,0.0,0.0,0.0,0.0,0.0,0.0,0.0,false,,false,false,false,false,,false,false,false,,0,,0.0,0,Android,4.3.62,Clinton Spark,0BMCE8B0112XGP,,,0C0AF8NB33038T,,,121.5,23.604368,11.5,1.9104973,2.0,2,0,Clinton Spark,0BMCE8B0112XGP,,,Android,4.3.62
2025-11-19T04:22:30.724Z,0.3,14.153597132461343,121.26241773313467,0.0,0.0,0.0,0.0,0.0,0.0,0.0,0.0,0.0,0.0,-2.1,-1.4,-59.1,EngineStart,AutoFly,AppAutoTakeoff,true,Already,9,4,Spark,false,false,Standby,Smart,true,true,false,None,true,MonitorError,false,false,false,false,false,false,false,false,false,false,0,YawFollow,0.0,0.0,-58.7,false,false,false,false,false,false,false,,,,0,0,0,0,0,0.0,0.0,0,0,3,true,0.0,0.0,0.0,0.0,0.0,0.0,0.0,0.0,0.0,0.0,0.0,0.0,false,,false,false,false,false,,false,false,false,,0,,0.0,0,Android,4.3.62,Clinton Spark,0BMCE8B0112XGP,,,0C0AF8NB33038T,,,121.5,23.604368,11.5,1.9104973,2.0,2,0,Clinton Spark,0BMCE8B0112XGP,,,Android,4.3.62
2025-11-19T04:22:30.724Z,0.4,14.153597289161624,121.26241762949266,0.0,0.0,0.0,0.0,0.0,0.0,0.0,0.0,0.0,0.0,-2.1,-1.2,-59.7,EngineStart,AutoFly,AppAutoTakeoff,true,Already,9,4,Spark,false,false,Standby,Smart,true,true,false,None,true,MonitorError,false,false,false,false,false,false,false,false,false,false,0,YawFollow,0.0,0.0,-59.0,false,false,false,false,false,false,false,,,,0,0,0,0,0,0.0,0.0,0,0,3,true,0.0,0.0,0.0,0.0,0.0,0.0,0.0,0.0,0.0,0.0,0.0,0.0,false,,false,false,false,false,,false,false,false,,0,,0.0,0,Android,4.3.62,Clinton Spark,0BMCE8B0112XGP,,,0C0AF8NB33038T,,,121.5,23.604368,11.5,1.9104973,2.0,2,0,Clinton Spark,0BMCE8B0112XGP,,,Android,4.3.62
2025-11-19T04:22:30.825Z,0.5,14.153597441142674,121.26241752563831,0.0,0.0,0.0,0.0,0.0,0.0,0.0,0.0,0.0,0.0,-2.1,-1.3,-59.7,EngineStart,AutoFly,AppAutoTakeoff,true,Already,9,4,Spark,true,false,Standby,Smart,true,true,false,None,true,MonitorError,false,false,false,false,false,false,false,false,false,false,0,YawFollow,0.0,0.0,-58.9,false,false,false,false,false,false,false,,,,0,0,0,0,0,0.0,0.0,0,0,3,false,4.184,4.194,4.195,0.011,0.011,0.0,0.0,0.0,0.0,0.0,0.0,0.0,false,,false,false,false,false,,false,false,false,,0,,0.0,0,Android,4.3.62,Clinton Spark,0BMCE8B0112XGP,,,0C0AF8NB33038T,,,121.5,23.604368,11.5,1.9104973,2.0,2,0,Clinton Spark,0BMCE8B0112XGP,,,Android,4.3.62
2025-11-19T04:22:30.927Z,0.6,14.153597577067265,121.26241741039128,0.0,0.0,0.0,0.0,0.0,0.0,0.0,0.0,0.0,0.0,-2.1,-1.3,-59.4,EngineStart,AutoFly,AppAutoTakeoff,true,Already,9,4,Spark,true,false,Standby,Smart,true,true,false,None,true,MonitorError,false,false,false,false,false,false,false,false,false,false,0,YawFollow,0.0,0.0,-58.9,false,false,false,false,false,false,false,,,,0,0,0,0,0,0.0,0.0,0,0,3,false,4.184,4.194,4.195,0.011,0.011,0.0,0.0,0.0,0.0,0.0,0.0,0.0,false,,false,false,false,false,,false,false,false,,0,,0.0,0,Android,4.3.62,Clinton Spark,0BMCE8B0112XGP,,,0C0AF8NB33038T,,,121.5,23.604368,11.5,1.9104973,2.0,2,0,Clinton Spark,0BMCE8B0112XGP,,,Android,4.3.62
2025-11-19T04:22:31.131Z,0.7,14.153597715726015,121.26241728402438,0.0,0.0,0.0,0.0,0.0,0.0,0.0,0.0,0.0,0.0,-2.5,-1.2,-59.2,EngineStart,AutoFly,AppAutoTakeoff,true,Already,9,4,Spark,true,false,Standby,Smart,true,true,false,None,true,MonitorError,false,false,false,false,false,false,false,false,false,false,0,YawFollow,0.0,0.0,-58.8,false,false,false,false,false,false,false,,,,0,0,0,0,0,0.0,0.0,0,0,3,false,4.184,4.194,4.195,0.011,0.011,0.0,0.0,0.0,0.0,0.0,0.0,0.0,false,,false,false,false,false,,false,false,false,,0,,0.0,0,Android,4.3.62,Clinton Spark,0BMCE8B0112XGP,,,0C0AF8NB33038T,,,121.5,23.604368,11.5,1.9104973,2.0,2,0,Clinton Spark,0BMCE8B0112XGP,,,Android,4.3.62
2025-11-19T04:22:31.131Z,0.8,14.153597842386388,121.26241718805736,0.0,0.0,0.0,14.885205,0.0,0.0,0.0,0.0,0.0,0.0,-1.9,-1.2,-59.3,EngineStart,AutoFly,AppAutoTakeoff,true,Already,9,4,Spark,true,false,Standby,Smart,true,true,false,None,true,MonitorError,false,false,false,false,false,false,false,false,false,false,0,YawFollow,0.0,0.0,-58.8,false,false,false,false,false,false,false,,,,0,0,0,0,96,12.498,0.0,0,0,3,false,4.184,4.194,4.195,0.011,0.011,0.0,0.0,0.0,14.153578907193168,121.26242436448435,14.885205,380.0,true,FixedHeight,false,false,false,false,,true,false,false,,40,,380.0,401,Android,4.3.62,Clinton Spark,0BMCE8B0112XGP,,,0C0AF8NB33038T,,,121.5,23.604368,11.5,1.9104973,2.0,2,0,Clinton Spark,0BMCE8B0112XGP,,,Android,4.3.62
2025-11-19T04:22:31.337Z,0.9,14.153597970937387,121.26241710777771,0.0,0.0,0.0,14.885205,0.0,0.0,0.0,0.0,0.0,0.0,-1.8,-1.2,-59.5,EngineStart,AutoFly,AppAutoTakeoff,true,Already,9,4,Spark,true,false,Standby,Smart,true,true,false,None,true,MonitorError,false,false,false,false,false,false,false,false,false,false,0,YawFollow,0.0,0.0,-58.7,false,false,false,false,false,false,false,,,,0,0,0,0,96,12.498,0.0,0,0,3,false,4.184,4.194,4.195,0.011,0.011,0.0,0.0,0.0,14.153578907193168,121.26242436448435,14.885205,380.0,true,FixedHeight,false,false,false,false,,true,false,false,,40,,380.0,401,Android,4.3.62,Clinton Spark,0BMCE8B0112XGP,,,0C0AF8NB33038T,,,121.5,23.604368,11.5,1.9104973,2.0,2,0,Clinton Spark,0BMCE8B0112XGP,,,Android,4.3.62
2025-11-19T04:22:31.543Z,1.0,14.153598120425288,121.26241703942665,0.0,0.0,0.0,14.885205,0.0,0.0,0.0,0.0,0.0,0.0,-2.1,-1.1,-59.5,EngineStart,AutoFly,AppAutoTakeoff,true,Already,9,4,Spark,true,false,Standby,Smart,true,true,false,None,true,MonitorError,false,false,false,false,false,false,false,false,false,false,0,YawFollow,0.0,0.0,-58.7,false,false,false,false,false,false,false,,,,0,0,0,0,96,12.498,0.0,0,0,3,false,4.184,4.194,4.195,0.011,0.011,0.0,0.0,0.0,14.153578907193168,121.26242436448435,14.885205,380.0,true,FixedHeight,false,false,false,false,,true,false,false,,40,,380.0,401,Android,4.3.62,Clinton Spark,0BMCE8B0112XGP,,,0C0AF8NB33038T,,,121.5,23.604368,11.5,1.9104973,2.0,2,0,Clinton Spark,0BMCE8B0112XGP,,,Android,4.3.62
2025-11-19T04:22:31.644Z,1.1,14.153598287729995,121.2624169563714,0.0,0.0,0.0,14.885205,0.0,0.0,0.0,0.0,0.0,0.0,-1.9,-1.1,-59.4,EngineStart,AutoFly,AppAutoTakeoff,true,Already,9,4,Spark,true,false,Standby,Smart,true,true,false,None,true,MonitorError,false,false,false,false,false,false,false,false,false,false,0,YawFollow,0.0,0.0,-58.8,false,false,false,false,false,false,false,,,,0,0,0,0,96,12.498,0.0,0,0,3,false,4.184,4.194,4.195,0.011,0.011,0.0,0.0,0.0,14.153578907193168,121.26242436448435,14.885205,380.0,true,FixedHeight,false,false,false,false,,true,false,false,,40,,380.0,401,Android,4.3.62,Clinton Spark,0BMCE8B0112XGP,,,0C0AF8NB33038T,,,121.5,23.604368,11.5,1.9104973,2.0,2,0,Clinton Spark,0BMCE8B0112XGP,,,Android,4.3.62
2025-11-19T04:22:31.848Z,1.2,14.153598434863168,121.26241688048033,0.0,0.0,0.0,14.885205,0.0,0.0,0.0,0.0,0.0,0.0,-2.3,-1.3,-58.7,EngineStart,AutoFly,AppAutoTakeoff,true,Already,9,4,Spark,true,false,Standby,Smart,true,true,false,None,true,MonitorError,false,false,false,false,false,false,false,false,false,false,0,YawFollow,0.0,0.0,-58.5,false,false,false,false,false,false,false,,,,0,0,0,0,96,12.498,0.0,0,0,3,false,4.184,4.194,4.195,0.011,0.011,0.0,0.0,0.0,14.153578907193168,121.26242436448435,14.885205,380.0,true,FixedHeight,false,false,false,false,,true,false,false,,40,,380.0,401,Android,4.3.62,Clinton Spark,0BMCE8B0112XGP,,,0C0AF8NB33038T,,,121.5,23.604368,11.5,1.9104973,2.0,2,0,Clinton Spark,0BMCE8B0112XGP,,,Android,4.3.62
2025-11-19T04:22:31.848Z,1.3,14.153598568203419,121.26241679559897,0.0,0.0,0.0,14.885205,0.0,0.0,0.0,0.0,0.0,0.0,-2.5,-1.2,-58.7,EngineStart,AutoFly,AppAutoTakeoff,true,Already,9,4,Spark,true,false,Standby,Smart,true,true,false,None,true,MonitorError,false,false,false,false,false,false,false,false,false,false,0,YawFollow,0.0,0.0,-58.6,false,false,false,false,false,false,false,,,,0,0,0,0,96,12.498,0.0,0,0,3,false,4.184,4.194,4.195,0.011,0.011,0.0,0.0,0.0,14.153578907193168,121.26242436448435,14.885205,380.0,true,FixedHeight,false,false,false,false,,true,false,false,,40,,380.0,401,Android,4.3.62,Clinton Spark,0BMCE8B0112XGP,,,0C0AF8NB33038T,,,121.5,23.604368,11.5,1.9104973,2.0,2,0,Clinton Spark,0BMCE8B0112XGP,,,Android,4.3.62
2025-11-19T04:22:31.950Z,1.4,14.153598696508523,121.26241671458546,0.0,0.0,0.0,14.885205,0.0,0.0,0.0,0.0,0.0,0.0,-2.3,-1.2,-58.5,EngineStart,AutoFly,AppAutoTakeoff,true,Already,9,4,Spark,true,false,Standby,Smart,true,true,false,None,true,MonitorError,false,false,false,false,false,false,false,false,false,false,0,YawFollow,0.0,0.0,-58.5,false,false,false,false,false,false,false,,,,0,0,0,0,96,12.498,0.0,0,0,3,false,4.184,4.194,4.195,0.011,0.011,0.0,0.0,0.0,14.153578907193168,121.26242436448435,14.885205,380.0,true,FixedHeight,false,false,false,false,,true,false,false,,40,,380.0,401,Android,4.3.62,Clinton Spark,0BMCE8B0112XGP,,,0C0AF8NB33038T,,,121.5,23.604368,11.5,1.9104973,2.0,2,0,Clinton Spark,0BMCE8B0112XGP,,,Android,4.3.62
2025-11-19T04:22:31.950Z,1.5,14.153598832753918,121.26241662807674,0.0,0.0,0.0,14.885205,0.0,0.0,0.0,0.0,0.0,0.0,-2.3,-1.1,-58.5,AutoTakeoff,AutoFly,AppAutoTakeoff,true,Already,9,4,Spark,true,false,Standby,Smart,true,true,false,None,true,MonitorError,false,false,false,false,false,false,false,false,false,false,0,YawFollow,0.0,0.0,-58.5,false,false,false,false,false,false,false,,,,0,0,0,0,96,12.498,0.0,0,0,3,false,4.184,4.194,4.195,0.011,0.011,0.0,0.0,0.0,14.153578907193168,121.26242436448435,14.885205,380.0,true,FixedHeight,false,false,false,false,,true,false,false,,40,,380.0,401,Android,4.3.62,Clinton Spark,0BMCE8B0112XGP,,,0C0AF8NB33038T,Flight mode changed to AutoTakeoff.,,121.5,23.604368,11.5,1.9104973,2.0,2,0,Clinton Spark,0BMCE8B0112XGP,,,Android,4.3.62
2025-11-19T04:22:32.057Z,1.6,14.153598946896443,121.26241654271854,0.0,0.0,0.0,14.885205,0.0,0.0,0.0,0.0,0.0,0.0,-2.0,-1.2,-58.5,AutoTakeoff,AutoFly,AppAutoTakeoff,true,Already,9,4,Spark,true,false,Standby,Smart,true,true,false,None,true,MonitorError,false,false,false,false,false,false,false,false,false,false,0,YawFollow,0.0,0.0,-58.6,false,false,false,false,false,false,false,,,,0,0,0,0,96,12.498,0.0,0,0,3,false,4.144,4.149,4.141,0.008,0.011,0.0,0.0,0.0,14.153578907193168,121.26242436448435,14.885205,380.0,true,FixedHeight,false,false,false,false,,true,false,false,,40,,380.0,401,Android,4.3.62,Clinton Spark,0BMCE8B0112XGP,,,0C0AF8NB33038T,,,121.5,23.604368,11.5,1.9104973,2.0,2,0,Clinton Spark,0BMCE8B0112XGP,,,Android,4.3.62
2025-11-19T04:22:32.159Z,1.7,14.153599057837447,121.262416452258,0.0,0.0,0.0,14.885205,0.0,0.0,0.0,0.0,0.0,0.0,-1.9,-1.1,-58.4,AutoTakeoff,AutoFly,AppAutoTakeoff,true,Already,9,4,Spark,true,false,Standby,Smart,true,true,false,None,true,MonitorError,false,false,false,false,false,false,false,false,false,false,0,YawFollow,0.0,0.0,-58.4,false,false,false,false,false,false,false,,,,0,0,0,0,96,12.498,0.0,0,0,3,false,4.144,4.149,4.141,0.008,0.011,0.0,0.0,0.0,14.153578907193168,121.26242436448435,14.885205,380.0,true,FixedHeight,false,false,false,false,,true,false,false,,40,,380.0,401,Android,4.3.62,Clinton Spark,0BMCE8B0112XGP,,,0C0AF8NB33038T,,,121.5,23.604368,11.5,1.9104973,2.0,2,0,Clinton Spark,0BMCE8B0112XGP,,,Android,4.3.62
2025-11-19T04:22:32.266Z,1.8,14.153599163349218,121.26241636682941,0.0,0.0,0.0,14.885205,0.0,0.0,0.0,0.0,0.0,0.0,0.2,-2.4,-58.4,AutoTakeoff,AutoFly,AppAutoTakeoff,true,Already,9,4,Spark,true,false,Standby,Smart,true,true,false,None,true,MonitorError,false,false,false,false,false,false,false,false,false,false,0,YawFollow,0.0,0.0,-58.2,false,false,false,false,false,false,false,,,,0,0,0,0,96,12.394,0.0,0,0,3,false,4.144,4.149,4.141,0.008,0.011,0.0,0.0,0.0,14.153578907193168,121.26242436448435,14.885205,380.0,true,FixedHeight,false,false,false,false,,true,false,false,,40,,380.0,401,Android,4.3.62,Clinton Spark,0BMCE8B0112XGP,,,0C0AF8NB33038T,,,121.5,23.604368,11.5,1.9104973,2.0,2,0,Clinton Spark,0BMCE8B0112XGP,,,Android,4.3.62
2025-11-19T04:22:32.371Z,1.9,14.153599266848234,121.26241627797137,0.0,0.0,0.0,14.885205,0.0,0.0,0.0,0.0,0.0,0.0,-1.4,-2.7,-59.0,AutoTakeoff,AutoFly,AppAutoTakeoff,true,Already,9,4,Spark,true,false,Standby,Smart,true,true,false,None,true,MonitorError,false,false,false,false,false,false,false,false,false,false,0,YawFollow,0.0,0.0,-58.3,false,false,false,false,false,false,false,,,,0,0,0,0,96,12.394,0.0,0,0,3,false,4.144,4.149,4.141,0.008,0.011,0.0,0.0,0.0,14.153578907193168,121.26242436448435,14.885205,380.0,true,FixedHeight,false,false,false,false,,true,false,false,,40,,380.0,401,Android,4.3.62,Clinton Spark,0BMCE8B0112XGP,,,0C0AF8NB33038T,,,121.5,23.604368,11.5,1.9104973,2.0,2,0,Clinton Spark,0BMCE8B0112XGP,,,Android,4.3.62
2025-11-19T04:22:32.474Z,2.0,14.153599364720975,121.26241620183515,0.0,0.0,0.0,14.885205,0.0,0.0,0.0,0.0,0.0,0.0,-1.6,-1.8,-59.2,AutoTakeoff,AutoFly,AppAutoTakeoff,true,Already,9,4,Spark,true,false,Standby,Smart,true,true,false,None,true,MonitorError,false,false,false,false,false,false,false,false,false,false,0,YawFollow,0.0,0.0,-58.5,false,false,false,false,false,false,false,,,,0,0,0,0,96,12.394,0.0,0,0,3,false,4.144,4.149,4.141,0.008,0.011,0.0,0.0,0.0,14.153578907193168,121.26242436448435,14.885205,380.0,true,FixedHeight,false,false,false,false,,true,false,false,,40,,380.0,401,Android,4.3.62,Clinton Spark,0BMCE8B0112XGP,,,0C0AF8NB33038T,,,121.5,23.604368,11.5,1.9104973,2.0,2,0,Clinton Spark,0BMCE8B0112XGP,,,Android,4.3.62
2025-11-19T04:22:32.577Z,2.1,14.153599448887103,121.2624161255156,0.0,0.0,0.0,14.885205,0.0,0.0,0.0,0.0,0.0,0.0,-1.1,-1.2,-59.1,AutoTakeoff,AutoFly,AppAutoTakeoff,true,Already,9,4,Spark,true,false,Standby,Smart,true,true,false,None,true,MonitorError,false,false,false,false,false,false,false,false,false,false,0,YawFollow,0.0,0.0,-58.6,false,false,false,false,false,false,false,,,,0,0,0,0,96,12.394,0.0,0,0,3,false,4.144,4.149,4.141,0.008,0.011,0.0,0.0,0.0,14.153578907193168,121.26242436448435,14.885205,380.0,true,FixedHeight,false,false,false,false,,true,false,false,,40,,380.0,401,Android,4.3.62,Clinton Spark,0BMCE8B0112XGP,,,0C0AF8NB33038T,,,121.5,23.604368,11.5,1.9104973,2.0,2,0,Clinton Spark,0BMCE8B0112XGP,,,Android,4.3.62
2025-11-19T04:22:32.681Z,2.2,14.153599533631327,121.26241601909051,0.0,0.0,0.0,14.885205,0.0,0.0,0.0,0.0,-0.1,0.0,-0.9,-1.4,-58.9,AutoTakeoff,AutoFly,AppAutoTakeoff,true,Already,9,4,Spark,true,false,Standby,Smart,false,true,false,None,true,MonitorError,false,false,false,false,false,false,false,false,false,false,0,YawFollow,0.0,0.0,-58.5,false,false,false,false,false,false,false,,,,0,0,0,0,96,12.394,0.0,0,0,3,false,4.144,4.149,4.141,0.008,0.011,0.0,0.0,0.0,14.153578907193168,121.26242436448435,14.885205,380.0,true,FixedHeight,false,false,false,false,,true,false,false,,40,,380.0,401,Android,4.3.62,Clinton Spark,0BMCE8B0112XGP,,,0C0AF8NB33038T,,,121.5,23.604368,11.5,1.9104973,2.0,2,0,Clinton Spark,0BMCE8B0112XGP,,,Android,4.3.62
2025-11-19T04:22:32.782Z,2.3,14.153599611757558,121.26241587797713,0.0,0.0,0.1,14.885205,0.0,0.0,0.0,0.0,-0.3,0.0,-0.6,-0.9,-58.9,AutoTakeoff,AutoFly,AppAutoTakeoff,true,Already,9,4,Spark,true,false,Standby,Smart,false,true,false,None,true,MonitorError,false,false,false,false,false,false,false,false,false,false,0,YawFollow,0.0,0.0,-58.4,false,false,false,false,false,false,false,,,,0,0,0,0,96,12.394,0.0,0,0,3,false,4.144,4.149,4.141,0.008,0.011,0.0,0.0,0.0,14.153578907193168,121.26242436448435,14.885205,380.0,true,FixedHeight,false,false,false,false,,true,false,false,,40,,380.0,401,Android,4.3.62,Clinton Spark,0BMCE8B0112XGP,,,0C0AF8NB33038T,,,121.5,23.604368,11.5,1.9104973,2.0,2,0,Clinton Spark,0BMCE8B0112XGP,,,Android,4.3.62
2025-11-19T04:22:32.782Z,2.4,14.153599715875382,121.26241567544116,0.0,0.0,0.1,14.885205,0.0,0.0,0.0,0.0,-0.4,0.0,0.0,0.3,-58.8,AutoTakeoff,AutoFly,AppAutoTakeoff,true,Already,9,4,Spark,true,false,Standby,Smart,false,true,false,None,true,MonitorError,false,false,false,false,false,false,false,false,false,false,0,YawFollow,0.0,0.0,-58.3,false,false,false,false,false,false,false,,,,0,0,0,0,96,12.394,0.0,0,0,3,false,4.144,4.149,4.141,0.008,0.011,0.0,0.0,0.0,14.153578907193168,121.26242436448435,14.885205,380.0,true,FixedHeight,false,false,false,false,,true,false,false,,40,,380.0,401,Android,4.3.62,Clinton Spark,0BMCE8B0112XGP,,,0C0AF8NB33038T,,,121.5,23.604368,11.5,1.9104973,2.0,2,0,Clinton Spark,0BMCE8B0112XGP,,,Android,4.3.62
2025-11-19T04:22:33.089Z,2.5,14.153599814962941,121.26241546520119,0.1,0.1,0.1,14.985206,0.0,0.0,0.0,0.0,-0.4,0.0,0.2,1.4,-58.8,AutoTakeoff,AutoFly,AppAutoTakeoff,true,Already,9,4,Spark,true,false,Standby,Smart,false,true,false,None,true,MonitorError,false,false,false,false,false,false,false,false,false,false,0,YawFollow,0.0,0.0,-58.3,false,false,false,false,false,false,false,,,,1024,698,1024,1024,96,12.394,0.0,0,0,3,false,3.987,3.993,3.985,0.008,0.011,0.0,0.0,0.0,14.153578907193168,121.26242436448435,14.885205,380.0,true,FixedHeight,false,false,false,false,,true,false,false,,40,,380.0,401,Android,4.3.62,Clinton Spark,0BMCE8B0112XGP,,,0C0AF8NB33038T,,,121.5,23.604368,11.5,1.9104973,2.0,2,0,Clinton Spark,0BMCE8B0112XGP,,,Android,4.3.62
2025-11-19T04:22:33.192Z,2.6,14.153599954007632,121.26241527891803,0.1,0.1,0.2,14.985206,0.0,0.0,0.0,0.0,-0.3,0.0,0.1,1.4,-58.8,AutoTakeoff,AutoFly,AppAutoTakeoff,true,Already,10,4,Spark,true,false,Standby,Smart,false,true,false,None,true,MonitorError,false,false,false,false,false,false,false,false,false,false,0,YawFollow,0.0,0.0,-58.3,false,false,false,false,false,false,false,,,,1024,727,1024,1024,96,12.394,0.0,0,0,3,false,3.987,3.993,3.985,0.008,0.011,0.0,0.0,0.0,14.153578907193168,121.26242436448435,14.885205,380.0,true,FixedHeight,false,false,false,false,,true,false,false,,40,,380.0,401,Android,4.3.62,Clinton Spark,0BMCE8B0112XGP,,,0C0AF8NB33038T,,,121.5,23.604368,11.5,1.9104973,2.0,2,0,Clinton Spark,0BMCE8B0112XGP,,,Android,4.3.62
2025-11-19T04:22:33.294Z,2.7,14.153600088411258,121.262415137221,0.1,0.1,0.2,14.985206,0.0,0.0,0.0,0.0,-0.3,0.0,0.0,1.2,-58.8,AutoTakeoff,AutoFly,AppAutoTakeoff,true,Already,10,4,Spark,true,false,Standby,Smart,false,true,false,None,true,MonitorError,false,false,false,false,false,false,false,false,false,false,0,YawFollow,0.0,0.0,-58.3,false,false,false,false,false,false,false,,,,1024,930,1024,1024,96,12.394,0.0,0,0,3,false,3.987,3.993,3.985,0.008,0.011,0.0,0.0,0.0,14.153578907193168,121.26242436448435,14.885205,380.0,true,FixedHeight,false,false,false,false,,true,false,false,,40,,380.0,401,Android,4.3.62,Clinton Spark,0BMCE8B0112XGP,,,0C0AF8NB33038T,,,121.5,23.604368,11.5,1.9104973,2.0,2,0,Clinton Spark,0BMCE8B0112XGP,,,Android,4.3.62
2025-11-19T04:22:33.397Z,2.8,14.153600430495231,121.26241495234845,0.2,0.2,0.2,15.085205,0.0,0.0,0.0,0.0,-0.3,0.0,-0.3,0.9,-58.8,AutoTakeoff,AutoFly,AppAutoTakeoff,true,Already,10,4,Spark,true,false,Standby,Smart,false,true,false,None,true,MonitorError,false,false,false,false,false,false,false,false,false,false,0,YawFollow,0.0,0.0,-58.4,false,false,false,false,false,false,false,,,,1024,930,1024,1024,96,12.173,0.0,0,0,3,false,3.987,3.993,3.985,0.008,0.011,0.0,0.0,0.0,14.15359954679567,121.26241599943363,14.885205,380.0,true,FixedHeight,false,false,false,false,,true,false,false,,40,,380.0,401,Android,4.3.62,Clinton Spark,0BMCE8B0112XGP,,,0C0AF8NB33038T,,,121.5,23.604368,11.5,1.9104973,2.0,2,0,Clinton Spark,0BMCE8B0112XGP,,,Android,4.3.62
2025-11-19T04:22:33.604Z,2.9,14.153600815630378,121.26241477595049,0.2,0.2,0.3,15.085205,0.0,0.0,0.0,0.0,-0.3,0.0,-0.2,0.4,-58.8,AutoTakeoff,AutoFly,AppAutoTakeoff,true,Already,10,4,Spark,true,false,Standby,Smart,false,true,false,None,true,MonitorError,false,false,false,false,false,false,false,false,false,false,0,YawFollow,0.0,0.0,-58.4,false,false,false,false,false,false,false,,,,1024,1024,1024,1024,96,12.173,0.0,0,0,3,false,3.987,3.993,3.985,0.008,0.011,0.0,0.0,0.0,14.15359954679567,121.26241599943363,14.885205,380.0,true,FixedHeight,false,false,false,false,,true,false,false,,40,,380.0,401,Android,4.3.62,Clinton Spark,0BMCE8B0112XGP,,,0C0AF8NB33038T,,,121.5,23.604368,11.5,1.9104973,2.0,2,0,Clinton Spark,0BMCE8B0112XGP,,,Android,4.3.62
2025-11-19T04:22:33.604Z,3.0,14.15360128648356,121.26241459835036,0.2,0.2,0.3,15.085205,0.0,0.0,0.0,0.0,-0.3,0.0,-0.1,0.2,-58.8,AutoTakeoff,AutoFly,AppAutoTakeoff,true,Already,10,4,Spark,true,false,Standby,Smart,false,true,false,None,true,MonitorError,false,false,false,false,false,false,false,false,false,false,0,YawFollow,0.0,0.0,-58.5,false,false,false,false,false,false,false,,,,1024,1024,1024,1024,96,12.173,0.0,0,0,3,false,3.987,3.993,3.985,0.008,0.011,0.0,0.0,0.0,14.15359954679567,121.26241599943363,14.885205,380.0,true,FixedHeight,false,false,false,false,,true,false,false,,40,,380.0,401,Android,4.3.62,Clinton Spark,0BMCE8B0112XGP,,,0C0AF8NB33038T,,,121.5,23.604368,11.5,1.9104973,2.0,2,0,Clinton Spark,0BMCE8B0112XGP,,,Android,4.3.62
2025-11-19T04:22:33.909Z,3.1,14.15360164692987,121.26241446133514,0.2,0.2,0.3,15.085205,0.0,0.0,0.0,0.0,-0.2,0.0,-0.2,0.4,-58.8,AutoTakeoff,AutoFly,AppAutoTakeoff,true,Already,10,4,Spark,true,false,Standby,Smart,false,true,false,None,true,MonitorError,false,false,false,false,false,false,false,false,false,false,0,YawFollow,0.0,0.0,-58.5,false,false,false,false,false,false,false,,,,1024,707,1024,1024,96,12.173,0.0,0,0,3,false,3.987,3.993,3.985,0.008,0.011,0.0,0.0,0.0,14.15359954679567,121.26241599943363,14.885205,380.0,true,FixedHeight,false,false,false,false,,true,false,false,,40,,380.0,401,Android,4.3.62,Clinton Spark,0BMCE8B0112XGP,,,0C0AF8NB33038T,,,121.5,23.604368,11.5,1.9104973,2.0,2,0,Clinton Spark,0BMCE8B0112XGP,,,Android,4.3.62
2025-11-19T04:22:33.909Z,3.2,14.153602058129891,121.2624142865623,0.3,0.3,0.3,15.185205,0.0,0.0,0.0,0.0,-0.2,0.0,-0.1,0.7,-58.8,AutoTakeoff,AutoFly,AppAutoTakeoff,true,Already,10,4,Spark,true,false,Standby,Smart,false,true,false,None,true,MonitorError,false,false,false,false,false,false,false,false,false,false,0,YawFollow,0.0,0.0,-58.5,false,false,false,false,false,false,false,,,,1024,792,1024,1024,96,12.173,0.0,0,0,3,false,3.987,3.993,3.985,0.008,0.011,0.0,0.0,0.0,14.15359954679567,121.26241599943363,14.885205,380.0,true,FixedHeight,false,false,false,false,,true,false,false,,40,,380.0,401,Android,4.3.62,Clinton Spark,0BMCE8B0112XGP,,,0C0AF8NB33038T,,,121.5,23.604368,11.5,1.9104973,2.0,2,0,Clinton Spark,0BMCE8B0112XGP,,,Android,4.3.62
2025-11-19T04:22:33.909Z,3.3,14.153602409248473,121.26241415447656,0.3,0.3,0.3,15.185205,0.0,0.0,0.0,0.0,-0.2,0.0,4.3,0.1,-58.8,AutoTakeoff,AutoFly,AppAutoTakeoff,true,Already,10,4,Spark,true,false,Standby,Smart,false,true,false,None,true,MonitorError,false,false,false,false,false,false,false,false,false,false,0,YawFollow,0.0,0.0,-58.5,false,false,false,false,false,false,false,,,,1024,792,1024,1024,96,12.173,0.0,0,0,3,false,3.987,3.993,3.985,0.008,0.011,0.0,0.0,0.0,14.15359954679567,121.26241599943363,14.885205,380.0,true,FixedHeight,false,false,false,false,,true,false,false,,40,,380.0,401,Android,4.3.62,Clinton Spark,0BMCE8B0112XGP,,,0C0AF8NB33038T,,,121.5,23.604368,11.5,1.9104973,2.0,2,0,Clinton Spark,0BMCE8B0112XGP,,,Android,4.3.62
2025-11-19T04:22:33.909Z,3.4,14.153602718626777,121.2624141070052,0.3,0.3,0.4,15.185205,0.0,0.0,0.1,0.1,-0.3,0.0,5.9,0.1,-58.9,AutoTakeoff,AutoFly,AppAutoTakeoff,true,Already,10,4,Spark,true,false,Standby,Smart,false,true,false,None,true,MonitorError,false,false,false,false,false,false,false,false,false,false,0,YawFollow,0.0,0.0,-58.6,false,false,false,false,false,false,false,,,,1024,792,1024,1024,96,12.173,0.0,0,0,3,false,3.987,3.993,3.985,0.008,0.011,0.0,0.0,0.0,14.15359954679567,121.26241599943363,14.885205,380.0,true,FixedHeight,false,false,false,false,,true,false,false,,40,,380.0,401,Android,4.3.62,Clinton Spark,0BMCE8B0112XGP,,,0C0AF8NB33038T,,,121.5,23.604368,11.5,1.9104973,2.0,2,0,Clinton Spark,0BMCE8B0112XGP,,,Android,4.3.62
2025-11-19T04:22:34.117Z,3.5,14.153602893767557,121.26241420343608,0.4,0.4,0.4,15.285205,-0.1,0.0,0.2,0.2,-0.4,0.0,5.9,0.1,-58.9,AutoTakeoff,AutoFly,AppAutoTakeoff,true,Already,10,4,Spark,true,false,Standby,Smart,false,true,false,None,true,MonitorError,false,false,false,false,false,false,false,false,false,false,0,YawFollow,0.0,0.0,-58.6,false,false,false,false,false,false,false,,,,1024,1024,1024,1024,96,12.173,0.0,0,0,3,false,3.908,3.93,3.91,0.022,0.022,0.0,0.0,0.0,14.15359954679567,121.26241599943363,14.885205,380.0,true,FixedHeight,false,false,false,false,,true,false,false,,40,,380.0,401,Android,4.3.62,Clinton Spark,0BMCE8B0112XGP,,,0C0AF8NB33038T,,,121.5,23.604368,11.5,1.9104973,2.0,2,0,Clinton Spark,0BMCE8B0112XGP,,,Android,4.3.62
2025-11-19T04:22:34.117Z,3.6,14.153602925654118,121.26241446459093,0.4,0.4,0.5,15.285205,-0.1,0.0,0.2,0.2,-0.4,0.0,2.7,0.1,-58.9,AutoTakeoff,AutoFly,AppAutoTakeoff,true,Already,10,4,Spark,true,false,Standby,Smart,false,true,false,None,true,MonitorError,false,false,false,false,false,false,false,false,false,false,0,YawFollow,0.0,0.0,-58.6,false,false,false,false,false,false,false,,,,1024,1024,1024,1024,96,12.173,0.0,0,0,3,false,3.908,3.93,3.91,0.022,0.022,0.0,0.0,0.0,14.15359954679567,121.26241599943363,14.885205,380.0,true,FixedHeight,false,false,false,false,,true,false,false,,40,,380.0,401,Android,4.3.62,Clinton Spark,0BMCE8B0112XGP,,,0C0AF8NB33038T,,,121.5,23.604368,11.5,1.9104973,2.0,2,0,Clinton Spark,0BMCE8B0112XGP,,,Android,4.3.62
2025-11-19T04:22:34.218Z,3.7,14.153602871348768,121.26241481545195,0.5,0.5,0.6,15.385205,-0.1,0.0,0.3,0.3,-0.5,0.0,-1.2,0.0,-58.8,AutoTakeoff,AutoFly,AppAutoTakeoff,true,Already,10,4,Spark,true,false,Standby,Smart,false,true,false,None,true,MonitorError,false,false,false,false,false,false,false,false,false,false,0,YawFollow,0.0,0.0,-58.5,false,false,false,false,false,false,false,,,,1024,1024,1024,1024,96,12.173,0.0,0,0,3,false,3.908,3.93,3.91,0.022,0.022,0.0,0.0,0.0,14.15359954679567,121.26241599943363,14.885205,380.0,true,FixedHeight,false,false,false,false,,true,false,false,,40,,380.0,401,Android,4.3.62,Clinton Spark,0BMCE8B0112XGP,,,0C0AF8NB33038T,,,121.5,23.604368,11.5,1.9104973,2.0,2,0,Clinton Spark,0BMCE8B0112XGP,,,Android,4.3.62
2025-11-19T04:22:34.321Z,3.8,14.15360269160112,121.2624151307476,0.5,0.5,0.6,15.385205,-0.1,0.0,0.2,0.3,-0.5,0.0,-4.1,0.0,-58.9,AutoTakeoff,AutoFly,AppAutoTakeoff,true,Already,10,4,Spark,true,false,Standby,Smart,false,true,false,None,true,MonitorError,false,false,false,false,false,false,false,false,false,false,0,YawFollow,0.0,0.0,-58.5,false,false,false,false,false,false,false,,,,1024,1024,1024,1024,96,11.986,0.0,0,0,3,false,3.908,3.93,3.91,0.022,0.022,0.0,0.0,0.0,14.15359954679567,121.26241599943363,14.885205,380.0,true,FixedHeight,false,false,false,false,,true,false,false,,40,,380.0,401,Android,4.3.62,Clinton Spark,0BMCE8B0112XGP,,,0C0AF8NB33038T,,,121.5,23.604368,11.5,1.9104973,2.0,2,0,Clinton Spark,0BMCE8B0112XGP,,,Android,4.3.62
2025-11-19T04:22:34.627Z,3.9,14.153602530644086,121.26241536304097,0.6,0.6,0.7,15.485206,-0.1,0.0,0.1,0.3,-0.5,0.0,-4.2,0.0,-58.9,AutoTakeoff,AutoFly,AppAutoTakeoff,true,Already,10,4,Spark,true,false,Standby,Smart,false,true,false,None,true,MonitorError,false,false,false,false,false,false,false,false,false,false,0,YawFollow,0.0,0.0,-58.5,false,false,false,false,false,false,false,,,,1024,844,1024,1024,96,11.986,0.0,0,0,3,false,3.908,3.93,3.91,0.022,0.022,0.0,0.0,0.0,14.15359954679567,121.26241599943363,14.885205,380.0,true,FixedHeight,false,false,false,false,,true,false,false,,40,,380.0,401,Android,4.3.62,Clinton Spark,0BMCE8B0112XGP,,,0C0AF8NB33038T,,,121.5,23.604368,11.5,1.9104973,2.0,2,0,Clinton Spark,0BMCE8B0112XGP,,,Android,4.3.62
2025-11-19T04:22:34.627Z,4.0,14.153602399878405,121.26241550883366,0.6,0.6,0.7,15.485206,0.0,0.0,0.1,0.3,-0.5,0.0,-0.9,0.2,-58.9,AutoTakeoff,AutoFly,AppAutoTakeoff,true,Already,10,4,Spark,true,false,Standby,Smart,false,true,false,None,true,MonitorError,false,false,false,false,false,false,false,false,false,false,0,YawFollow,0.0,0.0,-58.6,false,false,false,false,false,false,false,,,,1024,844,1024,1024,96,11.986,0.0,0,0,3,false,3.908,3.93,3.91,0.022,0.022,0.0,0.0,0.0,14.15359954679567,121.26241599943363,14.885205,380.0,true,FixedHeight,false,false,false,false,,true,false,false,,40,,380.0,401,Android,4.3.62,Clinton Spark,0BMCE8B0112XGP,,,0C0AF8NB33038T,,,121.5,23.604368,11.5,1.9104973,2.0,2,0,Clinton Spark,0BMCE8B0112XGP,,,Android,4.3.62
2025-11-19T04:22:34.730Z,4.1,14.153602359712835,121.26241564496482,0.7,0.7,0.8,15.585205,0.0,0.0,0.1,0.3,-0.5,0.0,4.0,0.1,-58.9,AutoTakeoff,AutoFly,AppAutoTakeoff,true,Already,10,4,Spark,true,false,Standby,Smart,false,true,false,None,true,MonitorError,false,false,false,false,false,false,false,false,false,false,0,YawFollow,0.0,0.0,-58.6,false,false,false,false,false,false,false,,,,1024,858,1024,1024,96,11.986,0.0,0,0,3,false,3.908,3.93,3.91,0.022,0.022,0.0,0.0,0.0,14.15359954679567,121.26241599943363,14.885205,380.0,true,FixedHeight,false,false,false,false,,true,false,false,,40,,380.0,401,Android,4.3.62,Clinton Spark,0BMCE8B0112XGP,,,0C0AF8NB33038T,,,121.5,23.604368,11.5,1.9104973,2.0,2,0,Clinton Spark,0BMCE8B0112XGP,,,Android,4.3.62
2025-11-19T04:22:34.831Z,4.2,14.153602332068369,121.26241575196198,0.7,0.7,0.9,15.585205,-0.1,0.0,0.2,0.3,-0.5,0.0,2.8,0.1,-58.9,AutoTakeoff,AutoFly,AppAutoTakeoff,true,Already,10,4,Spark,true,false,Standby,Smart,false,true,false,None,true,MonitorError,false,false,false,false,false,false,false,false,false,false,0,YawFollow,0.0,0.0,-58.6,false,false,false,false,false,false,false,,,,1024,871,1024,1024,96,11.986,0.0,0,0,3,false,3.908,3.93,3.91,0.022,0.022,0.0,0.0,0.0,14.15359954679567,121.26241599943363,14.885205,380.0,true,FixedHeight,false,false,false,false,,true,false,false,,40,,380.0,401,Android,4.3.62,Clinton Spark,0BMCE8B0112XGP,,,0C0AF8NB33038T,,,121.5,23.604368,11.5,1.9104973,2.0,2,0,Clinton Spark,0BMCE8B0112XGP,,,Android,4.3.62
2025-11-19T04:22:34.831Z,4.3,14.153602312901583,121.26241591703328,0.8,0.8,0.9,15.685205,-0.1,0.0,0.2,0.3,-0.5,0.0,-0.7,0.0,-58.9,AutoTakeoff,AutoFly,AppAutoTakeoff,true,Already,10,4,Spark,true,false,Standby,Smart,false,true,false,None,true,MonitorError,false,false,false,false,false,false,false,false,false,false,0,YawFollow,0.0,0.0,-58.6,false,false,false,false,false,false,false,,,,1024,871,1024,1024,96,11.986,0.0,0,0,3,false,3.908,3.93,3.91,0.022,0.022,0.0,0.0,0.0,14.15359954679567,121.26241599943363,14.885205,380.0,true,FixedHeight,false,false,false,false,,true,false,false,,40,,380.0,401,Android,4.3.62,Clinton Spark,0BMCE8B0112XGP,,,0C0AF8NB33038T,,,121.5,23.604368,11.5,1.9104973,2.0,2,0,Clinton Spark,0BMCE8B0112XGP,,,Android,4.3.62
2025-11-19T04:22:34.933Z,4.4,14.153602269508436,121.2624161522265,0.9,0.9,1.0,15.785205,0.0,0.0,0.2,0.3,-0.5,0.0,-3.2,-0.3,-58.9,AutoTakeoff,AutoFly,AppAutoTakeoff,true,Already,10,4,Spark,true,false,Standby,Smart,false,true,false,None,true,MonitorError,false,false,false,false,false,false,false,false,false,false,0,YawFollow,0.0,0.0,-58.5,false,false,false,false,false,false,false,,,,1024,872,1024,1024,96,11.986,0.0,0,0,3,false,3.903,3.906,3.909,0.006,0.022,0.0,0.0,0.0,14.15359954679567,121.26241599943363,14.885205,380.0,true,FixedHeight,false,false,false,false,,true,false,false,,40,,380.0,401,Android,4.3.62,Clinton Spark,0BMCE8B0112XGP,,,0C0AF8NB33038T,,,121.5,23.604368,11.5,1.9104973,2.0,2,0,Clinton Spark,0BMCE8B0112XGP,,,Android,4.3.62
2025-11-19T04:22:34.933Z,4.5,14.153602216487927,121.26241643711482,0.9,0.9,1.1,15.785205,0.0,0.0,0.1,0.3,-0.5,0.0,-3.6,-0.3,-58.9,AutoTakeoff,AutoFly,AppAutoTakeoff,true,Already,10,4,Spark,true,false,Standby,Smart,false,true,false,None,true,MonitorError,false,false,false,false,false,false,false,false,false,false,0,YawFollow,0.0,0.0,-58.6,false,false,false,false,false,false,false,,,,1024,872,1024,1024,96,11.986,0.0,0,0,3,false,3.903,3.906,3.909,0.006,0.022,0.0,0.0,0.0,14.15359954679567,121.26241599943363,14.885205,380.0,true,FixedHeight,false,false,false,false,,true,false,false,,40,,380.0,401,Android,4.3.62,Clinton Spark,0BMCE8B0112XGP,,,0C0AF8NB33038T,,,121.5,23.604368,11.5,1.9104973,2.0,2,0,Clinton Spark,0BMCE8B0112XGP,,,Android,4.3.62
2025-11-19T04:22:34.933Z,4.6,14.15360217820321,121.26241670698664,1.0,1.0,1.2,15.885205,0.0,0.0,0.1,0.3,-0.5,0.0,-2.8,-0.4,-59.0,GPSAtti,AutoFly,None,true,Already,9,4,Spark,true,false,Standby,Smart,false,true,false,None,true,MonitorError,false,false,false,false,false,false,false,false,false,false,0,YawFollow,0.0,0.0,-58.6,false,false,false,false,false,false,false,,,,1024,872,1024,1024,96,11.986,0.0,0,0,3,false,3.903,3.906,3.909,0.006,0.022,0.0,0.0,0.0,14.15359954679567,121.26241599943363,14.885205,380.0,true,FixedHeight,false,false,false,false,,true,false,false,,40,,380.0,401,Android,4.3.62,Clinton Spark,0BMCE8B0112XGP,,,0C0AF8NB33038T,Flight mode changed to GPSAtti.,,121.5,23.604368,11.5,1.9104973,2.0,2,0,Clinton Spark,0BMCE8B0112XGP,,,Android,4.3.62
2025-11-19T04:22:35.038Z,4.7,14.153602153333612,121.26241694925024,1.0,1.0,1.2,15.885205,0.0,0.0,0.1,0.3,-0.3,0.0,-1.7,-0.3,-58.9,GPSAtti,AutoFly,None,true,Already,9,4,Spark,true,false,Standby,Smart,false,true,false,None,true,MonitorError,false,false,false,false,false,false,false,false,false,false,0,YawFollow,0.0,0.0,-58.6,false,false,false,false,false,false,false,,,,1024,876,1024,1024,96,11.986,0.0,0,0,3,false,3.903,3.906,3.909,0.006,0.022,0.0,0.0,0.0,14.15359954679567,121.26241599943363,14.885205,380.0,true,FixedHeight,false,false,false,false,,true,false,false,,40,,380.0,401,Android,4.3.62,Clinton Spark,0BMCE8B0112XGP,,,0C0AF8NB33038T,,,121.5,23.604368,11.5,1.9104973,2.0,2,0,Clinton Spark,0BMCE8B0112XGP,,,Android,4.3.62
2025-11-19T04:22:35.139Z,4.8,14.15360221594077,121.2624172034264,1.1,1.1,1.3,15.985206,0.0,0.0,0.1,0.3,-0.2,0.0,1.0,-0.1,-58.9,GPSAtti,AutoFly,None,true,Already,10,4,Spark,true,false,Standby,Smart,false,true,false,None,true,MonitorError,false,false,false,false,false,false,false,false,false,false,0,YawFollow,0.0,0.0,-58.6,false,false,false,false,false,false,false,,,,1024,899,1024,1024,96,11.874,0.0,0,0,3,false,3.903,3.906,3.909,0.006,0.022,0.0,0.0,0.0,14.15359954679567,121.26241599943363,14.885205,380.0,true,FixedHeight,false,false,false,false,,true,false,false,,40,,380.0,401,Android,4.3.62,Clinton Spark,0BMCE8B0112XGP,,,0C0AF8NB33038T,,,121.5,23.604368,11.5,1.9104973,2.0,2,0,Clinton Spark,0BMCE8B0112XGP,,,Android,4.3.62
2025-11-19T04:22:35.246Z,4.9,14.153602299766554,121.26241745702164,1.1,1.1,1.4,15.985206,0.0,0.0,0.1,0.3,-0.1,0.0,2.0,0.0,-58.9,GPSAtti,AutoFly,None,true,Already,10,4,Spark,true,false,Standby,Smart,false,true,false,None,true,MonitorError,false,false,false,false,false,false,false,false,false,false,0,YawFollow,0.0,0.0,-58.6,false,false,false,false,false,false,false,,,,1024,899,1024,1024,96,11.874,0.0,0,0,3,false,3.903,3.906,3.909,0.006,0.022,0.0,0.0,0.0,14.15359954679567,121.26241599943363,14.885205,380.0,true,FixedHeight,false,false,false,false,,true,false,false,,40,,380.0,401,Android,4.3.62,Clinton Spark,0BMCE8B0112XGP,,,0C0AF8NB33038T,,,121.5,23.604368,11.5,1.9104973,2.0,2,0,Clinton Spark,0BMCE8B0112XGP,,,Android,4.3.62
2025-11-19T04:22:35.246Z,5.0,14.153602337518771,121.26241772287445,1.1,1.1,1.4,15.985206,0.0,0.0,0.2,0.3,-0.1,0.0,2.1,0.0,-58.9,GPSAtti,AutoFly,None,true,Already,10,4,Spark,true,false,Standby,Smart,false,true,false,None,true,MonitorError,false,false,false,false,false,false,false,false,false,false,0,YawFollow,0.0,0.0,-58.6,false,false,false,false,false,false,false,,,,1024,880,1024,1024,96,11.874,0.0,0,0,3,false,3.903,3.906,3.909,0.006,0.022,0.0,0.0,0.0,14.15359954679567,121.26241599943363,14.885205,380.0,true,FixedHeight,false,false,false,false,,true,false,false,,40,,380.0,401,Android,4.3.62,Clinton Spark,0BMCE8B0112XGP,,,0C0AF8NB33038T,,,121.5,23.604368,11.5,1.9104973,2.0,2,0,Clinton Spark,0BMCE8B0112XGP,,,Android,4.3.62
2025-11-19T04:22:35.345Z,5.1,14.153602304479271,121.26241799511561,1.1,1.1,1.4,15.985206,0.0,0.0,0.2,0.3,0.0,0.0,1.8,0.0,-58.9,GPSAtti,AutoFly,None,true,Already,10,4,Spark,true,false,Standby,Smart,false,true,false,None,true,MonitorError,false,false,false,false,false,false,false,false,false,false,0,YawFollow,0.0,0.0,-58.6,false,false,false,false,false,false,false,,,,1024,1024,1024,1024,96,11.874,0.0,0,0,3,false,3.903,3.906,3.909,0.006,0.022,0.0,0.0,0.0,14.15359954679567,121.26241599943363,14.885205,380.0,true,FixedHeight,false,false,false,false,,true,false,false,,40,,380.0,401,Android,4.3.62,Clinton Spark,0BMCE8B0112XGP,,,0C0AF8NB33038T,,,121.5,23.604368,11.5,1.9104973,2.0,2,0,Clinton Spark,0BMCE8B0112XGP,,,Android,4.3.62
2025-11-19T04:22:35.448Z,5.2,14.153602163231294,121.26241837519483,1.1,1.1,1.5,15.985206,-0.1,0.0,0.2,0.3,0.0,0.0,1.8,-0.2,-58.9,GPSAtti,AutoFly,None,true,Already,10,4,Spark,true,false,Standby,Smart,false,true,false,None,true,MonitorError,false,false,false,false,false,false,false,false,false,false,0,YawFollow,0.0,0.0,-58.6,false,false,false,false,false,false,false,,,,1024,1024,1024,1024,96,11.874,0.0,0,0,3,false,3.903,3.906,3.909,0.006,0.022,0.0,0.0,0.0,14.15359954679567,121.26241599943363,14.885205,380.0,true,FixedHeight,false,false,false,false,,true,false,false,,40,,380.0,401,Android,4.3.62,Clinton Spark,0BMCE8B0112XGP,,,0C0AF8NB33038T,,,121.5,23.604368,11.5,1.9104973,2.0,2,0,Clinton Spark,0BMCE8B0112XGP,,,Android,4.3.62
2025-11-19T04:22:35.550Z,5.3,14.153601970763871,121.26241881281763,1.1,1.1,1.5,15.985206,-0.1,0.0,0.3,0.3,0.0,0.0,1.6,-0.2,-58.8,GPSAtti,AutoFly,None,true,Already,10,4,Spark,true,false,Standby,Smart,false,true,false,None,true,MonitorError,false,false,false,false,false,false,false,false,false,false,0,YawFollow,0.0,0.0,-58.6,false,false,false,false,false,false,false,,,,1024,1024,1024,1024,96,11.874,0.0,0,0,3,false,3.903,3.906,3.909,0.006,0.022,0.0,0.0,0.0,14.15359954679567,121.26241599943363,14.885205,380.0,true,FixedHeight,false,false,false,false,,true,false,false,,40,,380.0,401,Android,4.3.62,Clinton Spark,0BMCE8B0112XGP,,,0C0AF8NB33038T,,,121.5,23.604368,11.5,1.9104973,2.0,2,0,Clinton Spark,0BMCE8B0112XGP,,,Android,4.3.62
2025-11-19T04:22:35.654Z,5.4,14.153601769307436,121.26241930934641,1.1,1.1,1.5,15.985206,-0.1,0.0,0.3,0.3,0.0,0.0,1.7,-0.3,-58.9,GPSAtti,AutoFly,None,true,Already,10,4,Spark,true,false,Standby,Smart,false,true,false,None,true,MonitorError,false,false,false,false,false,false,false,false,false,false,0,YawFollow,0.0,0.0,-58.6,false,false,false,false,false,false,false,,,,1024,1024,1024,1024,96,11.874,0.0,0,0,3,false,3.903,3.906,3.909,0.006,0.022,0.0,0.0,0.0,14.15359954679567,121.26241599943363,14.885205,380.0,true,FixedHeight,false,false,false,false,,true,false,false,,40,,380.0,401,Android,4.3.62,Clinton Spark,0BMCE8B0112XGP,,,0C0AF8NB33038T,,,121.5,23.604368,11.5,1.9104973,2.0,2,0,Clinton Spark,0BMCE8B0112XGP,,,Android,4.3.62
2025-11-19T04:22:35.756Z,5.5,14.15360159429693,121.26241980130295,1.1,1.1,1.5,15.985206,-0.2,0.0,0.3,0.3,0.0,0.0,1.3,-0.3,-58.9,GPSAtti,AutoFly,None,true,Already,10,4,Spark,true,false,Standby,Smart,false,true,false,None,true,MonitorError,false,false,false,false,false,false,false,false,false,false,0,YawFollow,0.0,0.0,-58.6,false,false,false,false,false,false,false,,,,1024,1024,1000,1024,96,11.874,0.0,0,0,3,false,3.915,3.936,3.931,0.021,0.022,0.0,0.0,0.0,14.15359954679567,121.26241599943363,14.885205,380.0,true,FixedHeight,false,false,false,false,,true,false,false,,40,,380.0,401,Android,4.3.62,Clinton Spark,0BMCE8B0112XGP,,,0C0AF8NB33038T,,,121.5,23.604368,11.5,1.9104973,2.0,2,0,Clinton Spark,0BMCE8B0112XGP,,,Android,4.3.62
2025-11-19T04:22:35.857Z,5.6,14.153601422230652,121.26242033003535,1.1,1.1,1.5,15.985206,-0.2,0.0,0.4,0.4,0.0,0.0,1.0,-0.2,-58.9,GPSAtti,AutoFly,None,true,Already,10,4,Spark,true,false,Standby,Smart,false,true,false,None,true,MonitorError,false,false,false,false,false,false,false,false,false,false,0,YawFollow,0.0,0.0,-58.6,false,false,false,false,false,false,false,,,,1024,1024,921,1024,96,11.874,0.0,0,0,3,false,3.915,3.936,3.931,0.021,0.022,0.0,0.0,0.0,14.15359954679567,121.26241599943363,14.885205,380.0,true,FixedHeight,false,false,false,false,,true,false,false,,40,,380.0,401,Android,4.3.62,Clinton Spark,0BMCE8B0112XGP,,,0C0AF8NB33038T,,,121.5,23.604368,11.5,1.9104973,2.0,2,0,Clinton Spark,0BMCE8B0112XGP,,,Android,4.3.62
2025-11-19T04:22:36.061Z,5.7,14.153601246090007,121.2624208507988,1.1,1.1,1.5,15.985206,-0.2,0.0,0.4,0.4,0.0,0.0,-0.9,-0.2,-58.9,GPSAtti,AutoFly,None,true,Already,10,4,Spark,true,false,Standby,Smart,false,true,false,None,true,MonitorError,false,false,false,false,false,false,false,false,false,false,0,YawFollow,0.0,0.0,-58.5,false,false,false,false,false,false,false,,,,1024,1024,1024,1024,96,11.874,0.0,0,0,3,false,3.915,3.936,3.931,0.021,0.022,0.0,0.0,0.0,14.15359954679567,121.26241599943363,14.885205,380.0,true,FixedHeight,false,false,false,false,,true,false,false,,40,,380.0,401,Android,4.3.62,Clinton Spark,0BMCE8B0112XGP,,,0C0AF8NB33038T,,,121.5,23.604368,11.5,1.9104973,2.0,2,0,Clinton Spark,0BMCE8B0112XGP,,,Android,4.3.62
2025-11-19T04:22:36.265Z,5.8,14.153601024284537,121.26242137443552,1.1,1.1,1.5,15.985206,-0.2,0.0,0.4,0.4,0.0,0.0,-4.3,-0.1,-58.9,GPSAtti,AutoFly,None,true,Already,10,4,Spark,true,false,Standby,Smart,false,true,false,None,true,MonitorError,false,false,false,false,false,false,false,false,false,false,0,YawFollow,0.0,0.0,-58.6,false,false,false,false,false,false,false,,,,1024,1024,1024,1024,96,11.746,0.0,0,0,3,false,3.915,3.936,3.931,0.021,0.022,0.0,0.0,0.0,14.15359954679567,121.26241599943363,14.885205,380.0,true,FixedHeight,false,false,false,false,,true,false,false,,40,,380.0,401,Android,4.3.62,Clinton Spark,0BMCE8B0112XGP,,,0C0AF8NB33038T,,,121.5,23.604368,11.5,1.9104973,2.0,2,0,Clinton Spark,0BMCE8B0112XGP,,,Android,4.3.62
2025-11-19T04:22:36.367Z,5.9,14.153600791957688,121.26242183669534,1.1,1.1,1.5,15.985206,-0.2,0.0,0.3,0.4,0.0,0.0,-6.1,0.0,-58.9,GPSAtti,AutoFly,None,true,Already,10,4,Spark,true,false,Standby,Smart,false,true,false,None,true,MonitorError,false,false,false,false,false,false,false,false,false,false,0,YawFollow,0.0,0.0,-58.5,false,false,false,false,false,false,false,,,,1024,1024,899,740,96,11.746,0.0,0,0,3,false,3.915,3.936,3.931,0.021,0.022,0.0,0.0,0.0,14.15359954679567,121.26241599943363,14.885205,380.0,true,FixedHeight,false,false,false,false,,true,false,false,,40,,380.0,401,Android,4.3.62,Clinton Spark,0BMCE8B0112XGP,,,0C0AF8NB33038T,,,121.5,23.604368,11.5,1.9104973,2.0,2,0,Clinton Spark,0BMCE8B0112XGP,,,Android,4.3.62
2025-11-19T04:22:36.469Z,6.0,14.15360059479546,121.2624221898248,1.1,1.1,1.5,15.985206,-0.1,0.0,0.2,0.4,0.0,0.0,-5.5,0.0,-58.9,GPSAtti,AutoFly,None,true,Already,10,4,Spark,true,false,Standby,Smart,false,true,false,None,true,MonitorError,false,false,false,false,false,false,false,false,false,false,0,YawFollow,0.0,0.0,-58.6,false,false,false,false,false,false,false,,,,1024,1024,899,740,96,11.746,0.0,0,0,3,false,3.915,3.936,3.931,0.021,0.022,0.0,0.0,0.0,14.15359954679567,121.26241599943363,14.885205,380.0,true,FixedHeight,false,false,false,false,,true,false,false,,40,,380.0,401,Android,4.3.62,Clinton Spark,0BMCE8B0112XGP,,,0C0AF8NB33038T,,,121.5,23.604368,11.5,1.9104973,2.0,2,0,Clinton Spark,0BMCE8B0112XGP,,,Android,4.3.62
2025-11-19T04:22:36.576Z,6.1,14.153600445162626,121.26242245015105,1.1,1.1,1.5,15.985206,-0.1,0.0,0.2,0.4,0.0,0.0,-4.2,0.0,-59.0,GPSAtti,AutoFly,None,true,Already,10,4,Spark,true,false,Standby,Smart,false,true,false,None,true,MonitorError,false,false,false,false,false,false,false,false,false,false,0,YawFollow,0.0,0.0,-58.7,false,false,false,false,false,false,false,,,,1024,1024,957,678,96,11.746,0.0,0,0,3,false,3.915,3.936,3.931,0.021,0.022,0.0,0.0,0.0,14.15359954679567,121.26241599943363,14.885205,380.0,true,FixedHeight,false,false,false,false,,true,false,false,,40,,380.0,401,Android,4.3.62,Clinton Spark,0BMCE8B0112XGP,,,0C0AF8NB33038T,,,121.5,23.604368,11.5,1.9104973,2.0,2,0,Clinton Spark,0BMCE8B0112XGP,,,Android,4.3.62
2025-11-19T04:22:36.678Z,6.2,14.153600383688865,121.26242260465494,1.1,1.1,1.5,15.985206,-0.1,0.0,0.1,0.4,0.0,0.0,-3.3,0.1,-59.0,GPSAtti,AutoFly,None,true,Already,9,4,Spark,true,false,Standby,Smart,false,true,false,None,true,MonitorError,false,false,false,false,false,false,false,false,false,false,0,YawFollow,0.0,0.0,-58.6,false,false,false,false,false,false,false,,,,1024,1024,957,678,96,11.746,0.0,0,0,3,false,3.915,3.936,3.931,0.021,0.022,0.0,0.0,0.0,14.15359954679567,121.26241599943363,14.885205,380.0,true,FixedHeight,false,false,false,false,,true,false,false,,40,,380.0,401,Android,4.3.62,Clinton Spark,0BMCE8B0112XGP,,,0C0AF8NB33038T,,,121.5,23.604368,11.5,1.9104973,2.0,2,0,Clinton Spark,0BMCE8B0112XGP,,,Android,4.3.62
2025-11-19T04:22:36.780Z,6.3,14.153600361128403,121.26242272228524,1.1,1.1,1.5,15.985206,0.0,0.0,0.1,0.4,0.0,0.0,-2.8,0.2,-58.9,GPSAtti,AutoFly,None,true,Already,9,4,Spark,true,false,Standby,Smart,false,true,false,None,true,MonitorError,false,false,false,false,false,false,false,false,false,false,0,YawFollow,0.0,0.0,-58.6,false,false,false,false,false,false,false,,,,1024,1024,944,679,96,11.746,0.0,0,0,3,false,3.915,3.936,3.931,0.021,0.022,0.0,0.0,0.0,14.15359954679567,121.26241599943363,14.885205,380.0,true,FixedHeight,false,false,false,false,,true,false,false,,40,,380.0,401,Android,4.3.62,Clinton Spark,0BMCE8B0112XGP,,,0C0AF8NB33038T,,,121.5,23.604368,11.5,1.9104973,2.0,2,0,Clinton Spark,0BMCE8B0112XGP,,,Android,4.3.62
2025-11-19T04:22:36.882Z,6.4,14.153600413676662,121.2624228198832,1.1,1.1,1.5,15.985206,0.0,0.0,0.0,0.4,0.0,0.0,-1.6,0.0,-58.9,GPSAtti,AutoFly,None,true,Already,9,4,Spark,true,false,Standby,Smart,false,true,false,None,true,MonitorError,false,false,false,false,false,false,false,false,false,false,0,YawFollow,0.0,0.0,-58.7,false,false,false,false,false,false,false,,,,1024,1024,1024,1024,96,11.746,0.0,0,0,3,false,3.915,3.936,3.931,0.021,0.022,0.0,0.0,0.0,14.15359954679567,121.26241599943363,14.885205,380.0,true,FixedHeight,false,false,false,false,,true,false,false,,40,,380.0,401,Android,4.3.62,Clinton Spark,0BMCE8B0112XGP,,,0C0AF8NB33038T,,,121.5,23.604368,11.5,1.9104973,2.0,2,0,Clinton Spark,0BMCE8B0112XGP,,,Android,4.3.62
2025-11-19T04:22:36.984Z,6.5,14.153600465348818,121.26242293000722,1.1,1.1,1.5,15.985206,0.0,0.0,0.0,0.4,0.0,0.0,-0.9,0.0,-59.0,GPSAtti,AutoFly,None,true,Already,9,4,Spark,true,false,Standby,Smart,false,true,false,None,true,MonitorError,false,false,false,false,false,false,false,false,false,false,0,YawFollow,0.0,0.0,-58.9,false,false,false,false,false,false,false,,,,968,972,1024,1024,96,11.746,0.0,0,0,3,false,3.916,3.926,3.909,0.017,0.022,0.0,0.0,0.0,14.15359954679567,121.26241599943363,14.885205,380.0,true,FixedHeight,false,false,false,false,,true,false,false,,40,,380.0,401,Android,4.3.62,Clinton Spark,0BMCE8B0112XGP,,,0C0AF8NB33038T,,,121.5,23.604368,11.5,1.9104973,2.0,2,0,Clinton Spark,0BMCE8B0112XGP,,,Android,4.3.62
2025-11-19T04:22:36.984Z,6.6,14.153600638675512,121.26242298280204,1.1,1.1,1.4,15.985206,0.0,0.0,0.0,0.4,0.0,0.0,-1.1,0.3,-59.6,GPSAtti,AutoFly,None,true,Already,9,4,Spark,true,false,Standby,Smart,false,true,false,None,true,MonitorError,false,false,false,false,false,false,false,false,false,false,0,YawFollow,0.0,0.0,-59.9,false,false,false,false,false,false,false,,,,968,972,1024,1024,96,11.746,0.0,0,0,3,false,3.916,3.926,3.909,0.017,0.022,0.0,0.0,0.0,14.15359954679567,121.26241599943363,14.885205,380.0,true,FixedHeight,false,false,false,false,,true,false,false,,40,,380.0,401,Android,4.3.62,Clinton Spark,0BMCE8B0112XGP,,,0C0AF8NB33038T,,,121.5,23.604368,11.5,1.9104973,2.0,2,0,Clinton Spark,0BMCE8B0112XGP,,,Android,4.3.62
2025-11-19T04:22:37.188Z,6.7,14.153600811090277,121.26242301827965,1.1,1.1,1.4,15.985206,0.0,0.0,0.0,0.4,0.0,0.0,-1.2,0.3,-61.6,GPSAtti,AutoFly,None,true,Already,9,4,Spark,true,false,Standby,Smart,false,true,false,None,true,MonitorError,false,false,false,false,false,false,false,false,false,false,0,YawFollow,0.0,0.0,-61.8,false,false,false,false,false,false,false,,,,1024,714,1024,1024,96,11.746,0.0,0,0,3,false,3.916,3.926,3.909,0.017,0.022,0.0,0.0,0.0,14.15359954679567,121.26241599943363,14.885205,380.0,true,FixedHeight,false,false,false,false,,true,false,false,,40,,380.0,401,Android,4.3.62,Clinton Spark,0BMCE8B0112XGP,,,0C0AF8NB33038T,,,121.5,23.604368,11.5,1.9104973,2.0,2,0,Clinton Spark,0BMCE8B0112XGP,,,Android,4.3.62
2025-11-19T04:22:37.290Z,6.8,14.153601096753551,121.26242301146992,1.1,1.1,1.4,15.985206,0.0,0.0,0.0,0.4,0.0,0.0,-1.1,0.4,-64.4,GPSAtti,AutoFly,None,true,Already,9,4,Spark,true,false,Standby,Smart,false,true,false,None,true,MonitorError,false,false,false,false,false,false,false,false,false,false,0,YawFollow,0.0,0.0,-64.1,false,false,false,false,false,false,false,,,,1024,714,1024,1024,95,11.762,0.0,0,0,3,false,3.916,3.926,3.909,0.017,0.022,0.0,0.0,0.0,14.15359954679567,121.26241599943363,14.885205,380.0,true,FixedHeight,false,false,false,false,,true,false,false,,40,,380.0,401,Android,4.3.62,Clinton Spark,0BMCE8B0112XGP,,,0C0AF8NB33038T,,,121.5,23.604368,11.5,1.9104973,2.0,2,0,Clinton Spark,0BMCE8B0112XGP,,,Android,4.3.62
2025-11-19T04:22:37.393Z,6.9,14.153601337924478,121.26242301691322,1.0,1.1,1.4,15.885205,0.0,0.0,0.0,0.4,0.0,0.0,-1.0,0.4,-67.3,GPSAtti,AutoFly,None,true,Already,9,4,Spark,true,false,Standby,Smart,false,true,false,None,true,MonitorError,false,false,false,false,false,false,false,false,false,false,0,YawFollow,0.0,0.0,-66.5,false,false,false,false,false,false,false,,,,1024,755,1024,1024,95,11.762,0.0,0,0,3,false,3.916,3.926,3.909,0.017,0.022,0.0,0.0,0.0,14.15359954679567,121.26241599943363,14.885205,380.0,true,FixedHeight,false,false,false,false,,true,false,false,,40,,380.0,401,Android,4.3.62,Clinton Spark,0BMCE8B0112XGP,,,0C0AF8NB33038T,,,121.5,23.604368,11.5,1.9104973,2.0,2,0,Clinton Spark,0BMCE8B0112XGP,,,Android,4.3.62
2025-11-19T04:22:37.393Z,7.0,14.153601618292052,121.26242299500974,1.0,1.1,1.4,15.885205,0.0,0.0,0.0,0.4,0.0,0.0,-0.9,0.5,-70.2,GPSAtti,AutoFly,None,true,Already,9,4,Spark,true,false,Standby,Smart,false,true,false,None,true,MonitorError,false,false,false,false,false,false,false,false,false,false,0,YawFollow,0.0,0.0,-68.7,false,false,false,false,false,false,false,,,,1024,755,1024,1024,95,11.762,0.0,0,0,3,false,3.916,3.926,3.909,0.017,0.022,0.0,0.0,0.0,14.15359954679567,121.26241599943363,14.885205,380.0,true,FixedHeight,false,false,false,false,,true,false,false,,40,,380.0,401,Android,4.3.62,Clinton Spark,0BMCE8B0112XGP,,,0C0AF8NB33038T,,,121.5,23.604368,11.5,1.9104973,2.0,2,0,Clinton Spark,0BMCE8B0112XGP,,,Android,4.3.62
2025-11-19T04:22:37.596Z,7.1,14.153601824244623,121.26242299122886,1.0,1.1,1.4,15.885205,0.0,0.0,0.0,0.4,0.0,0.0,-0.8,0.5,-72.0,GPSAtti,AutoFly,None,true,Already,9,4,Spark,true,false,Standby,Smart,false,true,false,None,true,MonitorError,false,false,false,false,false,false,false,false,false,false,0,YawFollow,0.0,0.0,-69.8,false,false,false,false,false,false,false,,,,1024,846,1024,1024,95,11.762,0.0,0,0,3,false,3.916,3.926,3.909,0.017,0.022,0.0,0.0,0.0,14.15359954679567,121.26241599943363,14.885205,380.0,true,FixedHeight,false,false,false,false,,true,false,false,,40,,380.0,401,Android,4.3.62,Clinton Spark,0BMCE8B0112XGP,,,0C0AF8NB33038T,,,121.5,23.604368,11.5,1.9104973,2.0,2,0,Clinton Spark,0BMCE8B0112XGP,,,Android,4.3.62
2025-11-19T04:22:37.698Z,7.2,14.15360201816299,121.2624229826176,1.0,1.1,1.4,15.885205,0.0,0.0,0.0,0.4,0.0,0.0,-1.2,0.4,-72.0,GPSAtti,AutoFly,None,true,Already,9,4,Spark,true,false,Standby,Smart,false,true,false,None,true,MonitorError,false,false,false,false,false,false,false,false,false,false,0,YawFollow,0.0,0.0,-70.0,false,false,false,false,false,false,false,,,,1024,846,1024,1024,95,11.762,0.0,0,0,3,false,3.916,3.926,3.909,0.017,0.022,0.0,0.0,0.0,14.15359954679567,121.26241599943363,14.885205,380.0,true,FixedHeight,false,false,false,false,,true,false,false,,40,,380.0,401,Android,4.3.62,Clinton Spark,0BMCE8B0112XGP,,,0C0AF8NB33038T,,,121.5,23.604368,11.5,1.9104973,2.0,2,0,Clinton Spark,0BMCE8B0112XGP,,,Android,4.3.62
2025-11-19T04:22:37.800Z,7.3,14.153602154053385,121.26242299764925,1.0,1.1,1.4,15.885205,0.0,0.0,0.0,0.4,0.0,0.0,0.0,0.0,-72.0,GPSAtti,AutoFly,None,true,Already,9,4,Spark,true,false,Standby,Smart,false,true,false,None,true,MonitorError,false,false,false,false,false,false,false,false,false,false,0,YawFollow,0.0,0.0,-70.0,false,false,false,false,false,false,false,,,,1024,847,1024,1024,95,11.762,0.0,0,0,3,false,3.916,3.926,3.909,0.017,0.022,0.0,0.0,0.0,14.15359954679567,121.26241599943363,14.885205,380.0,true,FixedHeight,false,false,false,false,,true,false,false,,40,,380.0,401,Android,4.3.62,Clinton Spark,0BMCE8B0112XGP,,,0C0AF8NB33038T,,,121.5,23.604368,11.5,1.9104973,2.0,2,0,Clinton Spark,0BMCE8B0112XGP,,,Android,4.3.62
2025-11-19T04:22:37.800Z,7.4,14.15360220743378,121.26242304429118,1.0,1.1,1.3,15.885205,0.0,0.0,0.0,0.4,0.0,0.0,3.8,0.1,-72.0,GPSAtti,AutoFly,None,true,Already,9,4,Spark,true,false,Standby,Smart,false,true,false,None,true,MonitorError,false,false,false,false,false,false,false,false,false,false,0,YawFollow,0.0,0.0,-70.0,false,false,false,false,false,false,false,,,,1024,847,1024,1024,95,11.762,0.0,0,0,3,false,3.916,3.926,3.909,0.017,0.022,0.0,0.0,0.0,14.15359954679567,121.26241599943363,14.885205,380.0,true,FixedHeight,false,false,false,false,,true,false,false,,40,,380.0,401,Android,4.3.62,Clinton Spark,0BMCE8B0112XGP,,,0C0AF8NB33038T,,,121.5,23.604368,11.5,1.9104973,2.0,2,0,Clinton Spark,0BMCE8B0112XGP,,,Android,4.3.62
2025-11-19T04:22:38.004Z,7.5,14.153602208756075,121.26242317290941,1.0,1.1,1.3,15.885205,0.0,0.0,0.1,0.4,0.0,0.0,5.3,0.3,-72.0,GPSAtti,AutoFly,None,true,Already,9,4,Spark,true,false,Standby,Smart,false,true,false,None,true,MonitorError,false,false,false,false,false,false,false,false,false,false,0,YawFollow,0.0,0.0,-70.0,false,false,false,false,false,false,false,,,,1024,857,1024,1024,95,11.762,0.0,0,0,3,false,3.916,3.926,3.909,0.017,0.022,0.0,0.0,0.0,14.15359954679567,121.26241599943363,14.885205,380.0,true,FixedHeight,false,false,false,false,,true,false,false,,40,,380.0,401,Android,4.3.62,Clinton Spark,0BMCE8B0112XGP,,,0C0AF8NB33038T,,,121.5,23.604368,11.5,1.9104973,2.0,2,0,Clinton Spark,0BMCE8B0112XGP,,,Android,4.3.62
2025-11-19T04:22:38.004Z,7.6,14.153602055773533,121.26242346337712,1.0,1.1,1.3,15.885205,0.0,0.0,0.2,0.4,0.0,0.0,5.5,0.3,-72.0,GPSAtti,AutoFly,None,true,Already,9,4,Spark,true,false,Standby,Smart,false,true,false,None,true,MonitorError,false,false,false,false,false,false,false,false,false,false,0,YawFollow,0.0,0.0,-70.0,false,false,false,false,false,false,false,,,,1024,856,1024,1024,95,11.762,0.0,0,0,3,false,3.886,3.905,3.904,0.019,0.022,0.0,0.0,0.0,14.15359954679567,121.26241599943363,14.885205,380.0,true,FixedHeight,false,false,false,false,,true,false,false,,40,,380.0,401,Android,4.3.62,Clinton Spark,0BMCE8B0112XGP,,,0C0AF8NB33038T,,,121.5,23.604368,11.5,1.9104973,2.0,2,0,Clinton Spark,0BMCE8B0112XGP,,,Android,4.3.62
2025-11-19T04:22:38.106Z,7.7,14.153601876099165,121.26242385938117,1.0,1.1,1.3,15.885205,-0.1,0.0,0.3,0.4,0.0,0.0,5.0,0.3,-72.0,GPSAtti,AutoFly,None,true,Already,9,4,Spark,true,false,Standby,Smart,false,true,false,None,true,MonitorError,false,false,false,false,false,false,false,false,false,false,0,YawFollow,0.0,0.0,-70.0,false,false,false,false,false,false,false,,,,1024,856,1024,1024,95,11.762,0.0,0,0,3,false,3.886,3.905,3.904,0.019,0.022,0.0,0.0,0.0,14.15359954679567,121.26241599943363,14.885205,380.0,true,FixedHeight,false,false,false,false,,true,false,false,,40,,380.0,401,Android,4.3.62,Clinton Spark,0BMCE8B0112XGP,,,0C0AF8NB33038T,,,121.5,23.604368,11.5,1.9104973,2.0,2,0,Clinton Spark,0BMCE8B0112XGP,,,Android,4.3.62
2025-11-19T04:22:38.317Z,7.8,14.153601621773666,121.26242438527791,1.0,1.1,1.3,15.885205,-0.1,0.0,0.4,0.4,0.0,0.0,3.5,0.2,-72.0,GPSAtti,AutoFly,None,true,Already,10,4,Spark,true,false,Standby,Smart,false,true,false,None,true,MonitorError,false,false,false,false,false,false,false,false,false,false,0,YawFollow,0.0,0.0,-69.9,false,false,false,false,false,false,false,,,,1024,750,1024,1024,95,11.724,0.0,0,0,3,false,3.886,3.905,3.904,0.019,0.022,0.0,0.0,0.0,14.15359954679567,121.26241599943363,14.885205,380.0,true,FixedHeight,false,false,false,false,,true,false,false,,40,,380.0,401,Android,4.3.62,Clinton Spark,0BMCE8B0112XGP,,,0C0AF8NB33038T,,,121.5,23.604368,11.5,1.9104973,2.0,2,0,Clinton Spark,0BMCE8B0112XGP,,,Android,4.3.62
2025-11-19T04:22:38.622Z,7.9,14.153601397937525,121.2624249566305,1.0,1.1,1.3,15.885205,-0.1,0.0,0.4,0.4,0.0,0.0,2.6,0.2,-72.0,GPSAtti,AutoFly,None,true,Already,10,4,Spark,true,false,Standby,Smart,false,true,false,None,true,MonitorError,false,false,false,false,false,false,false,false,false,false,0,YawFollow,0.0,0.0,-69.9,false,false,false,false,false,false,false,,,,1024,705,1024,1024,95,11.724,0.0,0,0,3,false,3.886,3.905,3.904,0.019,0.022,0.0,0.0,0.0,14.15359954679567,121.26241599943363,14.885205,380.0,true,FixedHeight,false,false,false,false,,true,false,false,,40,,380.0,401,Android,4.3.62,Clinton Spark,0BMCE8B0112XGP,,,0C0AF8NB33038T,,,121.5,23.604368,11.5,1.9104973,2.0,2,0,Clinton Spark,0BMCE8B0112XGP,,,Android,4.3.62
2025-11-19T04:22:38.622Z,8.0,14.153601150065551,121.26242557755276,1.0,1.1,1.3,15.885205,-0.1,0.0,0.5,0.5,0.0,0.0,2.1,0.3,-72.0,GPSAtti,AutoFly,None,true,Already,10,4,Spark,true,false,Standby,Smart,false,true,false,None,true,MonitorError,false,false,false,false,false,false,false,false,false,false,0,YawFollow,0.0,0.0,-69.9,false,false,false,false,false,false,false,,,,1024,705,1024,1024,95,11.724,0.0,0,0,3,false,3.886,3.905,3.904,0.019,0.022,0.0,0.0,0.0,14.15359954679567,121.26241599943363,14.885205,380.0,true,FixedHeight,false,false,false,false,,true,false,false,,40,,380.0,401,Android,4.3.62,Clinton Spark,0BMCE8B0112XGP,,,0C0AF8NB33038T,,,121.5,23.604368,11.5,1.9104973,2.0,2,0,Clinton Spark,0BMCE8B0112XGP,,,Android,4.3.62
2025-11-19T04:22:38.622Z,8.1,14.153600946252757,121.26242619983512,1.0,1.1,1.3,15.885205,-0.2,0.0,0.5,0.5,0.0,0.0,1.7,0.3,-72.0,GPSAtti,AutoFly,None,true,Already,10,4,Spark,true,false,Standby,Smart,false,true,false,None,true,MonitorError,false,false,false,false,false,false,false,false,false,false,0,YawFollow,0.0,0.0,-69.8,false,false,false,false,false,false,false,,,,1024,751,1024,1024,95,11.724,0.0,0,0,3,false,3.886,3.905,3.904,0.019,0.022,0.0,0.0,0.0,14.15359954679567,121.26241599943363,14.885205,380.0,true,FixedHeight,false,false,false,false,,true,false,false,,40,,380.0,401,Android,4.3.62,Clinton Spark,0BMCE8B0112XGP,,,0C0AF8NB33038T,,,121.5,23.604368,11.5,1.9104973,2.0,2,0,Clinton Spark,0BMCE8B0112XGP,,,Android,4.3.62
2025-11-19T04:22:38.622Z,8.2,14.153600671071777,121.26242682717395,1.0,1.1,1.3,15.885205,-0.2,0.0,0.6,0.6,0.0,0.0,1.4,0.4,-72.0,GPSAtti,AutoFly,None,true,Already,10,4,Spark,true,false,Standby,Smart,false,true,false,None,true,MonitorError,false,false,false,false,false,false,false,false,false,false,0,YawFollow,0.0,0.0,-69.8,false,false,false,false,false,false,false,,,,1024,846,1024,1024,95,11.724,0.0,0,0,3,false,3.886,3.905,3.904,0.019,0.022,0.0,0.0,0.0,14.15359954679567,121.26241599943363,14.885205,380.0,true,FixedHeight,false,false,false,false,,true,false,false,,40,,380.0,401,Android,4.3.62,Clinton Spark,0BMCE8B0112XGP,,,0C0AF8NB33038T,,,121.5,23.604368,11.5,1.9104973,2.0,2,0,Clinton Spark,0BMCE8B0112XGP,,,Android,4.3.62
2025-11-19T04:22:38.728Z,8.3,14.153600384962308,121.26242745638193,1.0,1.1,1.3,15.885205,-0.2,0.0,0.6,0.6,0.0,0.0,1.1,0.5,-72.0,GPSAtti,AutoFly,None,true,Already,10,4,Spark,true,false,Standby,Smart,false,true,false,None,true,MonitorError,false,false,false,false,false,false,false,false,false,false,0,YawFollow,0.0,0.0,-69.7,false,false,false,false,false,false,false,,,,1024,878,1024,1024,95,11.724,0.0,0,0,3,false,3.886,3.905,3.904,0.019,0.022,0.0,0.0,0.0,14.15359954679567,121.26241599943363,14.885205,380.0,true,FixedHeight,false,false,false,false,,true,false,false,,40,,380.0,401,Android,4.3.62,Clinton Spark,0BMCE8B0112XGP,,,0C0AF8NB33038T,,,121.5,23.604368,11.5,1.9104973,2.0,2,0,Clinton Spark,0BMCE8B0112XGP,,,Android,4.3.62
2025-11-19T04:22:38.832Z,8.4,14.153600114707372,121.26242808304707,1.0,1.1,1.3,15.885205,-0.2,0.0,0.6,0.6,0.0,0.0,0.5,0.5,-72.0,GPSAtti,AutoFly,None,true,Already,10,4,Spark,true,false,Standby,Smart,false,true,false,None,true,MonitorError,false,false,false,false,false,false,false,false,false,false,0,YawFollow,0.0,0.0,-69.7,false,false,false,false,false,false,false,,,,1024,904,1082,1024,95,11.724,0.0,0,0,3,false,3.886,3.905,3.904,0.019,0.022,0.0,0.0,0.0,14.15359954679567,121.26241599943363,14.885205,380.0,true,FixedHeight,false,false,false,false,,true,false,false,,40,,380.0,401,Android,4.3.62,Clinton Spark,0BMCE8B0112XGP,,,0C0AF8NB33038T,,,121.5,23.604368,11.5,1.9104973,2.0,2,0,Clinton Spark,0BMCE8B0112XGP,,,Android,4.3.62
2025-11-19T04:22:38.934Z,8.5,14.153599904012774,121.26242874143266,1.0,1.1,1.3,15.885205,-0.2,0.0,0.7,0.7,0.0,0.0,0.8,0.4,-72.0,GPSAtti,AutoFly,None,true,Already,10,4,Spark,true,false,Standby,Smart,false,true,false,None,true,MonitorError,false,false,false,false,false,false,false,false,false,false,0,YawFollow,0.0,0.0,-69.7,false,false,false,false,false,false,false,,,,1024,904,1082,1024,95,11.724,0.0,0,0,3,false,3.877,3.9,3.891,0.023,0.023,0.0,0.0,0.0,14.15359954679567,121.26241599943363,14.885205,380.0,true,FixedHeight,false,false,false,false,,true,false,false,,40,,380.0,401,Android,4.3.62,Clinton Spark,0BMCE8B0112XGP,,,0C0AF8NB33038T,,,121.5,23.604368,11.5,1.9104973,2.0,2,0,Clinton Spark,0BMCE8B0112XGP,,,Android,4.3.62
2025-11-19T04:22:38.934Z,8.6,14.153599678307177,121.26242937116749,1.0,1.1,1.4,15.885205,-0.2,0.0,0.7,0.7,-0.1,0.0,1.7,0.4,-72.0,GPSAtti,AutoFly,None,true,Already,10,4,Spark,true,false,Standby,Smart,false,true,false,None,true,MonitorError,false,false,false,false,false,false,false,false,false,false,0,YawFollow,0.0,0.0,-69.7,false,false,false,false,false,false,false,,,,1024,1024,1355,1024,95,11.724,0.0,0,0,3,false,3.877,3.9,3.891,0.023,0.023,0.0,0.0,0.0,14.15359954679567,121.26241599943363,14.885205,380.0,true,FixedHeight,false,false,false,false,,true,false,false,,40,,380.0,401,Android,4.3.62,Clinton Spark,0BMCE8B0112XGP,,,0C0AF8NB33038T,,,121.5,23.604368,11.5,1.9104973,2.0,2,0,Clinton Spark,0BMCE8B0112XGP,,,Android,4.3.62
2025-11-19T04:22:39.139Z,8.7,14.153599437318636,121.26243003919556,1.0,1.1,1.4,15.885205,-0.2,0.0,0.7,0.7,-0.1,0.0,2.7,0.4,-72.1,GPSAtti,AutoFly,None,true,Already,10,4,Spark,true,false,Standby,Smart,false,true,false,None,true,MonitorError,false,false,false,false,false,false,false,false,false,false,0,YawFollow,0.0,0.0,-69.7,false,false,false,false,false,false,false,,,,1024,1024,1684,1050,95,11.724,0.0,0,0,3,false,3.877,3.9,3.891,0.023,0.023,0.0,0.0,0.0,14.15359954679567,121.26241599943363,14.885205,380.0,true,FixedHeight,false,false,false,false,,true,false,false,,40,,380.0,401,Android,4.3.62,Clinton Spark,0BMCE8B0112XGP,,,0C0AF8NB33038T,,,121.5,23.604368,11.5,1.9104973,2.0,2,0,Clinton Spark,0BMCE8B0112XGP,,,Android,4.3.62
2025-11-19T04:22:39.242Z,8.8,14.153599259034959,121.26243067923933,1.0,1.1,1.4,15.885205,-0.2,0.0,0.8,0.8,0.0,0.0,3.2,0.3,-72.1,GPSAtti,AutoFly,None,true,Already,9,4,Spark,true,false,Standby,Smart,false,true,false,None,true,MonitorError,false,false,false,false,false,false,false,false,false,false,0,YawFollow,0.0,0.0,-69.6,false,false,false,false,false,false,false,,,,1024,1024,1684,1138,95,11.705,0.0,0,0,3,false,3.877,3.9,3.891,0.023,0.023,0.0,0.0,0.0,14.15359954679567,121.26241599943363,14.885205,380.0,true,FixedHeight,false,false,false,false,,true,false,false,,40,,380.0,401,Android,4.3.62,Clinton Spark,0BMCE8B0112XGP,,,0C0AF8NB33038T,,,121.5,23.604368,11.5,1.9104973,2.0,2,0,Clinton Spark,0BMCE8B0112XGP,,,Android,4.3.62
2025-11-19T04:22:39.345Z,8.9,14.153599098880749,121.2624313793468,1.0,1.1,1.4,15.885205,-0.3,0.0,0.9,0.9,0.0,0.0,2.5,0.3,-72.0,GPSAtti,AutoFly,None,true,Already,9,4,Spark,true,false,Standby,Smart,false,true,false,None,true,MonitorError,false,false,false,false,false,false,false,false,false,false,0,YawFollow,0.0,0.0,-69.6,false,false,false,false,false,false,false,,,,1024,1024,1684,1138,95,11.705,0.0,0,0,3,false,3.877,3.9,3.891,0.023,0.023,0.0,0.0,0.0,14.15359954679567,121.26241599943363,14.885205,380.0,true,FixedHeight,false,false,false,false,,true,false,false,,40,,380.0,401,Android,4.3.62,Clinton Spark,0BMCE8B0112XGP,,,0C0AF8NB33038T,,,121.5,23.604368,11.5,1.9104973,2.0,2,0,Clinton Spark,0BMCE8B0112XGP,,,Android,4.3.62
2025-11-19T04:22:39.447Z,9.0,14.153598984521642,121.26243209561268,1.0,1.1,1.5,15.885205,-0.3,0.0,0.9,0.9,0.0,0.0,1.0,0.2,-72.0,GPSAtti,AutoFly,None,true,Already,9,4,Spark,true,false,Standby,Smart,false,true,false,None,true,MonitorError,false,false,false,false,false,false,false,false,false,false,0,YawFollow,0.0,0.0,-69.6,false,false,false,false,false,false,false,,,,1024,1024,1684,1138,95,11.705,0.0,0,0,3,false,3.877,3.9,3.891,0.023,0.023,0.0,0.0,0.0,14.15359954679567,121.26241599943363,14.885205,380.0,true,FixedHeight,false,false,false,false,,true,false,false,,40,,380.0,401,Android,4.3.62,Clinton Spark,0BMCE8B0112XGP,,,0C0AF8NB33038T,,,121.5,23.604368,11.5,1.9104973,2.0,2,0,Clinton Spark,0BMCE8B0112XGP,,,Android,4.3.62
2025-11-19T04:22:39.550Z,9.1,14.153598847764915,121.26243287838749,1.0,1.1,1.5,15.885205,-0.3,0.0,0.9,0.9,0.0,0.0,0.0,0.2,-72.0,GPSAtti,AutoFly,None,true,Already,9,4,Spark,true,false,Standby,Smart,false,true,false,None,true,MonitorError,false,false,false,false,false,false,false,false,false,false,0,YawFollow,0.0,0.0,-69.6,false,false,false,false,false,false,false,,,,1024,1024,1684,1138,95,11.705,0.0,0,0,3,false,3.877,3.9,3.891,0.023,0.023,0.0,0.0,0.0,14.15359954679567,121.26241599943363,14.885205,380.0,true,FixedHeight,false,false,false,false,,true,false,false,,40,,380.0,401,Android,4.3.62,Clinton Spark,0BMCE8B0112XGP,,,0C0AF8NB33038T,,,121.5,23.604368,11.5,1.9104973,2.0,2,0,Clinton Spark,0BMCE8B0112XGP,,,Android,4.3.62
2025-11-19T04:22:39.550Z,9.2,14.15359874817905,121.26243367805515,1.0,1.1,1.5,15.885205,-0.3,0.0,0.9,0.9,0.0,0.0,-0.7,0.4,-72.0,GPSAtti,AutoFly,None,true,Already,10,4,Spark,true,false,Standby,Smart,false,true,false,None,true,MonitorError,false,false,false,false,false,false,false,false,false,false,0,YawFollow,0.0,0.0,-69.6,false,false,false,false,false,false,false,,,,1024,1024,1684,1139,95,11.705,0.0,0,0,3,false,3.877,3.9,3.891,0.023,0.023,0.0,0.0,0.0,14.15359954679567,121.26241599943363,14.885205,380.0,true,FixedHeight,false,false,false,false,,true,false,false,,40,,380.0,401,Android,4.3.62,Clinton Spark,0BMCE8B0112XGP,,,0C0AF8NB33038T,,,121.5,23.604368,11.5,1.9104973,2.0,2,0,Clinton Spark,0BMCE8B0112XGP,,,Android,4.3.62
2025-11-19T04:22:39.652Z,9.3,14.153598620450417,121.26243451073537,1.0,1.1,1.5,15.885205,-0.3,0.0,0.9,0.9,0.0,0.0,-4.2,0.4,-72.0,GPSAtti,AutoFly,None,true,Already,10,4,Spark,true,false,Standby,Smart,false,true,false,None,true,MonitorError,false,false,false,false,false,false,false,false,false,false,0,YawFollow,0.0,0.0,-69.3,false,false,false,false,false,false,false,,,,1024,1024,1684,1139,95,11.705,0.0,0,0,3,false,3.877,3.9,3.891,0.023,0.023,0.0,0.0,0.0,14.15359954679567,121.26241599943363,14.885205,380.0,true,FixedHeight,false,false,false,false,,true,false,false,,40,,380.0,401,Android,4.3.62,Clinton Spark,0BMCE8B0112XGP,,,0C0AF8NB33038T,,,121.5,23.604368,11.5,1.9104973,2.0,2,0,Clinton Spark,0BMCE8B0112XGP,,,Android,4.3.62
2025-11-19T04:22:39.756Z,9.4,14.153598441132678,121.2624353311977,1.0,1.1,1.5,15.885205,-0.2,0.0,0.8,0.9,-0.2,0.0,-9.9,0.2,-71.9,GPSAtti,AutoFly,None,true,Already,9,4,Spark,true,false,Standby,Smart,false,true,false,None,true,MonitorError,false,false,false,false,false,false,false,false,false,false,0,YawFollow,0.0,0.0,-69.0,false,false,false,false,false,false,false,,,,1024,1024,1684,1140,95,11.705,0.0,0,0,3,false,3.877,3.9,3.891,0.023,0.023,0.0,0.0,0.0,14.15359954679567,121.26241599943363,14.885205,380.0,true,FixedHeight,false,false,false,false,,true,false,false,,40,,380.0,401,Android,4.3.62,Clinton Spark,0BMCE8B0112XGP,,,0C0AF8NB33038T,,,121.5,23.604368,11.5,1.9104973,2.0,2,0,Clinton Spark,0BMCE8B0112XGP,,,Android,4.3.62
2025-11-19T04:22:39.857Z,9.5,14.153598255477034,121.26243600716417,1.1,1.1,1.5,15.985206,-0.1,0.0,0.5,0.9,-0.6,0.0,-11.3,0.1,-71.3,GPSAtti,AutoFly,None,true,Already,9,4,Spark,true,false,Standby,Smart,false,true,false,None,true,MonitorError,false,false,false,false,false,false,false,false,false,false,0,YawFollow,0.0,0.0,-68.6,false,false,false,false,false,false,false,,,,1024,1024,1684,1110,95,11.705,0.0,0,0,3,false,3.866,3.889,3.886,0.023,0.023,0.0,0.0,0.0,14.15359954679567,121.26241599943363,14.885205,380.0,true,FixedHeight,false,false,false,false,,true,false,false,,40,,380.0,401,Android,4.3.62,Clinton Spark,0BMCE8B0112XGP,,,0C0AF8NB33038T,,,121.5,23.604368,11.5,1.9104973,2.0,2,0,Clinton Spark,0BMCE8B0112XGP,,,Android,4.3.62
2025-11-19T04:22:39.857Z,9.6,14.15359800735428,121.26243643001526,1.2,1.2,1.6,16.085205,-0.1,0.0,0.3,0.9,-0.9,0.0,-8.2,0.2,-70.6,GPSAtti,AutoFly,None,true,Already,9,4,Spark,true,false,Standby,Smart,false,true,false,None,true,MonitorError,false,false,false,false,false,false,false,false,false,false,0,YawFollow,0.0,0.0,-67.9,false,false,false,false,false,false,false,,,,1024,1024,1684,1110,95,11.705,0.0,0,0,3,false,3.866,3.889,3.886,0.023,0.023,0.0,0.0,0.0,14.15359954679567,121.26241599943363,14.885205,380.0,true,FixedHeight,false,false,false,false,,true,false,false,,40,,380.0,401,Android,4.3.62,Clinton Spark,0BMCE8B0112XGP,,,0C0AF8NB33038T,,,121.5,23.604368,11.5,1.9104973,2.0,2,0,Clinton Spark,0BMCE8B0112XGP,,,Android,4.3.62
2025-11-19T04:22:39.960Z,9.7,14.153597792692791,121.26243665896978,1.3,1.3,1.7,16.185205,0.0,0.0,0.2,0.9,-1.1,0.0,-5.0,0.4,-70.0,GPSAtti,AutoFly,None,true,Already,9,4,Spark,true,false,Standby,Smart,false,true,false,None,true,MonitorError,false,false,false,false,false,false,false,false,false,false,0,YawFollow,0.0,0.0,-67.3,false,false,false,false,false,false,false,,,,1024,1024,1684,1110,95,11.705,0.0,0,0,3,false,3.866,3.889,3.886,0.023,0.023,0.0,0.0,0.0,14.15359954679567,121.26241599943363,14.885205,380.0,true,FixedHeight,false,false,false,false,,true,false,false,,40,,380.0,401,Android,4.3.62,Clinton Spark,0BMCE8B0112XGP,,,0C0AF8NB33038T,,,121.5,23.604368,11.5,1.9104973,2.0,2,0,Clinton Spark,0BMCE8B0112XGP,,,Android,4.3.62
2025-11-19T04:22:40.063Z,9.8,14.15359750348928,121.26243680440987,1.4,1.4,1.8,16.285206,0.0,0.0,0.1,0.9,-1.4,0.0,-3.2,0.3,-69.4,GPSAtti,AutoFly,None,true,Already,10,4,Spark,true,false,Standby,Smart,false,true,false,None,true,MonitorError,false,false,false,false,false,false,false,false,false,false,0,YawFollow,0.0,0.0,-66.8,false,false,false,false,false,false,false,,,,1024,1024,1684,1111,95,11.507,0.0,0,0,3,false,3.866,3.889,3.886,0.023,0.023,0.0,0.0,0.0,14.15359954679567,121.26241599943363,14.885205,380.0,true,FixedHeight,false,false,false,false,,true,false,false,,40,,380.0,401,Android,4.3.62,Clinton Spark,0BMCE8B0112XGP,,,0C0AF8NB33038T,,,121.5,23.604368,11.5,1.9104973,2.0,2,0,Clinton Spark,0BMCE8B0112XGP,,,Android,4.3.62
2025-11-19T04:22:40.268Z,9.9,14.15359727737983,121.2624369267703,1.6,1.6,2.0,16.485205,0.0,0.0,0.1,0.9,-1.6,0.0,-2.6,0.2,-68.7,GPSAtti,AutoFly,None,true,Already,10,4,Spark,true,false,Standby,Smart,false,true,false,None,true,MonitorError,false,false,false,false,false,false,false,false,false,false,0,YawFollow,0.0,0.0,-66.2,false,false,false,false,false,false,false,,,,1024,1024,1684,1110,95,11.507,0.0,0,0,3,false,3.866,3.889,3.886,0.023,0.023,0.0,0.0,0.0,14.15359954679567,121.26241599943363,14.885205,380.0,true,FixedHeight,false,false,false,false,,true,false,false,,40,,380.0,401,Android,4.3.62,Clinton Spark,0BMCE8B0112XGP,,,0C0AF8NB33038T,,,121.5,23.604368,11.5,1.9104973,2.0,2,0,Clinton Spark,0BMCE8B0112XGP,,,Android,4.3.62
2025-11-19T04:22:40.372Z,10.0,14.153596990772058,121.26243699795745,1.7,1.7,2.1,16.585205,0.0,0.0,0.0,0.9,-1.7,0.0,-1.7,-0.1,-68.1,GPSAtti,AutoFly,None,true,Already,10,4,Spark,true,false,Standby,Smart,false,true,false,None,true,MonitorError,false,false,false,false,false,false,false,false,false,false,0,YawFollow,0.0,0.0,-65.7,false,false,false,false,false,false,false,,,,1024,1024,1684,1110,95,11.507,0.0,0,0,3,false,3.866,3.889,3.886,0.023,0.023,0.0,0.0,0.0,14.15359954679567,121.26241599943363,14.885205,380.0,true,FixedHeight,false,false,false,false,,true,false,false,,40,,380.0,401,Android,4.3.62,Clinton Spark,0BMCE8B0112XGP,,,0C0AF8NB33038T,,,121.5,23.604368,11.5,1.9104973,2.0,2,0,Clinton Spark,0BMCE8B0112XGP,,,Android,4.3.62
2025-11-19T04:22:40.474Z,10.1,14.153596781342761,121.26243704308527,1.9,1.9,2.3,16.785206,0.0,0.0,0.0,0.9,-1.8,0.0,-1.2,-0.4,-67.6,GPSAtti,AutoFly,None,true,Already,10,4,Spark,true,false,Standby,Smart,false,true,false,None,true,MonitorError,false,false,false,false,false,false,false,false,false,false,0,YawFollow,0.0,0.0,-65.3,false,false,false,false,false,false,false,,,,1024,1024,1684,1110,95,11.507,0.0,0,0,3,false,3.866,3.889,3.886,0.023,0.023,0.0,0.0,0.0,14.15359954679567,121.26241599943363,14.885205,380.0,true,FixedHeight,false,false,false,false,,true,false,false,,40,,380.0,401,Android,4.3.62,Clinton Spark,0BMCE8B0112XGP,,,0C0AF8NB33038T,,,121.5,23.604368,11.5,1.9104973,2.0,2,0,Clinton Spark,0BMCE8B0112XGP,,,Android,4.3.62
2025-11-19T04:22:40.679Z,10.2,14.153596697963172,121.26243686580435,2.1,2.1,2.5,16.985205,0.0,0.0,0.0,0.9,-1.8,0.0,-0.8,-0.6,-67.3,GPSAtti,AutoFly,None,true,Already,10,4,Spark,true,false,Standby,Smart,false,true,false,None,true,MonitorError,false,false,false,false,false,false,false,false,false,false,0,YawFollow,0.0,0.0,-64.9,false,false,false,false,false,false,false,,,,1024,1024,1684,1113,95,11.507,0.0,0,0,3,false,3.866,3.889,3.886,0.023,0.023,0.0,0.0,0.0,14.15359954679567,121.26241599943363,14.885205,380.0,true,FixedHeight,false,false,false,false,,true,false,false,,40,,380.0,401,Android,4.3.62,Clinton Spark,0BMCE8B0112XGP,,,0C0AF8NB33038T,,,121.5,23.604368,11.5,1.9104973,2.0,2,0,Clinton Spark,0BMCE8B0112XGP,,,Android,4.3.62
2025-11-19T04:22:40.679Z,10.3,14.153596715713212,121.26243664672201,2.3,2.3,2.7,17.185205,0.0,0.0,0.0,0.9,-1.9,0.0,-0.5,-0.4,-67.0,GPSAtti,AutoFly,None,true,Already,10,4,Spark,true,false,Standby,Smart,false,true,false,None,true,MonitorError,false,false,false,false,false,false,false,false,false,false,0,YawFollow,0.0,0.0,-64.5,false,false,false,false,false,false,false,,,,1024,1024,1684,1113,95,11.507,0.0,0,0,3,false,3.866,3.889,3.886,0.023,0.023,0.0,0.0,0.0,14.15359954679567,121.26241599943363,14.885205,380.0,true,FixedHeight,false,false,false,false,,true,false,false,,40,,380.0,401,Android,4.3.62,Clinton Spark,0BMCE8B0112XGP,,,0C0AF8NB33038T,,,121.5,23.604368,11.5,1.9104973,2.0,2,0,Clinton Spark,0BMCE8B0112XGP,,,Android,4.3.62
2025-11-19T04:22:40.781Z,10.4,14.153596621621718,121.26243655374846,2.5,2.5,2.9,17.385204,0.0,0.0,0.0,0.9,-1.9,0.0,-0.4,-0.1,-66.6,GPSAtti,AutoFly,None,true,Already,10,4,Spark,true,false,Standby,Smart,false,true,false,None,true,MonitorError,false,false,false,false,false,false,false,false,false,false,0,YawFollow,0.0,0.0,-64.2,false,false,false,false,false,false,false,,,,1024,1024,1562,1209,95,11.507,0.0,0,0,3,false,3.866,3.889,3.886,0.023,0.023,0.0,0.0,0.0,14.15359954679567,121.26241599943363,14.885205,380.0,true,FixedHeight,false,false,false,false,,true,false,false,,40,,380.0,401,Android,4.3.62,Clinton Spark,0BMCE8B0112XGP,,,0C0AF8NB33038T,,,121.5,23.604368,11.5,1.9104973,2.0,2,0,Clinton Spark,0BMCE8B0112XGP,,,Android,4.3.62
2025-11-19T04:22:40.987Z,10.5,14.153596446557474,121.26243661315611,2.8,2.8,3.1,17.685205,0.0,0.0,0.0,0.9,-2.0,0.0,-0.5,-0.1,-66.1,GPSAtti,AutoFly,None,true,Already,10,4,Spark,true,false,Standby,Smart,false,true,false,None,true,MonitorError,false,false,false,false,false,false,false,false,false,false,0,YawFollow,0.0,0.0,-63.8,false,false,false,false,false,false,false,,,,1024,1024,1569,1360,95,11.507,0.0,0,0,3,false,3.866,3.889,3.886,0.023,0.023,0.0,0.0,0.0,14.15359954679567,121.26241599943363,14.885205,380.0,true,FixedHeight,false,false,false,false,,true,false,false,,40,,380.0,401,Android,4.3.62,Clinton Spark,0BMCE8B0112XGP,,,0C0AF8NB33038T,,,121.5,23.604368,11.5,1.9104973,2.0,2,0,Clinton Spark,0BMCE8B0112XGP,,,Android,4.3.62
2025-11-19T04:22:41.089Z,10.6,14.153596075625616,121.2624369024471,3.0,3.0,3.3,17.885204,0.0,0.0,0.0,0.9,-2.0,0.0,-0.4,-0.2,-65.6,GPSAtti,AutoFly,None,true,Already,10,4,Spark,true,false,Standby,Smart,false,true,false,None,true,MonitorError,false,false,false,false,false,false,false,false,false,false,0,YawFollow,0.0,0.0,-63.4,false,false,false,false,false,false,false,,,,1024,1024,1592,1364,95,11.507,0.0,0,0,3,false,3.813,3.836,3.834,0.023,0.023,0.0,0.0,0.0,14.15359954679567,121.26241599943363,14.885205,380.0,true,FixedHeight,false,false,false,false,,true,false,false,,40,,380.0,401,Android,4.3.62,Clinton Spark,0BMCE8B0112XGP,,,0C0AF8NB33038T,,,121.5,23.604368,11.5,1.9104973,2.0,2,0,Clinton Spark,0BMCE8B0112XGP,,,Android,4.3.62
2025-11-19T04:22:41.194Z,10.7,14.153595666974109,121.26243724939197,3.2,3.2,3.5,18.085205,0.0,0.0,0.0,0.9,-2.0,0.0,-0.5,-0.1,-65.2,GPSAtti,AutoFly,None,true,Already,10,4,Spark,true,false,Standby,Smart,false,true,false,None,true,MonitorError,false,false,false,false,false,false,false,false,false,false,0,YawFollow,0.0,0.0,-63.1,false,false,false,false,false,false,false,,,,1024,1024,1592,1364,95,11.507,0.0,0,0,3,false,3.813,3.836,3.834,0.023,0.023,0.0,0.0,0.0,14.15359954679567,121.26241599943363,14.885205,380.0,true,FixedHeight,false,false,false,false,,true,false,false,,40,,380.0,401,Android,4.3.62,Clinton Spark,0BMCE8B0112XGP,,,0C0AF8NB33038T,,,121.5,23.604368,11.5,1.9104973,2.0,2,0,Clinton Spark,0BMCE8B0112XGP,,,Android,4.3.62
2025-11-19T04:22:41.603Z,10.8,14.153595093499641,121.26243784860179,3.4,3.4,3.7,18.285206,0.0,0.0,0.0,0.9,-2.0,0.0,-0.5,0.1,-64.6,GPSAtti,AutoFly,None,true,Already,10,4,Spark,true,false,Standby,Smart,false,true,false,None,true,MonitorError,false,false,false,false,false,false,false,false,false,false,0,YawFollow,0.0,0.0,-62.7,false,false,false,false,false,false,false,,,,1024,1024,1637,1370,95,11.643,0.0,0,0,3,false,3.813,3.836,3.834,0.023,0.023,0.0,0.0,0.0,14.15359954679567,121.26241599943363,14.885205,380.0,true,FixedHeight,false,false,false,false,,true,false,false,,40,,380.0,401,Android,4.3.62,Clinton Spark,0BMCE8B0112XGP,,,0C0AF8NB33038T,,,121.5,23.604368,11.5,1.9104973,2.0,2,0,Clinton Spark,0BMCE8B0112XGP,,,Android,4.3.62
2025-11-19T04:22:41.705Z,10.9,14.153594583019903,121.26243840952334,3.6,3.6,3.9,18.485205,0.0,0.0,0.0,0.9,-2.0,0.0,-0.4,-0.2,-64.0,GPSAtti,AutoFly,None,true,Already,10,4,Spark,true,false,Standby,Smart,false,true,false,None,true,MonitorError,false,false,false,false,false,false,false,false,false,false,0,YawFollow,0.0,0.0,-62.2,false,false,false,false,false,false,false,,,,1024,1024,1654,1371,95,11.643,0.0,0,0,3,false,3.813,3.836,3.834,0.023,0.023,0.0,0.0,0.0,14.15359954679567,121.26241599943363,14.885205,380.0,true,FixedHeight,false,false,false,false,,true,false,false,,40,,380.0,401,Android,4.3.62,Clinton Spark,0BMCE8B0112XGP,,,0C0AF8NB33038T,,,121.5,23.604368,11.5,1.9104973,2.0,2,0,Clinton Spark,0BMCE8B0112XGP,,,Android,4.3.62
2025-11-19T04:22:41.705Z,11.0,14.153593892224189,121.26243919543134,3.8,3.8,4.1,18.685205,0.0,0.0,0.0,0.9,-2.0,0.0,-0.1,-0.2,-63.5,GPSAtti,AutoFly,None,true,Already,10,4,Spark,true,false,Standby,Smart,false,true,false,None,true,MonitorError,false,false,false,false,false,false,false,false,false,false,0,YawFollow,0.0,0.0,-61.3,false,false,false,false,false,false,false,,,,1024,1024,1654,1371,95,11.643,0.0,0,0,3,false,3.813,3.836,3.834,0.023,0.023,0.0,0.0,0.0,14.15359954679567,121.26241599943363,14.885205,380.0,true,FixedHeight,false,false,false,false,,true,false,false,,40,,380.0,401,Android,4.3.62,Clinton Spark,0BMCE8B0112XGP,,,0C0AF8NB33038T,,,121.5,23.604368,11.5,1.9104973,2.0,2,0,Clinton Spark,0BMCE8B0112XGP,,,Android,4.3.62
2025-11-19T04:22:41.705Z,11.1,14.153593259614407,121.26243988153726,4.0,4.0,4.3,18.885204,0.0,0.0,0.0,0.9,-1.9,0.0,-0.3,0.0,-62.3,GPSAtti,AutoFly,None,true,Already,10,4,Spark,true,false,Standby,Smart,false,true,false,None,true,MonitorError,false,false,false,false,false,false,false,false,false,false,0,YawFollow,0.0,0.0,-60.0,false,false,false,false,false,false,false,,,,1024,1024,1684,1369,95,11.643,0.0,0,0,3,false,3.813,3.836,3.834,0.023,0.023,0.0,0.0,0.0,14.15359954679567,121.26241599943363,14.885205,380.0,true,FixedHeight,false,false,false,false,,true,false,false,,40,,380.0,401,Android,4.3.62,Clinton Spark,0BMCE8B0112XGP,,,0C0AF8NB33038T,,,121.5,23.604368,11.5,1.9104973,2.0,2,0,Clinton Spark,0BMCE8B0112XGP,,,Android,4.3.62
2025-11-19T04:22:41.808Z,11.2,14.153592533124014,121.26244080202473,4.1,4.1,4.5,18.985205,0.0,0.0,0.0,0.9,-1.7,0.0,-0.9,-0.2,-60.8,GPSAtti,AutoFly,None,true,Already,10,4,Spark,true,false,Standby,Smart,false,true,false,None,true,MonitorError,false,false,false,false,false,false,false,false,false,false,0,YawFollow,0.0,0.0,-58.2,false,false,false,false,false,false,false,,,,1024,1024,1684,1369,95,11.643,0.0,0,0,3,false,3.813,3.836,3.834,0.023,0.023,0.0,0.0,0.0,14.15359954679567,121.26241599943363,14.885205,380.0,true,FixedHeight,false,false,false,false,,true,false,false,,40,,380.0,401,Android,4.3.62,Clinton Spark,0BMCE8B0112XGP,,,0C0AF8NB33038T,,,121.5,23.604368,11.5,1.9104973,2.0,2,0,Clinton Spark,0BMCE8B0112XGP,,,Android,4.3.62
2025-11-19T04:22:42.015Z,11.3,14.153591911933697,121.26244161460828,4.3,4.3,4.7,19.185205,0.0,0.0,0.0,0.9,-1.6,0.0,-1.6,-0.3,-58.3,GPSAtti,AutoFly,None,true,Already,10,4,Spark,true,false,Standby,Smart,false,true,false,None,true,MonitorError,false,false,false,false,false,false,false,false,false,false,0,YawFollow,-4.5,0.0,-56.1,false,false,false,false,false,false,false,,,,1024,1024,1684,1359,95,11.643,0.0,0,0,3,false,3.813,3.836,3.834,0.023,0.023,0.0,0.0,0.0,14.15359954679567,121.26241599943363,14.885205,380.0,true,FixedHeight,false,false,false,false,,true,false,false,,40,,380.0,401,Android,4.3.62,Clinton Spark,0BMCE8B0112XGP,,,0C0AF8NB33038T,,,121.5,23.604368,11.5,1.9104973,2.0,2,0,Clinton Spark,0BMCE8B0112XGP,,,Android,4.3.62
2025-11-19T04:22:42.015Z,11.4,14.153591342758322,121.26244239346356,4.4,4.4,4.8,19.285206,0.0,0.0,0.0,0.9,-1.5,0.0,-1.8,-0.3,-55.3,GPSAtti,AutoFly,None,true,Already,10,4,Spark,true,false,Standby,Smart,false,true,false,None,true,MonitorError,false,false,false,false,false,false,false,false,false,false,0,YawFollow,-11.3,0.0,-53.9,false,false,false,false,false,false,false,,,,1024,1024,1684,1355,95,11.643,0.0,0,0,3,false,3.813,3.836,3.834,0.023,0.023,0.0,0.0,0.0,14.15359954679567,121.26241599943363,14.885205,380.0,true,FixedHeight,false,false,false,false,,true,false,false,,40,,380.0,401,Android,4.3.62,Clinton Spark,0BMCE8B0112XGP,,,0C0AF8NB33038T,,,121.5,23.604368,11.5,1.9104973,2.0,2,0,Clinton Spark,0BMCE8B0112XGP,,,Android,4.3.62
2025-11-19T04:22:42.121Z,11.5,14.153590889037185,121.2624429598552,4.6,4.6,5.0,19.485205,0.0,0.0,0.0,0.9,-1.5,0.0,-1.7,-0.1,-52.3,GPSAtti,AutoFly,None,true,Already,10,4,Spark,true,false,Standby,Smart,false,true,false,None,true,MonitorError,false,false,false,false,false,false,false,false,false,false,0,YawFollow,-18.1,0.0,-51.5,false,false,false,false,false,false,false,,,,1024,1024,1684,1354,95,11.643,0.0,0,0,3,false,3.813,3.836,3.834,0.023,0.023,0.0,0.0,0.0,14.15359954679567,121.26241599943363,14.885205,380.0,true,FixedHeight,false,false,false,false,,true,false,false,,40,,380.0,401,Android,4.3.62,Clinton Spark,0BMCE8B0112XGP,,,0C0AF8NB33038T,,,121.5,23.604368,11.5,1.9104973,2.0,2,0,Clinton Spark,0BMCE8B0112XGP,,,Android,4.3.62
2025-11-19T04:22:42.227Z,11.6,14.153590616181623,121.26244352740866,4.7,4.7,5.1,19.585205,0.0,0.0,0.0,0.9,-1.5,0.0,-1.6,-0.2,-49.4,GPSAtti,AutoFly,None,true,Already,10,4,Spark,true,false,Standby,Smart,false,true,false,None,true,MonitorError,false,false,false,false,false,false,false,false,false,false,0,YawFollow,-24.8,0.0,-49.3,false,false,false,false,false,false,false,,,,1024,1024,1684,1354,95,11.643,0.0,0,0,3,false,3.858,3.878,3.882,0.024,0.024,0.0,0.0,0.0,14.15359954679567,121.26241599943363,14.885205,380.0,true,FixedHeight,false,false,false,false,,true,false,false,,40,,380.0,401,Android,4.3.62,Clinton Spark,0BMCE8B0112XGP,,,0C0AF8NB33038T,,,121.5,23.604368,11.5,1.9104973,2.0,2,0,Clinton Spark,0BMCE8B0112XGP,,,Android,4.3.62
2025-11-19T04:22:42.434Z,11.7,14.15359040953778,121.2624440302114,4.9,4.9,5.2,19.785206,0.0,0.0,0.0,0.9,-1.5,0.0,-1.6,-0.2,-46.6,GPSAtti,AutoFly,None,true,Already,10,4,Spark,true,false,Standby,Smart,false,true,false,None,true,MonitorError,false,false,false,false,false,false,false,false,false,false,0,YawFollow,-31.6,0.0,-47.0,false,false,false,false,false,false,false,,,,1024,1024,1684,1233,95,11.643,0.0,0,0,3,false,3.858,3.878,3.882,0.024,0.024,0.0,0.0,0.0,14.15359954679567,121.26241599943363,14.885205,380.0,true,FixedHeight,false,false,false,false,,true,false,false,,40,,380.0,401,Android,4.3.62,Clinton Spark,0BMCE8B0112XGP,,,0C0AF8NB33038T,,,121.5,23.604368,11.5,1.9104973,2.0,2,0,Clinton Spark,0BMCE8B0112XGP,,,Android,4.3.62
2025-11-19T04:22:42.536Z,11.8,14.153590253837363,121.26244446288717,5.0,5.0,5.4,19.885204,0.0,0.0,0.0,0.9,-1.6,0.0,-1.8,0.1,-43.7,GPSAtti,AutoFly,None,true,Already,10,4,Spark,true,false,Standby,Smart,false,true,false,None,true,MonitorError,false,false,false,false,false,false,false,false,false,false,0,YawFollow,-38.4,0.0,-45.2,false,false,false,false,false,false,false,,,,1024,1024,1684,1134,95,11.527,0.0,0,0,3,false,3.858,3.878,3.882,0.024,0.024,0.0,0.0,0.0,14.15359954679567,121.26241599943363,14.885205,380.0,true,FixedHeight,false,false,false,false,,true,false,false,,40,,380.0,401,Android,4.3.62,Clinton Spark,0BMCE8B0112XGP,,,0C0AF8NB33038T,,,121.5,23.604368,11.5,1.9104973,2.0,2,0,Clinton Spark,0BMCE8B0112XGP,,,Android,4.3.62
2025-11-19T04:22:42.638Z,11.9,14.153590025113447,121.26244484211463,5.2,5.2,5.6,20.085205,0.0,0.0,0.0,0.9,-1.6,0.0,-1.7,0.1,-40.8,GPSAtti,AutoFly,None,true,Already,10,4,Spark,true,false,Standby,Smart,false,true,false,None,true,MonitorError,false,false,false,false,false,false,false,false,false,false,0,YawFollow,-45.2,0.0,-42.9,false,false,false,false,false,false,false,,,,1024,1024,1573,1097,95,11.527,0.0,0,0,3,false,3.858,3.878,3.882,0.024,0.024,0.0,0.0,0.0,14.15359954679567,121.26241599943363,14.885205,380.0,true,FixedHeight,false,false,false,false,,true,false,false,,40,,380.0,401,Android,4.3.62,Clinton Spark,0BMCE8B0112XGP,,,0C0AF8NB33038T,,,121.5,23.604368,11.5,1.9104973,2.0,2,0,Clinton Spark,0BMCE8B0112XGP,,,Android,4.3.62
2025-11-19T04:22:42.742Z,12.0,14.153589813236598,121.26244522661446,5.4,5.4,5.7,20.285206,0.0,0.0,0.0,0.9,-1.7,0.0,-1.6,-0.3,-38.0,GPSAtti,AutoFly,None,true,Already,10,4,Spark,true,false,Standby,Smart,false,true,false,None,true,MonitorError,false,false,false,false,false,false,false,false,false,false,0,YawFollow,-51.9,0.0,-40.7,false,false,false,false,false,false,false,,,,1024,1024,1408,1094,95,11.527,0.0,0,0,3,false,3.858,3.878,3.882,0.024,0.024,0.0,0.0,0.0,14.15359954679567,121.26241599943363,14.885205,380.0,true,FixedHeight,false,false,false,false,,true,false,false,,40,,380.0,401,Android,4.3.62,Clinton Spark,0BMCE8B0112XGP,,,0C0AF8NB33038T,,,121.5,23.604368,11.5,1.9104973,2.0,2,0,Clinton Spark,0BMCE8B0112XGP,,,Android,4.3.62
2025-11-19T04:22:42.844Z,12.1,14.153589540420933,121.26244563403715,5.6,5.6,5.9,20.485205,0.0,0.0,0.0,0.9,-1.7,0.0,-1.4,-0.7,-35.2,GPSAtti,AutoFly,None,true,Already,10,4,Spark,true,false,Standby,Smart,false,true,false,None,true,MonitorError,false,false,false,false,false,false,false,false,false,false,0,YawFollow,-58.7,0.0,-38.2,false,false,false,false,false,false,false,,,,1024,1024,1292,1064,95,11.527,0.0,0,0,3,false,3.858,3.878,3.882,0.024,0.024,0.0,0.0,0.0,14.15359954679567,121.26241599943363,14.885205,380.0,true,FixedHeight,false,false,false,false,,true,false,false,,40,,380.0,401,Android,4.3.62,Clinton Spark,0BMCE8B0112XGP,,,0C0AF8NB33038T,,,121.5,23.604368,11.5,1.9104973,2.0,2,0,Clinton Spark,0BMCE8B0112XGP,,,Android,4.3.62
2025-11-19T04:22:42.945Z,12.2,14.153589249412292,121.26244609966591,5.7,5.7,6.1,20.585205,0.0,0.0,0.0,0.9,-1.8,0.0,-1.4,-0.8,-32.5,GPSAtti,AutoFly,None,true,Already,10,4,Spark,true,false,Standby,Smart,false,true,false,None,true,MonitorError,false,false,false,false,false,false,false,false,false,false,0,YawFollow,-65.5,0.0,-35.5,false,false,false,false,false,false,false,,,,1024,1024,1024,1024,95,11.527,0.0,0,0,3,false,3.858,3.878,3.882,0.024,0.024,0.0,0.0,0.0,14.15359954679567,121.26241599943363,14.885205,380.0,true,FixedHeight,false,false,false,false,,true,false,false,,40,,380.0,401,Android,4.3.62,Clinton Spark,0BMCE8B0112XGP,,,0C0AF8NB33038T,,,121.5,23.604368,11.5,1.9104973,2.0,2,0,Clinton Spark,0BMCE8B0112XGP,,,Android,4.3.62
2025-11-19T04:22:43.048Z,12.3,14.153588916827031,121.26244658296942,5.9,5.9,6.2,20.785206,0.0,0.0,0.0,0.9,-1.9,0.0,-1.4,-0.8,-29.9,GPSAtti,AutoFly,None,true,Already,10,4,Spark,true,false,Standby,Smart,false,true,false,None,true,MonitorError,false,false,false,false,false,false,false,false,false,false,0,YawFollow,-72.2,0.0,-32.9,false,false,false,false,false,false,false,,,,1024,1024,1024,1024,95,11.527,0.0,0,0,3,false,3.858,3.878,3.882,0.024,0.024,0.0,0.0,0.0,14.15359954679567,121.26241599943363,14.885205,380.0,true,FixedHeight,false,false,false,false,,true,false,false,,40,,380.0,401,Android,4.3.62,Clinton Spark,0BMCE8B0112XGP,,,0C0AF8NB33038T,,,121.5,23.604368,11.5,1.9104973,2.0,2,0,Clinton Spark,0BMCE8B0112XGP,,,Android,4.3.62
2025-11-19T04:22:43.254Z,12.4,14.153588643528126,121.26244701749617,6.1,6.1,6.4,20.985205,0.0,0.0,0.0,0.9,-1.9,0.0,-1.3,-0.9,-27.2,GPSAtti,AutoFly,None,true,Already,10,4,Spark,true,false,Standby,Smart,false,true,false,None,true,MonitorError,false,false,false,false,false,false,false,false,false,false,0,YawFollow,-79.0,0.0,-30.2,false,false,false,false,false,false,false,,,,1024,1024,1024,1024,95,11.527,0.0,0,0,3,false,3.858,3.878,3.882,0.024,0.024,0.0,0.0,0.0,14.15359954679567,121.26241599943363,14.885205,380.0,true,FixedHeight,false,false,false,false,,true,false,false,,40,,380.0,401,Android,4.3.62,Clinton Spark,0BMCE8B0112XGP,,,0C0AF8NB33038T,,,121.5,23.604368,11.5,1.9104973,2.0,2,0,Clinton Spark,0BMCE8B0112XGP,,,Android,4.3.62
2025-11-19T04:22:43.460Z,12.5,14.153588383485975,121.26244739063176,6.3,6.3,6.5,21.185205,0.0,0.0,0.0,0.9,-1.9,0.0,-1.3,-0.9,-24.6,GPSAtti,AutoFly,None,true,Already,10,4,Spark,true,false,Standby,Smart,false,true,false,None,true,MonitorError,false,false,false,false,false,false,false,false,false,false,0,YawFollow,-81.7,0.0,-27.6,false,false,false,false,false,false,false,,,,1024,1024,1024,1024,95,11.527,0.0,0,0,3,false,3.801,3.834,3.827,0.033,0.033,0.0,0.0,0.0,14.15359954679567,121.26241599943363,14.885205,380.0,true,FixedHeight,false,false,false,false,,true,false,false,,40,,380.0,401,Android,4.3.62,Clinton Spark,0BMCE8B0112XGP,,,0C0AF8NB33038T,,,121.5,23.604368,11.5,1.9104973,2.0,2,0,Clinton Spark,0BMCE8B0112XGP,,,Android,4.3.62
2025-11-19T04:22:43.665Z,12.6,14.153588279010707,121.2624476599122,6.5,6.5,6.6,21.385204,0.0,0.0,0.0,0.9,-1.9,0.0,-1.3,-0.8,-22.5,GPSAtti,AutoFly,None,true,Already,10,4,Spark,true,false,Standby,Smart,false,true,false,None,true,MonitorError,false,false,false,false,false,false,false,false,false,false,0,YawFollow,-81.7,0.0,-25.5,false,false,false,false,false,false,false,,,,1024,1024,1024,1024,95,11.527,0.0,0,0,3,false,3.801,3.834,3.827,0.033,0.033,0.0,0.0,0.0,14.15359954679567,121.26241599943363,14.885205,380.0,true,FixedHeight,false,false,false,false,,true,false,false,,40,,380.0,401,Android,4.3.62,Clinton Spark,0BMCE8B0112XGP,,,0C0AF8NB33038T,,,121.5,23.604368,11.5,1.9104973,2.0,2,0,Clinton Spark,0BMCE8B0112XGP,,,Android,4.3.62
2025-11-19T04:22:43.767Z,12.7,14.153588182064551,121.26244789178675,6.7,6.7,6.7,21.585205,0.0,0.0,0.0,0.9,-1.9,0.0,-1.3,-0.8,-21.3,GPSAtti,AutoFly,None,true,Already,10,4,Spark,true,false,Standby,Smart,false,true,false,None,true,MonitorError,false,false,false,false,false,false,false,false,false,false,0,YawFollow,-81.7,0.0,-24.2,false,false,false,false,false,false,false,,,,1024,1024,1024,1024,95,11.527,0.0,0,0,3,false,3.801,3.834,3.827,0.033,0.033,0.0,0.0,0.0,14.15359954679567,121.26241599943363,14.885205,380.0,true,FixedHeight,false,false,false,false,,true,false,false,,40,,380.0,401,Android,4.3.62,Clinton Spark,0BMCE8B0112XGP,,,0C0AF8NB33038T,,,121.5,23.604368,11.5,1.9104973,2.0,2,0,Clinton Spark,0BMCE8B0112XGP,,,Android,4.3.62
2025-11-19T04:22:43.869Z,12.8,14.153588036570815,121.26244814562773,6.9,6.9,6.9,21.785206,0.0,0.0,0.0,0.9,-1.9,0.0,-1.3,-0.7,-20.7,GPSAtti,AutoFly,None,true,Already,10,4,Spark,true,false,Standby,Smart,false,true,false,None,true,MonitorError,false,false,false,false,false,false,false,false,false,false,0,YawFollow,-81.7,0.0,-23.5,false,false,false,false,false,false,false,,,,1024,1024,1024,1024,95,11.554,0.0,0,0,3,false,3.801,3.834,3.827,0.033,0.033,0.0,0.0,0.0,14.15359954679567,121.26241599943363,14.885205,380.0,true,FixedHeight,false,false,false,false,,true,false,false,,40,,380.0,401,Android,4.3.62,Clinton Spark,0BMCE8B0112XGP,,,0C0AF8NB33038T,,,121.5,23.604368,11.5,1.9104973,2.0,2,0,Clinton Spark,0BMCE8B0112XGP,,,Android,4.3.62
2025-11-19T04:22:43.869Z,12.9,14.153587770165926,121.26244844633263,7.1,7.1,7.0,21.985205,0.0,0.0,0.0,0.9,-1.9,0.0,-1.2,-0.2,-20.4,GPSAtti,AutoFly,None,true,Already,10,4,Spark,true,false,Standby,Smart,false,true,false,None,true,MonitorError,false,false,false,false,false,false,false,false,false,false,0,YawFollow,-81.7,0.0,-23.1,false,false,false,false,false,false,false,,,,1024,1024,1024,1024,95,11.554,0.0,0,0,3,false,3.801,3.834,3.827,0.033,0.033,0.0,0.0,0.0,14.15359954679567,121.26241599943363,14.885205,380.0,true,FixedHeight,false,false,false,false,,true,false,false,,40,,380.0,401,Android,4.3.62,Clinton Spark,0BMCE8B0112XGP,,,0C0AF8NB33038T,,,121.5,23.604368,11.5,1.9104973,2.0,2,0,Clinton Spark,0BMCE8B0112XGP,,,Android,4.3.62
2025-11-19T04:22:43.971Z,13.0,14.153587463141537,121.26244878287297,7.2,7.2,7.1,22.085205,0.0,0.0,0.0,0.9,-1.7,0.0,-1.0,-0.2,-20.2,GPSAtti,AutoFly,None,true,Already,10,4,Spark,true,false,Standby,Smart,false,true,false,None,true,MonitorError,false,false,false,false,false,false,false,false,false,false,0,YawFollow,-81.7,0.0,-22.9,false,false,false,false,false,false,false,,,,1024,1024,1024,1024,95,11.554,0.0,0,0,3,false,3.801,3.834,3.827,0.033,0.033,0.0,0.0,0.0,14.15359954679567,121.26241599943363,14.885205,380.0,true,FixedHeight,false,false,false,false,,true,false,false,,40,,380.0,401,Android,4.3.62,Clinton Spark,0BMCE8B0112XGP,,,0C0AF8NB33038T,,,121.5,23.604368,11.5,1.9104973,2.0,2,0,Clinton Spark,0BMCE8B0112XGP,,,Android,4.3.62
2025-11-19T04:22:44.077Z,13.1,14.15358713101265,121.26244913396263,7.4,7.4,7.3,22.285206,0.0,0.0,0.0,0.9,-1.4,0.0,-0.9,-0.6,-20.2,GPSAtti,AutoFly,None,true,Already,10,4,Spark,true,false,Standby,Smart,false,true,false,None,true,MonitorError,false,false,false,false,false,false,false,false,false,false,0,YawFollow,-81.7,0.0,-22.9,false,false,false,false,false,false,false,,,,1024,1024,1024,1024,95,11.554,0.0,0,0,3,false,3.801,3.834,3.827,0.033,0.033,0.0,0.0,0.0,14.15359954679567,121.26241599943363,14.885205,380.0,true,FixedHeight,false,false,false,false,,true,false,false,,40,,380.0,401,Android,4.3.62,Clinton Spark,0BMCE8B0112XGP,,,0C0AF8NB33038T,,,121.5,23.604368,11.5,1.9104973,2.0,2,0,Clinton Spark,0BMCE8B0112XGP,,,Android,4.3.62
2025-11-19T04:22:44.077Z,13.2,14.153586864994924,121.26244948607716,7.5,7.5,7.3,22.385204,0.0,0.0,0.0,0.9,-1.1,0.0,-1.0,-0.8,-20.3,GPSAtti,AutoFly,None,true,Already,10,4,Spark,true,false,Standby,Smart,false,true,false,None,true,MonitorError,false,false,false,false,false,false,false,false,false,false,0,YawFollow,-81.7,0.0,-22.9,false,false,false,false,false,false,false,,,,1024,1024,1024,1024,95,11.554,0.0,0,0,3,false,3.801,3.834,3.827,0.033,0.033,0.0,0.0,0.0,14.15359954679567,121.26241599943363,14.885205,380.0,true,FixedHeight,false,false,false,false,,true,false,false,,40,,380.0,401,Android,4.3.62,Clinton Spark,0BMCE8B0112XGP,,,0C0AF8NB33038T,,,121.5,23.604368,11.5,1.9104973,2.0,2,0,Clinton Spark,0BMCE8B0112XGP,,,Android,4.3.62
2025-11-19T04:22:44.183Z,13.3,14.15358664089131,121.2624498105332,7.6,7.6,7.4,22.485205,0.0,0.0,0.0,0.9,-0.7,0.0,-0.9,-0.7,-20.4,GPSAtti,AutoFly,None,true,Already,10,4,Spark,true,false,Standby,Smart,false,true,false,None,true,MonitorError,false,false,false,false,false,false,false,false,false,false,0,YawFollow,-81.7,0.0,-22.9,false,false,false,false,false,false,false,,,,1024,1024,1024,1024,95,11.554,0.0,0,0,3,false,3.801,3.834,3.827,0.033,0.033,0.0,0.0,0.0,14.15359954679567,121.26241599943363,14.885205,380.0,true,FixedHeight,false,false,false,false,,true,false,false,,40,,380.0,401,Android,4.3.62,Clinton Spark,0BMCE8B0112XGP,,,0C0AF8NB33038T,,,121.5,23.604368,11.5,1.9104973,2.0,2,0,Clinton Spark,0BMCE8B0112XGP,,,Android,4.3.62
2025-11-19T04:22:44.183Z,13.4,14.15358637517281,121.26245017086885,7.7,7.7,7.4,22.585205,0.0,0.0,0.0,0.9,-0.5,0.0,-1.0,-0.8,-20.4,GPSAtti,AutoFly,None,true,Already,10,4,Spark,true,false,Standby,Smart,false,true,false,None,true,MonitorError,false,false,false,false,false,false,false,false,false,false,0,YawFollow,-81.7,0.0,-23.0,false,false,false,false,false,false,false,,,,1024,1024,1024,1024,95,11.554,0.0,0,0,3,false,3.801,3.834,3.827,0.033,0.033,0.0,0.0,0.0,14.15359954679567,121.26241599943363,14.885205,380.0,true,FixedHeight,false,false,false,false,,true,false,false,,40,,380.0,401,Android,4.3.62,Clinton Spark,0BMCE8B0112XGP,,,0C0AF8NB33038T,,,121.5,23.604368,11.5,1.9104973,2.0,2,0,Clinton Spark,0BMCE8B0112XGP,,,Android,4.3.62
2025-11-19T04:22:44.386Z,13.5,14.153586070526766,121.262450528163,7.7,7.7,7.5,22.585205,0.0,0.0,0.0,0.9,-0.3,0.0,-1.0,-0.8,-20.3,GPSAtti,AutoFly,None,true,Already,10,4,Spark,true,false,Standby,Smart,false,true,false,None,true,MonitorError,false,false,false,false,false,false,false,false,false,false,0,YawFollow,-81.7,0.0,-23.1,false,false,false,false,false,false,false,,,,1024,1024,1024,1024,95,11.554,0.0,0,0,3,false,3.801,3.834,3.827,0.033,0.033,0.0,0.0,0.0,14.15359954679567,121.26241599943363,14.885205,380.0,true,FixedHeight,false,false,false,false,,true,false,false,,40,,380.0,401,Android,4.3.62,Clinton Spark,0BMCE8B0112XGP,,,0C0AF8NB33038T,,,121.5,23.604368,11.5,1.9104973,2.0,2,0,Clinton Spark,0BMCE8B0112XGP,,,Android,4.3.62
2025-11-19T04:22:44.386Z,13.6,14.153585801814778,121.26245087967894,7.8,7.8,7.4,22.685205,0.0,0.0,0.0,0.9,-0.2,0.0,-1.0,-0.8,-20.2,GPSAtti,AutoFly,None,true,Already,10,4,Spark,true,false,Standby,Smart,false,true,false,None,true,MonitorError,false,false,false,false,false,false,false,false,false,false,0,YawFollow,-81.7,0.0,-23.0,false,false,false,false,false,false,false,,,,1024,1024,1024,1024,95,11.554,0.0,0,0,3,false,3.875,3.906,3.928,0.053,0.053,0.0,0.0,0.0,14.15359954679567,121.26241599943363,14.885205,380.0,true,FixedHeight,false,false,false,false,,true,false,false,,40,,380.0,401,Android,4.3.62,Clinton Spark,0BMCE8B0112XGP,,,0C0AF8NB33038T,,,121.5,23.604368,11.5,1.9104973,2.0,2,0,Clinton Spark,0BMCE8B0112XGP,,,Android,4.3.62
2025-11-19T04:22:44.386Z,13.7,14.153585564867628,121.26245119931099,7.8,7.8,7.4,22.685205,0.0,0.0,0.0,0.9,-0.1,0.0,-0.9,-0.9,-20.2,GPSAtti,AutoFly,None,true,Already,10,4,Spark,true,false,Standby,Smart,false,true,false,None,true,MonitorError,false,false,false,false,false,false,false,false,false,false,0,YawFollow,-81.8,0.0,-22.9,false,false,false,false,false,false,false,,,,1024,1024,1024,1024,95,11.554,0.0,0,0,3,false,3.875,3.906,3.928,0.053,0.053,0.0,0.0,0.0,14.15359954679567,121.26241599943363,14.885205,380.0,true,FixedHeight,false,false,false,false,,true,false,false,,40,,380.0,401,Android,4.3.62,Clinton Spark,0BMCE8B0112XGP,,,0C0AF8NB33038T,,,121.5,23.604368,11.5,1.9104973,2.0,2,0,Clinton Spark,0BMCE8B0112XGP,,,Android,4.3.62
2025-11-19T04:22:44.589Z,13.8,14.153585368213474,121.26245150707521,7.8,7.8,7.4,22.685205,0.0,0.0,0.0,0.9,-0.1,0.0,-0.9,-0.9,-20.2,GPSAtti,AutoFly,None,true,Already,10,4,Spark,true,false,Standby,Smart,false,true,false,None,true,MonitorError,false,false,false,false,false,false,false,false,false,false,0,YawFollow,-85.0,0.0,-22.9,false,false,false,false,false,false,false,,,,1024,1024,1024,1024,95,11.568,0.0,0,0,3,false,3.875,3.906,3.928,0.053,0.053,0.0,0.0,0.0,14.15359954679567,121.26241599943363,14.885205,380.0,true,FixedHeight,false,false,false,false,,true,false,false,,40,,380.0,401,Android,4.3.62,Clinton Spark,0BMCE8B0112XGP,,,0C0AF8NB33038T,,,121.5,23.604368,11.5,1.9104973,2.0,2,0,Clinton Spark,0BMCE8B0112XGP,,,Android,4.3.62
2025-11-19T04:22:44.691Z,13.9,14.153585172632058,121.26245179526288,7.8,7.8,0.0,22.685205,0.0,0.0,0.0,0.9,-0.1,0.0,-0.9,-1.0,-20.2,GPSAtti,AutoFly,None,true,Already,10,4,Spark,false,false,Standby,Smart,false,true,false,None,true,MonitorError,false,false,false,false,false,false,false,false,false,false,0,YawFollow,-85.0,0.0,-22.9,false,false,false,false,false,false,false,,,,1024,1024,1024,1024,95,11.568,0.0,0,0,3,false,3.875,3.906,3.928,0.053,0.053,0.0,0.0,0.0,14.15359954679567,121.26241599943363,14.885205,380.0,true,FixedHeight,false,false,false,false,,true,false,false,,40,,380.0,401,Android,4.3.62,Clinton Spark,0BMCE8B0112XGP,,,0C0AF8NB33038T,,,121.5,23.604368,11.5,1.9104973,2.0,2,0,Clinton Spark,0BMCE8B0112XGP,,,Android,4.3.62
2025-11-19T04:22:44.793Z,14.0,14.15358505734555,121.26245205438066,7.8,7.8,0.0,22.685205,0.0,0.0,0.0,0.9,0.0,0.0,-1.0,-1.2,-20.2,GPSAtti,AutoFly,None,true,Already,10,4,Spark,false,false,Standby,Smart,false,true,false,None,true,MonitorError,false,false,false,false,false,false,false,false,false,false,0,YawFollow,-85.0,0.0,-22.9,false,false,false,false,false,false,false,,,,1024,1024,1024,1024,95,11.568,0.0,0,0,3,false,3.875,3.906,3.928,0.053,0.053,0.0,0.0,0.0,14.15359954679567,121.26241599943363,14.885205,380.0,true,FixedHeight,false,false,false,false,,true,false,false,,40,,380.0,401,Android,4.3.62,Clinton Spark,0BMCE8B0112XGP,,,0C0AF8NB33038T,,,121.5,23.604368,11.5,1.9104973,2.0,2,0,Clinton Spark,0BMCE8B0112XGP,,,Android,4.3.62
2025-11-19T04:22:44.793Z,14.1,14.153584940931957,121.26245229079204,7.8,7.8,0.0,22.685205,0.0,0.0,0.0,0.9,0.0,0.0,-1.2,-1.2,-20.2,GPSAtti,AutoFly,None,true,Already,10,4,Spark,false,false,Standby,Smart,false,true,false,None,true,MonitorError,false,false,false,false,false,false,false,false,false,false,0,YawFollow,-85.0,0.0,-22.9,false,false,false,false,false,false,false,,,,1024,1024,1024,1024,95,11.568,0.0,0,0,3,false,3.875,3.906,3.928,0.053,0.053,0.0,0.0,0.0,14.15359954679567,121.26241599943363,14.885205,380.0,true,FixedHeight,false,false,false,false,,true,false,false,,40,,380.0,401,Android,4.3.62,Clinton Spark,0BMCE8B0112XGP,,,0C0AF8NB33038T,,,121.5,23.604368,11.5,1.9104973,2.0,2,0,Clinton Spark,0BMCE8B0112XGP,,,Android,4.3.62
2025-11-19T04:22:44.895Z,14.2,14.153584895367686,121.2624524991253,7.8,7.8,0.0,22.685205,0.0,0.0,0.0,0.9,0.0,0.0,-1.1,-1.1,-20.2,GPSAtti,AutoFly,None,true,Already,10,4,Spark,false,false,Standby,Smart,false,true,false,None,true,MonitorError,false,false,false,false,false,false,false,false,false,false,0,YawFollow,-85.0,0.0,-22.9,false,false,false,false,false,false,false,,,,1024,1024,1024,1024,95,11.568,0.0,0,0,3,false,3.875,3.906,3.928,0.053,0.053,0.0,0.0,0.0,14.15359954679567,121.26241599943363,14.885205,380.0,true,FixedHeight,false,false,false,false,,true,false,false,,40,,380.0,401,Android,4.3.62,Clinton Spark,0BMCE8B0112XGP,,,0C0AF8NB33038T,,,121.5,23.604368,11.5,1.9104973,2.0,2,0,Clinton Spark,0BMCE8B0112XGP,,,Android,4.3.62
2025-11-19T04:22:44.996Z,14.3,14.153584825426016,121.26245269674146,7.8,7.8,0.0,22.685205,0.0,0.0,0.0,0.9,0.0,0.0,-1.3,-1.1,-20.3,GPSAtti,AutoFly,None,true,Already,10,4,Spark,false,false,Standby,Smart,false,true,false,None,true,MonitorError,false,false,false,false,false,false,false,false,false,false,0,YawFollow,-85.0,0.0,-22.9,false,false,false,false,false,false,false,,,,1024,1024,1024,1024,95,11.568,0.0,0,0,3,false,3.875,3.906,3.928,0.053,0.053,0.0,0.0,0.0,14.15359954679567,121.26241599943363,14.885205,380.0,true,FixedHeight,false,false,false,false,,true,false,false,,40,,380.0,401,Android,4.3.62,Clinton Spark,0BMCE8B0112XGP,,,0C0AF8NB33038T,,,121.5,23.604368,11.5,1.9104973,2.0,2,0,Clinton Spark,0BMCE8B0112XGP,,,Android,4.3.62
2025-11-19T04:22:44.996Z,14.4,14.153584768207176,121.26245287770776,7.8,7.8,0.0,22.685205,0.0,0.0,0.0,0.9,0.0,0.0,-1.5,-1.1,-20.2,GPSAtti,AutoFly,None,true,Already,10,4,Spark,false,false,Standby,Smart,false,true,false,None,true,MonitorError,false,false,false,false,false,false,false,false,false,false,0,YawFollow,-85.0,0.0,-22.9,false,false,false,false,false,false,false,,,,1024,1024,1024,1024,95,11.568,0.0,0,0,3,false,3.875,3.906,3.928,0.053,0.053,0.0,0.0,0.0,14.15359954679567,121.26241599943363,14.885205,380.0,true,FixedHeight,false,false,false,false,,true,false,false,,40,,380.0,401,Android,4.3.62,Clinton Spark,0BMCE8B0112XGP,,,0C0AF8NB33038T,,,121.5,23.604368,11.5,1.9104973,2.0,2,0,Clinton Spark,0BMCE8B0112XGP,,,Android,4.3.62
2025-11-19T04:22:45.201Z,14.5,14.153584659989948,121.26245305397377,7.8,7.8,0.0,22.685205,0.0,0.0,0.0,0.9,0.0,0.0,-1.9,-1.0,-20.2,GPSAtti,AutoFly,None,true,Already,10,4,Spark,false,false,Standby,Smart,false,true,false,None,true,MonitorError,false,false,false,false,false,false,false,false,false,false,0,YawFollow,-85.0,0.0,-22.9,false,false,false,false,false,false,false,,,,1024,1024,1024,1024,95,11.568,0.0,0,0,3,false,3.875,3.906,3.928,0.053,0.053,0.0,0.0,0.0,14.15359954679567,121.26241599943363,14.885205,380.0,true,FixedHeight,false,false,false,false,,true,false,false,,40,,380.0,401,Android,4.3.62,Clinton Spark,0BMCE8B0112XGP,,,0C0AF8NB33038T,,,121.5,23.604368,11.5,1.9104973,2.0,2,0,Clinton Spark,0BMCE8B0112XGP,,,Android,4.3.62
2025-11-19T04:22:45.308Z,14.6,14.153584598470795,121.2624531844714,7.8,7.8,0.0,22.685205,0.0,0.0,0.0,0.9,0.0,0.0,-2.2,-0.9,-20.2,GPSAtti,AutoFly,None,true,Already,10,4,Spark,false,false,Standby,Smart,false,true,false,None,true,MonitorError,false,false,false,false,false,false,false,false,false,false,0,YawFollow,-85.0,0.0,-22.8,false,false,false,false,false,false,false,,,,1024,1024,1024,1024,95,11.568,0.0,0,0,3,false,3.83,3.867,3.855,0.037,0.053,0.0,0.0,0.0,14.15359954679567,121.26241599943363,14.885205,380.0,true,FixedHeight,false,false,false,false,,true,false,false,,40,,380.0,401,Android,4.3.62,Clinton Spark,0BMCE8B0112XGP,,,0C0AF8NB33038T,,,121.5,23.604368,11.5,1.9104973,2.0,2,0,Clinton Spark,0BMCE8B0112XGP,,,Android,4.3.62
2025-11-19T04:22:45.308Z,14.7,14.153584535702013,121.26245329353269,7.8,7.8,6.8,22.685205,0.0,0.0,0.0,0.9,0.0,0.0,-2.3,-0.9,-20.2,GPSAtti,AutoFly,None,true,Already,10,4,Spark,false,false,Standby,Smart,false,true,false,None,true,MonitorError,false,false,false,false,false,false,false,false,false,false,0,YawFollow,-85.0,0.0,-22.9,false,false,false,false,false,false,false,,,,1024,1024,1024,1024,95,11.568,0.0,0,0,3,false,3.83,3.867,3.855,0.037,0.053,0.0,0.0,0.0,14.15359954679567,121.26241599943363,14.885205,380.0,true,FixedHeight,false,false,false,false,,true,false,false,,40,,380.0,401,Android,4.3.62,Clinton Spark,0BMCE8B0112XGP,,,0C0AF8NB33038T,,,121.5,23.604368,11.5,1.9104973,2.0,2,0,Clinton Spark,0BMCE8B0112XGP,,,Android,4.3.62
2025-11-19T04:22:45.308Z,14.8,14.153584514013176,121.26245339505762,7.7,7.8,6.8,22.585205,0.0,0.0,0.0,0.9,0.1,0.1,-2.9,-1.4,-20.1,GPSAtti,AutoFly,None,true,Already,10,4,Spark,true,false,Standby,Smart,false,true,false,None,true,MonitorError,false,false,false,false,false,false,false,false,false,false,0,YawFollow,-85.0,0.0,-22.9,false,false,false,false,false,false,false,,,,1024,1024,1024,1024,94,11.59,0.0,0,0,3,false,3.83,3.867,3.855,0.037,0.053,0.0,0.0,0.0,14.15359954679567,121.26241599943363,14.885205,380.0,true,FixedHeight,false,false,false,false,,true,false,false,,40,,380.0,401,Android,4.3.62,Clinton Spark,0BMCE8B0112XGP,,,0C0AF8NB33038T,,,121.5,23.604368,11.5,1.9104973,2.0,2,0,Clinton Spark,0BMCE8B0112XGP,,,Android,4.3.62
2025-11-19T04:22:45.407Z,14.9,14.153584491067788,121.2624534922577,7.7,7.8,6.8,22.585205,0.0,0.0,0.0,0.9,0.0,0.1,-3.5,-2.0,-20.0,GPSAtti,AutoFly,None,true,Already,10,4,Spark,true,false,Standby,Smart,false,true,false,None,true,MonitorError,false,false,false,false,false,false,false,false,false,false,0,YawFollow,-85.0,0.0,-22.8,false,false,false,false,false,false,false,,,,1024,1024,1024,1024,94,11.59,0.0,0,0,3,false,3.83,3.867,3.855,0.037,0.053,0.0,0.0,0.0,14.15359954679567,121.26241599943363,14.885205,380.0,true,FixedHeight,false,false,false,false,,true,false,false,,40,,380.0,401,Android,4.3.62,Clinton Spark,0BMCE8B0112XGP,,,0C0AF8NB33038T,,,121.5,23.604368,11.5,1.9104973,2.0,2,0,Clinton Spark,0BMCE8B0112XGP,,,Android,4.3.62
2025-11-19T04:22:45.508Z,15.0,14.153584544194553,121.2624535612515,7.7,7.8,6.8,22.585205,0.0,0.0,0.0,0.9,0.0,0.1,-2.9,-1.7,-20.0,GPSAtti,AutoFly,None,true,Already,10,4,Spark,true,false,Standby,Smart,false,true,false,None,true,MonitorError,false,false,false,false,false,false,false,false,false,false,0,YawFollow,-85.0,0.0,-22.7,false,false,false,false,false,false,false,,,,1024,1024,1024,662,94,11.59,0.0,0,0,3,false,3.83,3.867,3.855,0.037,0.053,0.0,0.0,0.0,14.15359954679567,121.26241599943363,14.885205,380.0,true,FixedHeight,false,false,false,false,,true,false,false,,40,,380.0,401,Android,4.3.62,Clinton Spark,0BMCE8B0112XGP,,,0C0AF8NB33038T,,,121.5,23.604368,11.5,1.9104973,2.0,2,0,Clinton Spark,0BMCE8B0112XGP,,,Android,4.3.62
2025-11-19T04:22:45.610Z,15.1,14.15358461366153,121.26245360387233,7.7,7.8,6.8,22.585205,0.0,0.0,-0.1,0.9,0.0,0.1,-2.3,-1.3,-20.1,GPSAtti,AutoFly,None,true,Already,10,4,Spark,true,false,Standby,Smart,false,true,false,None,true,MonitorError,false,false,false,false,false,false,false,false,false,false,0,YawFollow,-85.0,0.0,-22.7,false,false,false,false,false,false,false,,,,1024,1024,1024,662,94,11.59,0.0,0,0,3,false,3.83,3.867,3.855,0.037,0.053,0.0,0.0,0.0,14.15359954679567,121.26241599943363,14.885205,380.0,true,FixedHeight,false,false,false,false,,true,false,false,,40,,380.0,401,Android,4.3.62,Clinton Spark,0BMCE8B0112XGP,,,0C0AF8NB33038T,,,121.5,23.604368,11.5,1.9104973,2.0,2,0,Clinton Spark,0BMCE8B0112XGP,,,Android,4.3.62
2025-11-19T04:22:45.712Z,15.2,14.15358470345841,121.2624536350627,7.7,7.8,6.9,22.585205,0.0,0.0,-0.1,0.9,0.0,0.1,-1.9,-0.9,-20.2,GPSAtti,AutoFly,None,true,Already,10,4,Spark,true,false,Standby,Smart,false,true,false,None,true,MonitorError,false,false,false,false,false,false,false,false,false,false,0,YawFollow,-85.0,0.0,-22.7,false,false,false,false,false,false,false,,,,1024,1024,1024,661,94,11.59,0.0,0,0,3,false,3.83,3.867,3.855,0.037,0.053,0.0,0.0,0.0,14.15359954679567,121.26241599943363,14.885205,380.0,true,FixedHeight,false,false,false,false,,true,false,false,,40,,380.0,401,Android,4.3.62,Clinton Spark,0BMCE8B0112XGP,,,0C0AF8NB33038T,,,121.5,23.604368,11.5,1.9104973,2.0,2,0,Clinton Spark,0BMCE8B0112XGP,,,Android,4.3.62
2025-11-19T04:22:45.814Z,15.3,14.153584768263562,121.26245365415548,7.6,7.8,7.0,22.485205,0.0,0.0,-0.1,0.9,0.0,0.1,-1.7,-0.8,-20.2,GPSAtti,AutoFly,None,true,Already,10,4,Spark,true,false,Standby,Smart,false,true,false,None,true,MonitorError,false,false,false,false,false,false,false,false,false,false,0,YawFollow,-85.0,0.0,-22.7,false,false,false,false,false,false,false,,,,1024,1024,1024,686,94,11.59,0.0,0,0,3,false,3.83,3.867,3.855,0.037,0.053,0.0,0.0,0.0,14.15359954679567,121.26241599943363,14.885205,380.0,true,FixedHeight,false,false,false,false,,true,false,false,,40,,380.0,401,Android,4.3.62,Clinton Spark,0BMCE8B0112XGP,,,0C0AF8NB33038T,,,121.5,23.604368,11.5,1.9104973,2.0,2,0,Clinton Spark,0BMCE8B0112XGP,,,Android,4.3.62
2025-11-19T04:22:45.814Z,15.4,14.153584842890467,121.26245372059154,7.6,7.8,7.1,22.485205,0.0,0.0,-0.1,0.9,0.0,0.1,-1.5,-1.1,-20.3,GPSAtti,AutoFly,None,true,Already,10,4,Spark,true,false,Standby,Smart,false,true,false,None,true,MonitorError,false,false,false,false,false,false,false,false,false,false,0,YawFollow,-85.0,0.0,-22.7,false,false,false,false,false,false,false,,,,1024,1024,1024,738,94,11.59,0.0,0,0,3,false,3.83,3.867,3.855,0.037,0.053,0.0,0.0,0.0,14.15359954679567,121.26241599943363,14.885205,380.0,true,FixedHeight,false,false,false,false,,true,false,false,,40,,380.0,401,Android,4.3.62,Clinton Spark,0BMCE8B0112XGP,,,0C0AF8NB33038T,,,121.5,23.604368,11.5,1.9104973,2.0,2,0,Clinton Spark,0BMCE8B0112XGP,,,Android,4.3.62
2025-11-19T04:22:45.916Z,15.5,14.15358489711114,121.26245378824463,7.6,7.8,7.1,22.485205,0.0,0.0,-0.1,0.9,0.0,0.1,-1.5,-1.2,-20.3,GPSAtti,AutoFly,None,true,Already,10,4,Spark,true,false,Standby,Smart,false,true,false,None,true,MonitorError,false,false,false,false,false,false,false,false,false,false,0,YawFollow,-85.0,0.0,-22.7,false,false,false,false,false,false,false,,,,1024,1024,1024,738,94,11.59,0.0,0,0,3,false,3.83,3.867,3.855,0.037,0.053,0.0,0.0,0.0,14.15359954679567,121.26241599943363,14.885205,380.0,true,FixedHeight,false,false,false,false,,true,false,false,,40,,380.0,401,Android,4.3.62,Clinton Spark,0BMCE8B0112XGP,,,0C0AF8NB33038T,,,121.5,23.604368,11.5,1.9104973,2.0,2,0,Clinton Spark,0BMCE8B0112XGP,,,Android,4.3.62
2025-11-19T04:22:46.017Z,15.6,14.153584952690137,121.26245388340158,7.6,7.8,7.1,22.485205,0.0,0.0,-0.1,0.9,0.0,0.1,-1.1,-1.0,-20.3,GPSAtti,AutoFly,None,true,Already,10,4,Spark,true,false,Standby,Smart,false,true,false,None,true,MonitorError,false,false,false,false,false,false,false,false,false,false,0,YawFollow,-85.0,0.0,-22.9,false,false,false,false,false,false,false,,,,1024,1024,1024,1024,94,11.59,0.0,0,0,3,false,3.808,3.843,3.835,0.035,0.053,0.0,0.0,0.0,14.15359954679567,121.26241599943363,14.885205,380.0,true,FixedHeight,false,false,false,false,,true,false,false,,40,,380.0,401,Android,4.3.62,Clinton Spark,0BMCE8B0112XGP,,,0C0AF8NB33038T,,,121.5,23.604368,11.5,1.9104973,2.0,2,0,Clinton Spark,0BMCE8B0112XGP,,,Android,4.3.62
2025-11-19T04:22:46.222Z,15.7,14.1535850135801,121.26245395111428,7.6,7.8,7.2,22.485205,0.0,0.0,-0.1,0.9,0.0,0.1,-0.6,-0.8,-20.4,GPSAtti,AutoFly,None,true,Already,10,4,Spark,true,false,Standby,Smart,false,true,false,None,true,MonitorError,false,false,false,false,false,false,false,false,false,false,0,YawFollow,-85.0,0.0,-23.5,false,false,false,false,false,false,false,,,,1024,1024,1024,1024,94,11.59,0.0,0,0,3,false,3.808,3.843,3.835,0.035,0.053,0.0,0.0,0.0,14.15359954679567,121.26241599943363,14.885205,380.0,true,FixedHeight,false,false,false,false,,true,false,false,,40,,380.0,401,Android,4.3.62,Clinton Spark,0BMCE8B0112XGP,,,0C0AF8NB33038T,,,121.5,23.604368,11.5,1.9104973,2.0,2,0,Clinton Spark,0BMCE8B0112XGP,,,Android,4.3.62
2025-11-19T04:22:46.222Z,15.8,14.153585064526174,121.2624540659317,7.6,7.8,7.2,22.485205,0.0,0.0,-0.1,0.9,0.0,0.1,-0.6,-0.6,-21.0,GPSAtti,AutoFly,None,true,Already,10,4,Spark,true,false,Standby,Smart,false,true,false,None,true,MonitorError,false,false,false,false,false,false,false,false,false,false,0,YawFollow,-85.0,0.0,-24.8,false,false,false,false,false,false,false,,,,1024,1024,1024,1024,94,11.558,0.0,0,0,3,false,3.808,3.843,3.835,0.035,0.053,0.0,0.0,0.0,14.15359954679567,121.26241599943363,14.885205,380.0,true,FixedHeight,false,false,false,false,,true,false,false,,40,,380.0,401,Android,4.3.62,Clinton Spark,0BMCE8B0112XGP,,,0C0AF8NB33038T,,,121.5,23.604368,11.5,1.9104973,2.0,2,0,Clinton Spark,0BMCE8B0112XGP,,,Android,4.3.62
2025-11-19T04:22:46.324Z,15.9,14.153585107776019,121.26245415894392,7.6,7.8,7.3,22.485205,0.0,0.0,-0.1,0.9,-0.1,0.1,-0.5,-0.5,-23.2,GPSAtti,AutoFly,None,true,Already,10,4,Spark,true,false,Standby,Smart,false,true,false,None,true,MonitorError,false,false,false,false,false,false,false,false,false,false,0,YawFollow,-85.0,0.0,-27.2,false,false,false,false,false,false,false,,,,1024,1024,1024,1024,94,11.558,0.0,0,0,3,false,3.808,3.843,3.835,0.035,0.053,0.0,0.0,0.0,14.15359954679567,121.26241599943363,14.885205,380.0,true,FixedHeight,false,false,false,false,,true,false,false,,40,,380.0,401,Android,4.3.62,Clinton Spark,0BMCE8B0112XGP,,,0C0AF8NB33038T,,,121.5,23.604368,11.5,1.9104973,2.0,2,0,Clinton Spark,0BMCE8B0112XGP,,,Android,4.3.62
2025-11-19T04:22:46.324Z,16.0,14.153585081230956,121.26245429660908,7.6,7.8,7.3,22.485205,0.0,0.0,-0.1,0.9,0.0,0.1,-0.3,-0.2,-26.5,GPSAtti,AutoFly,None,true,Already,10,4,Spark,true,false,Standby,Smart,false,true,false,None,true,MonitorError,false,false,false,false,false,false,false,false,false,false,0,YawFollow,-85.0,0.0,-29.7,false,false,false,false,false,false,false,,,,1024,1024,1024,1024,94,11.558,0.0,0,0,3,false,3.808,3.843,3.835,0.035,0.053,0.0,0.0,0.0,14.15359954679567,121.26241599943363,14.885205,380.0,true,FixedHeight,false,false,false,false,,true,false,false,,40,,380.0,401,Android,4.3.62,Clinton Spark,0BMCE8B0112XGP,,,0C0AF8NB33038T,,,121.5,23.604368,11.5,1.9104973,2.0,2,0,Clinton Spark,0BMCE8B0112XGP,,,Android,4.3.62
2025-11-19T04:22:46.631Z,16.1,14.153585027323963,121.26245441535595,7.6,7.8,7.4,22.485205,0.0,0.0,-0.1,0.9,0.0,0.1,-0.2,0.0,-29.6,GPSAtti,AutoFly,None,true,Already,10,4,Spark,true,false,Standby,Smart,false,true,false,None,true,MonitorError,false,false,false,false,false,false,false,false,false,false,0,YawFollow,-85.0,0.0,-31.8,false,false,false,false,false,false,false,,,,1024,1024,1024,1024,94,11.558,0.0,0,0,3,false,3.808,3.843,3.835,0.035,0.053,0.0,0.0,0.0,14.15359954679567,121.26241599943363,14.885205,380.0,true,FixedHeight,false,false,false,false,,true,false,false,,40,,380.0,401,Android,4.3.62,Clinton Spark,0BMCE8B0112XGP,,,0C0AF8NB33038T,,,121.5,23.604368,11.5,1.9104973,2.0,2,0,Clinton Spark,0BMCE8B0112XGP,,,Android,4.3.62
2025-11-19T04:22:46.733Z,16.2,14.153584961432438,121.26245455539552,7.6,7.8,7.4,22.485205,0.0,0.0,-0.1,0.9,-0.1,0.1,-0.4,0.0,-32.2,GPSAtti,AutoFly,None,true,Already,10,4,Spark,true,false,Standby,Smart,false,true,false,None,true,MonitorError,false,false,false,false,false,false,false,false,false,false,0,YawFollow,-85.0,0.0,-32.7,false,false,false,false,false,false,false,,,,1024,1024,1024,1024,94,11.558,0.0,0,0,3,false,3.808,3.843,3.835,0.035,0.053,0.0,0.0,0.0,14.15359954679567,121.26241599943363,14.885205,380.0,true,FixedHeight,false,false,false,false,,true,false,false,,40,,380.0,401,Android,4.3.62,Clinton Spark,0BMCE8B0112XGP,,,0C0AF8NB33038T,,,121.5,23.604368,11.5,1.9104973,2.0,2,0,Clinton Spark,0BMCE8B0112XGP,,,Android,4.3.62
2025-11-19T04:22:46.733Z,16.3,14.153584928749973,121.26245466725095,7.6,7.8,0.0,22.485205,0.0,0.0,0.0,0.9,-0.1,0.1,-0.5,-0.1,-33.4,GPSAtti,AutoFly,None,true,Already,10,4,Spark,false,false,Standby,Smart,false,true,false,None,true,MonitorError,false,false,false,false,false,false,false,false,false,false,0,YawFollow,-85.0,0.0,-32.8,false,false,false,false,false,false,false,,,,1024,1024,1024,1024,94,11.558,0.0,0,0,3,false,3.808,3.843,3.835,0.035,0.053,0.0,0.0,0.0,14.15359954679567,121.26241599943363,14.885205,380.0,true,FixedHeight,false,false,false,false,,true,false,false,,40,,380.0,401,Android,4.3.62,Clinton Spark,0BMCE8B0112XGP,,,0C0AF8NB33038T,,,121.5,23.604368,11.5,1.9104973,2.0,2,0,Clinton Spark,0BMCE8B0112XGP,,,Android,4.3.62
2025-11-19T04:22:46.836Z,16.4,14.153584903866943,121.26245473583617,7.6,7.8,0.0,22.485205,0.0,0.0,0.0,0.9,-0.1,0.1,-0.7,-0.3,-33.4,GPSAtti,AutoFly,None,true,Already,10,4,Spark,false,false,Standby,Smart,false,true,false,None,true,MonitorError,false,false,false,false,false,false,false,false,false,false,0,YawFollow,-85.0,0.0,-32.8,false,false,false,false,false,false,false,,,,1024,1024,1024,1024,94,11.558,0.0,0,0,3,false,3.808,3.843,3.835,0.035,0.053,0.0,0.0,0.0,14.15359954679567,121.26241599943363,14.885205,380.0,true,FixedHeight,false,false,false,false,,true,false,false,,40,,380.0,401,Android,4.3.62,Clinton Spark,0BMCE8B0112XGP,,,0C0AF8NB33038T,,,121.5,23.604368,11.5,1.9104973,2.0,2,0,Clinton Spark,0BMCE8B0112XGP,,,Android,4.3.62
2025-11-19T04:22:46.938Z,16.5,14.153584889288501,121.26245477724218,7.7,7.8,0.0,22.585205,0.0,0.0,0.0,0.9,0.0,0.1,-1.0,-0.3,-33.4,GPSAtti,AutoFly,None,true,Already,10,4,Spark,false,false,Standby,Smart,false,true,false,None,true,MonitorError,false,false,false,false,false,false,false,false,false,false,0,YawFollow,-85.0,0.0,-32.8,false,false,false,false,false,false,false,,,,1024,1024,1024,1024,94,11.558,0.0,0,0,3,false,3.808,3.843,3.835,0.035,0.053,0.0,0.0,0.0,14.15359954679567,121.26241599943363,14.885205,380.0,true,FixedHeight,false,false,false,false,,true,false,false,,40,,380.0,401,Android,4.3.62,Clinton Spark,0BMCE8B0112XGP,,,0C0AF8NB33038T,,,121.5,23.604368,11.5,1.9104973,2.0,2,0,Clinton Spark,0BMCE8B0112XGP,,,Android,4.3.62
2025-11-19T04:22:46.938Z,16.6,14.153584901209932,121.26245484113588,7.7,7.8,0.0,22.585205,0.0,0.0,0.0,0.9,0.0,0.1,-0.9,-0.2,-33.4,GPSAtti,AutoFly,None,true,Already,10,4,Spark,false,false,Standby,Smart,false,true,false,None,true,MonitorError,false,false,false,false,false,false,false,false,false,false,0,YawFollow,-85.0,0.0,-32.8,false,false,false,false,false,false,false,,,,1024,1024,1024,1024,94,11.558,0.0,0,0,3,false,3.808,3.843,3.835,0.035,0.053,0.0,0.0,0.0,14.15359954679567,121.26241599943363,14.885205,380.0,true,FixedHeight,false,false,false,false,,true,false,false,,40,,380.0,401,Android,4.3.62,Clinton Spark,0BMCE8B0112XGP,,,0C0AF8NB33038T,,,121.5,23.604368,11.5,1.9104973,2.0,2,0,Clinton Spark,0BMCE8B0112XGP,,,Android,4.3.62
2025-11-19T04:22:47.041Z,16.7,14.153584922031829,121.26245493616473,7.7,7.8,0.0,22.585205,0.0,0.0,0.0,0.9,0.0,0.1,-0.9,-0.2,-33.4,GPSAtti,AutoFly,None,true,Already,10,4,Spark,false,false,Standby,Smart,false,true,false,None,true,MonitorError,false,false,false,false,false,false,false,false,false,false,0,YawFollow,-85.0,0.0,-32.7,false,false,false,false,false,false,false,,,,1024,1024,1024,1024,94,11.558,0.0,0,0,3,false,3.82,3.85,3.84,0.03,0.053,0.0,0.0,0.0,14.15359954679567,121.26241599943363,14.885205,380.0,true,FixedHeight,false,false,false,false,,true,false,false,,40,,380.0,401,Android,4.3.62,Clinton Spark,0BMCE8B0112XGP,,,0C0AF8NB33038T,,,121.5,23.604368,11.5,1.9104973,2.0,2,0,Clinton Spark,0BMCE8B0112XGP,,,Android,4.3.62
2025-11-19T04:22:47.041Z,16.8,14.153584974716063,121.26245506168374,7.7,7.8,0.0,22.585205,0.0,0.0,0.0,0.9,0.0,0.1,-0.5,-0.2,-33.5,GPSAtti,AutoFly,None,true,Already,10,4,Spark,false,false,Standby,Smart,false,true,false,None,true,MonitorError,false,false,false,false,false,false,false,false,false,false,0,YawFollow,-85.0,0.0,-32.6,false,false,false,false,false,false,false,,,,1024,1024,1024,931,94,11.511,0.0,0,0,3,false,3.82,3.85,3.84,0.03,0.053,0.0,0.0,0.0,14.15359954679567,121.26241599943363,14.885205,380.0,true,FixedHeight,false,false,false,false,,true,false,false,,40,,380.0,401,Android,4.3.62,Clinton Spark,0BMCE8B0112XGP,,,0C0AF8NB33038T,,,121.5,23.604368,11.5,1.9104973,2.0,2,0,Clinton Spark,0BMCE8B0112XGP,,,Android,4.3.62
2025-11-19T04:22:47.143Z,16.9,14.153585022451253,121.2624551931245,7.7,7.8,0.0,22.585205,0.0,0.0,0.0,0.9,0.0,0.1,-0.4,-0.2,-33.6,GPSAtti,AutoFly,None,true,Already,10,4,Spark,false,false,Standby,Smart,false,true,false,None,true,MonitorError,false,false,false,false,false,false,false,false,false,false,0,YawFollow,-85.0,0.0,-32.7,false,false,false,false,false,false,false,,,,1024,1024,1024,931,94,11.511,0.0,0,0,3,false,3.82,3.85,3.84,0.03,0.053,0.0,0.0,0.0,14.15359954679567,121.26241599943363,14.885205,380.0,true,FixedHeight,false,false,false,false,,true,false,false,,40,,380.0,401,Android,4.3.62,Clinton Spark,0BMCE8B0112XGP,,,0C0AF8NB33038T,,,121.5,23.604368,11.5,1.9104973,2.0,2,0,Clinton Spark,0BMCE8B0112XGP,,,Android,4.3.62
2025-11-19T04:22:47.143Z,17.0,14.153585050980777,121.26245535625262,7.7,7.8,0.0,22.585205,0.0,0.0,0.0,0.9,0.0,0.1,-0.2,-0.3,-33.6,GPSAtti,AutoFly,None,true,Already,10,4,Spark,false,false,Standby,Smart,false,true,false,None,true,MonitorError,false,false,false,false,false,false,false,false,false,false,0,YawFollow,-85.0,0.0,-32.7,false,false,false,false,false,false,false,,,,1024,1024,1024,365,94,11.511,0.0,0,0,3,false,3.82,3.85,3.84,0.03,0.053,0.0,0.0,0.0,14.15359954679567,121.26241599943363,14.885205,380.0,true,FixedHeight,false,false,false,false,,true,false,false,,40,,380.0,401,Android,4.3.62,Clinton Spark,0BMCE8B0112XGP,,,0C0AF8NB33038T,,,121.5,23.604368,11.5,1.9104973,2.0,2,0,Clinton Spark,0BMCE8B0112XGP,,,Android,4.3.62
2025-11-19T04:22:47.246Z,17.1,14.153585037726872,121.26245551436014,7.7,7.8,0.0,22.585205,0.0,0.0,0.0,0.9,0.0,0.1,-0.4,-0.2,-33.6,GPSAtti,AutoFly,None,true,Already,10,4,Spark,false,false,Standby,Smart,false,true,false,None,true,MonitorError,false,false,false,false,false,false,false,false,false,false,0,YawFollow,-85.0,0.0,-32.7,false,false,false,false,false,false,false,,,,1024,1024,1024,364,94,11.511,0.0,0,0,3,false,3.82,3.85,3.84,0.03,0.053,0.0,0.0,0.0,14.15359954679567,121.26241599943363,14.885205,380.0,true,FixedHeight,false,false,false,false,,true,false,false,,40,,380.0,401,Android,4.3.62,Clinton Spark,0BMCE8B0112XGP,,,0C0AF8NB33038T,,,121.5,23.604368,11.5,1.9104973,2.0,2,0,Clinton Spark,0BMCE8B0112XGP,,,Android,4.3.62
2025-11-19T04:22:47.246Z,17.2,14.153585015160912,121.26245567613202,7.7,7.8,0.0,22.585205,0.0,0.0,0.0,0.9,0.0,0.1,-0.3,-0.2,-33.5,GPSAtti,AutoFly,None,true,Already,10,4,Spark,false,false,Standby,Smart,false,true,false,None,true,MonitorError,false,false,false,false,false,false,false,false,false,false,0,YawFollow,-85.0,0.0,-32.6,false,false,false,false,false,false,false,,,,1024,1024,1024,364,94,11.511,0.0,0,0,3,false,3.82,3.85,3.84,0.03,0.053,0.0,0.0,0.0,14.15359954679567,121.26241599943363,14.885205,380.0,true,FixedHeight,false,false,false,false,,true,false,false,,40,,380.0,401,Android,4.3.62,Clinton Spark,0BMCE8B0112XGP,,,0C0AF8NB33038T,,,121.5,23.604368,11.5,1.9104973,2.0,2,0,Clinton Spark,0BMCE8B0112XGP,,,Android,4.3.62
2025-11-19T04:22:47.450Z,17.3,14.1535849907198,121.26245582080571,7.7,7.8,0.0,22.585205,0.0,0.0,0.0,0.9,0.0,0.1,-0.3,-0.2,-33.4,GPSAtti,AutoFly,None,true,Already,10,4,Spark,false,false,Standby,Smart,false,true,false,None,true,MonitorError,false,false,false,false,false,false,false,false,false,false,0,YawFollow,-85.0,0.0,-32.7,false,false,false,false,false,false,false,,,,1024,1024,1024,364,94,11.511,0.0,0,0,3,false,3.82,3.85,3.84,0.03,0.053,0.0,0.0,0.0,14.15359954679567,121.26241599943363,14.885205,380.0,true,FixedHeight,false,false,false,false,,true,false,false,,40,,380.0,401,Android,4.3.62,Clinton Spark,0BMCE8B0112XGP,,,0C0AF8NB33038T,,,121.5,23.604368,11.5,1.9104973,2.0,2,0,Clinton Spark,0BMCE8B0112XGP,,,Android,4.3.62
2025-11-19T04:22:47.555Z,17.4,14.153584943676698,121.2624560109451,7.7,7.8,0.0,22.585205,0.0,0.0,0.0,0.9,0.0,0.1,-0.4,-0.2,-33.5,GPSAtti,AutoFly,None,true,Already,10,4,Spark,false,false,Standby,Smart,false,true,false,None,true,MonitorError,false,false,false,false,false,false,false,false,false,false,0,YawFollow,-85.0,0.0,-34.7,false,false,false,false,false,false,false,,,,1024,1024,1024,364,94,11.511,0.0,0,0,3,false,3.82,3.85,3.84,0.03,0.053,0.0,0.0,0.0,14.15359954679567,121.26241599943363,14.885205,380.0,true,FixedHeight,false,false,false,false,,true,false,false,,40,,380.0,401,Android,4.3.62,Clinton Spark,0BMCE8B0112XGP,,,0C0AF8NB33038T,,,121.5,23.604368,11.5,1.9104973,2.0,2,0,Clinton Spark,0BMCE8B0112XGP,,,Android,4.3.62
2025-11-19T04:22:47.555Z,17.5,14.153584890668812,121.26245620852373,7.7,7.8,0.0,22.585205,0.0,0.0,0.0,0.9,0.0,0.1,-0.6,-0.2,-36.1,GPSAtti,AutoFly,None,true,Already,10,4,Spark,false,false,Standby,Smart,false,true,false,None,true,MonitorError,false,false,false,false,false,false,false,false,false,false,0,YawFollow,-85.0,0.0,-38.3,false,false,false,false,false,false,false,,,,1024,1024,1024,364,94,11.511,0.0,0,0,3,false,3.82,3.85,3.84,0.03,0.053,0.0,0.0,0.0,14.15359954679567,121.26241599943363,14.885205,380.0,true,FixedHeight,false,false,false,false,,true,false,false,,40,,380.0,401,Android,4.3.62,Clinton Spark,0BMCE8B0112XGP,,,0C0AF8NB33038T,,,121.5,23.604368,11.5,1.9104973,2.0,2,0,Clinton Spark,0BMCE8B0112XGP,,,Android,4.3.62
2025-11-19T04:22:47.759Z,17.6,14.153584796990739,121.26245644298476,7.7,7.8,0.0,22.585205,0.0,0.0,0.0,0.9,0.0,0.1,-0.5,-0.1,-42.9,GPSAtti,AutoFly,None,true,Already,9,4,Spark,false,false,Standby,Smart,false,true,false,None,true,MonitorError,false,false,false,false,false,false,false,false,false,false,0,YawFollow,-85.0,0.0,-43.2,false,false,false,false,false,false,false,,,,1024,1024,1024,1024,94,11.511,0.0,0,0,3,false,3.82,3.85,3.84,0.03,0.053,0.0,0.0,0.0,14.15359954679567,121.26241599943363,14.885205,380.0,true,FixedHeight,false,false,false,false,,true,false,false,,40,,380.0,401,Android,4.3.62,Clinton Spark,0BMCE8B0112XGP,,,0C0AF8NB33038T,,,121.5,23.604368,11.5,1.9104973,2.0,2,0,Clinton Spark,0BMCE8B0112XGP,,,Android,4.3.62
2025-11-19T04:22:47.963Z,17.7,14.153584703811173,121.26245666167503,7.7,7.8,0.0,22.585205,0.0,0.0,0.0,0.9,0.0,0.1,-0.5,-0.1,-50.2,GPSAtti,AutoFly,None,true,Already,9,4,Spark,false,false,Standby,Smart,false,true,false,None,true,MonitorError,false,false,false,false,false,false,false,false,false,false,0,YawFollow,-85.0,0.0,-49.6,false,false,false,false,false,false,false,,,,1024,1024,1024,1024,94,11.511,0.0,0,0,3,false,3.807,3.849,3.836,0.042,0.053,0.0,0.0,0.0,14.15359954679567,121.26241599943363,14.885205,380.0,true,FixedHeight,false,false,false,false,,true,false,false,,40,,380.0,401,Android,4.3.62,Clinton Spark,0BMCE8B0112XGP,,,0C0AF8NB33038T,,,121.5,23.604368,11.5,1.9104973,2.0,2,0,Clinton Spark,0BMCE8B0112XGP,,,Android,4.3.62
2025-11-19T04:22:48.166Z,17.8,14.153584568246467,121.26245689095424,7.7,7.8,0.0,22.585205,0.0,0.0,0.0,0.9,0.0,0.1,-0.6,0.0,-57.4,GPSAtti,AutoFly,None,true,Already,9,4,Spark,false,false,Standby,Smart,false,true,false,None,true,MonitorError,false,false,false,false,false,false,false,false,false,false,0,YawFollow,-85.0,0.0,-55.3,false,false,false,false,false,false,false,,,,1024,1024,1024,1024,94,11.499,0.0,0,0,3,false,3.807,3.849,3.836,0.042,0.053,0.0,0.0,0.0,14.15359954679567,121.26241599943363,14.885205,380.0,true,FixedHeight,false,false,false,false,,true,false,false,,40,,380.0,401,Android,4.3.62,Clinton Spark,0BMCE8B0112XGP,,,0C0AF8NB33038T,,,121.5,23.604368,11.5,1.9104973,2.0,2,0,Clinton Spark,0BMCE8B0112XGP,,,Android,4.3.62
2025-11-19T04:22:48.268Z,17.9,14.15358444068597,121.26245710338699,7.7,7.8,0.0,22.585205,0.0,0.0,0.0,0.9,0.0,0.1,-0.7,0.0,-64.5,GPSAtti,AutoFly,None,true,Already,9,4,Spark,false,false,Standby,Smart,false,true,false,None,true,MonitorError,false,false,false,false,false,false,false,false,false,false,0,YawFollow,-85.0,0.0,-62.3,false,false,false,false,false,false,false,,,,1024,1024,1024,1024,94,11.499,0.0,0,0,3,false,3.807,3.849,3.836,0.042,0.053,0.0,0.0,0.0,14.15359954679567,121.26241599943363,14.885205,380.0,true,FixedHeight,false,false,false,false,,true,false,false,,40,,380.0,401,Android,4.3.62,Clinton Spark,0BMCE8B0112XGP,,,0C0AF8NB33038T,,,121.5,23.604368,11.5,1.9104973,2.0,2,0,Clinton Spark,0BMCE8B0112XGP,,,Android,4.3.62
2025-11-19T04:22:48.574Z,18.0,14.153584311721145,121.26245726800825,7.7,7.8,0.0,22.585205,0.0,0.0,0.0,0.9,0.0,0.1,-0.6,0.2,-71.3,GPSAtti,AutoFly,None,true,Already,9,4,Spark,false,false,Standby,Smart,false,true,false,None,true,MonitorError,false,false,false,false,false,false,false,false,false,false,0,YawFollow,-85.0,0.0,-69.1,false,false,false,false,false,false,false,,,,1024,1024,1024,418,94,11.499,0.0,0,0,3,false,3.807,3.849,3.836,0.042,0.053,0.0,0.0,0.0,14.15359954679567,121.26241599943363,14.885205,380.0,true,FixedHeight,false,false,false,false,,true,false,false,,40,,380.0,401,Android,4.3.62,Clinton Spark,0BMCE8B0112XGP,,,0C0AF8NB33038T,,,121.5,23.604368,11.5,1.9104973,2.0,2,0,Clinton Spark,0BMCE8B0112XGP,,,Android,4.3.62
2025-11-19T04:22:48.574Z,18.1,14.153584217805115,121.26245740532,7.8,7.8,0.0,22.685205,0.0,0.0,0.0,0.9,0.0,0.1,-0.6,0.4,-74.1,GPSAtti,AutoFly,None,true,Already,9,4,Spark,false,false,Standby,Smart,false,true,false,None,true,MonitorError,false,false,false,false,false,false,false,false,false,false,0,YawFollow,-85.0,0.0,-71.7,false,false,false,false,false,false,false,,,,1024,1024,1024,1024,94,11.499,0.0,0,0,3,false,3.807,3.849,3.836,0.042,0.053,0.0,0.0,0.0,14.15359954679567,121.26241599943363,14.885205,380.0,true,FixedHeight,false,false,false,false,,true,false,false,,40,,380.0,401,Android,4.3.62,Clinton Spark,0BMCE8B0112XGP,,,0C0AF8NB33038T,,,121.5,23.604368,11.5,1.9104973,2.0,2,0,Clinton Spark,0BMCE8B0112XGP,,,Android,4.3.62
2025-11-19T04:22:48.574Z,18.2,14.153584095379307,121.26245752447545,7.8,7.8,0.0,22.685205,0.0,0.0,0.0,0.9,0.0,0.1,-0.9,0.5,-74.1,GPSAtti,AutoFly,None,true,Already,10,4,Spark,false,false,Standby,Smart,false,true,false,None,true,MonitorError,false,false,false,false,false,false,false,false,false,false,0,YawFollow,-85.0,0.0,-72.0,false,false,false,false,false,false,false,,,,1024,1024,1024,1024,94,11.499,0.0,0,0,3,false,3.807,3.849,3.836,0.042,0.053,0.0,0.0,0.0,14.15359954679567,121.26241599943363,14.885205,380.0,true,FixedHeight,false,false,false,false,,true,false,false,,40,,380.0,401,Android,4.3.62,Clinton Spark,0BMCE8B0112XGP,,,0C0AF8NB33038T,,,121.5,23.604368,11.5,1.9104973,2.0,2,0,Clinton Spark,0BMCE8B0112XGP,,,Android,4.3.62
2025-11-19T04:22:48.779Z,18.3,14.153583985299749,121.26245765141914,7.8,7.8,0.0,22.685205,0.0,0.0,0.0,0.9,0.0,0.1,-0.9,0.4,-74.0,GPSAtti,AutoFly,None,true,Already,10,4,Spark,false,false,Standby,Smart,false,true,false,None,true,MonitorError,false,false,false,false,false,false,false,false,false,false,0,YawFollow,-85.0,0.0,-72.1,false,false,false,false,false,false,false,,,,1024,1024,1024,1024,94,11.499,0.0,0,0,3,false,3.807,3.849,3.836,0.042,0.053,0.0,0.0,0.0,14.15359954679567,121.26241599943363,14.885205,380.0,true,FixedHeight,false,false,false,false,,true,false,false,,40,,380.0,401,Android,4.3.62,Clinton Spark,0BMCE8B0112XGP,,,0C0AF8NB33038T,,,121.5,23.604368,11.5,1.9104973,2.0,2,0,Clinton Spark,0BMCE8B0112XGP,,,Android,4.3.62
2025-11-19T04:22:48.881Z,18.4,14.15358383999308,121.26245776135954,7.8,7.8,0.0,22.685205,0.0,0.0,0.0,0.9,0.0,0.1,-0.9,0.3,-74.0,GPSAtti,AutoFly,None,true,Already,9,4,Spark,false,false,Standby,Smart,false,true,false,None,true,MonitorError,false,false,false,false,false,false,false,false,false,false,0,YawFollow,-85.0,0.0,-72.3,false,false,false,false,false,false,false,,,,1024,1024,1024,1024,94,11.499,0.0,0,0,3,false,3.807,3.849,3.836,0.042,0.053,0.0,0.0,0.0,14.15359954679567,121.26241599943363,14.885205,380.0,true,FixedHeight,false,false,false,false,,true,false,false,,40,,380.0,401,Android,4.3.62,Clinton Spark,0BMCE8B0112XGP,,,0C0AF8NB33038T,,,121.5,23.604368,11.5,1.9104973,2.0,2,0,Clinton Spark,0BMCE8B0112XGP,,,Android,4.3.62
2025-11-19T04:22:49.086Z,18.5,14.153583712186485,121.2624578862358,7.8,7.8,0.0,22.685205,0.0,0.0,0.0,0.9,0.0,0.1,-0.7,0.4,-74.0,GPSAtti,AutoFly,None,true,Already,9,4,Spark,false,false,Standby,Smart,false,true,false,None,true,MonitorError,false,false,false,false,false,false,false,false,false,false,0,YawFollow,-85.0,0.0,-73.3,false,false,false,false,false,false,false,,,,1024,1024,1024,1024,94,11.499,0.0,0,0,3,false,3.807,3.849,3.836,0.042,0.053,0.0,0.0,0.0,14.15359954679567,121.26241599943363,14.885205,380.0,true,FixedHeight,false,false,false,false,,true,false,false,,40,,380.0,401,Android,4.3.62,Clinton Spark,0BMCE8B0112XGP,,,0C0AF8NB33038T,,,121.5,23.604368,11.5,1.9104973,2.0,2,0,Clinton Spark,0BMCE8B0112XGP,,,Android,4.3.62
2025-11-19T04:22:49.086Z,18.6,14.153583549628692,121.26245795726611,7.8,7.8,0.0,22.685205,0.0,0.0,0.0,0.9,0.0,0.1,-0.7,0.3,-74.9,GPSAtti,AutoFly,None,true,Already,10,4,Spark,false,false,Standby,Smart,false,true,false,None,true,MonitorError,false,false,false,false,false,false,false,false,false,false,0,YawFollow,-85.0,0.0,-75.2,false,false,false,false,false,false,false,,,,1024,1024,1024,1024,94,11.499,0.0,0,0,3,false,3.807,3.849,3.836,0.042,0.053,0.0,0.0,0.0,14.15359954679567,121.26241599943363,14.885205,380.0,true,FixedHeight,false,false,false,false,,true,false,false,,40,,380.0,401,Android,4.3.62,Clinton Spark,0BMCE8B0112XGP,,,0C0AF8NB33038T,,,121.5,23.604368,11.5,1.9104973,2.0,2,0,Clinton Spark,0BMCE8B0112XGP,,,Android,4.3.62
2025-11-19T04:22:49.189Z,18.7,14.15358341486579,121.26245802879122,7.8,7.8,0.0,22.685205,0.0,0.0,0.0,0.9,0.0,0.1,-0.6,0.3,-79.1,GPSAtti,AutoFly,None,true,Already,10,4,Spark,false,false,Standby,Smart,false,true,false,None,true,MonitorError,false,false,false,false,false,false,false,false,false,false,0,YawFollow,-85.0,0.0,-78.6,false,false,false,false,false,false,false,,,,1024,1024,1024,1024,94,11.499,0.0,0,0,3,false,3.807,3.849,3.836,0.042,0.053,0.0,0.0,0.0,14.15359954679567,121.26241599943363,14.885205,380.0,true,FixedHeight,false,false,false,false,,true,false,false,,40,,380.0,401,Android,4.3.62,Clinton Spark,0BMCE8B0112XGP,,,0C0AF8NB33038T,,,121.5,23.604368,11.5,1.9104973,2.0,2,0,Clinton Spark,0BMCE8B0112XGP,,,Android,4.3.62
2025-11-19T04:22:49.291Z,18.8,14.153583284851535,121.26245805141808,7.8,7.8,0.0,22.685205,0.0,0.0,0.0,0.9,0.0,0.1,-0.4,0.1,-85.2,GPSAtti,AutoFly,None,true,Already,10,4,Spark,false,false,Standby,Smart,false,true,false,None,true,MonitorError,false,false,false,false,false,false,false,false,false,false,0,YawFollow,-85.0,0.0,-82.7,false,false,false,false,false,false,false,,,,1024,1024,1024,1024,94,11.494,0.0,0,0,3,false,3.805,3.845,3.826,0.04,0.053,0.0,0.0,0.0,14.15359954679567,121.26241599943363,14.885205,380.0,true,FixedHeight,false,false,false,false,,true,false,false,,40,,380.0,401,Android,4.3.62,Clinton Spark,0BMCE8B0112XGP,,,0C0AF8NB33038T,,,121.5,23.604368,11.5,1.9104973,2.0,2,0,Clinton Spark,0BMCE8B0112XGP,,,Android,4.3.62
2025-11-19T04:22:49.397Z,18.9,14.15358318899145,121.26245809964041,7.8,7.8,0.0,22.685205,0.0,0.0,0.0,0.9,0.0,0.1,-0.4,0.2,-89.7,GPSAtti,AutoFly,None,true,Already,10,4,Spark,false,false,Standby,Smart,false,true,false,None,true,MonitorError,false,false,false,false,false,false,false,false,false,false,0,YawFollow,-85.0,0.0,-87.1,false,false,false,false,false,false,false,,,,1024,1024,1024,1024,94,11.494,0.0,0,0,3,false,3.805,3.845,3.826,0.04,0.053,0.0,0.0,0.0,14.15359954679567,121.26241599943363,14.885205,380.0,true,FixedHeight,false,false,false,false,,true,false,false,,40,,380.0,401,Android,4.3.62,Clinton Spark,0BMCE8B0112XGP,,,0C0AF8NB33038T,,,121.5,23.604368,11.5,1.9104973,2.0,2,0,Clinton Spark,0BMCE8B0112XGP,,,Android,4.3.62
2025-11-19T04:22:49.600Z,19.0,14.153583013709401,121.26245812834145,7.8,7.8,0.0,22.685205,0.0,0.0,0.0,0.9,0.0,0.1,-0.4,0.3,-89.9,GPSAtti,AutoFly,None,true,Already,10,4,Spark,false,false,Standby,Smart,false,true,false,None,true,MonitorError,false,false,false,false,false,false,false,false,false,false,0,YawFollow,-85.0,0.0,-87.6,false,false,false,false,false,false,false,,,,1024,1024,1024,1024,94,11.494,0.0,0,0,3,false,3.805,3.845,3.826,0.04,0.053,0.0,0.0,0.0,14.15359954679567,121.26241599943363,14.885205,380.0,true,FixedHeight,false,false,false,false,,true,false,false,,40,,380.0,401,Android,4.3.62,Clinton Spark,0BMCE8B0112XGP,,,0C0AF8NB33038T,,,121.5,23.604368,11.5,1.9104973,2.0,2,0,Clinton Spark,0BMCE8B0112XGP,,,Android,4.3.62
2025-11-19T04:22:49.600Z,19.1,14.153582828565394,121.26245820024204,7.8,7.8,0.0,22.685205,0.0,0.0,0.0,0.9,0.0,0.1,-0.7,0.5,-89.8,GPSAtti,AutoFly,None,true,Already,10,4,Spark,false,false,Standby,Smart,false,true,false,None,true,MonitorError,false,false,false,false,false,false,false,false,false,false,0,YawFollow,-85.0,0.0,-87.8,false,false,false,false,false,false,false,,,,1024,1024,1024,1024,94,11.494,0.0,0,0,3,false,3.805,3.845,3.826,0.04,0.053,0.0,0.0,0.0,14.15359954679567,121.26241599943363,14.885205,380.0,true,FixedHeight,false,false,false,false,,true,false,false,,40,,380.0,401,Android,4.3.62,Clinton Spark,0BMCE8B0112XGP,,,0C0AF8NB33038T,,,121.5,23.604368,11.5,1.9104973,2.0,2,0,Clinton Spark,0BMCE8B0112XGP,,,Android,4.3.62
2025-11-19T04:22:49.702Z,19.2,14.153582485168235,121.26245828469742,7.8,7.8,0.0,22.685205,0.0,0.0,0.0,0.9,0.0,0.1,-0.5,0.7,-89.7,GPSAtti,AutoFly,None,true,Already,10,4,Spark,false,false,Standby,Smart,false,true,false,None,true,MonitorError,false,false,false,false,false,false,false,false,false,false,0,YawFollow,-85.0,0.0,-87.9,false,false,false,false,false,false,false,,,,1024,1024,1024,1024,94,11.494,0.0,0,0,3,false,3.805,3.845,3.826,0.04,0.053,0.0,0.0,0.0,14.15359954679567,121.26241599943363,14.885205,380.0,true,FixedHeight,false,false,false,false,,true,false,false,,40,,380.0,401,Android,4.3.62,Clinton Spark,0BMCE8B0112XGP,,,0C0AF8NB33038T,,,121.5,23.604368,11.5,1.9104973,2.0,2,0,Clinton Spark,0BMCE8B0112XGP,,,Android,4.3.62
2025-11-19T04:22:49.702Z,19.3,14.153582146642435,121.2624584007164,7.8,7.8,0.0,22.685205,0.0,0.0,0.0,0.9,0.0,0.1,-0.3,0.6,-89.6,GPSAtti,AutoFly,None,true,Already,10,4,Spark,false,false,Standby,Smart,false,true,false,None,true,MonitorError,false,false,false,false,false,false,false,false,false,false,0,YawFollow,-85.0,0.0,-88.0,false,false,false,false,false,false,false,,,,1024,1024,1024,1024,94,11.494,0.0,0,0,3,false,3.805,3.845,3.826,0.04,0.053,0.0,0.0,0.0,14.15359954679567,121.26241599943363,14.885205,380.0,true,FixedHeight,false,false,false,false,,true,false,false,,40,,380.0,401,Android,4.3.62,Clinton Spark,0BMCE8B0112XGP,,,0C0AF8NB33038T,,,121.5,23.604368,11.5,1.9104973,2.0,2,0,Clinton Spark,0BMCE8B0112XGP,,,Android,4.3.62
2025-11-19T04:22:49.805Z,19.4,14.153581653295785,121.2624585295729,7.8,7.8,0.0,22.685205,0.0,0.0,0.0,0.9,0.0,0.1,-0.3,0.5,-89.7,GPSAtti,AutoFly,None,true,Already,10,4,Spark,false,false,Standby,Smart,false,true,false,None,true,MonitorError,false,false,false,false,false,false,false,false,false,false,0,YawFollow,-85.0,0.0,-88.0,false,false,false,false,false,false,false,,,,1024,1024,1024,1152,94,11.494,0.0,0,0,3,false,3.805,3.845,3.826,0.04,0.053,0.0,0.0,0.0,14.15359954679567,121.26241599943363,14.885205,380.0,true,FixedHeight,false,false,false,false,,true,false,false,,40,,380.0,401,Android,4.3.62,Clinton Spark,0BMCE8B0112XGP,,,0C0AF8NB33038T,,,121.5,23.604368,11.5,1.9104973,2.0,2,0,Clinton Spark,0BMCE8B0112XGP,,,Android,4.3.62
2025-11-19T04:22:49.805Z,19.5,14.153581218678077,121.26245867379815,7.8,7.8,0.0,22.685205,0.0,0.0,0.0,0.9,0.0,0.1,-0.4,0.5,-89.7,GPSAtti,AutoFly,None,true,Already,10,4,Spark,false,false,Standby,Smart,false,true,false,None,true,MonitorError,false,false,false,false,false,false,false,false,false,false,0,YawFollow,-85.0,0.0,-88.1,false,false,false,false,false,false,false,,,,1024,1024,1024,1152,94,11.494,0.0,0,0,3,false,3.805,3.845,3.826,0.04,0.053,0.0,0.0,0.0,14.15359954679567,121.26241599943363,14.885205,380.0,true,FixedHeight,false,false,false,false,,true,false,false,,40,,380.0,401,Android,4.3.62,Clinton Spark,0BMCE8B0112XGP,,,0C0AF8NB33038T,,,121.5,23.604368,11.5,1.9104973,2.0,2,0,Clinton Spark,0BMCE8B0112XGP,,,Android,4.3.62
2025-11-19T04:22:49.906Z,19.6,14.153580754607923,121.2624587881738,7.8,7.8,0.0,22.685205,0.0,0.0,0.0,0.9,0.0,0.1,-0.5,0.5,-89.7,GPSAtti,AutoFly,None,true,Already,10,4,Spark,false,false,Standby,Smart,false,true,false,None,true,MonitorError,false,false,false,false,false,false,false,false,false,false,0,YawFollow,-85.0,0.0,-88.2,false,false,false,false,false,false,false,,,,1024,1024,1024,1284,94,11.494,0.0,0,0,3,false,3.805,3.845,3.826,0.04,0.053,0.0,0.0,0.0,14.15359954679567,121.26241599943363,14.885205,380.0,true,FixedHeight,false,false,false,false,,true,false,false,,40,,380.0,401,Android,4.3.62,Clinton Spark,0BMCE8B0112XGP,,,0C0AF8NB33038T,,,121.5,23.604368,11.5,1.9104973,2.0,2,0,Clinton Spark,0BMCE8B0112XGP,,,Android,4.3.62
2025-11-19T04:22:50.110Z,19.7,14.153580418334238,121.26245889707606,7.8,7.8,0.0,22.685205,0.0,0.0,0.0,0.9,0.0,0.1,-0.4,0.4,-89.7,GPSAtti,AutoFly,None,true,Already,10,4,Spark,false,false,Standby,Smart,false,true,false,None,true,MonitorError,false,false,false,false,false,false,false,false,false,false,0,YawFollow,-85.0,0.0,-88.2,false,false,false,false,false,false,false,,,,1024,1024,1024,1024,94,11.494,0.0,0,0,3,false,3.805,3.845,3.826,0.04,0.053,0.0,0.0,0.0,14.15359954679567,121.26241599943363,14.885205,380.0,true,FixedHeight,false,false,false,false,,true,false,false,,40,,380.0,401,Android,4.3.62,Clinton Spark,0BMCE8B0112XGP,,,0C0AF8NB33038T,,,121.5,23.604368,11.5,1.9104973,2.0,2,0,Clinton Spark,0BMCE8B0112XGP,,,Android,4.3.62
2025-11-19T04:22:50.212Z,19.8,14.15358008121376,121.26245896698433,7.8,7.8,0.0,22.685205,0.0,0.0,0.0,0.9,0.0,0.1,-0.2,0.3,-89.7,GPSAtti,AutoFly,None,true,Already,10,4,Spark,false,false,Standby,Smart,false,true,false,None,true,MonitorError,false,false,false,false,false,false,false,false,false,false,0,YawFollow,-85.0,0.0,-88.3,false,false,false,false,false,false,false,,,,1024,1024,1024,1024,94,11.473,0.0,0,0,3,false,3.794,3.837,3.825,0.043,0.053,0.0,0.0,0.0,14.15359954679567,121.26241599943363,14.885205,380.0,true,FixedHeight,false,false,false,false,,true,false,false,,40,,380.0,401,Android,4.3.62,Clinton Spark,0BMCE8B0112XGP,,,0C0AF8NB33038T,,,121.5,23.604368,11.5,1.9104973,2.0,2,0,Clinton Spark,0BMCE8B0112XGP,,,Android,4.3.62
2025-11-19T04:22:50.315Z,19.9,14.153579818341782,121.2624590479233,7.8,7.8,0.0,22.685205,0.0,0.0,0.0,0.9,0.0,0.1,0.0,0.3,-89.7,GPSAtti,AutoFly,None,true,Already,10,4,Spark,false,false,Standby,Smart,false,true,false,None,true,MonitorError,false,false,false,false,false,false,false,false,false,false,0,YawFollow,-85.0,0.0,-88.3,false,false,false,false,false,false,false,,,,1024,1024,1024,1024,94,11.473,0.0,0,0,3,false,3.794,3.837,3.825,0.043,0.053,0.0,0.0,0.0,14.15359954679567,121.26241599943363,14.885205,380.0,true,FixedHeight,false,false,false,false,,true,false,false,,40,,380.0,401,Android,4.3.62,Clinton Spark,0BMCE8B0112XGP,,,0C0AF8NB33038T,,,121.5,23.604368,11.5,1.9104973,2.0,2,0,Clinton Spark,0BMCE8B0112XGP,,,Android,4.3.62
2025-11-19T04:22:50.521Z,20.0,14.153579543068387,121.26245913850143,7.8,7.8,0.0,22.685205,0.0,0.0,0.0,0.9,-0.1,0.1,0.0,0.3,-89.7,GPSAtti,AutoFly,None,true,Already,10,4,Spark,false,false,Standby,Smart,false,true,false,None,true,MonitorError,false,false,false,false,false,false,false,false,false,false,0,YawFollow,-85.0,0.0,-88.3,false,false,false,false,false,false,false,,,,1024,1024,1024,1024,94,11.473,0.0,0,0,3,false,3.794,3.837,3.825,0.043,0.053,0.0,0.0,0.0,14.15359954679567,121.26241599943363,14.885205,380.0,true,FixedHeight,false,false,false,false,,true,false,false,,40,,380.0,401,Android,4.3.62,Clinton Spark,0BMCE8B0112XGP,,,0C0AF8NB33038T,,,121.5,23.604368,11.5,1.9104973,2.0,2,0,Clinton Spark,0BMCE8B0112XGP,,,Android,4.3.62
2025-11-19T04:22:50.521Z,20.1,14.153579301481189,121.26245927023375,7.8,7.8,0.0,22.685205,0.0,0.0,0.0,0.9,0.0,0.1,0.1,0.2,-89.6,GPSAtti,AutoFly,None,true,Already,10,4,Spark,false,false,Standby,Smart,false,true,false,None,true,MonitorError,false,false,false,false,false,false,false,false,false,false,0,YawFollow,-85.0,0.0,-87.4,false,false,false,false,false,false,false,,,,1024,1024,1024,1024,94,11.473,0.0,0,0,3,false,3.794,3.837,3.825,0.043,0.053,0.0,0.0,0.0,14.15359954679567,121.26241599943363,14.885205,380.0,true,FixedHeight,false,false,false,false,,true,false,false,,40,,380.0,401,Android,4.3.62,Clinton Spark,0BMCE8B0112XGP,,,0C0AF8NB33038T,,,121.5,23.604368,11.5,1.9104973,2.0,2,0,Clinton Spark,0BMCE8B0112XGP,,,Android,4.3.62
2025-11-19T04:22:50.725Z,20.2,14.153579048556967,121.26245937409998,7.8,7.8,0.0,22.685205,0.0,0.0,0.0,0.9,0.0,0.1,0.0,0.2,-87.8,GPSAtti,AutoFly,None,true,Already,10,4,Spark,false,false,Standby,Smart,false,true,false,None,true,MonitorError,false,false,false,false,false,false,false,false,false,false,0,YawFollow,-85.0,0.0,-85.9,false,false,false,false,false,false,false,,,,1024,1024,1024,1024,94,11.473,0.0,0,0,3,false,3.794,3.837,3.825,0.043,0.053,0.0,0.0,0.0,14.15359954679567,121.26241599943363,14.885205,380.0,true,FixedHeight,false,false,false,false,,true,false,false,,40,,380.0,401,Android,4.3.62,Clinton Spark,0BMCE8B0112XGP,,,0C0AF8NB33038T,,,121.5,23.604368,11.5,1.9104973,2.0,2,0,Clinton Spark,0BMCE8B0112XGP,,,Android,4.3.62
2025-11-19T04:22:50.725Z,20.3,14.153578822305843,121.26245949399761,7.8,7.8,0.0,22.685205,0.0,0.0,0.0,0.9,0.0,0.1,0.0,0.3,-85.8,GPSAtti,AutoFly,None,true,Already,10,4,Spark,false,false,Standby,Smart,false,true,false,None,true,MonitorError,false,false,false,false,false,false,false,false,false,false,0,YawFollow,-85.0,0.0,-84.8,false,false,false,false,false,false,false,,,,1024,1024,1024,1024,94,11.473,0.0,0,0,3,false,3.794,3.837,3.825,0.043,0.053,0.0,0.0,0.0,14.15359954679567,121.26241599943363,14.885205,380.0,true,FixedHeight,false,false,false,false,,true,false,false,,40,,380.0,401,Android,4.3.62,Clinton Spark,0BMCE8B0112XGP,,,0C0AF8NB33038T,,,121.5,23.604368,11.5,1.9104973,2.0,2,0,Clinton Spark,0BMCE8B0112XGP,,,Android,4.3.62
2025-11-19T04:22:50.725Z,20.4,14.153578583132813,121.2624596273468,7.8,7.8,0.0,22.685205,0.0,0.0,0.0,0.9,0.0,0.1,-0.2,0.3,-85.3,GPSAtti,AutoFly,None,true,Already,10,4,Spark,false,false,Standby,Smart,false,true,false,None,true,MonitorError,false,false,false,false,false,false,false,false,false,false,0,YawFollow,-85.0,0.0,-84.3,false,false,false,false,false,false,false,,,,1024,1024,1024,1024,94,11.473,0.0,0,0,3,false,3.794,3.837,3.825,0.043,0.053,0.0,0.0,0.0,14.15359954679567,121.26241599943363,14.885205,380.0,true,FixedHeight,false,false,false,false,,true,false,false,,40,,380.0,401,Android,4.3.62,Clinton Spark,0BMCE8B0112XGP,,,0C0AF8NB33038T,,,121.5,23.604368,11.5,1.9104973,2.0,2,0,Clinton Spark,0BMCE8B0112XGP,,,Android,4.3.62
2025-11-19T04:22:50.829Z,20.5,14.153578364827885,121.26245979351862,7.8,7.8,0.0,22.685205,0.0,0.0,0.0,0.9,0.0,0.1,-0.2,0.3,-85.3,GPSAtti,AutoFly,None,true,Already,10,4,Spark,false,false,Standby,Smart,false,true,false,None,true,MonitorError,false,false,false,false,false,false,false,false,false,false,0,YawFollow,-85.0,0.0,-84.3,false,false,false,false,false,false,false,,,,1024,1024,1024,1024,94,11.473,0.0,0,0,3,false,3.794,3.837,3.825,0.043,0.053,0.0,0.0,0.0,14.15359954679567,121.26241599943363,14.885205,380.0,true,FixedHeight,false,false,false,false,,true,false,false,,40,,380.0,401,Android,4.3.62,Clinton Spark,0BMCE8B0112XGP,,,0C0AF8NB33038T,,,121.5,23.604368,11.5,1.9104973,2.0,2,0,Clinton Spark,0BMCE8B0112XGP,,,Android,4.3.62
2025-11-19T04:22:50.931Z,20.6,14.153578177906942,121.26245993189941,7.8,7.8,0.0,22.685205,0.0,0.0,0.0,0.9,0.0,0.1,-0.3,0.2,-85.3,GPSAtti,AutoFly,None,true,Already,10,4,Spark,false,false,Standby,Smart,false,true,false,None,true,MonitorError,false,false,false,false,false,false,false,false,false,false,0,YawFollow,-85.0,0.0,-84.3,false,false,false,false,false,false,false,,,,1024,1024,1024,1024,94,11.473,0.0,0,0,3,false,3.794,3.837,3.825,0.043,0.053,0.0,0.0,0.0,14.15359954679567,121.26241599943363,14.885205,380.0,true,FixedHeight,false,false,false,false,,true,false,false,,40,,380.0,401,Android,4.3.62,Clinton Spark,0BMCE8B0112XGP,,,0C0AF8NB33038T,,,121.5,23.604368,11.5,1.9104973,2.0,2,0,Clinton Spark,0BMCE8B0112XGP,,,Android,4.3.62
2025-11-19T04:22:51.032Z,20.7,14.153578023887894,121.26246008385104,7.8,7.8,0.0,22.685205,0.0,0.0,0.0,0.9,0.0,0.1,-0.5,0.2,-85.2,GPSAtti,AutoFly,None,true,Already,10,4,Spark,false,false,Standby,Smart,false,true,false,None,true,MonitorError,false,false,false,false,false,false,false,false,false,false,0,YawFollow,-85.0,0.0,-84.3,false,false,false,false,false,false,false,,,,1024,1024,1024,1024,94,11.473,0.0,0,0,3,false,3.794,3.837,3.825,0.043,0.053,0.0,0.0,0.0,14.15359954679567,121.26241599943363,14.885205,380.0,true,FixedHeight,false,false,false,false,,true,false,false,,40,,380.0,401,Android,4.3.62,Clinton Spark,0BMCE8B0112XGP,,,0C0AF8NB33038T,,,121.5,23.604368,11.5,1.9104973,2.0,2,0,Clinton Spark,0BMCE8B0112XGP,,,Android,4.3.62
2025-11-19T04:22:51.134Z,20.8,14.153577799439866,121.26246021221719,7.8,7.8,0.0,22.685205,0.0,0.0,0.0,0.9,0.0,0.1,-0.5,0.2,-85.3,GPSAtti,AutoFly,None,true,Already,10,4,Spark,false,false,Standby,Smart,false,true,false,None,true,MonitorError,false,false,false,false,false,false,false,false,false,false,0,YawFollow,-85.0,0.0,-84.2,false,false,false,false,false,false,false,,,,1024,1024,1024,1024,94,11.459,0.0,0,0,3,false,3.797,3.837,3.828,0.04,0.053,0.0,0.0,0.0,14.15359954679567,121.26241599943363,14.885205,380.0,true,FixedHeight,false,false,false,false,,true,false,false,,40,,380.0,401,Android,4.3.62,Clinton Spark,0BMCE8B0112XGP,,,0C0AF8NB33038T,,,121.5,23.604368,11.5,1.9104973,2.0,2,0,Clinton Spark,0BMCE8B0112XGP,,,Android,4.3.62
2025-11-19T04:22:51.338Z,20.9,14.153577561193623,121.26246035937129,7.8,7.8,0.0,22.685205,0.0,0.0,0.0,0.9,0.0,0.1,-0.5,0.2,-85.3,GPSAtti,AutoFly,None,true,Already,10,4,Spark,false,false,Standby,Smart,false,true,false,None,true,MonitorError,false,false,false,false,false,false,false,false,false,false,0,YawFollow,-85.0,0.0,-84.2,false,false,false,false,false,false,false,,,,1024,1024,1024,1024,94,11.459,0.0,0,0,3,false,3.797,3.837,3.828,0.04,0.053,0.0,0.0,0.0,14.15359954679567,121.26241599943363,14.885205,380.0,true,FixedHeight,false,false,false,false,,true,false,false,,40,,380.0,401,Android,4.3.62,Clinton Spark,0BMCE8B0112XGP,,,0C0AF8NB33038T,,,121.5,23.604368,11.5,1.9104973,2.0,2,0,Clinton Spark,0BMCE8B0112XGP,,,Android,4.3.62
2025-11-19T04:22:51.440Z,21.0,14.153577268320413,121.26246049215943,7.8,7.8,0.0,22.685205,0.0,0.0,0.0,0.9,0.0,0.1,-0.6,0.2,-85.3,GPSAtti,AutoFly,None,true,Already,10,4,Spark,false,false,Standby,Smart,false,true,false,None,true,MonitorError,false,false,false,false,false,false,false,false,false,false,0,YawFollow,-85.0,0.0,-84.2,false,false,false,false,false,false,false,,,,1024,1024,1024,1024,94,11.459,0.0,0,0,3,false,3.797,3.837,3.828,0.04,0.053,0.0,0.0,0.0,14.15359954679567,121.26241599943363,14.885205,380.0,true,FixedHeight,false,false,false,false,,true,false,false,,40,,380.0,401,Android,4.3.62,Clinton Spark,0BMCE8B0112XGP,,,0C0AF8NB33038T,,,121.5,23.604368,11.5,1.9104973,2.0,2,0,Clinton Spark,0BMCE8B0112XGP,,,Android,4.3.62
2025-11-19T04:22:51.542Z,21.1,14.153577006266726,121.26246064453073,7.8,7.8,0.0,22.685205,0.0,0.0,0.0,0.9,0.0,0.1,-0.7,0.0,-85.2,GPSAtti,AutoFly,None,true,Already,10,4,Spark,false,false,Standby,Smart,false,true,false,None,true,MonitorError,false,false,false,false,false,false,false,false,false,false,0,YawFollow,-85.0,0.0,-84.2,false,false,false,false,false,false,false,,,,1024,1024,1024,1024,94,11.459,0.0,0,0,3,false,3.797,3.837,3.828,0.04,0.053,0.0,0.0,0.0,14.15359954679567,121.26241599943363,14.885205,380.0,true,FixedHeight,false,false,false,false,,true,false,false,,40,,380.0,401,Android,4.3.62,Clinton Spark,0BMCE8B0112XGP,,,0C0AF8NB33038T,,,121.5,23.604368,11.5,1.9104973,2.0,2,0,Clinton Spark,0BMCE8B0112XGP,,,Android,4.3.62
2025-11-19T04:22:51.542Z,21.2,14.153576732066476,121.26246076479943,7.8,7.8,0.0,22.685205,0.0,0.0,0.0,0.9,0.0,0.1,-0.8,0.0,-85.2,GPSAtti,AutoFly,None,true,Already,10,4,Spark,false,false,Standby,Smart,false,true,false,None,true,MonitorError,false,false,false,false,false,false,false,false,false,false,0,YawFollow,-85.0,0.0,-84.1,false,false,false,false,false,false,false,,,,1024,1024,1024,1024,94,11.459,0.0,0,0,3,false,3.797,3.837,3.828,0.04,0.053,0.0,0.0,0.0,14.15359954679567,121.26241599943363,14.885205,380.0,true,FixedHeight,false,false,false,false,,true,false,false,,40,,380.0,401,Android,4.3.62,Clinton Spark,0BMCE8B0112XGP,,,0C0AF8NB33038T,,,121.5,23.604368,11.5,1.9104973,2.0,2,0,Clinton Spark,0BMCE8B0112XGP,,,Android,4.3.62
2025-11-19T04:22:51.644Z,21.3,14.153576509619398,121.26246089365594,7.8,7.8,0.0,22.685205,0.0,0.0,0.0,0.9,0.0,0.1,-0.7,0.0,-85.2,GPSAtti,AutoFly,None,true,Already,10,4,Spark,false,false,Standby,Smart,false,true,false,None,true,MonitorError,false,false,false,false,false,false,false,false,false,false,0,YawFollow,-85.0,0.0,-84.1,false,false,false,false,false,false,false,,,,1024,1024,1024,1024,94,11.459,0.0,0,0,3,false,3.797,3.837,3.828,0.04,0.053,0.0,0.0,0.0,14.15359954679567,121.26241599943363,14.885205,380.0,true,FixedHeight,false,false,false,false,,true,false,false,,40,,380.0,401,Android,4.3.62,Clinton Spark,0BMCE8B0112XGP,,,0C0AF8NB33038T,,,121.5,23.604368,11.5,1.9104973,2.0,2,0,Clinton Spark,0BMCE8B0112XGP,,,Android,4.3.62
2025-11-19T04:22:51.745Z,21.4,14.1535763175599,121.26246101850127,7.8,7.8,0.0,22.685205,0.0,0.0,0.0,0.9,0.0,0.1,-0.6,0.0,-85.2,GPSAtti,AutoFly,None,true,Already,10,4,Spark,false,false,Standby,Smart,false,true,false,None,true,MonitorError,false,false,false,false,false,false,false,false,false,false,0,YawFollow,-85.0,0.0,-84.1,false,false,false,false,false,false,false,,,,1024,1024,1024,1024,94,11.459,0.0,0,0,3,false,3.797,3.837,3.828,0.04,0.053,0.0,0.0,0.0,14.15359954679567,121.26241599943363,14.885205,380.0,true,FixedHeight,false,false,false,false,,true,false,false,,40,,380.0,401,Android,4.3.62,Clinton Spark,0BMCE8B0112XGP,,,0C0AF8NB33038T,,,121.5,23.604368,11.5,1.9104973,2.0,2,0,Clinton Spark,0BMCE8B0112XGP,,,Android,4.3.62
2025-11-19T04:22:51.745Z,21.5,14.153576169390629,121.26246116864166,7.8,7.8,0.0,22.685205,0.0,0.0,0.0,0.9,0.0,0.1,-0.6,-0.1,-85.2,GPSAtti,AutoFly,None,true,Already,10,4,Spark,false,false,Standby,Smart,false,true,false,None,true,MonitorError,false,false,false,false,false,false,false,false,false,false,0,YawFollow,-85.0,0.0,-84.1,false,false,false,false,false,false,false,,,,1024,1024,1024,1024,94,11.459,0.0,0,0,3,false,3.797,3.837,3.828,0.04,0.053,0.0,0.0,0.0,14.15359954679567,121.26241599943363,14.885205,380.0,true,FixedHeight,false,false,false,false,,true,false,false,,40,,380.0,401,Android,4.3.62,Clinton Spark,0BMCE8B0112XGP,,,0C0AF8NB33038T,,,121.5,23.604368,11.5,1.9104973,2.0,2,0,Clinton Spark,0BMCE8B0112XGP,,,Android,4.3.62
2025-11-19T04:22:51.848Z,21.6,14.153576031825787,121.26246128639677,7.8,7.8,0.0,22.685205,0.0,0.0,0.0,0.9,0.0,0.1,-0.6,0.0,-85.2,GPSAtti,AutoFly,None,true,Already,10,4,Spark,false,false,Standby,Smart,false,true,false,None,true,MonitorError,false,false,false,false,false,false,false,false,false,false,0,YawFollow,-85.0,0.0,-84.1,false,false,false,false,false,false,false,,,,1024,1024,1024,1024,94,11.459,0.0,0,0,3,false,3.797,3.837,3.828,0.04,0.053,0.0,0.0,0.0,14.15359954679567,121.26241599943363,14.885205,380.0,true,FixedHeight,false,false,false,false,,true,false,false,,40,,380.0,401,Android,4.3.62,Clinton Spark,0BMCE8B0112XGP,,,0C0AF8NB33038T,,,121.5,23.604368,11.5,1.9104973,2.0,2,0,Clinton Spark,0BMCE8B0112XGP,,,Android,4.3.62
2025-11-19T04:22:52.052Z,21.7,14.153575895411441,121.26246140183265,7.8,7.8,0.0,22.685205,0.0,0.0,0.0,0.9,0.0,0.1,-0.4,0.0,-85.3,GPSAtti,AutoFly,None,true,Already,10,4,Spark,false,false,Standby,Smart,false,true,false,None,true,MonitorError,false,false,false,false,false,false,false,false,false,false,0,YawFollow,-85.0,0.0,-84.0,false,false,false,false,false,false,false,,,,1024,1515,1024,1024,94,11.459,0.0,0,0,3,false,3.788,3.836,3.818,0.048,0.053,0.0,0.0,0.0,14.15359954679567,121.26241599943363,14.885205,380.0,true,FixedHeight,false,false,false,false,,true,false,false,,40,,380.0,401,Android,4.3.62,Clinton Spark,0BMCE8B0112XGP,,,0C0AF8NB33038T,,,121.5,23.604368,11.5,1.9104973,2.0,2,0,Clinton Spark,0BMCE8B0112XGP,,,Android,4.3.62
2025-11-19T04:22:52.156Z,21.8,14.153575745615356,121.26246150597717,7.8,7.8,0.0,22.685205,0.0,0.0,0.0,0.9,0.0,0.1,-0.3,-0.1,-85.3,GPSAtti,AutoFly,None,true,Already,10,4,Spark,false,false,Standby,Smart,false,true,false,None,true,MonitorError,false,false,false,false,false,false,false,false,false,false,0,YawFollow,-85.0,0.0,-84.0,false,false,false,false,false,false,false,,,,1024,1558,1024,1024,94,11.457,0.0,0,0,3,false,3.788,3.836,3.818,0.048,0.053,0.0,0.0,0.0,14.15359954679567,121.26241599943363,14.885205,380.0,true,FixedHeight,false,false,false,false,,true,false,false,,40,,380.0,401,Android,4.3.62,Clinton Spark,0BMCE8B0112XGP,,,0C0AF8NB33038T,,,121.5,23.604368,11.5,1.9104973,2.0,2,0,Clinton Spark,0BMCE8B0112XGP,,,Android,4.3.62
2025-11-19T04:22:52.258Z,21.9,14.153575582501855,121.26246164121707,7.8,7.8,0.0,22.685205,0.0,0.0,0.0,0.9,0.0,0.1,-0.5,-0.1,-85.4,GPSAtti,AutoFly,None,true,Already,10,4,Spark,false,false,Standby,Smart,false,true,false,None,true,MonitorError,false,false,false,false,false,false,false,false,false,false,0,YawFollow,-85.0,0.0,-84.0,false,false,false,false,false,false,false,,,,1024,1558,1024,1024,94,11.457,0.0,0,0,3,false,3.788,3.836,3.818,0.048,0.053,0.0,0.0,0.0,14.15359954679567,121.26241599943363,14.885205,380.0,true,FixedHeight,false,false,false,false,,true,false,false,,40,,380.0,401,Android,4.3.62,Clinton Spark,0BMCE8B0112XGP,,,0C0AF8NB33038T,,,121.5,23.604368,11.5,1.9104973,2.0,2,0,Clinton Spark,0BMCE8B0112XGP,,,Android,4.3.62
2025-11-19T04:22:52.258Z,22.0,14.153575366563668,121.26246179094223,7.8,7.8,0.0,22.685205,0.0,0.0,0.0,0.9,0.0,0.1,-0.5,0.1,-85.4,GPSAtti,AutoFly,None,true,Already,10,4,Spark,false,false,Standby,Smart,false,true,false,None,true,MonitorError,false,false,false,false,false,false,false,false,false,false,0,YawFollow,-85.0,0.0,-84.0,false,false,false,false,false,false,false,,,,1024,1551,1024,1024,94,11.457,0.0,0,0,3,false,3.788,3.836,3.818,0.048,0.053,0.0,0.0,0.0,14.15359954679567,121.26241599943363,14.885205,380.0,true,FixedHeight,false,false,false,false,,true,false,false,,40,,380.0,401,Android,4.3.62,Clinton Spark,0BMCE8B0112XGP,,,0C0AF8NB33038T,,,121.5,23.604368,11.5,1.9104973,2.0,2,0,Clinton Spark,0BMCE8B0112XGP,,,Android,4.3.62
2025-11-19T04:22:52.361Z,22.1,14.153575142368455,121.26246197115314,7.8,7.8,0.0,22.685205,0.0,0.0,0.0,0.9,0.0,0.1,-0.7,0.5,-85.4,GPSAtti,AutoFly,None,true,Already,10,4,Spark,false,false,Standby,Smart,false,true,false,None,true,MonitorError,false,false,false,false,false,false,false,false,false,false,0,YawFollow,-85.0,0.0,-84.0,false,false,false,false,false,false,false,,,,1024,1547,1024,1024,94,11.457,0.0,0,0,3,false,3.788,3.836,3.818,0.048,0.053,0.0,0.0,0.0,14.15359954679567,121.26241599943363,14.885205,380.0,true,FixedHeight,false,false,false,false,,true,false,false,,40,,380.0,401,Android,4.3.62,Clinton Spark,0BMCE8B0112XGP,,,0C0AF8NB33038T,,,121.5,23.604368,11.5,1.9104973,2.0,2,0,Clinton Spark,0BMCE8B0112XGP,,,Android,4.3.62
2025-11-19T04:22:52.462Z,22.2,14.15357489695421,121.26246219125483,7.8,7.8,0.0,22.685205,0.0,0.0,0.0,0.9,0.0,0.1,-2.0,0.3,-85.3,GPSAtti,AutoFly,None,true,Already,10,4,Spark,false,false,Standby,Smart,false,true,false,None,true,MonitorError,false,false,false,false,false,false,false,false,false,false,0,YawFollow,-85.0,0.0,-83.8,false,false,false,false,false,false,false,,,,1024,1522,1024,1024,94,11.457,0.0,0,0,3,false,3.788,3.836,3.818,0.048,0.053,0.0,0.0,0.0,14.15359954679567,121.26241599943363,14.885205,380.0,true,FixedHeight,false,false,false,false,,true,false,false,,40,,380.0,401,Android,4.3.62,Clinton Spark,0BMCE8B0112XGP,,,0C0AF8NB33038T,,,121.5,23.604368,11.5,1.9104973,2.0,2,0,Clinton Spark,0BMCE8B0112XGP,,,Android,4.3.62
2025-11-19T04:22:52.565Z,22.3,14.153574681057547,121.26246240163339,7.8,7.8,0.0,22.685205,0.0,0.0,0.0,0.9,0.0,0.1,-9.0,0.3,-85.4,GPSAtti,AutoFly,None,true,Already,10,4,Spark,false,false,Standby,Smart,false,true,false,None,true,MonitorError,false,false,false,false,false,false,false,false,false,false,0,YawFollow,-85.0,0.0,-83.8,false,false,false,false,false,false,false,,,,1024,1490,1024,1024,94,11.457,0.0,0,0,3,false,3.788,3.836,3.818,0.048,0.053,0.0,0.0,0.0,14.15359954679567,121.26241599943363,14.885205,380.0,true,FixedHeight,false,false,false,false,,true,false,false,,40,,380.0,401,Android,4.3.62,Clinton Spark,0BMCE8B0112XGP,,,0C0AF8NB33038T,,,121.5,23.604368,11.5,1.9104973,2.0,2,0,Clinton Spark,0BMCE8B0112XGP,,,Android,4.3.62
2025-11-19T04:22:52.565Z,22.4,14.153574460505164,121.26246247195688,7.8,7.8,0.0,22.685205,0.0,0.0,-0.2,0.9,0.0,0.1,-14.2,0.2,-85.4,GPSAtti,AutoFly,None,true,Already,10,4,Spark,false,false,Standby,Smart,false,true,false,None,true,MonitorError,false,false,false,false,false,false,false,false,false,false,0,YawFollow,-85.0,0.0,-83.8,false,false,false,false,false,false,false,,,,1024,1490,1024,1024,94,11.457,0.0,0,0,3,false,3.788,3.836,3.818,0.048,0.053,0.0,0.0,0.0,14.15359954679567,121.26241599943363,14.885205,380.0,true,FixedHeight,false,false,false,false,,true,false,false,,40,,380.0,401,Android,4.3.62,Clinton Spark,0BMCE8B0112XGP,,,0C0AF8NB33038T,,,121.5,23.604368,11.5,1.9104973,2.0,2,0,Clinton Spark,0BMCE8B0112XGP,,,Android,4.3.62
2025-11-19T04:22:52.667Z,22.5,14.153574273397762,121.26246231517243,7.8,7.8,0.0,22.685205,0.0,0.0,-0.4,0.9,0.0,0.1,-16.4,0.2,-85.3,GPSAtti,AutoFly,None,true,Already,10,4,Spark,false,false,Standby,Smart,false,true,false,None,true,MonitorError,false,false,false,false,false,false,false,false,false,false,0,YawFollow,-85.0,0.0,-83.8,false,false,false,false,false,false,false,,,,1024,1477,1024,1024,94,11.457,0.0,0,0,3,false,3.788,3.836,3.818,0.048,0.053,0.0,0.0,0.0,14.15359954679567,121.26241599943363,14.885205,380.0,true,FixedHeight,false,false,false,false,,true,false,false,,40,,380.0,401,Android,4.3.62,Clinton Spark,0BMCE8B0112XGP,,,0C0AF8NB33038T,,,121.5,23.604368,11.5,1.9104973,2.0,2,0,Clinton Spark,0BMCE8B0112XGP,,,Android,4.3.62
2025-11-19T04:22:52.769Z,22.6,14.153574133559205,121.26246182780696,7.8,7.8,0.0,22.685205,0.0,0.0,-0.7,0.9,0.0,0.1,-16.6,0.4,-85.4,GPSAtti,AutoFly,None,true,Already,10,4,Spark,false,false,Standby,Smart,false,true,false,None,true,MonitorError,false,false,false,false,false,false,false,false,false,false,0,YawFollow,-85.0,0.0,-83.7,false,false,false,false,false,false,false,,,,1024,1331,1024,1024,94,11.457,0.0,0,0,3,false,3.788,3.836,3.818,0.048,0.053,0.0,0.0,0.0,14.15359954679567,121.26241599943363,14.885205,380.0,true,FixedHeight,false,false,false,false,,true,false,false,,40,,380.0,401,Android,4.3.62,Clinton Spark,0BMCE8B0112XGP,,,0C0AF8NB33038T,,,121.5,23.604368,11.5,1.9104973,2.0,2,0,Clinton Spark,0BMCE8B0112XGP,,,Android,4.3.62
2025-11-19T04:22:52.972Z,22.7,14.15357404129401,121.26246107340741,7.8,7.8,0.0,22.685205,0.1,0.1,-0.9,0.9,0.0,0.1,-16.0,0.7,-85.4,GPSAtti,AutoFly,None,true,Already,10,4,Spark,false,false,Standby,Smart,false,true,false,None,true,MonitorError,false,false,false,false,false,false,false,false,false,false,0,YawFollow,-85.0,0.0,-83.7,false,false,false,false,false,false,false,,,,1024,1024,1024,1024,94,11.457,0.0,0,0,3,false,3.777,3.825,3.815,0.048,0.053,0.0,0.0,0.0,14.15359954679567,121.26241599943363,14.885205,380.0,true,FixedHeight,false,false,false,false,,true,false,false,,40,,380.0,401,Android,4.3.62,Clinton Spark,0BMCE8B0112XGP,,,0C0AF8NB33038T,,,121.5,23.604368,11.5,1.9104973,2.0,2,0,Clinton Spark,0BMCE8B0112XGP,,,Android,4.3.62
2025-11-19T04:22:53.074Z,22.8,14.15357397554477,121.26245992874527,7.8,7.8,0.0,22.685205,0.1,0.1,-1.2,0.9,0.0,0.1,-14.1,0.8,-85.4,GPSAtti,AutoFly,None,true,Already,10,4,Spark,false,false,Standby,Smart,false,true,false,None,true,MonitorError,false,false,false,false,false,false,false,false,false,false,0,YawFollow,-85.0,0.0,-83.9,false,false,false,false,false,false,false,,,,1024,1024,1024,1024,93,11.421,0.0,0,0,3,false,3.777,3.825,3.815,0.048,0.053,0.0,0.0,0.0,14.15359954679567,121.26241599943363,14.885205,380.0,true,FixedHeight,false,false,false,false,,true,false,false,,40,,380.0,401,Android,4.3.62,Clinton Spark,0BMCE8B0112XGP,,,0C0AF8NB33038T,,,121.5,23.604368,11.5,1.9104973,2.0,2,0,Clinton Spark,0BMCE8B0112XGP,,,Android,4.3.62
2025-11-19T04:22:53.279Z,22.9,14.153573932329937,121.26245857857714,7.9,7.9,0.0,22.785206,0.1,0.1,-1.4,0.9,0.0,0.1,-12.0,0.4,-85.4,GPSAtti,AutoFly,None,true,Already,10,4,Spark,false,false,Standby,Smart,false,true,false,None,true,MonitorError,false,false,false,false,false,false,false,false,false,false,0,YawFollow,-85.0,0.0,-84.0,false,false,false,false,false,false,false,,,,1024,1024,1024,1024,93,11.421,0.0,0,0,3,false,3.777,3.825,3.815,0.048,0.053,0.0,0.0,0.0,14.15359954679567,121.26241599943363,14.885205,380.0,true,FixedHeight,false,false,false,false,,true,false,false,,40,,380.0,401,Android,4.3.62,Clinton Spark,0BMCE8B0112XGP,,,0C0AF8NB33038T,,,121.5,23.604368,11.5,1.9104973,2.0,2,0,Clinton Spark,0BMCE8B0112XGP,,,Android,4.3.62
2025-11-19T04:22:53.279Z,23.0,14.15357393277369,121.26245694232632,7.9,7.9,0.0,22.785206,0.1,0.1,-1.5,0.9,0.0,0.1,-9.3,0.1,-85.4,GPSAtti,AutoFly,None,true,Already,10,4,Spark,false,false,Standby,Smart,false,true,false,None,true,MonitorError,false,false,false,false,false,false,false,false,false,false,0,YawFollow,-85.0,0.0,-84.1,false,false,false,false,false,false,false,,,,1024,1024,1024,1024,93,11.421,0.0,0,0,3,false,3.777,3.825,3.815,0.048,0.053,0.0,0.0,0.0,14.15359954679567,121.26241599943363,14.885205,380.0,true,FixedHeight,false,false,false,false,,true,false,false,,40,,380.0,401,Android,4.3.62,Clinton Spark,0BMCE8B0112XGP,,,0C0AF8NB33038T,,,121.5,23.604368,11.5,1.9104973,2.0,2,0,Clinton Spark,0BMCE8B0112XGP,,,Android,4.3.62
2025-11-19T04:22:53.381Z,23.1,14.153573946462389,121.26245525725678,7.8,7.9,0.0,22.685205,0.1,0.1,-1.6,0.9,0.0,0.1,-3.3,-0.1,-85.3,GPSAtti,AutoFly,None,true,Already,10,4,Spark,false,false,Standby,Smart,false,true,false,None,true,MonitorError,false,false,false,false,false,false,false,false,false,false,0,YawFollow,-85.0,0.0,-84.0,false,false,false,false,false,false,false,,,,1024,1024,1024,1024,93,11.421,0.0,0,0,3,false,3.777,3.825,3.815,0.048,0.053,0.0,0.0,0.0,14.15359954679567,121.26241599943363,14.885205,380.0,true,FixedHeight,false,false,false,false,,true,false,false,,40,,380.0,401,Android,4.3.62,Clinton Spark,0BMCE8B0112XGP,,,0C0AF8NB33038T,,,121.5,23.604368,11.5,1.9104973,2.0,2,0,Clinton Spark,0BMCE8B0112XGP,,,Android,4.3.62
2025-11-19T04:22:53.688Z,23.2,14.15357397687928,121.26245345195164,7.8,7.9,0.0,22.685205,0.1,0.1,-1.5,0.9,0.0,0.1,8.6,-0.2,-85.3,GPSAtti,AutoFly,None,true,Already,10,4,Spark,false,false,Standby,Smart,false,true,false,None,true,MonitorError,false,false,false,false,false,false,false,false,false,false,0,YawFollow,-85.0,0.0,-84.0,false,false,false,false,false,false,false,,,,1024,1024,1024,1024,93,11.421,0.0,0,0,3,false,3.777,3.825,3.815,0.048,0.053,0.0,0.0,0.0,14.15359954679567,121.26241599943363,14.885205,380.0,true,FixedHeight,false,false,false,false,,true,false,false,,40,,380.0,401,Android,4.3.62,Clinton Spark,0BMCE8B0112XGP,,,0C0AF8NB33038T,,,121.5,23.604368,11.5,1.9104973,2.0,2,0,Clinton Spark,0BMCE8B0112XGP,,,Android,4.3.62
2025-11-19T04:22:53.993Z,23.3,14.15357398050664,121.26245187182845,7.8,7.9,5.6,22.685205,0.1,0.1,-1.3,0.9,0.0,0.1,13.4,-0.2,-85.4,GPSAtti,AutoFly,None,true,Already,10,4,Spark,false,false,Standby,Smart,false,true,false,None,true,MonitorError,false,false,false,false,false,false,false,false,false,false,0,YawFollow,-85.0,0.0,-84.0,false,false,false,false,false,false,false,,,,1024,1024,1024,1024,93,11.421,0.0,0,0,3,false,3.777,3.825,3.815,0.048,0.053,0.0,0.0,0.0,14.15359954679567,121.26241599943363,14.885205,380.0,true,FixedHeight,false,false,false,false,,true,false,false,,40,,380.0,401,Android,4.3.62,Clinton Spark,0BMCE8B0112XGP,,,0C0AF8NB33038T,,,121.5,23.604368,11.5,1.9104973,2.0,2,0,Clinton Spark,0BMCE8B0112XGP,,,Android,4.3.62
2025-11-19T04:22:54.095Z,23.4,14.153573943352875,121.26245061552954,7.8,7.9,5.6,22.685205,0.0,0.1,-0.9,0.9,0.0,0.1,14.3,0.0,-85.3,GPSAtti,AutoFly,None,true,Already,10,4,Spark,true,false,Standby,Smart,false,true,false,None,true,MonitorError,false,false,false,false,false,false,false,false,false,false,0,YawFollow,-85.0,0.0,-84.1,false,false,false,false,false,false,false,,,,1024,1024,1024,1024,93,11.421,0.0,0,0,3,false,3.777,3.825,3.815,0.048,0.053,0.0,0.0,0.0,14.15359954679567,121.26241599943363,14.885205,380.0,true,FixedHeight,false,false,false,false,,true,false,false,,40,,380.0,401,Android,4.3.62,Clinton Spark,0BMCE8B0112XGP,,,0C0AF8NB33038T,,,121.5,23.604368,11.5,1.9104973,2.0,2,0,Clinton Spark,0BMCE8B0112XGP,,,Android,4.3.62
2025-11-19T04:22:54.197Z,23.5,14.15357386594479,121.26244971882858,7.9,7.9,5.6,22.785206,0.0,0.1,-0.7,0.9,0.0,0.1,10.6,0.0,-85.3,GPSAtti,AutoFly,None,true,Already,10,4,Spark,true,false,Standby,Smart,false,true,false,None,true,MonitorError,false,false,false,false,false,false,false,false,false,false,0,YawFollow,-85.0,0.0,-84.1,false,false,false,false,false,false,false,,,,1024,1024,1024,1024,93,11.421,0.0,0,0,3,false,3.777,3.825,3.815,0.048,0.053,0.0,0.0,0.0,14.15359954679567,121.26241599943363,14.885205,380.0,true,FixedHeight,false,false,false,false,,true,false,false,,40,,380.0,401,Android,4.3.62,Clinton Spark,0BMCE8B0112XGP,,,0C0AF8NB33038T,,,121.5,23.604368,11.5,1.9104973,2.0,2,0,Clinton Spark,0BMCE8B0112XGP,,,Android,4.3.62
2025-11-19T04:22:54.299Z,23.6,14.153573713129163,121.262449203047,7.9,7.9,5.6,22.785206,0.0,0.1,-0.6,0.9,0.0,0.1,6.9,0.3,-85.2,GPSAtti,AutoFly,None,true,Already,10,4,Spark,true,false,Standby,Smart,false,true,false,None,true,MonitorError,false,false,false,false,false,false,false,false,false,false,0,YawFollow,-85.0,0.0,-84.1,false,false,false,false,false,false,false,,,,1024,1024,1024,1024,93,11.421,0.0,0,0,3,false,3.777,3.825,3.815,0.048,0.053,0.0,0.0,0.0,14.15359954679567,121.26241599943363,14.885205,380.0,true,FixedHeight,false,false,false,false,,true,false,false,,40,,380.0,401,Android,4.3.62,Clinton Spark,0BMCE8B0112XGP,,,0C0AF8NB33038T,,,121.5,23.604368,11.5,1.9104973,2.0,2,0,Clinton Spark,0BMCE8B0112XGP,,,Android,4.3.62
2025-11-19T04:22:54.406Z,23.7,14.153573529250966,121.2624488793817,7.9,7.9,4.8,22.785206,0.0,0.1,-0.5,0.9,0.0,0.1,5.1,1.1,-85.2,GPSAtti,AutoFly,None,true,Already,10,4,Spark,false,false,Standby,Smart,false,true,false,None,true,MonitorError,false,false,false,false,false,false,false,false,false,false,0,YawFollow,-85.0,0.0,-84.1,false,false,false,false,false,false,false,,,,1024,1024,1024,1024,93,11.421,0.0,0,0,3,false,3.759,3.808,3.795,0.049,0.053,0.0,0.0,0.0,14.15359954679567,121.26241599943363,14.885205,380.0,true,FixedHeight,false,false,false,false,,true,false,false,,40,,380.0,401,Android,4.3.62,Clinton Spark,0BMCE8B0112XGP,,,0C0AF8NB33038T,,,121.5,23.604368,11.5,1.9104973,2.0,2,0,Clinton Spark,0BMCE8B0112XGP,,,Android,4.3.62
2025-11-19T04:22:54.406Z,23.8,14.153573289180052,121.2624488120003,7.8,7.9,4.7,22.685205,-0.1,0.1,-0.4,0.9,0.0,0.1,4.4,1.8,-85.2,GPSAtti,AutoFly,None,true,Already,10,4,Spark,true,false,Standby,Smart,false,true,false,None,true,MonitorError,false,false,false,false,false,false,false,false,false,false,0,YawFollow,-85.0,0.0,-84.1,false,false,false,false,false,false,false,,,,1024,1024,1024,1024,93,11.423,0.0,0,0,3,false,3.759,3.808,3.795,0.049,0.053,0.0,0.0,0.0,14.15359954679567,121.26241599943363,14.885205,380.0,true,FixedHeight,false,false,false,false,,true,false,false,,40,,380.0,401,Android,4.3.62,Clinton Spark,0BMCE8B0112XGP,,,0C0AF8NB33038T,,,121.5,23.604368,11.5,1.9104973,2.0,2,0,Clinton Spark,0BMCE8B0112XGP,,,Android,4.3.62
2025-11-19T04:22:54.406Z,23.9,14.153573068912646,121.26244879420848,7.8,7.9,4.7,22.685205,-0.1,0.1,-0.3,0.9,0.0,0.1,3.5,2.2,-85.1,GPSAtti,AutoFly,None,true,Already,10,4,Spark,true,false,Standby,Smart,false,true,false,None,true,MonitorError,false,false,false,false,false,false,false,false,false,false,0,YawFollow,-85.0,0.0,-84.0,false,false,false,false,false,false,false,,,,1024,1024,1024,1024,93,11.423,0.0,0,0,3,false,3.759,3.808,3.795,0.049,0.053,0.0,0.0,0.0,14.15359954679567,121.26241599943363,14.885205,380.0,true,FixedHeight,false,false,false,false,,true,false,false,,40,,380.0,401,Android,4.3.62,Clinton Spark,0BMCE8B0112XGP,,,0C0AF8NB33038T,,,121.5,23.604368,11.5,1.9104973,2.0,2,0,Clinton Spark,0BMCE8B0112XGP,,,Android,4.3.62
2025-11-19T04:22:54.509Z,24.0,14.153572831395133,121.2624489321144,7.8,7.9,4.6,22.685205,-0.1,0.1,-0.1,0.9,0.0,0.1,2.3,2.2,-85.2,GPSAtti,AutoFly,None,true,Already,10,4,Spark,true,false,Standby,Smart,false,true,false,None,true,MonitorError,false,false,false,false,false,false,false,false,false,false,0,YawFollow,-85.0,0.0,-83.9,false,false,false,false,false,false,false,,,,1024,1024,1024,1024,93,11.423,0.0,0,0,3,false,3.759,3.808,3.795,0.049,0.053,0.0,0.0,0.0,14.15359954679567,121.26241599943363,14.885205,380.0,true,FixedHeight,false,false,false,false,,true,false,false,,40,,380.0,401,Android,4.3.62,Clinton Spark,0BMCE8B0112XGP,,,0C0AF8NB33038T,,,121.5,23.604368,11.5,1.9104973,2.0,2,0,Clinton Spark,0BMCE8B0112XGP,,,Android,4.3.62
2025-11-19T04:22:54.614Z,24.1,14.153572647604058,121.26244904028555,7.8,7.9,4.5,22.685205,0.0,0.1,-0.1,0.9,0.0,0.1,1.1,1.9,-85.2,GPSAtti,AutoFly,None,true,Already,10,4,Spark,true,false,Standby,Smart,false,true,false,None,true,MonitorError,false,false,false,false,false,false,false,false,false,false,0,YawFollow,-85.0,0.0,-83.8,false,false,false,false,false,false,false,,,,1024,1024,1024,1024,93,11.423,0.0,0,0,3,false,3.759,3.808,3.795,0.049,0.053,0.0,0.0,0.0,14.15359954679567,121.26241599943363,14.885205,380.0,true,FixedHeight,false,false,false,false,,true,false,false,,40,,380.0,401,Android,4.3.62,Clinton Spark,0BMCE8B0112XGP,,,0C0AF8NB33038T,,,121.5,23.604368,11.5,1.9104973,2.0,2,0,Clinton Spark,0BMCE8B0112XGP,,,Android,4.3.62
2025-11-19T04:22:55.330Z,24.2,14.153572476067838,121.26244919292854,7.8,7.9,4.3,22.685205,0.0,0.1,-0.1,0.9,0.0,0.1,0.5,1.7,-85.3,GPSAtti,AutoFly,None,true,Already,10,4,Spark,true,false,Standby,Smart,false,true,false,None,true,MonitorError,false,false,false,false,false,false,false,false,false,false,0,YawFollow,-85.0,0.0,-83.9,false,false,false,false,false,false,false,,,,1024,1024,1024,1024,93,11.423,0.0,0,0,3,false,3.759,3.808,3.795,0.049,0.053,0.0,0.0,0.0,14.15359954679567,121.26241599943363,14.885205,380.0,true,FixedHeight,false,false,false,false,,true,false,false,,40,,380.0,401,Android,4.3.62,Clinton Spark,0BMCE8B0112XGP,,,0C0AF8NB33038T,,,121.5,23.604368,11.5,1.9104973,2.0,2,0,Clinton Spark,0BMCE8B0112XGP,,,Android,4.3.62
2025-11-19T04:22:55.330Z,24.3,14.1535723509667,121.26244929529497,7.8,7.9,4.3,22.685205,0.0,0.1,-0.1,0.9,0.0,0.1,0.1,1.5,-85.3,GPSAtti,AutoFly,None,true,Already,10,4,Spark,true,false,Standby,Smart,false,true,false,None,true,MonitorError,false,false,false,false,false,false,false,false,false,false,0,YawFollow,-85.0,0.0,-83.9,false,false,false,false,false,false,false,,,,1024,1024,1024,1024,93,11.423,0.0,0,0,3,false,3.759,3.808,3.795,0.049,0.053,0.0,0.0,0.0,14.15359954679567,121.26241599943363,14.885205,380.0,true,FixedHeight,false,false,false,false,,true,false,false,,40,,380.0,401,Android,4.3.62,Clinton Spark,0BMCE8B0112XGP,,,0C0AF8NB33038T,,,121.5,23.604368,11.5,1.9104973,2.0,2,0,Clinton Spark,0BMCE8B0112XGP,,,Android,4.3.62
2025-11-19T04:22:55.330Z,24.4,14.153572221868544,121.26244940989592,7.8,7.9,4.2,22.685205,0.0,0.1,0.0,0.9,0.0,0.1,0.3,1.3,-85.3,GPSAtti,AutoFly,None,true,Already,10,4,Spark,true,false,Standby,Smart,false,true,false,None,true,MonitorError,false,false,false,false,false,false,false,false,false,false,0,YawFollow,-85.0,0.0,-83.9,false,false,false,false,false,false,false,,,,1024,1024,1024,1024,93,11.423,0.0,0,0,3,false,3.759,3.808,3.795,0.049,0.053,0.0,0.0,0.0,14.15359954679567,121.26241599943363,14.885205,380.0,true,FixedHeight,false,false,false,false,,true,false,false,,40,,380.0,401,Android,4.3.62,Clinton Spark,0BMCE8B0112XGP,,,0C0AF8NB33038T,,,121.5,23.604368,11.5,1.9104973,2.0,2,0,Clinton Spark,0BMCE8B0112XGP,,,Android,4.3.62
2025-11-19T04:22:55.434Z,24.5,14.153572110731313,121.26244950904417,7.8,7.9,4.1,22.685205,0.0,0.1,0.0,0.9,0.0,0.1,0.3,0.9,-85.3,GPSAtti,AutoFly,None,true,Already,10,4,Spark,true,false,Standby,Smart,false,true,false,None,true,MonitorError,false,false,false,false,false,false,false,false,false,false,0,YawFollow,-85.0,0.0,-83.9,false,false,false,false,false,false,false,,,,1024,1024,1024,1024,93,11.423,0.0,0,0,3,false,3.759,3.808,3.795,0.049,0.053,0.0,0.0,0.0,14.15359954679567,121.26241599943363,14.885205,380.0,true,FixedHeight,false,false,false,false,,true,false,false,,40,,380.0,401,Android,4.3.62,Clinton Spark,0BMCE8B0112XGP,,,0C0AF8NB33038T,,,121.5,23.604368,11.5,1.9104973,2.0,2,0,Clinton Spark,0BMCE8B0112XGP,,,Android,4.3.62
2025-11-19T04:22:55.637Z,24.6,14.153571999261064,121.26244958373445,7.8,7.9,4.1,22.685205,0.0,0.1,0.0,0.9,0.0,0.1,0.4,0.7,-85.3,GPSAtti,AutoFly,None,true,Already,10,4,Spark,true,false,Standby,Smart,false,true,false,None,true,MonitorError,false,false,false,false,false,false,false,false,false,false,0,YawFollow,-85.0,0.0,-83.8,false,false,false,false,false,false,false,,,,1024,1024,1024,1024,93,11.423,0.0,0,0,3,false,3.759,3.808,3.795,0.049,0.053,0.0,0.0,0.0,14.15359954679567,121.26241599943363,14.885205,380.0,true,FixedHeight,false,false,false,false,,true,false,false,,40,,380.0,401,Android,4.3.62,Clinton Spark,0BMCE8B0112XGP,,,0C0AF8NB33038T,,,121.5,23.604368,11.5,1.9104973,2.0,2,0,Clinton Spark,0BMCE8B0112XGP,,,Android,4.3.62
2025-11-19T04:22:55.945Z,24.7,14.153571901722154,121.26244965517783,7.8,7.9,4.1,22.685205,0.0,0.1,0.0,0.9,0.0,0.1,0.5,0.7,-85.3,GPSAtti,AutoFly,None,true,Already,10,4,Spark,true,false,Standby,Smart,false,true,false,None,true,MonitorError,false,false,false,false,false,false,false,false,false,false,0,YawFollow,-85.0,0.0,-83.9,false,false,false,false,false,false,false,,,,1024,1024,1024,1024,93,11.423,0.0,0,0,3,false,3.766,3.816,3.804,0.05,0.053,0.0,0.0,0.0,14.15359954679567,121.26241599943363,14.885205,380.0,true,FixedHeight,false,false,false,false,,true,false,false,,40,,380.0,401,Android,4.3.62,Clinton Spark,0BMCE8B0112XGP,,,0C0AF8NB33038T,,,121.5,23.604368,11.5,1.9104973,2.0,2,0,Clinton Spark,0BMCE8B0112XGP,,,Android,4.3.62
2025-11-19T04:22:56.149Z,24.9,14.153571642556921,121.2624498900784,7.8,7.9,4.1,22.685205,0.0,0.1,0.0,0.9,0.0,0.1,0.0,0.7,-85.3,GPSAtti,AutoFly,None,true,Already,11,4,Spark,true,false,Standby,Smart,false,true,false,None,true,MonitorError,false,false,false,false,false,false,false,false,false,false,0,YawFollow,-85.0,0.0,-83.9,false,false,false,false,false,false,false,,,,1024,1024,1024,1024,93,11.423,0.0,0,0,3,false,3.766,3.816,3.804,0.05,0.053,0.0,0.0,0.0,14.15359954679567,121.26241599943363,14.885205,380.0,true,FixedHeight,false,false,false,false,,true,false,false,,40,,380.0,401,Android,4.3.62,Clinton Spark,0BMCE8B0112XGP,,,0C0AF8NB33038T,,,121.5,23.604368,11.5,1.9104973,2.0,2,0,Clinton Spark,0BMCE8B0112XGP,,,Android,4.3.62
2025-11-19T04:22:56.252Z,25.0,14.153571486736,121.26245000969774,7.8,7.9,4.1,22.685205,0.0,0.1,0.0,0.9,0.0,0.1,-0.2,0.5,-85.2,GPSAtti,AutoFly,None,true,Already,11,4,Spark,true,false,Standby,Smart,false,true,false,None,true,MonitorError,false,false,false,false,false,false,false,false,false,false,0,YawFollow,-85.0,0.0,-83.9,false,false,false,false,false,false,false,,,,1024,1024,1024,1024,93,11.423,0.0,0,0,3,false,3.766,3.816,3.804,0.05,0.053,0.0,0.0,0.0,14.15359954679567,121.26241599943363,14.885205,380.0,true,FixedHeight,false,false,false,false,,true,false,false,,40,,380.0,401,Android,4.3.62,Clinton Spark,0BMCE8B0112XGP,,,0C0AF8NB33038T,,,121.5,23.604368,11.5,1.9104973,2.0,2,0,Clinton Spark,0BMCE8B0112XGP,,,Android,4.3.62
2025-11-19T04:22:56.355Z,25.1,14.153571344133972,121.26245013227243,7.8,7.9,4.1,22.685205,0.0,0.1,0.0,0.9,0.0,0.1,-0.2,0.1,-85.2,GPSAtti,AutoFly,None,true,Already,11,4,Spark,true,false,Standby,Smart,false,true,false,None,true,MonitorError,false,false,false,false,false,false,false,false,false,false,0,YawFollow,-85.0,0.0,-83.9,false,false,false,false,false,false,false,,,,1024,1024,1024,1024,93,11.423,0.0,0,0,3,false,3.766,3.816,3.804,0.05,0.053,0.0,0.0,0.0,14.15359954679567,121.26241599943363,14.885205,380.0,true,FixedHeight,false,false,false,false,,true,false,false,,40,,380.0,401,Android,4.3.62,Clinton Spark,0BMCE8B0112XGP,,,0C0AF8NB33038T,,,121.5,23.604368,11.5,1.9104973,2.0,2,0,Clinton Spark,0BMCE8B0112XGP,,,Android,4.3.62
2025-11-19T04:22:56.355Z,25.2,14.153571190894136,121.26245023686093,7.8,7.9,4.1,22.685205,0.0,0.1,0.0,0.9,0.0,0.1,-0.1,0.1,-85.2,GPSAtti,AutoFly,None,true,Already,11,4,Spark,true,false,Standby,Smart,false,true,false,None,true,MonitorError,false,false,false,false,false,false,false,false,false,false,0,YawFollow,-85.0,0.0,-83.9,false,false,false,false,false,false,false,,,,1024,1024,1024,1024,93,11.423,0.0,0,0,3,false,3.766,3.816,3.804,0.05,0.053,0.0,0.0,0.0,14.15359954679567,121.26241599943363,14.885205,380.0,true,FixedHeight,false,false,false,false,,true,false,false,,40,,380.0,401,Android,4.3.62,Clinton Spark,0BMCE8B0112XGP,,,0C0AF8NB33038T,,,121.5,23.604368,11.5,1.9104973,2.0,2,0,Clinton Spark,0BMCE8B0112XGP,,,Android,4.3.62
2025-11-19T04:22:56.457Z,25.3,14.153571055366884,121.26245036095085,7.8,7.9,4.1,22.685205,0.0,0.1,0.0,0.9,0.0,0.1,-0.3,0.3,-85.2,GPSAtti,AutoFly,None,true,Already,11,4,Spark,true,false,Standby,Smart,false,true,false,None,true,MonitorError,false,false,false,false,false,false,false,false,false,false,0,YawFollow,-85.0,0.0,-83.9,false,false,false,false,false,false,false,,,,1024,1024,1024,1024,93,11.423,0.0,0,0,3,false,3.766,3.816,3.804,0.05,0.053,0.0,0.0,0.0,14.15359954679567,121.26241599943363,14.885205,380.0,true,FixedHeight,false,false,false,false,,true,false,false,,40,,380.0,401,Android,4.3.62,Clinton Spark,0BMCE8B0112XGP,,,0C0AF8NB33038T,,,121.5,23.604368,11.5,1.9104973,2.0,2,0,Clinton Spark,0BMCE8B0112XGP,,,Android,4.3.62
2025-11-19T04:22:56.661Z,25.4,14.153570917260177,121.26245041505076,7.8,7.9,4.7,22.685205,0.0,0.1,0.0,0.9,0.0,0.1,-0.6,0.4,-85.2,GPSAtti,AutoFly,None,true,Already,11,4,Spark,false,false,Standby,Smart,false,true,false,None,true,MonitorError,false,false,false,false,false,false,false,false,false,false,0,YawFollow,-85.0,0.0,-83.9,false,false,false,false,false,false,false,,,,1024,1024,1024,1024,93,11.423,0.0,0,0,3,false,3.766,3.816,3.804,0.05,0.053,0.0,0.0,0.0,14.15359954679567,121.26241599943363,14.885205,380.0,true,FixedHeight,false,false,false,false,,true,false,false,,40,,380.0,401,Android,4.3.62,Clinton Spark,0BMCE8B0112XGP,,,0C0AF8NB33038T,,,121.5,23.604368,11.5,1.9104973,2.0,2,0,Clinton Spark,0BMCE8B0112XGP,,,Android,4.3.62
2025-11-19T04:22:56.763Z,25.5,14.15357079519853,121.26245046689995,7.8,7.9,4.7,22.685205,0.0,0.1,0.0,0.9,0.0,0.1,-0.5,0.3,-85.2,GPSAtti,AutoFly,None,true,Already,11,4,Spark,true,false,Standby,Smart,false,true,false,None,true,MonitorError,false,false,false,false,false,false,false,false,false,false,0,YawFollow,-85.0,0.0,-83.9,false,false,false,false,false,false,false,,,,1024,1024,1024,1024,93,11.423,0.0,0,0,3,false,3.766,3.816,3.804,0.05,0.053,0.0,0.0,0.0,14.15359954679567,121.26241599943363,14.885205,380.0,true,FixedHeight,false,false,false,false,,true,false,false,,40,,380.0,401,Android,4.3.62,Clinton Spark,0BMCE8B0112XGP,,,0C0AF8NB33038T,,,121.5,23.604368,11.5,1.9104973,2.0,2,0,Clinton Spark,0BMCE8B0112XGP,,,Android,4.3.62
2025-11-19T04:22:56.865Z,25.6,14.153570684062112,121.26245042841177,7.8,7.9,4.8,22.685205,0.0,0.1,0.0,0.9,0.0,0.1,-0.7,0.1,-85.2,GPSAtti,AutoFly,None,true,Already,11,4,Spark,true,false,Standby,Smart,false,true,false,None,true,MonitorError,false,false,false,false,false,false,false,false,false,false,0,YawFollow,-85.0,0.0,-83.9,false,false,false,false,false,false,false,,,,1024,1024,1024,1024,93,11.423,0.0,0,0,3,false,3.766,3.816,3.804,0.05,0.053,0.0,0.0,0.0,14.15359954679567,121.26241599943363,14.885205,380.0,true,FixedHeight,false,false,false,false,,true,false,false,,40,,380.0,401,Android,4.3.62,Clinton Spark,0BMCE8B0112XGP,,,0C0AF8NB33038T,,,121.5,23.604368,11.5,1.9104973,2.0,2,0,Clinton Spark,0BMCE8B0112XGP,,,Android,4.3.62
2025-11-19T04:22:56.967Z,25.7,14.153570579321409,121.26245040821014,7.8,7.9,4.9,22.685205,0.0,0.1,0.0,0.9,0.0,0.1,-0.7,0.1,-85.2,GPSAtti,AutoFly,None,true,Already,11,4,Spark,true,false,Standby,Smart,false,true,false,None,true,MonitorError,false,false,false,false,false,false,false,false,false,false,0,YawFollow,-85.0,0.0,-83.9,false,false,false,false,false,false,false,,,,1024,1024,1024,1024,93,11.423,0.0,0,0,3,false,3.766,3.816,3.804,0.05,0.053,0.0,0.0,0.0,14.15359954679567,121.26241599943363,14.885205,380.0,true,FixedHeight,false,false,false,false,,true,false,false,,40,,380.0,401,Android,4.3.62,Clinton Spark,0BMCE8B0112XGP,,,0C0AF8NB33038T,,,121.5,23.604368,11.5,1.9104973,2.0,2,0,Clinton Spark,0BMCE8B0112XGP,,,Android,4.3.62
2025-11-19T04:22:57.174Z,25.8,14.153570500938699,121.26245029496319,7.8,7.9,4.9,22.685205,0.0,0.1,0.0,0.9,0.0,0.1,-0.7,0.1,-85.1,GPSAtti,AutoFly,None,true,Already,11,4,Spark,true,false,Standby,Smart,false,true,false,None,true,MonitorError,false,false,false,false,false,false,false,false,false,false,0,YawFollow,-85.0,0.0,-83.9,false,false,false,false,false,false,false,,,,1024,1024,818,1024,93,11.391,0.0,0,0,3,false,3.766,3.816,3.804,0.05,0.053,0.0,0.0,0.0,14.15359954679567,121.26241599943363,14.885205,380.0,true,FixedHeight,false,false,false,false,,true,false,false,,40,,380.0,401,Android,4.3.62,Clinton Spark,0BMCE8B0112XGP,,,0C0AF8NB33038T,,,121.5,23.604368,11.5,1.9104973,2.0,2,0,Clinton Spark,0BMCE8B0112XGP,,,Android,4.3.62
2025-11-19T04:22:57.174Z,26.0,14.153570384486226,121.2624500960902,7.8,7.9,4.8,22.685205,0.0,0.1,0.0,0.9,0.0,0.1,-0.7,0.2,-85.1,GPSAtti,AutoFly,None,true,Already,11,4,Spark,true,false,Standby,Smart,false,true,false,None,true,MonitorError,false,false,false,false,false,false,false,false,false,false,0,YawFollow,-85.0,0.0,-84.0,false,false,false,false,false,false,false,,,,1024,1024,1024,1024,93,11.391,0.0,0,0,3,false,3.766,3.816,3.804,0.05,0.053,0.0,0.0,0.0,14.15359954679567,121.26241599943363,14.885205,380.0,true,FixedHeight,false,false,false,false,,true,false,false,,40,,380.0,401,Android,4.3.62,Clinton Spark,0BMCE8B0112XGP,,,0C0AF8NB33038T,,,121.5,23.604368,11.5,1.9104973,2.0,2,0,Clinton Spark,0BMCE8B0112XGP,,,Android,4.3.62
2025-11-19T04:22:57.581Z,26.1,14.153570337094434,121.26245002731507,7.8,7.9,4.7,22.685205,0.0,0.1,0.0,0.9,0.0,0.1,-0.7,0.0,-85.1,GPSAtti,AutoFly,None,true,Already,11,4,Spark,true,false,Standby,Smart,false,true,false,None,true,MonitorError,false,false,false,false,false,false,false,false,false,false,0,YawFollow,-85.0,0.0,-84.0,false,false,false,false,false,false,false,,,,1024,1024,1024,1024,93,11.391,0.0,0,0,3,false,3.766,3.816,3.804,0.05,0.053,0.0,0.0,0.0,14.15359954679567,121.26241599943363,14.885205,380.0,true,FixedHeight,false,false,false,false,,true,false,false,,40,,380.0,401,Android,4.3.62,Clinton Spark,0BMCE8B0112XGP,,,0C0AF8NB33038T,,,121.5,23.604368,11.5,1.9104973,2.0,2,0,Clinton Spark,0BMCE8B0112XGP,,,Android,4.3.62
2025-11-19T04:22:57.581Z,26.2,14.153570332747304,121.26244992076955,7.8,7.9,4.6,22.685205,0.0,0.1,0.0,0.9,0.0,0.1,-0.6,0.0,-85.2,GPSAtti,AutoFly,None,true,Already,11,4,Spark,true,false,Standby,Smart,false,true,false,None,true,MonitorError,false,false,false,false,false,false,false,false,false,false,0,YawFollow,-85.0,0.0,-83.9,false,false,false,false,false,false,false,,,,1024,1024,1024,1024,93,11.391,0.0,0,0,3,false,3.766,3.816,3.804,0.05,0.053,0.0,0.0,0.0,14.15359954679567,121.26241599943363,14.885205,380.0,true,FixedHeight,false,false,false,false,,true,false,false,,40,,380.0,401,Android,4.3.62,Clinton Spark,0BMCE8B0112XGP,,,0C0AF8NB33038T,,,121.5,23.604368,11.5,1.9104973,2.0,2,0,Clinton Spark,0BMCE8B0112XGP,,,Android,4.3.62
2025-11-19T04:22:57.683Z,26.3,14.153570317904036,121.26244986174405,7.8,7.9,4.6,22.685205,0.0,0.1,0.0,0.9,0.0,0.1,-0.7,0.1,-85.2,GPSAtti,AutoFly,None,true,Already,11,4,Spark,true,false,Standby,Smart,false,true,false,None,true,MonitorError,false,false,false,false,false,false,false,false,false,false,0,YawFollow,-85.0,0.0,-84.0,false,false,false,false,false,false,false,,,,1024,1024,1024,1024,93,11.391,0.0,0,0,3,false,3.766,3.816,3.804,0.05,0.053,0.0,0.0,0.0,14.15359954679567,121.26241599943363,14.885205,380.0,true,FixedHeight,false,false,false,false,,true,false,false,,40,,380.0,401,Android,4.3.62,Clinton Spark,0BMCE8B0112XGP,,,0C0AF8NB33038T,,,121.5,23.604368,11.5,1.9104973,2.0,2,0,Clinton Spark,0BMCE8B0112XGP,,,Android,4.3.62
2025-11-19T04:22:57.785Z,26.4,14.153570298712824,121.26244975425318,7.8,7.9,4.6,22.685205,0.0,0.1,0.0,0.9,0.0,0.1,-0.6,0.3,-85.2,GPSAtti,AutoFly,None,true,Already,11,4,Spark,true,false,Standby,Smart,false,true,false,None,true,MonitorError,false,false,false,false,false,false,false,false,false,false,0,YawFollow,-85.0,0.0,-84.0,false,false,false,false,false,false,false,,,,1024,1024,1024,1024,93,11.391,0.0,0,0,3,false,3.766,3.816,3.804,0.05,0.053,0.0,0.0,0.0,14.15359954679567,121.26241599943363,14.885205,380.0,true,FixedHeight,false,false,false,false,,true,false,false,,40,,380.0,401,Android,4.3.62,Clinton Spark,0BMCE8B0112XGP,,,0C0AF8NB33038T,,,121.5,23.604368,11.5,1.9104973,2.0,2,0,Clinton Spark,0BMCE8B0112XGP,,,Android,4.3.62
2025-11-19T04:22:57.887Z,26.5,14.15357025095626,121.26244967826412,7.8,7.9,4.6,22.685205,0.0,0.1,0.0,0.9,0.0,0.1,-0.8,0.2,-85.1,GPSAtti,AutoFly,None,true,Already,11,4,Spark,true,false,Standby,Smart,false,true,false,None,true,MonitorError,false,false,false,false,false,false,false,false,false,false,0,YawFollow,-85.0,0.0,-84.0,false,false,false,false,false,false,false,,,,1024,1024,1024,1024,93,11.391,0.0,0,0,3,false,3.766,3.816,3.804,0.05,0.053,0.0,0.0,0.0,14.15359954679567,121.26241599943363,14.885205,380.0,true,FixedHeight,false,false,false,false,,true,false,false,,40,,380.0,401,Android,4.3.62,Clinton Spark,0BMCE8B0112XGP,,,0C0AF8NB33038T,,,121.5,23.604368,11.5,1.9104973,2.0,2,0,Clinton Spark,0BMCE8B0112XGP,,,Android,4.3.62
2025-11-19T04:22:58.091Z,26.6,14.15357022044492,121.26244958798858,7.8,7.9,4.6,22.685205,0.0,0.1,0.0,0.9,0.0,0.1,-0.9,0.1,-85.1,GPSAtti,AutoFly,None,true,Already,11,4,Spark,true,false,Standby,Smart,false,true,false,None,true,MonitorError,false,false,false,false,false,false,false,false,false,false,0,YawFollow,-85.0,0.0,-84.0,false,false,false,false,false,false,false,,,,1024,1024,1024,1024,93,11.391,0.0,0,0,3,false,3.766,3.816,3.804,0.05,0.053,0.0,0.0,0.0,14.15359954679567,121.26241599943363,14.885205,380.0,true,FixedHeight,false,false,false,false,,true,false,false,,40,,380.0,401,Android,4.3.62,Clinton Spark,0BMCE8B0112XGP,,,0C0AF8NB33038T,,,121.5,23.604368,11.5,1.9104973,2.0,2,0,Clinton Spark,0BMCE8B0112XGP,,,Android,4.3.62
2025-11-19T04:22:58.091Z,26.8,14.153570157063438,121.26244947246437,7.8,7.9,4.7,22.685205,0.0,0.1,0.0,0.9,0.0,0.1,-0.7,0.2,-85.1,GPSAtti,AutoFly,None,true,Already,11,4,Spark,true,false,Standby,Smart,false,true,false,None,true,MonitorError,false,false,false,false,false,false,false,false,false,false,0,YawFollow,-85.0,0.0,-84.0,false,false,false,false,false,false,false,,,,1024,1024,1024,1024,93,11.393,0.0,0,0,3,false,3.766,3.816,3.804,0.05,0.053,0.0,0.0,0.0,14.15359954679567,121.26241599943363,14.885205,380.0,true,FixedHeight,false,false,false,false,,true,false,false,,40,,380.0,401,Android,4.3.62,Clinton Spark,0BMCE8B0112XGP,,,0C0AF8NB33038T,,,121.5,23.604368,11.5,1.9104973,2.0,2,0,Clinton Spark,0BMCE8B0112XGP,,,Android,4.3.62
2025-11-19T04:22:58.399Z,26.9,14.153570120680742,121.26244943570345,7.8,7.9,4.8,22.685205,0.0,0.1,0.0,0.9,0.0,0.1,-0.6,0.2,-85.1,GPSAtti,AutoFly,None,true,Already,11,4,Spark,true,false,Standby,Smart,false,true,false,None,true,MonitorError,false,false,false,false,false,false,false,false,false,false,0,YawFollow,-85.0,0.0,-84.0,false,false,false,false,false,false,false,,,,1024,1024,1024,1024,93,11.393,0.0,0,0,3,false,3.766,3.816,3.804,0.05,0.053,0.0,0.0,0.0,14.15359954679567,121.26241599943363,14.885205,380.0,true,FixedHeight,false,false,false,false,,true,false,false,,40,,380.0,401,Android,4.3.62,Clinton Spark,0BMCE8B0112XGP,,,0C0AF8NB33038T,,,121.5,23.604368,11.5,1.9104973,2.0,2,0,Clinton Spark,0BMCE8B0112XGP,,,Android,4.3.62
2025-11-19T04:22:58.500Z,27.0,14.153570087640427,121.26244940862809,7.8,7.9,4.8,22.685205,0.0,0.1,0.0,0.9,0.0,0.1,-0.6,0.1,-85.1,GPSAtti,AutoFly,None,true,Already,11,4,Spark,true,false,Standby,Smart,false,true,false,None,true,MonitorError,false,false,false,false,false,false,false,false,false,false,0,YawFollow,-85.0,0.0,-84.0,false,false,false,false,false,false,false,,,,1024,1024,1024,1024,93,11.393,0.0,0,0,3,false,3.766,3.816,3.804,0.05,0.053,0.0,0.0,0.0,14.15359954679567,121.26241599943363,14.885205,380.0,true,FixedHeight,false,false,false,false,,true,false,false,,40,,380.0,401,Android,4.3.62,Clinton Spark,0BMCE8B0112XGP,,,0C0AF8NB33038T,,,121.5,23.604368,11.5,1.9104973,2.0,2,0,Clinton Spark,0BMCE8B0112XGP,,,Android,4.3.62
2025-11-19T04:22:58.602Z,27.1,14.153570049003964,121.2624493907943,7.8,7.9,4.8,22.685205,0.0,0.1,0.0,0.9,0.0,0.1,-0.5,0.0,-85.2,GPSAtti,AutoFly,None,true,Already,11,4,Spark,true,false,Standby,Smart,false,true,false,None,true,MonitorError,false,false,false,false,false,false,false,false,false,false,0,YawFollow,-85.0,0.0,-84.1,false,false,false,false,false,false,false,,,,1024,1024,1024,1024,93,11.393,0.0,0,0,3,false,3.766,3.816,3.804,0.05,0.053,0.0,0.0,0.0,14.15359954679567,121.26241599943363,14.885205,380.0,true,FixedHeight,false,false,false,false,,true,false,false,,40,,380.0,401,Android,4.3.62,Clinton Spark,0BMCE8B0112XGP,,,0C0AF8NB33038T,,,121.5,23.604368,11.5,1.9104973,2.0,2,0,Clinton Spark,0BMCE8B0112XGP,,,Android,4.3.62
2025-11-19T04:22:58.602Z,27.2,14.153570008780584,121.26244942694558,7.8,7.9,4.9,22.685205,0.0,0.1,0.0,0.9,0.0,0.1,-0.4,-0.1,-85.2,GPSAtti,AutoFly,None,true,Already,11,4,Spark,true,false,Standby,Smart,false,true,false,None,true,MonitorError,false,false,false,false,false,false,false,false,false,false,0,YawFollow,-85.0,0.0,-84.1,false,false,false,false,false,false,false,,,,1024,1024,1024,1024,93,11.393,0.0,0,0,3,false,3.766,3.816,3.804,0.05,0.053,0.0,0.0,0.0,14.15359954679567,121.26241599943363,14.885205,380.0,true,FixedHeight,false,false,false,false,,true,false,false,,40,,380.0,401,Android,4.3.62,Clinton Spark,0BMCE8B0112XGP,,,0C0AF8NB33038T,,,121.5,23.604368,11.5,1.9104973,2.0,2,0,Clinton Spark,0BMCE8B0112XGP,,,Android,4.3.62
2025-11-19T04:22:58.805Z,27.3,14.153569957703624,121.26244947992788,7.8,7.9,4.9,22.685205,0.0,0.1,0.0,0.9,0.0,0.1,-0.4,0.2,-85.2,GPSAtti,AutoFly,None,true,Already,11,4,Spark,true,false,Standby,Smart,false,true,false,None,true,MonitorError,false,false,false,false,false,false,false,false,false,false,0,YawFollow,-85.0,0.0,-84.2,false,false,false,false,false,false,false,,,,1024,1024,1024,1024,93,11.393,0.0,0,0,3,false,3.766,3.816,3.804,0.05,0.053,0.0,0.0,0.0,14.15359954679567,121.26241599943363,14.885205,380.0,true,FixedHeight,false,false,false,false,,true,false,false,,40,,380.0,401,Android,4.3.62,Clinton Spark,0BMCE8B0112XGP,,,0C0AF8NB33038T,,,121.5,23.604368,11.5,1.9104973,2.0,2,0,Clinton Spark,0BMCE8B0112XGP,,,Android,4.3.62
2025-11-19T04:22:58.907Z,27.4,14.153569902006767,121.2624495498803,7.8,7.9,4.9,22.685205,0.0,0.1,0.0,0.9,0.0,0.1,-0.5,0.4,-85.2,GPSAtti,AutoFly,None,true,Already,11,4,Spark,true,false,Standby,Smart,false,true,false,None,true,MonitorError,false,false,false,false,false,false,false,false,false,false,0,YawFollow,-85.0,0.0,-84.1,false,false,false,false,false,false,false,,,,1024,1024,1024,1024,93,11.393,0.0,0,0,3,false,3.766,3.816,3.804,0.05,0.053,0.0,0.0,0.0,14.15359954679567,121.26241599943363,14.885205,380.0,true,FixedHeight,false,false,false,false,,true,false,false,,40,,380.0,401,Android,4.3.62,Clinton Spark,0BMCE8B0112XGP,,,0C0AF8NB33038T,,,121.5,23.604368,11.5,1.9104973,2.0,2,0,Clinton Spark,0BMCE8B0112XGP,,,Android,4.3.62
2025-11-19T04:22:59.009Z,27.5,14.15356984710622,121.26244959274852,7.8,7.9,4.9,22.685205,0.0,0.1,0.0,0.9,0.0,0.1,-0.5,0.4,-85.2,GPSAtti,AutoFly,None,true,Already,11,4,Spark,true,false,Standby,Smart,false,true,false,None,true,MonitorError,false,false,false,false,false,false,false,false,false,false,0,YawFollow,-85.0,0.0,-84.1,false,false,false,false,false,false,false,,,,1024,1024,1024,1024,93,11.393,0.0,0,0,3,false,3.766,3.816,3.804,0.05,0.053,0.0,0.0,0.0,14.15359954679567,121.26241599943363,14.885205,380.0,true,FixedHeight,false,false,false,false,,true,false,false,,40,,380.0,401,Android,4.3.62,Clinton Spark,0BMCE8B0112XGP,,,0C0AF8NB33038T,,,121.5,23.604368,11.5,1.9104973,2.0,2,0,Clinton Spark,0BMCE8B0112XGP,,,Android,4.3.62
2025-11-19T04:22:59.111Z,27.6,14.15356979702994,121.2624496848154,7.8,7.9,4.9,22.685205,0.0,0.1,0.0,0.9,0.0,0.1,-0.7,0.0,-85.2,GPSAtti,AutoFly,None,true,Already,11,4,Spark,true,false,Standby,Smart,false,true,false,None,true,MonitorError,false,false,false,false,false,false,false,false,false,false,0,YawFollow,-85.0,0.0,-84.1,false,false,false,false,false,false,false,,,,1024,1024,1024,1024,93,11.393,0.0,0,0,3,false,3.766,3.816,3.804,0.05,0.053,0.0,0.0,0.0,14.15359954679567,121.26241599943363,14.885205,380.0,true,FixedHeight,false,false,false,false,,true,false,false,,40,,380.0,401,Android,4.3.62,Clinton Spark,0BMCE8B0112XGP,,,0C0AF8NB33038T,,,121.5,23.604368,11.5,1.9104973,2.0,2,0,Clinton Spark,0BMCE8B0112XGP,,,Android,4.3.62
2025-11-19T04:22:59.212Z,27.7,14.153569743377595,121.26244977666799,7.8,7.9,4.8,22.685205,0.0,0.1,0.0,0.9,0.0,0.1,-1.0,0.2,-85.3,GPSAtti,AutoFly,None,true,Already,11,4,Spark,true,false,Standby,Smart,false,true,false,None,true,MonitorError,false,false,false,false,false,false,false,false,false,false,0,YawFollow,-85.0,0.0,-84.2,false,false,false,false,false,false,false,,,,1024,1024,1024,1024,93,11.393,0.0,0,0,3,false,3.766,3.816,3.804,0.05,0.053,0.0,0.0,0.0,14.15359954679567,121.26241599943363,14.885205,380.0,true,FixedHeight,false,false,false,false,,true,false,false,,40,,380.0,401,Android,4.3.62,Clinton Spark,0BMCE8B0112XGP,,,0C0AF8NB33038T,,,121.5,23.604368,11.5,1.9104973,2.0,2,0,Clinton Spark,0BMCE8B0112XGP,,,Android,4.3.62
2025-11-19T04:22:59.417Z,27.8,14.153569689925549,121.26244988689554,7.8,7.9,4.8,22.685205,0.0,0.1,0.0,0.9,0.0,0.1,-1.1,0.2,-85.3,GPSAtti,AutoFly,None,true,Already,11,4,Spark,true,false,Standby,Smart,false,true,false,None,true,MonitorError,false,false,false,false,false,false,false,false,false,false,0,YawFollow,-85.0,0.0,-84.2,false,false,false,false,false,false,false,,,,1024,1024,1024,1024,93,11.394,0.0,0,0,3,false,3.766,3.816,3.804,0.05,0.053,0.0,0.0,0.0,14.15359954679567,121.26241599943363,14.885205,380.0,true,FixedHeight,false,false,false,false,,true,false,false,,40,,380.0,401,Android,4.3.62,Clinton Spark,0BMCE8B0112XGP,,,0C0AF8NB33038T,,,121.5,23.604368,11.5,1.9104973,2.0,2,0,Clinton Spark,0BMCE8B0112XGP,,,Android,4.3.62
2025-11-19T04:22:59.518Z,27.9,14.153569637374847,121.2624499651243,7.8,7.9,4.8,22.685205,0.0,0.1,0.0,0.9,0.0,0.1,-1.2,0.4,-85.3,GPSAtti,AutoFly,None,true,Already,11,4,Spark,true,false,Standby,Smart,false,true,false,None,true,MonitorError,false,false,false,false,false,false,false,false,false,false,0,YawFollow,-85.0,0.0,-84.2,false,false,false,false,false,false,false,,,,1024,1024,1024,1024,93,11.394,0.0,0,0,3,false,3.766,3.816,3.804,0.05,0.053,0.0,0.0,0.0,14.15359954679567,121.26241599943363,14.885205,380.0,true,FixedHeight,false,false,false,false,,true,false,false,,40,,380.0,401,Android,4.3.62,Clinton Spark,0BMCE8B0112XGP,,,0C0AF8NB33038T,,,121.5,23.604368,11.5,1.9104973,2.0,2,0,Clinton Spark,0BMCE8B0112XGP,,,Android,4.3.62
2025-11-19T04:22:59.620Z,28.0,14.153569524312795,121.26245007260412,7.8,7.9,4.8,22.685205,0.0,0.1,0.0,0.9,0.0,0.1,-1.2,0.2,-85.2,GPSAtti,AutoFly,None,true,Already,11,4,Spark,true,false,Standby,Smart,false,true,false,None,true,MonitorError,false,false,false,false,false,false,false,false,false,false,0,YawFollow,-85.0,0.0,-84.3,false,false,false,false,false,false,false,,,,1024,1024,1024,1024,93,11.394,0.0,0,0,3,false,3.766,3.816,3.804,0.05,0.053,0.0,0.0,0.0,14.15359954679567,121.26241599943363,14.885205,380.0,true,FixedHeight,false,false,false,false,,true,false,false,,40,,380.0,401,Android,4.3.62,Clinton Spark,0BMCE8B0112XGP,,,0C0AF8NB33038T,,,121.5,23.604368,11.5,1.9104973,2.0,2,0,Clinton Spark,0BMCE8B0112XGP,,,Android,4.3.62
2025-11-19T04:22:59.620Z,28.1,14.153569389424709,121.26245015974315,7.8,7.9,4.8,22.685205,0.0,0.1,0.0,0.9,0.0,0.1,-1.2,0.0,-85.3,GPSAtti,AutoFly,None,true,Already,11,4,Spark,true,false,Standby,Smart,false,true,false,None,true,MonitorError,false,false,false,false,false,false,false,false,false,false,0,YawFollow,-85.0,0.0,-84.3,false,false,false,false,false,false,false,,,,1024,1024,1024,1024,93,11.394,0.0,0,0,3,false,3.766,3.816,3.804,0.05,0.053,0.0,0.0,0.0,14.15359954679567,121.26241599943363,14.885205,380.0,true,FixedHeight,false,false,false,false,,true,false,false,,40,,380.0,401,Android,4.3.62,Clinton Spark,0BMCE8B0112XGP,,,0C0AF8NB33038T,,,121.5,23.604368,11.5,1.9104973,2.0,2,0,Clinton Spark,0BMCE8B0112XGP,,,Android,4.3.62
2025-11-19T04:22:59.825Z,28.2,14.15356922927701,121.26245027184154,7.8,7.9,4.8,22.685205,0.0,0.1,0.0,0.9,0.0,0.1,-1.0,-0.1,-85.3,GPSAtti,AutoFly,None,true,Already,11,4,Spark,true,false,Standby,Smart,false,true,false,None,true,MonitorError,false,false,false,false,false,false,false,false,false,false,0,YawFollow,-85.0,0.0,-84.3,false,false,false,false,false,false,false,,,,1024,1024,1024,1024,93,11.394,0.0,0,0,3,false,3.766,3.816,3.804,0.05,0.053,0.0,0.0,0.0,14.15359954679567,121.26241599943363,14.885205,380.0,true,FixedHeight,false,false,false,false,,true,false,false,,40,,380.0,401,Android,4.3.62,Clinton Spark,0BMCE8B0112XGP,,,0C0AF8NB33038T,,,121.5,23.604368,11.5,1.9104973,2.0,2,0,Clinton Spark,0BMCE8B0112XGP,,,Android,4.3.62
2025-11-19T04:22:59.825Z,28.3,14.153569087858864,121.26245036449373,7.8,7.9,4.8,22.685205,0.0,0.1,0.0,0.9,0.0,0.1,-0.8,-0.1,-85.3,GPSAtti,AutoFly,None,true,Already,11,4,Spark,true,false,Standby,Smart,false,true,false,None,true,MonitorError,false,false,false,false,false,false,false,false,false,false,0,YawFollow,-85.0,0.0,-84.4,false,false,false,false,false,false,false,,,,1024,1024,1024,1024,93,11.394,0.0,0,0,3,false,3.766,3.816,3.804,0.05,0.053,0.0,0.0,0.0,14.15359954679567,121.26241599943363,14.885205,380.0,true,FixedHeight,false,false,false,false,,true,false,false,,40,,380.0,401,Android,4.3.62,Clinton Spark,0BMCE8B0112XGP,,,0C0AF8NB33038T,,,121.5,23.604368,11.5,1.9104973,2.0,2,0,Clinton Spark,0BMCE8B0112XGP,,,Android,4.3.62
2025-11-19T04:22:59.927Z,28.4,14.153568902479241,121.26245048776863,7.8,7.9,4.8,22.685205,0.0,0.1,0.0,0.9,0.0,0.1,-0.6,0.0,-85.4,GPSAtti,AutoFly,None,true,Already,11,4,Spark,true,false,Standby,Smart,false,true,false,None,true,MonitorError,false,false,false,false,false,false,false,false,false,false,0,YawFollow,-85.0,0.0,-84.4,false,false,false,false,false,false,false,,,,1024,1024,1024,1024,93,11.394,0.0,0,0,3,false,3.766,3.816,3.804,0.05,0.053,0.0,0.0,0.0,14.15359954679567,121.26241599943363,14.885205,380.0,true,FixedHeight,false,false,false,false,,true,false,false,,40,,380.0,401,Android,4.3.62,Clinton Spark,0BMCE8B0112XGP,,,0C0AF8NB33038T,,,121.5,23.604368,11.5,1.9104973,2.0,2,0,Clinton Spark,0BMCE8B0112XGP,,,Android,4.3.62
2025-11-19T04:23:00.131Z,28.5,14.153568722805687,121.26245059517552,7.8,7.9,4.8,22.685205,0.0,0.1,0.0,0.9,0.0,0.1,-0.4,0.1,-85.4,GPSAtti,AutoFly,None,true,Already,11,4,Spark,true,false,Standby,Smart,false,true,false,None,true,MonitorError,false,false,false,false,false,false,false,false,false,false,0,YawFollow,-85.0,0.0,-84.4,false,false,false,false,false,false,false,,,,1024,1024,1024,1024,93,11.394,0.0,0,0,3,false,3.766,3.816,3.804,0.05,0.053,0.0,0.0,0.0,14.15359954679567,121.26241599943363,14.885205,380.0,true,FixedHeight,false,false,false,false,,true,false,false,,40,,380.0,401,Android,4.3.62,Clinton Spark,0BMCE8B0112XGP,,,0C0AF8NB33038T,,,121.5,23.604368,11.5,1.9104973,2.0,2,0,Clinton Spark,0BMCE8B0112XGP,,,Android,4.3.62
2025-11-19T04:23:00.233Z,28.6,14.153568489729755,121.26245071607374,7.8,7.9,4.8,22.685205,0.0,0.1,0.0,0.9,0.0,0.1,-0.4,0.1,-85.4,GPSAtti,AutoFly,None,true,Already,11,4,Spark,true,false,Standby,Smart,false,true,false,None,true,MonitorError,false,false,false,false,false,false,false,false,false,false,0,YawFollow,-85.0,0.0,-84.4,false,false,false,false,false,false,false,,,,1024,1024,1024,1024,93,11.394,0.0,0,0,3,false,3.766,3.816,3.804,0.05,0.053,0.0,0.0,0.0,14.15359954679567,121.26241599943363,14.885205,380.0,true,FixedHeight,false,false,false,false,,true,false,false,,40,,380.0,401,Android,4.3.62,Clinton Spark,0BMCE8B0112XGP,,,0C0AF8NB33038T,,,121.5,23.604368,11.5,1.9104973,2.0,2,0,Clinton Spark,0BMCE8B0112XGP,,,Android,4.3.62
2025-11-19T04:23:00.233Z,28.7,14.153568268060258,121.26245081335777,7.8,7.9,4.9,22.685205,0.0,0.1,0.0,0.9,0.0,0.1,-0.4,0.2,-85.3,GPSAtti,AutoFly,None,true,Already,11,4,Spark,true,false,Standby,Smart,false,true,false,None,true,MonitorError,false,false,false,false,false,false,false,false,false,false,0,YawFollow,-85.0,0.0,-84.5,false,false,false,false,false,false,false,,,,1024,1024,1024,1024,93,11.394,0.0,0,0,3,false,3.766,3.816,3.804,0.05,0.053,0.0,0.0,0.0,14.15359954679567,121.26241599943363,14.885205,380.0,true,FixedHeight,false,false,false,false,,true,false,false,,40,,380.0,401,Android,4.3.62,Clinton Spark,0BMCE8B0112XGP,,,0C0AF8NB33038T,,,121.5,23.604368,11.5,1.9104973,2.0,2,0,Clinton Spark,0BMCE8B0112XGP,,,Android,4.3.62
2025-11-19T04:23:00.541Z,28.8,14.153568032821752,121.26245093505558,7.8,7.9,4.9,22.685205,0.0,0.1,0.0,0.9,0.0,0.1,-0.7,0.2,-85.3,GPSAtti,AutoFly,None,true,Already,11,4,Spark,true,false,Standby,Smart,false,true,false,None,true,MonitorError,false,false,false,false,false,false,false,false,false,false,0,YawFollow,-85.0,0.0,-84.4,false,false,false,false,false,false,false,,,,1024,1024,1024,1024,93,11.396,0.0,0,0,3,false,3.766,3.816,3.804,0.05,0.053,0.0,0.0,0.0,14.15359954679567,121.26241599943363,14.885205,380.0,true,FixedHeight,false,false,false,false,,true,false,false,,40,,380.0,401,Android,4.3.62,Clinton Spark,0BMCE8B0112XGP,,,0C0AF8NB33038T,,,121.5,23.604368,11.5,1.9104973,2.0,2,0,Clinton Spark,0BMCE8B0112XGP,,,Android,4.3.62
2025-11-19T04:23:00.643Z,28.9,14.153567824753834,121.2624510510392,7.8,7.9,4.9,22.685205,0.0,0.1,0.0,0.9,0.0,0.1,-0.7,0.4,-85.3,GPSAtti,AutoFly,None,true,Already,11,4,Spark,true,false,Standby,Smart,false,true,false,None,true,MonitorError,false,false,false,false,false,false,false,false,false,false,0,YawFollow,-85.0,0.0,-84.5,false,false,false,false,false,false,false,,,,1024,1024,1024,1024,93,11.396,0.0,0,0,3,false,3.766,3.816,3.804,0.05,0.053,0.0,0.0,0.0,14.15359954679567,121.26241599943363,14.885205,380.0,true,FixedHeight,false,false,false,false,,true,false,false,,40,,380.0,401,Android,4.3.62,Clinton Spark,0BMCE8B0112XGP,,,0C0AF8NB33038T,,,121.5,23.604368,11.5,1.9104973,2.0,2,0,Clinton Spark,0BMCE8B0112XGP,,,Android,4.3.62
2025-11-19T04:23:00.745Z,29.0,14.153567616925297,121.26245115430686,7.8,7.9,4.8,22.685205,0.0,0.1,0.0,0.9,0.0,0.1,-0.5,0.4,-85.3,GPSAtti,AutoFly,None,true,Already,11,4,Spark,true,false,Standby,Smart,false,true,false,None,true,MonitorError,false,false,false,false,false,false,false,false,false,false,0,YawFollow,-85.0,0.0,-84.5,false,false,false,false,false,false,false,,,,1024,1024,1024,1024,93,11.396,0.0,0,0,3,false,3.766,3.816,3.804,0.05,0.053,0.0,0.0,0.0,14.15359954679567,121.26241599943363,14.885205,380.0,true,FixedHeight,false,false,false,false,,true,false,false,,40,,380.0,401,Android,4.3.62,Clinton Spark,0BMCE8B0112XGP,,,0C0AF8NB33038T,,,121.5,23.604368,11.5,1.9104973,2.0,2,0,Clinton Spark,0BMCE8B0112XGP,,,Android,4.3.62
2025-11-19T04:23:00.846Z,29.1,14.15356743096025,121.26245123653796,7.8,7.9,4.8,22.685205,0.0,0.1,0.0,0.9,0.0,0.1,-0.4,0.2,-85.3,GPSAtti,AutoFly,None,true,Already,11,4,Spark,true,false,Standby,Smart,false,true,false,None,true,MonitorError,false,false,false,false,false,false,false,false,false,false,0,YawFollow,-85.0,0.0,-84.5,false,false,false,false,false,false,false,,,,1024,1024,1024,1024,93,11.396,0.0,0,0,3,false,3.766,3.816,3.804,0.05,0.053,0.0,0.0,0.0,14.15359954679567,121.26241599943363,14.885205,380.0,true,FixedHeight,false,false,false,false,,true,false,false,,40,,380.0,401,Android,4.3.62,Clinton Spark,0BMCE8B0112XGP,,,0C0AF8NB33038T,,,121.5,23.604368,11.5,1.9104973,2.0,2,0,Clinton Spark,0BMCE8B0112XGP,,,Android,4.3.62
2025-11-19T04:23:01.152Z,29.2,14.153567250217623,121.26245132609343,7.8,7.9,4.8,22.685205,0.0,0.1,0.0,0.9,0.0,0.1,-0.4,0.1,-85.3,GPSAtti,AutoFly,None,true,Already,11,4,Spark,true,false,Standby,Smart,false,true,false,None,true,MonitorError,false,false,false,false,false,false,false,false,false,false,0,YawFollow,-85.0,0.0,-84.5,false,false,false,false,false,false,false,,,,1024,1024,1024,1024,93,11.396,0.0,0,0,3,false,3.766,3.816,3.804,0.05,0.053,0.0,0.0,0.0,14.15359954679567,121.26241599943363,14.885205,380.0,true,FixedHeight,false,false,false,false,,true,false,false,,40,,380.0,401,Android,4.3.62,Clinton Spark,0BMCE8B0112XGP,,,0C0AF8NB33038T,,,121.5,23.604368,11.5,1.9104973,2.0,2,0,Clinton Spark,0BMCE8B0112XGP,,,Android,4.3.62
2025-11-19T04:23:01.152Z,29.3,14.153567070847773,121.26245142236141,7.8,7.9,4.8,22.685205,0.0,0.1,0.0,0.9,0.0,0.1,-0.6,0.3,-85.3,GPSAtti,AutoFly,None,true,Already,11,4,Spark,true,false,Standby,Smart,false,true,false,None,true,MonitorError,false,false,false,false,false,false,false,false,false,false,0,YawFollow,-85.0,0.0,-84.6,false,false,false,false,false,false,false,,,,1024,1024,1024,1024,93,11.396,0.0,0,0,3,false,3.766,3.816,3.804,0.05,0.053,0.0,0.0,0.0,14.15359954679567,121.26241599943363,14.885205,380.0,true,FixedHeight,false,false,false,false,,true,false,false,,40,,380.0,401,Android,4.3.62,Clinton Spark,0BMCE8B0112XGP,,,0C0AF8NB33038T,,,121.5,23.604368,11.5,1.9104973,2.0,2,0,Clinton Spark,0BMCE8B0112XGP,,,Android,4.3.62
2025-11-19T04:23:01.254Z,29.4,14.153566876208005,121.26245152448492,7.8,7.9,4.8,22.685205,0.0,0.1,0.0,0.9,0.0,0.1,-0.7,0.4,-85.3,GPSAtti,AutoFly,None,true,Already,11,4,Spark,true,false,Standby,Smart,false,true,false,None,true,MonitorError,false,false,false,false,false,false,false,false,false,false,0,YawFollow,-85.0,0.0,-84.6,false,false,false,false,false,false,false,,,,1024,1024,1024,1024,93,11.396,0.0,0,0,3,false,3.766,3.816,3.804,0.05,0.053,0.0,0.0,0.0,14.15359954679567,121.26241599943363,14.885205,380.0,true,FixedHeight,false,false,false,false,,true,false,false,,40,,380.0,401,Android,4.3.62,Clinton Spark,0BMCE8B0112XGP,,,0C0AF8NB33038T,,,121.5,23.604368,11.5,1.9104973,2.0,2,0,Clinton Spark,0BMCE8B0112XGP,,,Android,4.3.62
2025-11-19T04:23:01.356Z,29.5,14.153566671133166,121.26245162276065,7.8,7.9,4.8,22.685205,0.0,0.1,0.0,0.9,0.0,0.1,-0.5,0.8,-85.3,GPSAtti,AutoFly,None,true,Already,11,4,Spark,true,false,Standby,Smart,false,true,false,None,true,MonitorError,false,false,false,false,false,false,false,false,false,false,0,YawFollow,-85.0,0.0,-84.6,false,false,false,false,false,false,false,,,,1024,1024,1024,1024,93,11.396,0.0,0,0,3,false,3.766,3.816,3.804,0.05,0.053,0.0,0.0,0.0,14.15359954679567,121.26241599943363,14.885205,380.0,true,FixedHeight,false,false,false,false,,true,false,false,,40,,380.0,401,Android,4.3.62,Clinton Spark,0BMCE8B0112XGP,,,0C0AF8NB33038T,,,121.5,23.604368,11.5,1.9104973,2.0,2,0,Clinton Spark,0BMCE8B0112XGP,,,Android,4.3.62
2025-11-19T04:23:01.458Z,29.6,14.153566459971206,121.26245170211149,7.8,7.9,4.8,22.685205,0.0,0.1,0.0,0.9,0.0,0.1,-0.6,0.9,-85.3,GPSAtti,AutoFly,None,true,Already,11,4,Spark,true,false,Standby,Smart,false,true,false,None,true,MonitorError,false,false,false,false,false,false,false,false,false,false,0,YawFollow,-85.0,0.0,-84.6,false,false,false,false,false,false,false,,,,1024,1024,1024,1024,93,11.396,0.0,0,0,3,false,3.766,3.816,3.804,0.05,0.053,0.0,0.0,0.0,14.15359954679567,121.26241599943363,14.885205,380.0,true,FixedHeight,false,false,false,false,,true,false,false,,40,,380.0,401,Android,4.3.62,Clinton Spark,0BMCE8B0112XGP,,,0C0AF8NB33038T,,,121.5,23.604368,11.5,1.9104973,2.0,2,0,Clinton Spark,0BMCE8B0112XGP,,,Android,4.3.62
2025-11-19T04:23:01.560Z,29.7,14.153566252334825,121.26245176958128,7.8,7.9,4.7,22.685205,0.0,0.1,0.0,0.9,0.0,0.1,-0.6,0.9,-85.3,GPSAtti,AutoFly,None,true,Already,11,4,Spark,true,false,Standby,Smart,false,true,false,None,true,MonitorError,false,false,false,false,false,false,false,false,false,false,0,YawFollow,-85.0,0.0,-84.6,false,false,false,false,false,false,false,,,,1024,1024,1024,1024,93,11.396,0.0,0,0,3,false,3.766,3.816,3.804,0.05,0.053,0.0,0.0,0.0,14.15359954679567,121.26241599943363,14.885205,380.0,true,FixedHeight,false,false,false,false,,true,false,false,,40,,380.0,401,Android,4.3.62,Clinton Spark,0BMCE8B0112XGP,,,0C0AF8NB33038T,,,121.5,23.604368,11.5,1.9104973,2.0,2,0,Clinton Spark,0BMCE8B0112XGP,,,Android,4.3.62
2025-11-19T04:23:01.662Z,29.8,14.15356606727682,121.26245184031119,7.8,7.9,4.7,22.685205,0.0,0.1,0.0,0.9,0.0,0.1,-0.6,1.1,-85.4,GPSAtti,AutoFly,None,true,Already,11,4,Spark,true,false,Standby,Smart,false,true,false,None,true,MonitorError,false,false,false,false,false,false,false,false,false,false,0,YawFollow,-85.0,0.0,-84.6,false,false,false,false,false,false,false,,,,1024,1024,1024,1024,93,11.404,0.0,0,0,3,false,3.766,3.816,3.804,0.05,0.053,0.0,0.0,0.0,14.15359954679567,121.26241599943363,14.885205,380.0,true,FixedHeight,false,false,false,false,,true,false,false,,40,,380.0,401,Android,4.3.62,Clinton Spark,0BMCE8B0112XGP,,,0C0AF8NB33038T,,,121.5,23.604368,11.5,1.9104973,2.0,2,0,Clinton Spark,0BMCE8B0112XGP,,,Android,4.3.62
2025-11-19T04:23:01.764Z,29.9,14.153565898721467,121.2624519194478,7.8,7.9,4.6,22.685205,0.0,0.1,0.0,0.9,0.0,0.1,-0.7,1.1,-85.4,GPSAtti,AutoFly,None,true,Already,11,4,Spark,true,false,Standby,Smart,false,true,false,None,true,MonitorError,false,false,false,false,false,false,false,false,false,false,0,YawFollow,-85.0,0.0,-84.7,false,false,false,false,false,false,false,,,,1024,1024,1024,1024,93,11.404,0.0,0,0,3,false,3.766,3.816,3.804,0.05,0.053,0.0,0.0,0.0,14.15359954679567,121.26241599943363,14.885205,380.0,true,FixedHeight,false,false,false,false,,true,false,false,,40,,380.0,401,Android,4.3.62,Clinton Spark,0BMCE8B0112XGP,,,0C0AF8NB33038T,,,121.5,23.604368,11.5,1.9104973,2.0,2,0,Clinton Spark,0BMCE8B0112XGP,,,Android,4.3.62
2025-11-19T04:23:01.764Z,30.0,14.153565776386241,121.26245200675909,7.8,7.9,4.6,22.685205,0.0,0.1,0.0,0.9,0.0,0.1,-0.6,1.2,-85.4,GPSAtti,AutoFly,None,true,Already,11,4,Spark,true,false,Standby,Smart,false,true,false,None,true,MonitorError,false,false,false,false,false,false,false,false,false,false,0,YawFollow,-85.0,0.0,-84.7,false,false,false,false,false,false,false,,,,1024,1024,1024,1024,93,11.404,0.0,0,0,3,false,3.766,3.816,3.804,0.05,0.053,0.0,0.0,0.0,14.15359954679567,121.26241599943363,14.885205,380.0,true,FixedHeight,false,false,false,false,,true,false,false,,40,,380.0,401,Android,4.3.62,Clinton Spark,0BMCE8B0112XGP,,,0C0AF8NB33038T,,,121.5,23.604368,11.5,1.9104973,2.0,2,0,Clinton Spark,0BMCE8B0112XGP,,,Android,4.3.62
2025-11-19T04:23:01.764Z,30.1,14.153565663404796,121.26245209599207,7.8,7.9,4.5,22.685205,0.0,0.1,0.0,0.9,0.0,0.1,-0.4,1.1,-85.4,GPSAtti,AutoFly,None,true,Already,11,4,Spark,true,false,Standby,Smart,false,true,false,None,true,MonitorError,false,false,false,false,false,false,false,false,false,false,0,YawFollow,-85.0,0.0,-84.7,false,false,false,false,false,false,false,,,,1024,1024,1024,1024,93,11.404,0.0,0,0,3,false,3.766,3.816,3.804,0.05,0.053,0.0,0.0,0.0,14.15359954679567,121.26241599943363,14.885205,380.0,true,FixedHeight,false,false,false,false,,true,false,false,,40,,380.0,401,Android,4.3.62,Clinton Spark,0BMCE8B0112XGP,,,0C0AF8NB33038T,,,121.5,23.604368,11.5,1.9104973,2.0,2,0,Clinton Spark,0BMCE8B0112XGP,,,Android,4.3.62
2025-11-19T04:23:01.764Z,30.2,14.153565571342344,121.26245217205846,7.8,7.9,4.5,22.685205,0.0,0.1,0.0,0.9,0.0,0.1,-0.5,1.0,-85.5,GPSAtti,AutoFly,None,true,Already,11,4,Spark,true,false,Standby,Smart,false,true,false,None,true,MonitorError,false,false,false,false,false,false,false,false,false,false,0,YawFollow,-85.0,0.0,-84.7,false,false,false,false,false,false,false,,,,1024,1024,1024,1024,93,11.404,0.0,0,0,3,false,3.766,3.816,3.804,0.05,0.053,0.0,0.0,0.0,14.15359954679567,121.26241599943363,14.885205,380.0,true,FixedHeight,false,false,false,false,,true,false,false,,40,,380.0,401,Android,4.3.62,Clinton Spark,0BMCE8B0112XGP,,,0C0AF8NB33038T,,,121.5,23.604368,11.5,1.9104973,2.0,2,0,Clinton Spark,0BMCE8B0112XGP,,,Android,4.3.62
2025-11-19T04:23:01.866Z,30.3,14.153565458399981,121.26245223843263,7.8,7.9,4.4,22.685205,0.0,0.1,0.0,0.9,0.0,0.1,-0.6,1.0,-85.5,GPSAtti,AutoFly,None,true,Already,11,4,Spark,true,false,Standby,Smart,false,true,false,None,true,MonitorError,false,false,false,false,false,false,false,false,false,false,0,YawFollow,-85.0,0.0,-84.8,false,false,false,false,false,false,false,,,,1024,1024,1024,1024,93,11.404,0.0,0,0,3,false,3.766,3.816,3.804,0.05,0.053,0.0,0.0,0.0,14.15359954679567,121.26241599943363,14.885205,380.0,true,FixedHeight,false,false,false,false,,true,false,false,,40,,380.0,401,Android,4.3.62,Clinton Spark,0BMCE8B0112XGP,,,0C0AF8NB33038T,,,121.5,23.604368,11.5,1.9104973,2.0,2,0,Clinton Spark,0BMCE8B0112XGP,,,Android,4.3.62
2025-11-19T04:23:01.968Z,30.4,14.153565377809917,121.2624523112521,7.8,7.9,4.4,22.685205,0.0,0.1,0.0,0.9,0.0,0.1,-0.6,1.0,-85.5,GPSAtti,AutoFly,None,true,Already,11,4,Spark,true,false,Standby,Smart,false,true,false,None,true,MonitorError,false,false,false,false,false,false,false,false,false,false,0,YawFollow,-85.0,0.0,-84.8,false,false,false,false,false,false,false,,,,1024,1024,1024,1024,93,11.404,0.0,0,0,3,false,3.766,3.816,3.804,0.05,0.053,0.0,0.0,0.0,14.15359954679567,121.26241599943363,14.885205,380.0,true,FixedHeight,false,false,false,false,,true,false,false,,40,,380.0,401,Android,4.3.62,Clinton Spark,0BMCE8B0112XGP,,,0C0AF8NB33038T,,,121.5,23.604368,11.5,1.9104973,2.0,2,0,Clinton Spark,0BMCE8B0112XGP,,,Android,4.3.62
2025-11-19T04:23:01.968Z,30.5,14.153565289387036,121.26245238957584,7.8,7.9,4.4,22.685205,0.0,0.1,0.0,0.9,0.0,0.1,-0.6,1.0,-85.5,GPSAtti,AutoFly,None,true,Already,11,4,Spark,true,false,Standby,Smart,false,true,false,None,true,MonitorError,false,false,false,false,false,false,false,false,false,false,0,YawFollow,-85.0,0.0,-84.8,false,false,false,false,false,false,false,,,,1024,1024,1024,1024,93,11.404,0.0,0,0,3,false,3.766,3.816,3.804,0.05,0.053,0.0,0.0,0.0,14.15359954679567,121.26241599943363,14.885205,380.0,true,FixedHeight,false,false,false,false,,true,false,false,,40,,380.0,401,Android,4.3.62,Clinton Spark,0BMCE8B0112XGP,,,0C0AF8NB33038T,,,121.5,23.604368,11.5,1.9104973,2.0,2,0,Clinton Spark,0BMCE8B0112XGP,,,Android,4.3.62
2025-11-19T04:23:02.070Z,30.6,14.153565229303966,121.26245245583077,7.8,7.9,4.3,22.685205,0.0,0.1,0.0,0.9,0.0,0.1,-0.4,0.9,-85.5,GPSAtti,AutoFly,None,true,Already,11,4,Spark,true,false,Standby,Smart,false,true,false,None,true,MonitorError,false,false,false,false,false,false,false,false,false,false,0,YawFollow,-85.0,0.0,-84.8,false,false,false,false,false,false,false,,,,1024,1024,1024,1024,93,11.404,0.0,0,0,3,false,3.766,3.816,3.804,0.05,0.053,0.0,0.0,0.0,14.15359954679567,121.26241599943363,14.885205,380.0,true,FixedHeight,false,false,false,false,,true,false,false,,40,,380.0,401,Android,4.3.62,Clinton Spark,0BMCE8B0112XGP,,,0C0AF8NB33038T,,,121.5,23.604368,11.5,1.9104973,2.0,2,0,Clinton Spark,0BMCE8B0112XGP,,,Android,4.3.62
2025-11-19T04:23:02.175Z,30.7,14.153565152991824,121.26245251948151,7.8,7.9,4.3,22.685205,0.0,0.1,0.0,0.9,0.0,0.1,-0.4,0.9,-85.6,GPSAtti,AutoFly,None,true,Already,11,4,Spark,true,false,Standby,Smart,false,true,false,None,true,MonitorError,false,false,false,false,false,false,false,false,false,false,0,YawFollow,-85.0,0.0,-84.9,false,false,false,false,false,false,false,,,,1024,1024,1024,1024,93,11.404,0.0,0,0,3,false,3.766,3.816,3.804,0.05,0.053,0.0,0.0,0.0,14.15359954679567,121.26241599943363,14.885205,380.0,true,FixedHeight,false,false,false,false,,true,false,false,,40,,380.0,401,Android,4.3.62,Clinton Spark,0BMCE8B0112XGP,,,0C0AF8NB33038T,,,121.5,23.604368,11.5,1.9104973,2.0,2,0,Clinton Spark,0BMCE8B0112XGP,,,Android,4.3.62
2025-11-19T04:23:02.377Z,30.8,14.15356511465011,121.26245259569588,7.8,7.9,4.3,22.685205,0.0,0.1,0.0,0.9,0.0,0.1,-0.3,0.7,-85.6,GPSAtti,AutoFly,None,true,Already,12,4,Spark,true,false,Standby,Smart,false,true,false,None,true,MonitorError,false,false,false,false,false,false,false,false,false,false,0,YawFollow,-85.0,0.0,-84.9,false,false,false,false,false,false,false,,,,1024,1024,1024,1024,93,11.384,0.0,0,0,3,false,3.766,3.816,3.804,0.05,0.053,0.0,0.0,0.0,14.15359954679567,121.26241599943363,14.885205,380.0,true,FixedHeight,false,false,false,false,,true,false,false,,40,,380.0,401,Android,4.3.62,Clinton Spark,0BMCE8B0112XGP,,,0C0AF8NB33038T,,,121.5,23.604368,11.5,1.9104973,2.0,2,0,Clinton Spark,0BMCE8B0112XGP,,,Android,4.3.62
2025-11-19T04:23:02.479Z,30.9,14.153565068293195,121.26245268996489,7.8,7.9,4.3,22.685205,0.0,0.1,0.0,0.9,0.0,0.1,-0.5,0.6,-85.6,GPSAtti,AutoFly,None,true,Already,12,4,Spark,true,false,Standby,Smart,false,true,false,None,true,MonitorError,false,false,false,false,false,false,false,false,false,false,0,YawFollow,-85.0,0.0,-84.9,false,false,false,false,false,false,false,,,,1024,1024,1024,1024,93,11.384,0.0,0,0,3,false,3.766,3.816,3.804,0.05,0.053,0.0,0.0,0.0,14.15359954679567,121.26241599943363,14.885205,380.0,true,FixedHeight,false,false,false,false,,true,false,false,,40,,380.0,401,Android,4.3.62,Clinton Spark,0BMCE8B0112XGP,,,0C0AF8NB33038T,,,121.5,23.604368,11.5,1.9104973,2.0,2,0,Clinton Spark,0BMCE8B0112XGP,,,Android,4.3.62
2025-11-19T04:23:02.479Z,31.0,14.153565028336065,121.26245279718185,7.8,7.9,4.3,22.685205,0.0,0.1,0.0,0.9,0.0,0.1,-0.5,0.6,-85.6,GPSAtti,AutoFly,None,true,Already,12,4,Spark,true,false,Standby,Smart,false,true,false,None,true,MonitorError,false,false,false,false,false,false,false,false,false,false,0,YawFollow,-85.0,0.0,-84.9,false,false,false,false,false,false,false,,,,1024,1024,1024,1024,93,11.384,0.0,0,0,3,false,3.766,3.816,3.804,0.05,0.053,0.0,0.0,0.0,14.15359954679567,121.26241599943363,14.885205,380.0,true,FixedHeight,false,false,false,false,,true,false,false,,40,,380.0,401,Android,4.3.62,Clinton Spark,0BMCE8B0112XGP,,,0C0AF8NB33038T,,,121.5,23.604368,11.5,1.9104973,2.0,2,0,Clinton Spark,0BMCE8B0112XGP,,,Android,4.3.62
2025-11-19T04:23:02.479Z,31.1,14.15356495182525,121.26245290253237,7.8,7.9,4.3,22.685205,0.0,0.1,0.0,0.9,0.0,0.1,-0.5,0.8,-85.5,GPSAtti,AutoFly,None,true,Already,12,4,Spark,true,false,Standby,Smart,false,true,false,None,true,MonitorError,false,false,false,false,false,false,false,false,false,false,0,YawFollow,-85.0,0.0,-84.9,false,false,false,false,false,false,false,,,,1024,1024,1024,1024,93,11.384,0.0,0,0,3,false,3.766,3.816,3.804,0.05,0.053,0.0,0.0,0.0,14.15359954679567,121.26241599943363,14.885205,380.0,true,FixedHeight,false,false,false,false,,true,false,false,,40,,380.0,401,Android,4.3.62,Clinton Spark,0BMCE8B0112XGP,,,0C0AF8NB33038T,,,121.5,23.604368,11.5,1.9104973,2.0,2,0,Clinton Spark,0BMCE8B0112XGP,,,Android,4.3.62
2025-11-19T04:23:02.479Z,31.2,14.153564917009119,121.26245297525686,7.8,7.9,4.3,22.685205,0.0,0.1,0.0,0.9,0.0,0.1,-0.6,0.8,-85.5,GPSAtti,AutoFly,None,true,Already,12,4,Spark,true,false,Standby,Smart,false,true,false,None,true,MonitorError,false,false,false,false,false,false,false,false,false,false,0,YawFollow,-85.0,0.0,-84.9,false,false,false,false,false,false,false,,,,1024,1024,1024,1024,93,11.384,0.0,0,0,3,false,3.766,3.816,3.804,0.05,0.053,0.0,0.0,0.0,14.15359954679567,121.26241599943363,14.885205,380.0,true,FixedHeight,false,false,false,false,,true,false,false,,40,,380.0,401,Android,4.3.62,Clinton Spark,0BMCE8B0112XGP,,,0C0AF8NB33038T,,,121.5,23.604368,11.5,1.9104973,2.0,2,0,Clinton Spark,0BMCE8B0112XGP,,,Android,4.3.62
2025-11-19T04:23:02.582Z,31.3,14.153564887210223,121.26245302354104,7.8,7.9,4.4,22.685205,0.0,0.1,0.0,0.9,0.0,0.1,-0.8,0.9,-85.4,GPSAtti,AutoFly,None,true,Already,12,4,Spark,true,false,Standby,Smart,false,true,false,None,true,MonitorError,false,false,false,false,false,false,false,false,false,false,0,YawFollow,-85.0,0.0,-84.9,false,false,false,false,false,false,false,,,,1024,1024,1024,1024,93,11.384,0.0,0,0,3,false,3.766,3.816,3.804,0.05,0.053,0.0,0.0,0.0,14.15359954679567,121.26241599943363,14.885205,380.0,true,FixedHeight,false,false,false,false,,true,false,false,,40,,380.0,401,Android,4.3.62,Clinton Spark,0BMCE8B0112XGP,,,0C0AF8NB33038T,,,121.5,23.604368,11.5,1.9104973,2.0,2,0,Clinton Spark,0BMCE8B0112XGP,,,Android,4.3.62
2025-11-19T04:23:02.686Z,31.4,14.153564886887791,121.26245305424104,7.8,7.9,4.4,22.685205,0.0,0.1,0.0,0.9,0.0,0.1,-1.1,1.2,-85.4,GPSAtti,AutoFly,None,true,Already,12,4,Spark,true,false,Standby,Smart,false,true,false,None,true,MonitorError,false,false,false,false,false,false,false,false,false,false,0,YawFollow,-85.0,0.0,-84.9,false,false,false,false,false,false,false,,,,1024,1024,1024,1024,93,11.384,0.0,0,0,3,false,3.766,3.816,3.804,0.05,0.053,0.0,0.0,0.0,14.15359954679567,121.26241599943363,14.885205,380.0,true,FixedHeight,false,false,false,false,,true,false,false,,40,,380.0,401,Android,4.3.62,Clinton Spark,0BMCE8B0112XGP,,,0C0AF8NB33038T,,,121.5,23.604368,11.5,1.9104973,2.0,2,0,Clinton Spark,0BMCE8B0112XGP,,,Android,4.3.62
2025-11-19T04:23:02.789Z,31.5,14.153564877294627,121.2624530880952,7.8,7.9,4.4,22.685205,0.0,0.1,0.0,0.9,0.0,0.1,-1.0,0.7,-85.3,GPSAtti,AutoFly,None,true,Already,12,4,Spark,true,false,Standby,Smart,false,true,false,None,true,MonitorError,false,false,false,false,false,false,false,false,false,false,0,YawFollow,-85.0,0.0,-85.0,false,false,false,false,false,false,false,,,,1024,1024,1024,1024,93,11.384,0.0,0,0,3,false,3.766,3.816,3.804,0.05,0.053,0.0,0.0,0.0,14.15359954679567,121.26241599943363,14.885205,380.0,true,FixedHeight,false,false,false,false,,true,false,false,,40,,380.0,401,Android,4.3.62,Clinton Spark,0BMCE8B0112XGP,,,0C0AF8NB33038T,,,121.5,23.604368,11.5,1.9104973,2.0,2,0,Clinton Spark,0BMCE8B0112XGP,,,Android,4.3.62
2025-11-19T04:23:02.789Z,31.6,14.153564914797691,121.26245307874096,7.8,7.9,4.4,22.685205,0.0,0.1,0.0,0.9,0.0,0.1,-0.6,0.3,-85.2,GPSAtti,AutoFly,None,true,Already,12,4,Spark,true,false,Standby,Smart,false,true,false,None,true,MonitorError,false,false,false,false,false,false,false,false,false,false,0,YawFollow,-85.0,0.0,-85.0,false,false,false,false,false,false,false,,,,1024,1024,1024,1024,93,11.384,0.0,0,0,3,false,3.766,3.816,3.804,0.05,0.053,0.0,0.0,0.0,14.15359954679567,121.26241599943363,14.885205,380.0,true,FixedHeight,false,false,false,false,,true,false,false,,40,,380.0,401,Android,4.3.62,Clinton Spark,0BMCE8B0112XGP,,,0C0AF8NB33038T,,,121.5,23.604368,11.5,1.9104973,2.0,2,0,Clinton Spark,0BMCE8B0112XGP,,,Android,4.3.62
2025-11-19T04:23:02.892Z,31.7,14.153564940404975,121.26245306856286,7.8,7.9,4.4,22.685205,0.0,0.1,0.0,0.9,0.0,0.1,-0.2,0.2,-85.2,GPSAtti,AutoFly,None,true,Already,12,4,Spark,true,false,Standby,Smart,false,true,false,None,true,MonitorError,false,false,false,false,false,false,false,false,false,false,0,YawFollow,-85.0,0.0,-85.0,false,false,false,false,false,false,false,,,,1024,1024,1024,1024,93,11.384,0.0,0,0,3,false,3.766,3.816,3.804,0.05,0.053,0.0,0.0,0.0,14.15359954679567,121.26241599943363,14.885205,380.0,true,FixedHeight,false,false,false,false,,true,false,false,,40,,380.0,401,Android,4.3.62,Clinton Spark,0BMCE8B0112XGP,,,0C0AF8NB33038T,,,121.5,23.604368,11.5,1.9104973,2.0,2,0,Clinton Spark,0BMCE8B0112XGP,,,Android,4.3.62
2025-11-19T04:23:02.994Z,31.8,14.15356501872173,121.26245305117082,7.8,7.9,4.4,22.685205,0.0,0.1,0.0,0.9,0.0,0.1,-0.1,0.1,-85.2,GPSAtti,AutoFly,None,true,Already,12,4,Spark,true,false,Standby,Smart,false,true,false,None,true,MonitorError,false,false,false,false,false,false,false,false,false,false,0,YawFollow,-85.0,0.0,-85.0,false,false,false,false,false,false,false,,,,1024,1024,1024,1024,92,11.387,0.0,0,0,3,false,3.766,3.816,3.804,0.05,0.053,0.0,0.0,0.0,14.15359954679567,121.26241599943363,14.885205,380.0,true,FixedHeight,false,false,false,false,,true,false,false,,40,,380.0,401,Android,4.3.62,Clinton Spark,0BMCE8B0112XGP,,,0C0AF8NB33038T,,,121.5,23.604368,11.5,1.9104973,2.0,2,0,Clinton Spark,0BMCE8B0112XGP,,,Android,4.3.62
2025-11-19T04:23:02.994Z,31.9,14.153565075064265,121.26245306069956,7.8,7.9,4.5,22.685205,0.0,0.1,0.0,0.9,0.0,0.1,-0.2,0.0,-85.3,GPSAtti,AutoFly,None,true,Already,12,4,Spark,true,false,Standby,Smart,false,true,false,None,true,MonitorError,false,false,false,false,false,false,false,false,false,false,0,YawFollow,-85.0,0.0,-85.0,false,false,false,false,false,false,false,,,,1024,1024,1024,1024,92,11.387,0.0,0,0,3,false,3.766,3.816,3.804,0.05,0.053,0.0,0.0,0.0,14.15359954679567,121.26241599943363,14.885205,380.0,true,FixedHeight,false,false,false,false,,true,false,false,,40,,380.0,401,Android,4.3.62,Clinton Spark,0BMCE8B0112XGP,,,0C0AF8NB33038T,,,121.5,23.604368,11.5,1.9104973,2.0,2,0,Clinton Spark,0BMCE8B0112XGP,,,Android,4.3.62
2025-11-19T04:23:03.401Z,32.0,14.153565138729912,121.26245306318887,7.8,7.9,4.5,22.685205,0.0,0.1,0.0,0.9,0.0,0.1,-0.7,0.0,-85.2,GPSAtti,AutoFly,None,true,Already,12,4,Spark,true,false,Standby,Smart,false,true,false,None,true,MonitorError,false,false,false,false,false,false,false,false,false,false,0,YawFollow,-85.0,0.0,-85.1,false,false,false,false,false,false,false,,,,1024,1024,1024,1024,92,11.387,0.0,0,0,3,false,3.766,3.816,3.804,0.05,0.053,0.0,0.0,0.0,14.15359954679567,121.26241599943363,14.885205,380.0,true,FixedHeight,false,false,false,false,,true,false,false,,40,,380.0,401,Android,4.3.62,Clinton Spark,0BMCE8B0112XGP,,,0C0AF8NB33038T,,,121.5,23.604368,11.5,1.9104973,2.0,2,0,Clinton Spark,0BMCE8B0112XGP,,,Android,4.3.62
2025-11-19T04:23:03.401Z,32.1,14.153565160565718,121.26245307098809,7.8,7.9,4.6,22.685205,0.0,0.1,0.0,0.9,0.0,0.1,-0.6,0.0,-85.2,GPSAtti,AutoFly,None,true,Already,12,4,Spark,true,false,Standby,Smart,false,true,false,None,true,MonitorError,false,false,false,false,false,false,false,false,false,false,0,YawFollow,-85.0,0.0,-85.1,false,false,false,false,false,false,false,,,,1024,1024,1024,1024,92,11.387,0.0,0,0,3,false,3.766,3.816,3.804,0.05,0.053,0.0,0.0,0.0,14.15359954679567,121.26241599943363,14.885205,380.0,true,FixedHeight,false,false,false,false,,true,false,false,,40,,380.0,401,Android,4.3.62,Clinton Spark,0BMCE8B0112XGP,,,0C0AF8NB33038T,,,121.5,23.604368,11.5,1.9104973,2.0,2,0,Clinton Spark,0BMCE8B0112XGP,,,Android,4.3.62
2025-11-19T04:23:03.503Z,32.2,14.153565186598023,121.26245306075698,7.8,7.9,4.6,22.685205,0.0,0.1,0.0,0.9,0.0,0.1,-0.6,0.2,-85.2,GPSAtti,AutoFly,None,true,Already,12,4,Spark,true,false,Standby,Smart,false,true,false,None,true,MonitorError,false,false,false,false,false,false,false,false,false,false,0,YawFollow,-85.0,0.0,-85.0,false,false,false,false,false,false,false,,,,1024,1024,1024,1024,92,11.387,0.0,0,0,3,false,3.766,3.816,3.804,0.05,0.053,0.0,0.0,0.0,14.15359954679567,121.26241599943363,14.885205,380.0,true,FixedHeight,false,false,false,false,,true,false,false,,40,,380.0,401,Android,4.3.62,Clinton Spark,0BMCE8B0112XGP,,,0C0AF8NB33038T,,,121.5,23.604368,11.5,1.9104973,2.0,2,0,Clinton Spark,0BMCE8B0112XGP,,,Android,4.3.62
2025-11-19T04:23:03.503Z,32.3,14.153565183920861,121.2624530583251,7.8,7.9,4.7,22.685205,0.0,0.1,0.0,0.9,0.0,0.1,-0.6,0.3,-85.2,GPSAtti,AutoFly,None,true,Already,12,4,Spark,true,false,Standby,Smart,false,true,false,None,true,MonitorError,false,false,false,false,false,false,false,false,false,false,0,YawFollow,-85.0,0.0,-85.0,false,false,false,false,false,false,false,,,,1024,1024,1024,1024,92,11.387,0.0,0,0,3,false,3.766,3.816,3.804,0.05,0.053,0.0,0.0,0.0,14.15359954679567,121.26241599943363,14.885205,380.0,true,FixedHeight,false,false,false,false,,true,false,false,,40,,380.0,401,Android,4.3.62,Clinton Spark,0BMCE8B0112XGP,,,0C0AF8NB33038T,,,121.5,23.604368,11.5,1.9104973,2.0,2,0,Clinton Spark,0BMCE8B0112XGP,,,Android,4.3.62
2025-11-19T04:23:03.503Z,32.4,14.153565221868492,121.26245305941846,7.8,7.9,4.8,22.685205,0.0,0.1,0.0,0.9,0.0,0.1,-0.4,0.1,-85.3,GPSAtti,AutoFly,None,true,Already,12,4,Spark,true,false,Standby,Smart,false,true,false,None,true,MonitorError,false,false,false,false,false,false,false,false,false,false,0,YawFollow,-85.0,0.0,-85.1,false,false,false,false,false,false,false,,,,1024,1024,1024,1024,92,11.387,0.0,0,0,3,false,3.766,3.816,3.804,0.05,0.053,0.0,0.0,0.0,14.15359954679567,121.26241599943363,14.885205,380.0,true,FixedHeight,false,false,false,false,,true,false,false,,40,,380.0,401,Android,4.3.62,Clinton Spark,0BMCE8B0112XGP,,,0C0AF8NB33038T,,,121.5,23.604368,11.5,1.9104973,2.0,2,0,Clinton Spark,0BMCE8B0112XGP,,,Android,4.3.62
2025-11-19T04:23:03.606Z,32.5,14.1535652617328,121.26245308419004,7.8,7.9,4.9,22.685205,0.0,0.1,0.0,0.9,0.0,0.1,-0.5,0.0,-85.2,GPSAtti,AutoFly,None,true,Already,12,4,Spark,true,false,Standby,Smart,false,true,false,None,true,MonitorError,false,false,false,false,false,false,false,false,false,false,0,YawFollow,-85.0,0.0,-85.1,false,false,false,false,false,false,false,,,,1024,1024,1024,1024,92,11.387,0.0,0,0,3,false,3.766,3.816,3.804,0.05,0.053,0.0,0.0,0.0,14.15359954679567,121.26241599943363,14.885205,380.0,true,FixedHeight,false,false,false,false,,true,false,false,,40,,380.0,401,Android,4.3.62,Clinton Spark,0BMCE8B0112XGP,,,0C0AF8NB33038T,,,121.5,23.604368,11.5,1.9104973,2.0,2,0,Clinton Spark,0BMCE8B0112XGP,,,Android,4.3.62
2025-11-19T04:23:03.606Z,32.6,14.153565318708798,121.26245309729259,7.8,7.9,5.0,22.685205,0.0,0.1,0.0,0.9,0.0,0.1,-0.6,-0.3,-85.2,GPSAtti,AutoFly,None,true,Already,12,4,Spark,true,false,Standby,Smart,false,true,false,None,true,MonitorError,false,false,false,false,false,false,false,false,false,false,0,YawFollow,-85.0,0.0,-85.1,false,false,false,false,false,false,false,,,,1024,1024,1024,1024,92,11.387,0.0,0,0,3,false,3.766,3.816,3.804,0.05,0.053,0.0,0.0,0.0,14.15359954679567,121.26241599943363,14.885205,380.0,true,FixedHeight,false,false,false,false,,true,false,false,,40,,380.0,401,Android,4.3.62,Clinton Spark,0BMCE8B0112XGP,,,0C0AF8NB33038T,,,121.5,23.604368,11.5,1.9104973,2.0,2,0,Clinton Spark,0BMCE8B0112XGP,,,Android,4.3.62
2025-11-19T04:23:03.810Z,32.7,14.153565354116056,121.26245310534365,7.8,7.9,5.1,22.685205,0.0,0.1,0.0,0.9,0.0,0.1,-0.4,-0.6,-85.2,GPSAtti,AutoFly,None,true,Already,12,4,Spark,true,false,Standby,Smart,false,true,false,None,true,MonitorError,false,false,false,false,false,false,false,false,false,false,0,YawFollow,-85.0,0.0,-85.1,false,false,false,false,false,false,false,,,,1024,1024,1024,1024,92,11.387,0.0,0,0,3,false,3.766,3.816,3.804,0.05,0.053,0.0,0.0,0.0,14.15359954679567,121.26241599943363,14.885205,380.0,true,FixedHeight,false,false,false,false,,true,false,false,,40,,380.0,401,Android,4.3.62,Clinton Spark,0BMCE8B0112XGP,,,0C0AF8NB33038T,,,121.5,23.604368,11.5,1.9104973,2.0,2,0,Clinton Spark,0BMCE8B0112XGP,,,Android,4.3.62
2025-11-19T04:23:03.913Z,32.8,14.153565386543262,121.2624530913929,7.8,7.9,5.2,22.685205,0.0,0.1,0.0,0.9,0.0,0.1,-0.2,-0.8,-85.1,GPSAtti,AutoFly,None,true,Already,12,4,Spark,true,false,Standby,Smart,false,true,false,None,true,MonitorError,false,false,false,false,false,false,false,false,false,false,0,YawFollow,-85.0,0.0,-85.1,false,false,false,false,false,false,false,,,,1024,1024,1024,1024,92,11.383,0.0,0,0,3,false,3.766,3.816,3.804,0.05,0.053,0.0,0.0,0.0,14.15359954679567,121.26241599943363,14.885205,380.0,true,FixedHeight,false,false,false,false,,true,false,false,,40,,380.0,401,Android,4.3.62,Clinton Spark,0BMCE8B0112XGP,,,0C0AF8NB33038T,,,121.5,23.604368,11.5,1.9104973,2.0,2,0,Clinton Spark,0BMCE8B0112XGP,,,Android,4.3.62
2025-11-19T04:23:04.015Z,32.9,14.153565395872617,121.26245307841404,7.8,7.9,5.3,22.685205,0.0,0.1,0.0,0.9,0.0,0.1,0.0,-0.9,-85.1,GPSAtti,AutoFly,None,true,Already,12,4,Spark,true,false,Standby,Smart,false,true,false,None,true,MonitorError,false,false,false,false,false,false,false,false,false,false,0,YawFollow,-85.0,0.0,-85.2,false,false,false,false,false,false,false,,,,1024,1024,1024,1024,92,11.383,0.0,0,0,3,false,3.766,3.816,3.804,0.05,0.053,0.0,0.0,0.0,14.15359954679567,121.26241599943363,14.885205,380.0,true,FixedHeight,false,false,false,false,,true,false,false,,40,,380.0,401,Android,4.3.62,Clinton Spark,0BMCE8B0112XGP,,,0C0AF8NB33038T,,,121.5,23.604368,11.5,1.9104973,2.0,2,0,Clinton Spark,0BMCE8B0112XGP,,,Android,4.3.62
2025-11-19T04:23:04.219Z,33.0,14.153565396328583,121.26245308197683,7.8,7.9,5.4,22.685205,0.0,0.1,0.0,0.9,0.0,0.1,0.0,-1.0,-85.1,GPSAtti,AutoFly,None,true,Already,12,4,Spark,true,false,Standby,Smart,false,true,false,None,true,MonitorError,false,false,false,false,false,false,false,false,false,false,0,YawFollow,-85.0,0.0,-85.1,false,false,false,false,false,false,false,,,,1024,1024,1024,1024,92,11.383,0.0,0,0,3,false,3.766,3.816,3.804,0.05,0.053,0.0,0.0,0.0,14.15359954679567,121.26241599943363,14.885205,380.0,true,FixedHeight,false,false,false,false,,true,false,false,,40,,380.0,401,Android,4.3.62,Clinton Spark,0BMCE8B0112XGP,,,0C0AF8NB33038T,,,121.5,23.604368,11.5,1.9104973,2.0,2,0,Clinton Spark,0BMCE8B0112XGP,,,Android,4.3.62
2025-11-19T04:23:04.321Z,33.1,14.1535653729083,121.26245311926122,7.8,7.9,5.5,22.685205,0.0,0.1,0.0,0.9,0.0,0.1,-0.4,-0.8,-85.2,GPSAtti,AutoFly,None,true,Already,12,4,Spark,true,false,Standby,Smart,false,true,false,None,true,MonitorError,false,false,false,false,false,false,false,false,false,false,0,YawFollow,-85.0,0.0,-85.2,false,false,false,false,false,false,false,,,,1024,1024,1024,1024,92,11.383,0.0,0,0,3,false,3.766,3.816,3.804,0.05,0.053,0.0,0.0,0.0,14.15359954679567,121.26241599943363,14.885205,380.0,true,FixedHeight,false,false,false,false,,true,false,false,,40,,380.0,401,Android,4.3.62,Clinton Spark,0BMCE8B0112XGP,,,0C0AF8NB33038T,,,121.5,23.604368,11.5,1.9104973,2.0,2,0,Clinton Spark,0BMCE8B0112XGP,,,Android,4.3.62
2025-11-19T04:23:04.321Z,33.2,14.153565337843016,121.26245316657355,7.8,7.9,5.6,22.685205,0.0,0.1,0.0,0.9,0.0,0.1,-0.7,-0.5,-85.1,GPSAtti,AutoFly,None,true,Already,12,4,Spark,true,false,Standby,Smart,false,true,false,None,true,MonitorError,false,false,false,false,false,false,false,false,false,false,0,YawFollow,-85.0,0.0,-85.2,false,false,false,false,false,false,false,,,,1024,1024,1024,1024,92,11.383,0.0,0,0,3,false,3.766,3.816,3.804,0.05,0.053,0.0,0.0,0.0,14.15359954679567,121.26241599943363,14.885205,380.0,true,FixedHeight,false,false,false,false,,true,false,false,,40,,380.0,401,Android,4.3.62,Clinton Spark,0BMCE8B0112XGP,,,0C0AF8NB33038T,,,121.5,23.604368,11.5,1.9104973,2.0,2,0,Clinton Spark,0BMCE8B0112XGP,,,Android,4.3.62
2025-11-19T04:23:04.423Z,33.3,14.153565289159054,121.26245320655048,7.8,7.9,5.7,22.685205,0.0,0.1,0.0,0.9,0.0,0.1,-0.7,-0.2,-85.1,GPSAtti,AutoFly,None,true,Already,12,4,Spark,true,false,Standby,Smart,false,true,false,None,true,MonitorError,false,false,false,false,false,false,false,false,false,false,0,YawFollow,-85.0,0.0,-85.2,false,false,false,false,false,false,false,,,,1024,1024,1024,1024,92,11.383,0.0,0,0,3,false,3.766,3.816,3.804,0.05,0.053,0.0,0.0,0.0,14.15359954679567,121.26241599943363,14.885205,380.0,true,FixedHeight,false,false,false,false,,true,false,false,,40,,380.0,401,Android,4.3.62,Clinton Spark,0BMCE8B0112XGP,,,0C0AF8NB33038T,,,121.5,23.604368,11.5,1.9104973,2.0,2,0,Clinton Spark,0BMCE8B0112XGP,,,Android,4.3.62
2025-11-19T04:23:04.524Z,33.4,14.153565232547827,121.26245323962051,7.8,7.9,5.7,22.685205,0.0,0.1,0.0,0.9,0.0,0.1,-0.6,-0.4,-85.1,GPSAtti,AutoFly,None,true,Already,12,4,Spark,true,false,Standby,Smart,false,true,false,None,true,MonitorError,false,false,false,false,false,false,false,false,false,false,0,YawFollow,-85.0,0.0,-85.1,false,false,false,false,false,false,false,,,,1024,1024,1024,1024,92,11.383,0.0,0,0,3,false,3.766,3.816,3.804,0.05,0.053,0.0,0.0,0.0,14.15359954679567,121.26241599943363,14.885205,380.0,true,FixedHeight,false,false,false,false,,true,false,false,,40,,380.0,401,Android,4.3.62,Clinton Spark,0BMCE8B0112XGP,,,0C0AF8NB33038T,,,121.5,23.604368,11.5,1.9104973,2.0,2,0,Clinton Spark,0BMCE8B0112XGP,,,Android,4.3.62
2025-11-19T04:23:04.626Z,33.5,14.15356516647697,121.26245327511579,7.8,7.9,5.7,22.685205,0.0,0.1,0.0,0.9,0.0,0.1,-0.8,-0.4,-85.2,GPSAtti,AutoFly,None,true,Already,12,4,Spark,true,false,Standby,Smart,false,true,false,None,true,MonitorError,false,false,false,false,false,false,false,false,false,false,0,YawFollow,-85.0,0.0,-85.2,false,false,false,false,false,false,false,,,,1024,1024,1024,1024,92,11.383,0.0,0,0,3,false,3.766,3.816,3.804,0.05,0.053,0.0,0.0,0.0,14.15359954679567,121.26241599943363,14.885205,380.0,true,FixedHeight,false,false,false,false,,true,false,false,,40,,380.0,401,Android,4.3.62,Clinton Spark,0BMCE8B0112XGP,,,0C0AF8NB33038T,,,121.5,23.604368,11.5,1.9104973,2.0,2,0,Clinton Spark,0BMCE8B0112XGP,,,Android,4.3.62
2025-11-19T04:23:04.728Z,33.6,14.153565117449405,121.26245329455095,7.8,7.9,5.8,22.685205,0.0,0.1,0.0,0.9,0.0,0.1,-1.2,-0.2,-85.2,GPSAtti,AutoFly,None,true,Already,12,4,Spark,true,false,Standby,Smart,false,true,false,None,true,MonitorError,false,false,false,false,false,false,false,false,false,false,0,YawFollow,-85.0,0.0,-85.2,false,false,false,false,false,false,false,,,,1024,1024,1024,1024,92,11.383,0.0,0,0,3,false,3.766,3.816,3.804,0.05,0.053,0.0,0.0,0.0,14.15359954679567,121.26241599943363,14.885205,380.0,true,FixedHeight,false,false,false,false,,true,false,false,,40,,380.0,401,Android,4.3.62,Clinton Spark,0BMCE8B0112XGP,,,0C0AF8NB33038T,,,121.5,23.604368,11.5,1.9104973,2.0,2,0,Clinton Spark,0BMCE8B0112XGP,,,Android,4.3.62
2025-11-19T04:23:04.831Z,33.7,14.153565071514256,121.26245329276844,7.8,7.9,5.8,22.685205,0.0,0.1,0.0,0.9,0.0,0.1,-0.9,0.1,-85.2,GPSAtti,AutoFly,None,true,Already,12,4,Spark,true,false,Standby,Smart,false,true,false,None,true,MonitorError,false,false,false,false,false,false,false,false,false,false,0,YawFollow,-85.0,0.0,-85.2,false,false,false,false,false,false,false,,,,1024,1024,1024,1024,92,11.383,0.0,0,0,3,false,3.766,3.816,3.804,0.05,0.053,0.0,0.0,0.0,14.15359954679567,121.26241599943363,14.885205,380.0,true,FixedHeight,false,false,false,false,,true,false,false,,40,,380.0,401,Android,4.3.62,Clinton Spark,0BMCE8B0112XGP,,,0C0AF8NB33038T,,,121.5,23.604368,11.5,1.9104973,2.0,2,0,Clinton Spark,0BMCE8B0112XGP,,,Android,4.3.62
2025-11-19T04:23:04.932Z,33.8,14.15356504074318,121.26245328962091,7.8,7.9,5.9,22.685205,0.0,0.1,0.0,0.9,0.0,0.1,-0.6,0.0,-85.3,GPSAtti,AutoFly,None,true,Already,12,4,Spark,true,false,Standby,Smart,false,true,false,None,true,MonitorError,false,false,false,false,false,false,false,false,false,false,0,YawFollow,-85.0,0.0,-85.2,false,false,false,false,false,false,false,,,,1024,1024,1024,1024,92,11.382,0.0,0,0,3,false,3.766,3.816,3.804,0.05,0.053,0.0,0.0,0.0,14.15359954679567,121.26241599943363,14.885205,380.0,true,FixedHeight,false,false,false,false,,true,false,false,,40,,380.0,401,Android,4.3.62,Clinton Spark,0BMCE8B0112XGP,,,0C0AF8NB33038T,,,121.5,23.604368,11.5,1.9104973,2.0,2,0,Clinton Spark,0BMCE8B0112XGP,,,Android,4.3.62
2025-11-19T04:23:05.034Z,33.9,14.15356500652957,121.26245329254316,7.8,7.9,5.4,22.685205,0.0,0.1,0.0,0.9,0.0,0.1,-0.4,-0.2,-85.4,GPSAtti,AutoFly,None,true,Already,12,4,Spark,false,false,Standby,Smart,false,true,false,None,true,MonitorError,false,false,false,false,false,false,false,false,false,false,0,YawFollow,-85.0,0.0,-85.3,false,false,false,false,false,false,false,,,,1024,1024,1024,1024,92,11.382,0.0,0,0,3,false,3.766,3.816,3.804,0.05,0.053,0.0,0.0,0.0,14.15359954679567,121.26241599943363,14.885205,380.0,true,FixedHeight,false,false,false,false,,true,false,false,,40,,380.0,401,Android,4.3.62,Clinton Spark,0BMCE8B0112XGP,,,0C0AF8NB33038T,,,121.5,23.604368,11.5,1.9104973,2.0,2,0,Clinton Spark,0BMCE8B0112XGP,,,Android,4.3.62
2025-11-19T04:23:05.034Z,34.0,14.153565003785642,121.26245328670974,7.8,7.9,5.4,22.685205,0.0,0.1,0.0,0.9,0.0,0.1,-0.3,-0.4,-85.4,GPSAtti,AutoFly,None,true,Already,12,4,Spark,true,false,Standby,Smart,false,true,false,None,true,MonitorError,false,false,false,false,false,false,false,false,false,false,0,YawFollow,-85.0,0.0,-85.2,false,false,false,false,false,false,false,,,,1024,1024,1024,1024,92,11.382,0.0,0,0,3,false,3.766,3.816,3.804,0.05,0.053,0.0,0.0,0.0,14.15359954679567,121.26241599943363,14.885205,380.0,true,FixedHeight,false,false,false,false,,true,false,false,,40,,380.0,401,Android,4.3.62,Clinton Spark,0BMCE8B0112XGP,,,0C0AF8NB33038T,,,121.5,23.604368,11.5,1.9104973,2.0,2,0,Clinton Spark,0BMCE8B0112XGP,,,Android,4.3.62
2025-11-19T04:23:05.136Z,34.1,14.153564993409198,121.26245327866754,7.8,7.9,5.3,22.685205,0.0,0.1,0.0,0.9,0.0,0.1,-0.5,-0.2,-85.4,GPSAtti,AutoFly,None,true,Already,12,4,Spark,true,false,Standby,Smart,false,true,false,None,true,MonitorError,false,false,false,false,false,false,false,false,false,false,0,YawFollow,-85.0,0.0,-85.3,false,false,false,false,false,false,false,,,,1024,1024,1024,1024,92,11.382,0.0,0,0,3,false,3.766,3.816,3.804,0.05,0.053,0.0,0.0,0.0,14.15359954679567,121.26241599943363,14.885205,380.0,true,FixedHeight,false,false,false,false,,true,false,false,,40,,380.0,401,Android,4.3.62,Clinton Spark,0BMCE8B0112XGP,,,0C0AF8NB33038T,,,121.5,23.604368,11.5,1.9104973,2.0,2,0,Clinton Spark,0BMCE8B0112XGP,,,Android,4.3.62
2025-11-19T04:23:05.238Z,34.2,14.153564997859736,121.26245329293411,7.8,7.9,5.2,22.685205,0.0,0.1,0.0,0.9,0.0,0.1,-1.0,0.1,-85.4,GPSAtti,AutoFly,None,true,Already,12,4,Spark,true,false,Standby,Smart,false,true,false,None,true,MonitorError,false,false,false,false,false,false,false,false,false,false,0,YawFollow,-85.0,0.0,-85.2,false,false,false,false,false,false,false,,,,1024,1024,1024,1024,92,11.382,0.0,0,0,3,false,3.766,3.816,3.804,0.05,0.053,0.0,0.0,0.0,14.15359954679567,121.26241599943363,14.885205,380.0,true,FixedHeight,false,false,false,false,,true,false,false,,40,,380.0,401,Android,4.3.62,Clinton Spark,0BMCE8B0112XGP,,,0C0AF8NB33038T,,,121.5,23.604368,11.5,1.9104973,2.0,2,0,Clinton Spark,0BMCE8B0112XGP,,,Android,4.3.62
2025-11-19T04:23:05.341Z,34.3,14.153564992152038,121.26245331778965,7.8,7.9,5.1,22.685205,0.0,0.1,0.0,0.9,0.0,0.1,-1.1,0.2,-85.4,GPSAtti,AutoFly,None,true,Already,12,4,Spark,true,false,Standby,Smart,false,true,false,None,true,MonitorError,false,false,false,false,false,false,false,false,false,false,0,YawFollow,-85.0,0.0,-85.2,false,false,false,false,false,false,false,,,,1024,1024,1024,1024,92,11.382,0.0,0,0,3,false,3.766,3.816,3.804,0.05,0.053,0.0,0.0,0.0,14.15359954679567,121.26241599943363,14.885205,380.0,true,FixedHeight,false,false,false,false,,true,false,false,,40,,380.0,401,Android,4.3.62,Clinton Spark,0BMCE8B0112XGP,,,0C0AF8NB33038T,,,121.5,23.604368,11.5,1.9104973,2.0,2,0,Clinton Spark,0BMCE8B0112XGP,,,Android,4.3.62
2025-11-19T04:23:05.647Z,34.4,14.153565022382473,121.26245333507345,7.8,7.9,5.1,22.685205,0.0,0.1,0.0,0.9,0.0,0.1,-0.8,0.0,-85.3,GPSAtti,AutoFly,None,true,Already,12,4,Spark,true,false,Standby,Smart,false,true,false,None,true,MonitorError,false,false,false,false,false,false,false,false,false,false,0,YawFollow,-85.0,0.0,-85.2,false,false,false,false,false,false,false,,,,1024,1024,1024,1024,92,11.382,0.0,0,0,3,false,3.766,3.816,3.804,0.05,0.053,0.0,0.0,0.0,14.15359954679567,121.26241599943363,14.885205,380.0,true,FixedHeight,false,false,false,false,,true,false,false,,40,,380.0,401,Android,4.3.62,Clinton Spark,0BMCE8B0112XGP,,,0C0AF8NB33038T,,,121.5,23.604368,11.5,1.9104973,2.0,2,0,Clinton Spark,0BMCE8B0112XGP,,,Android,4.3.62
2025-11-19T04:23:05.748Z,34.5,14.1535650404582,121.2624533303378,7.8,7.9,5.0,22.685205,0.0,0.1,0.0,0.9,0.0,0.1,-0.6,0.0,-85.3,GPSAtti,AutoFly,None,true,Already,12,4,Spark,true,false,Standby,Smart,false,true,false,None,true,MonitorError,false,false,false,false,false,false,false,false,false,false,0,YawFollow,-85.0,0.0,-85.3,false,false,false,false,false,false,false,,,,1024,1024,1024,1024,92,11.382,0.0,0,0,3,false,3.766,3.816,3.804,0.05,0.053,0.0,0.0,0.0,14.15359954679567,121.26241599943363,14.885205,380.0,true,FixedHeight,false,false,false,false,,true,false,false,,40,,380.0,401,Android,4.3.62,Clinton Spark,0BMCE8B0112XGP,,,0C0AF8NB33038T,,,121.5,23.604368,11.5,1.9104973,2.0,2,0,Clinton Spark,0BMCE8B0112XGP,,,Android,4.3.62
2025-11-19T04:23:05.853Z,34.6,14.153565077181241,121.26245331591662,7.8,7.9,4.9,22.685205,0.0,0.1,0.0,0.9,0.0,0.1,-0.7,0.0,-85.3,GPSAtti,AutoFly,None,true,Already,12,4,Spark,true,false,Standby,Smart,false,true,false,None,true,MonitorError,false,false,false,false,false,false,false,false,false,false,0,YawFollow,-85.0,0.0,-85.3,false,false,false,false,false,false,false,,,,1024,1024,1024,1024,92,11.382,0.0,0,0,3,false,3.766,3.816,3.804,0.05,0.053,0.0,0.0,0.0,14.15359954679567,121.26241599943363,14.885205,380.0,true,FixedHeight,false,false,false,false,,true,false,false,,40,,380.0,401,Android,4.3.62,Clinton Spark,0BMCE8B0112XGP,,,0C0AF8NB33038T,,,121.5,23.604368,11.5,1.9104973,2.0,2,0,Clinton Spark,0BMCE8B0112XGP,,,Android,4.3.62
2025-11-19T04:23:05.853Z,34.7,14.153565092675887,121.26245329213896,7.8,7.9,4.8,22.685205,0.0,0.1,0.0,0.9,0.0,0.1,-0.7,0.1,-85.3,GPSAtti,AutoFly,None,true,Already,12,4,Spark,true,false,Standby,Smart,false,true,false,None,true,MonitorError,false,false,false,false,false,false,false,false,false,false,0,YawFollow,-85.0,0.0,-85.3,false,false,false,false,false,false,false,,,,1024,1024,1024,1024,92,11.382,0.0,0,0,3,false,3.766,3.816,3.804,0.05,0.053,0.0,0.0,0.0,14.15359954679567,121.26241599943363,14.885205,380.0,true,FixedHeight,false,false,false,false,,true,false,false,,40,,380.0,401,Android,4.3.62,Clinton Spark,0BMCE8B0112XGP,,,0C0AF8NB33038T,,,121.5,23.604368,11.5,1.9104973,2.0,2,0,Clinton Spark,0BMCE8B0112XGP,,,Android,4.3.62
2025-11-19T04:23:06.058Z,34.8,14.153565137922204,121.26245325293952,7.8,7.9,4.7,22.685205,0.0,0.1,0.0,0.9,0.0,0.1,-1.0,0.0,-85.3,GPSAtti,AutoFly,None,true,Already,12,4,Spark,true,false,Standby,Smart,false,true,false,None,true,MonitorError,false,false,false,false,false,false,false,false,false,false,0,YawFollow,-85.0,0.0,-85.3,false,false,false,false,false,false,false,,,,1024,1024,1024,1024,92,11.38,0.0,0,0,3,false,3.766,3.816,3.804,0.05,0.053,0.0,0.0,0.0,14.15359954679567,121.26241599943363,14.885205,380.0,true,FixedHeight,false,false,false,false,,true,false,false,,40,,380.0,401,Android,4.3.62,Clinton Spark,0BMCE8B0112XGP,,,0C0AF8NB33038T,,,121.5,23.604368,11.5,1.9104973,2.0,2,0,Clinton Spark,0BMCE8B0112XGP,,,Android,4.3.62
2025-11-19T04:23:06.161Z,34.9,14.153565172445216,121.26245319815044,7.8,7.9,4.6,22.685205,0.0,0.1,0.0,0.9,0.0,0.1,-1.1,0.1,-85.3,GPSAtti,AutoFly,None,true,Already,12,4,Spark,true,false,Standby,Smart,false,true,false,None,true,MonitorError,false,false,false,false,false,false,false,false,false,false,0,YawFollow,-85.0,0.0,-85.3,false,false,false,false,false,false,false,,,,1024,1024,1024,1024,92,11.38,0.0,0,0,3,false,3.766,3.816,3.804,0.05,0.053,0.0,0.0,0.0,14.15359954679567,121.26241599943363,14.885205,380.0,true,FixedHeight,false,false,false,false,,true,false,false,,40,,380.0,401,Android,4.3.62,Clinton Spark,0BMCE8B0112XGP,,,0C0AF8NB33038T,,,121.5,23.604368,11.5,1.9104973,2.0,2,0,Clinton Spark,0BMCE8B0112XGP,,,Android,4.3.62
2025-11-19T04:23:06.161Z,35.0,14.153565219828051,121.26245314487439,7.8,7.9,4.6,22.685205,0.0,0.1,0.0,0.9,0.0,0.1,-0.8,0.0,-85.2,GPSAtti,AutoFly,None,true,Already,12,4,Spark,true,false,Standby,Smart,false,true,false,None,true,MonitorError,false,false,false,false,false,false,false,false,false,false,0,YawFollow,-85.0,0.0,-85.3,false,false,false,false,false,false,false,,,,1024,1024,1024,1024,92,11.38,0.0,0,0,3,false,3.766,3.816,3.804,0.05,0.053,0.0,0.0,0.0,14.15359954679567,121.26241599943363,14.885205,380.0,true,FixedHeight,false,false,false,false,,true,false,false,,40,,380.0,401,Android,4.3.62,Clinton Spark,0BMCE8B0112XGP,,,0C0AF8NB33038T,,,121.5,23.604368,11.5,1.9104973,2.0,2,0,Clinton Spark,0BMCE8B0112XGP,,,Android,4.3.62
2025-11-19T04:23:06.263Z,35.1,14.153565242269638,121.26245310371134,7.8,7.9,4.6,22.685205,0.0,0.1,0.0,0.9,0.0,0.1,-0.7,-0.3,-85.2,GPSAtti,AutoFly,None,true,Already,12,4,Spark,true,false,Standby,Smart,false,true,false,None,true,MonitorError,false,false,false,false,false,false,false,false,false,false,0,YawFollow,-85.0,0.0,-85.3,false,false,false,false,false,false,false,,,,1024,1024,1024,1024,92,11.38,0.0,0,0,3,false,3.766,3.816,3.804,0.05,0.053,0.0,0.0,0.0,14.15359954679567,121.26241599943363,14.885205,380.0,true,FixedHeight,false,false,false,false,,true,false,false,,40,,380.0,401,Android,4.3.62,Clinton Spark,0BMCE8B0112XGP,,,0C0AF8NB33038T,,,121.5,23.604368,11.5,1.9104973,2.0,2,0,Clinton Spark,0BMCE8B0112XGP,,,Android,4.3.62
2025-11-19T04:23:06.467Z,35.2,14.15356528240427,121.26245308901183,7.8,7.9,4.5,22.685205,0.0,0.1,0.0,0.9,0.0,0.1,-0.7,-0.3,-85.2,GPSAtti,AutoFly,None,true,Already,12,4,Spark,true,false,Standby,Smart,false,true,false,None,true,MonitorError,false,false,false,false,false,false,false,false,false,false,0,YawFollow,-85.0,0.0,-85.3,false,false,false,false,false,false,false,,,,1024,1024,1024,1024,92,11.38,0.0,0,0,3,false,3.766,3.816,3.804,0.05,0.053,0.0,0.0,0.0,14.15359954679567,121.26241599943363,14.885205,380.0,true,FixedHeight,false,false,false,false,,true,false,false,,40,,380.0,401,Android,4.3.62,Clinton Spark,0BMCE8B0112XGP,,,0C0AF8NB33038T,,,121.5,23.604368,11.5,1.9104973,2.0,2,0,Clinton Spark,0BMCE8B0112XGP,,,Android,4.3.62
2025-11-19T04:23:06.772Z,35.3,14.153565310542152,121.26245307233766,7.8,7.9,4.4,22.685205,0.0,0.1,0.0,0.9,0.0,0.1,-0.8,-0.2,-85.3,GPSAtti,AutoFly,None,true,Already,12,4,Spark,true,false,Standby,Smart,false,true,false,None,true,MonitorError,false,false,false,false,false,false,false,false,false,false,0,YawFollow,-85.0,0.0,-85.3,false,false,false,false,false,false,false,,,,1024,1024,1024,1024,92,11.38,0.0,0,0,3,false,3.766,3.816,3.804,0.05,0.053,0.0,0.0,0.0,14.15359954679567,121.26241599943363,14.885205,380.0,true,FixedHeight,false,false,false,false,,true,false,false,,40,,380.0,401,Android,4.3.62,Clinton Spark,0BMCE8B0112XGP,,,0C0AF8NB33038T,,,121.5,23.604368,11.5,1.9104973,2.0,2,0,Clinton Spark,0BMCE8B0112XGP,,,Android,4.3.62
2025-11-19T04:23:06.772Z,35.4,14.153565337054848,121.26245308007064,7.8,7.9,0.0,22.685205,0.0,0.1,0.0,0.9,0.0,0.1,-1.3,0.1,-85.2,GPSAtti,AutoFly,None,true,Already,12,4,Spark,false,false,Standby,Smart,false,true,false,None,true,MonitorError,false,false,false,false,false,false,false,false,false,false,0,YawFollow,-85.0,0.0,-85.3,false,false,false,false,false,false,false,,,,1024,1024,1024,1024,92,11.38,0.0,0,0,3,false,3.766,3.816,3.804,0.05,0.053,0.0,0.0,0.0,14.15359954679567,121.26241599943363,14.885205,380.0,true,FixedHeight,false,false,false,false,,true,false,false,,40,,380.0,401,Android,4.3.62,Clinton Spark,0BMCE8B0112XGP,,,0C0AF8NB33038T,,,121.5,23.604368,11.5,1.9104973,2.0,2,0,Clinton Spark,0BMCE8B0112XGP,,,Android,4.3.62
2025-11-19T04:23:06.874Z,35.5,14.153565340106553,121.26245307194009,7.8,7.9,4.8,22.685205,0.0,0.1,0.0,0.9,0.0,0.1,-1.3,0.1,-85.3,GPSAtti,AutoFly,None,true,Already,12,4,Spark,false,false,Standby,Smart,false,true,false,None,true,MonitorError,false,false,false,false,false,false,false,false,false,false,0,YawFollow,-85.0,0.0,-85.3,false,false,false,false,false,false,false,,,,1024,1024,1024,1024,92,11.38,0.0,0,0,3,false,3.766,3.816,3.804,0.05,0.053,0.0,0.0,0.0,14.15359954679567,121.26241599943363,14.885205,380.0,true,FixedHeight,false,false,false,false,,true,false,false,,40,,380.0,401,Android,4.3.62,Clinton Spark,0BMCE8B0112XGP,,,0C0AF8NB33038T,,,121.5,23.604368,11.5,1.9104973,2.0,2,0,Clinton Spark,0BMCE8B0112XGP,,,Android,4.3.62
2025-11-19T04:23:06.874Z,35.6,14.153565349159074,121.26245304779579,7.8,7.9,4.8,22.685205,0.0,0.1,0.0,0.9,0.0,0.1,-0.9,0.2,-85.2,GPSAtti,AutoFly,None,true,Already,12,4,Spark,true,false,Standby,Smart,false,true,false,None,true,MonitorError,false,false,false,false,false,false,false,false,false,false,0,YawFollow,-85.0,0.0,-85.3,false,false,false,false,false,false,false,,,,1024,1024,1024,1024,92,11.38,0.0,0,0,3,false,3.766,3.816,3.804,0.05,0.053,0.0,0.0,0.0,14.15359954679567,121.26241599943363,14.885205,380.0,true,FixedHeight,false,false,false,false,,true,false,false,,40,,380.0,401,Android,4.3.62,Clinton Spark,0BMCE8B0112XGP,,,0C0AF8NB33038T,,,121.5,23.604368,11.5,1.9104973,2.0,2,0,Clinton Spark,0BMCE8B0112XGP,,,Android,4.3.62
2025-11-19T04:23:07.077Z,35.7,14.153565349045081,121.26245300594802,7.8,7.9,4.8,22.685205,0.0,0.1,0.0,0.9,0.0,0.1,-0.5,0.0,-85.2,GPSAtti,AutoFly,None,true,Already,12,4,Spark,true,false,Standby,Smart,false,true,false,None,true,MonitorError,false,false,false,false,false,false,false,false,false,false,0,YawFollow,-85.0,0.0,-85.4,false,false,false,false,false,false,false,,,,1024,1024,1024,1024,92,11.38,0.0,0,0,3,false,3.766,3.816,3.804,0.05,0.053,0.0,0.0,0.0,14.15359954679567,121.26241599943363,14.885205,380.0,true,FixedHeight,false,false,false,false,,true,false,false,,40,,380.0,401,Android,4.3.62,Clinton Spark,0BMCE8B0112XGP,,,0C0AF8NB33038T,,,121.5,23.604368,11.5,1.9104973,2.0,2,0,Clinton Spark,0BMCE8B0112XGP,,,Android,4.3.62
2025-11-19T04:23:07.077Z,35.8,14.153565378085124,121.26245296138565,7.8,7.9,4.9,22.685205,0.0,0.1,0.0,0.9,0.0,0.1,-0.4,0.1,-85.2,GPSAtti,AutoFly,None,true,Already,12,5,Spark,true,false,Standby,Smart,false,true,false,None,true,MonitorError,false,false,false,false,false,false,false,false,false,false,0,YawFollow,-85.0,0.0,-85.3,false,false,false,false,false,false,false,,,,1024,1024,1024,1024,92,11.384,0.0,0,0,3,false,3.766,3.816,3.804,0.05,0.053,0.0,0.0,0.0,14.15359954679567,121.26241599943363,14.885205,380.0,true,FixedHeight,false,false,false,false,,true,false,false,,40,,380.0,401,Android,4.3.62,Clinton Spark,0BMCE8B0112XGP,,,0C0AF8NB33038T,,,121.5,23.604368,11.5,1.9104973,2.0,2,0,Clinton Spark,0BMCE8B0112XGP,,,Android,4.3.62
2025-11-19T04:23:07.179Z,35.9,14.15356540446103,121.26245291595743,7.8,7.9,5.0,22.685205,0.0,0.1,0.0,0.9,0.0,0.1,-0.5,0.3,-85.2,GPSAtti,AutoFly,None,true,Already,12,5,Spark,true,false,Standby,Smart,false,true,false,None,true,MonitorError,false,false,false,false,false,false,false,false,false,false,0,YawFollow,-85.0,0.0,-85.4,false,false,false,false,false,false,false,,,,1024,1024,1024,1024,92,11.384,0.0,0,0,3,false,3.766,3.816,3.804,0.05,0.053,0.0,0.0,0.0,14.15359954679567,121.26241599943363,14.885205,380.0,true,FixedHeight,false,false,false,false,,true,false,false,,40,,380.0,401,Android,4.3.62,Clinton Spark,0BMCE8B0112XGP,,,0C0AF8NB33038T,,,121.5,23.604368,11.5,1.9104973,2.0,2,0,Clinton Spark,0BMCE8B0112XGP,,,Android,4.3.62
2025-11-19T04:23:07.179Z,36.0,14.153565441721458,121.2624528746486,7.8,7.9,5.0,22.685205,0.0,0.1,0.0,0.9,0.0,0.1,-0.8,0.4,-85.1,GPSAtti,AutoFly,None,true,Already,12,5,Spark,true,false,Standby,Smart,false,true,false,None,true,MonitorError,false,false,false,false,false,false,false,false,false,false,0,YawFollow,-85.0,0.0,-85.4,false,false,false,false,false,false,false,,,,1024,1024,1024,1024,92,11.384,0.0,0,0,3,false,3.766,3.816,3.804,0.05,0.053,0.0,0.0,0.0,14.15359954679567,121.26241599943363,14.885205,380.0,true,FixedHeight,false,false,false,false,,true,false,false,,40,,380.0,401,Android,4.3.62,Clinton Spark,0BMCE8B0112XGP,,,0C0AF8NB33038T,,,121.5,23.604368,11.5,1.9104973,2.0,2,0,Clinton Spark,0BMCE8B0112XGP,,,Android,4.3.62
2025-11-19T04:23:07.284Z,36.1,14.153565464985409,121.26245283489035,7.8,7.9,5.0,22.685205,0.0,0.1,0.0,0.9,0.0,0.1,-0.9,0.4,-85.1,GPSAtti,AutoFly,None,true,Already,12,5,Spark,true,false,Standby,Smart,false,true,false,None,true,MonitorError,false,false,false,false,false,false,false,false,false,false,0,YawFollow,-85.0,0.0,-85.3,false,false,false,false,false,false,false,,,,1024,1024,1024,1024,92,11.384,0.0,0,0,3,false,3.766,3.816,3.804,0.05,0.053,0.0,0.0,0.0,14.15359954679567,121.26241599943363,14.885205,380.0,true,FixedHeight,false,false,false,false,,true,false,false,,40,,380.0,401,Android,4.3.62,Clinton Spark,0BMCE8B0112XGP,,,0C0AF8NB33038T,,,121.5,23.604368,11.5,1.9104973,2.0,2,0,Clinton Spark,0BMCE8B0112XGP,,,Android,4.3.62
2025-11-19T04:23:07.389Z,36.2,14.153565518183418,121.26245279339156,7.8,7.9,5.0,22.685205,0.0,0.1,0.0,0.9,0.0,0.1,-0.8,0.3,-85.2,GPSAtti,AutoFly,None,true,Already,12,5,Spark,true,false,Standby,Smart,false,true,false,None,true,MonitorError,false,false,false,false,false,false,false,false,false,false,0,YawFollow,-85.0,0.0,-85.4,false,false,false,false,false,false,false,,,,1024,1024,1024,1024,92,11.384,0.0,0,0,3,false,3.766,3.816,3.804,0.05,0.053,0.0,0.0,0.0,14.15359954679567,121.26241599943363,14.885205,380.0,true,FixedHeight,false,false,false,false,,true,false,false,,40,,380.0,401,Android,4.3.62,Clinton Spark,0BMCE8B0112XGP,,,0C0AF8NB33038T,,,121.5,23.604368,11.5,1.9104973,2.0,2,0,Clinton Spark,0BMCE8B0112XGP,,,Android,4.3.62
2025-11-19T04:23:07.693Z,36.3,14.153565572013262,121.26245275143779,7.8,7.9,5.0,22.685205,0.0,0.1,0.0,0.9,0.0,0.1,-0.4,0.0,-85.2,GPSAtti,AutoFly,None,true,Already,12,5,Spark,true,false,Standby,Smart,false,true,false,None,true,MonitorError,false,false,false,false,false,false,false,false,false,false,0,YawFollow,-85.0,0.0,-85.4,false,false,false,false,false,false,false,,,,1024,1024,1024,1024,92,11.384,0.0,0,0,3,false,3.766,3.816,3.804,0.05,0.053,0.0,0.0,0.0,14.15359954679567,121.26241599943363,14.885205,380.0,true,FixedHeight,false,false,false,false,,true,false,false,,40,,380.0,401,Android,4.3.62,Clinton Spark,0BMCE8B0112XGP,,,0C0AF8NB33038T,,,121.5,23.604368,11.5,1.9104973,2.0,2,0,Clinton Spark,0BMCE8B0112XGP,,,Android,4.3.62
2025-11-19T04:23:07.795Z,36.4,14.153565643560578,121.2624527116972,7.8,7.9,4.9,22.685205,0.0,0.1,0.0,0.9,0.0,0.1,-0.3,0.0,-85.2,GPSAtti,AutoFly,None,true,Already,12,5,Spark,true,false,Standby,Smart,false,true,false,None,true,MonitorError,false,false,false,false,false,false,false,false,false,false,0,YawFollow,-85.0,0.0,-85.4,false,false,false,false,false,false,false,,,,1024,1024,1024,1024,92,11.384,0.0,0,0,3,false,3.766,3.816,3.804,0.05,0.053,0.0,0.0,0.0,14.15359954679567,121.26241599943363,14.885205,380.0,true,FixedHeight,false,false,false,false,,true,false,false,,40,,380.0,401,Android,4.3.62,Clinton Spark,0BMCE8B0112XGP,,,0C0AF8NB33038T,,,121.5,23.604368,11.5,1.9104973,2.0,2,0,Clinton Spark,0BMCE8B0112XGP,,,Android,4.3.62
2025-11-19T04:23:07.896Z,36.5,14.153565695672414,121.2624526779071,7.8,7.9,4.8,22.685205,0.0,0.1,0.0,0.9,0.0,0.1,-0.7,0.0,-85.3,GPSAtti,AutoFly,None,true,Already,12,5,Spark,true,false,Standby,Smart,false,true,false,None,true,MonitorError,false,false,false,false,false,false,false,false,false,false,0,YawFollow,-85.0,0.0,-85.4,false,false,false,false,false,false,false,,,,1024,1024,1024,1024,92,11.384,0.0,0,0,3,false,3.766,3.816,3.804,0.05,0.053,0.0,0.0,0.0,14.15359954679567,121.26241599943363,14.885205,380.0,true,FixedHeight,false,false,false,false,,true,false,false,,40,,380.0,401,Android,4.3.62,Clinton Spark,0BMCE8B0112XGP,,,0C0AF8NB33038T,,,121.5,23.604368,11.5,1.9104973,2.0,2,0,Clinton Spark,0BMCE8B0112XGP,,,Android,4.3.62
2025-11-19T04:23:07.896Z,36.6,14.153565732485019,121.26245265936872,7.8,7.9,4.8,22.685205,0.0,0.1,0.0,0.9,0.0,0.1,-1.0,0.3,-85.3,GPSAtti,AutoFly,None,true,Already,12,5,Spark,true,false,Standby,Smart,false,true,false,None,true,MonitorError,false,false,false,false,false,false,false,false,false,false,0,YawFollow,-85.0,0.0,-85.5,false,false,false,false,false,false,false,,,,1024,1024,1024,1024,92,11.384,0.0,0,0,3,false,3.766,3.816,3.804,0.05,0.053,0.0,0.0,0.0,14.15359954679567,121.26241599943363,14.885205,380.0,true,FixedHeight,false,false,false,false,,true,false,false,,40,,380.0,401,Android,4.3.62,Clinton Spark,0BMCE8B0112XGP,,,0C0AF8NB33038T,,,121.5,23.604368,11.5,1.9104973,2.0,2,0,Clinton Spark,0BMCE8B0112XGP,,,Android,4.3.62
2025-11-19T04:23:07.997Z,36.7,14.15356574502241,121.26245264702376,7.8,7.9,4.8,22.685205,0.0,0.1,0.0,0.9,0.0,0.1,-1.1,0.2,-85.2,GPSAtti,AutoFly,None,true,Already,12,5,Spark,true,false,Standby,Smart,false,true,false,None,true,MonitorError,false,false,false,false,false,false,false,false,false,false,0,YawFollow,-85.0,0.0,-85.4,false,false,false,false,false,false,false,,,,1024,1024,1024,1024,92,11.384,0.0,0,0,3,false,3.766,3.816,3.804,0.05,0.053,0.0,0.0,0.0,14.15359954679567,121.26241599943363,14.885205,380.0,true,FixedHeight,false,false,false,false,,true,false,false,,40,,380.0,401,Android,4.3.62,Clinton Spark,0BMCE8B0112XGP,,,0C0AF8NB33038T,,,121.5,23.604368,11.5,1.9104973,2.0,2,0,Clinton Spark,0BMCE8B0112XGP,,,Android,4.3.62
2025-11-19T04:23:08.099Z,36.8,14.153565766032594,121.2624526226586,7.8,7.9,4.8,22.685205,0.0,0.1,0.0,0.9,0.0,0.1,-1.0,0.2,-85.2,GPSAtti,AutoFly,None,true,Already,12,5,Spark,true,false,Standby,Smart,false,true,false,None,true,MonitorError,false,false,false,false,false,false,false,false,false,false,0,YawFollow,-85.0,0.0,-85.4,false,false,false,false,false,false,false,,,,1024,1024,1024,1024,92,11.384,0.0,0,0,3,false,3.766,3.816,3.804,0.05,0.053,0.0,0.0,0.0,14.15359954679567,121.26241599943363,14.885205,380.0,true,FixedHeight,false,false,false,false,,true,false,false,,40,,380.0,401,Android,4.3.62,Clinton Spark,0BMCE8B0112XGP,,,0C0AF8NB33038T,,,121.5,23.604368,11.5,1.9104973,2.0,2,0,Clinton Spark,0BMCE8B0112XGP,,,Android,4.3.62
2025-11-19T04:23:08.202Z,36.9,14.153565787088375,121.26245258434491,7.8,7.9,4.9,22.685205,0.0,0.1,0.0,0.9,0.0,0.1,-1.0,0.2,-85.2,GPSAtti,AutoFly,None,true,Already,12,5,Spark,true,false,Standby,Smart,false,true,false,None,true,MonitorError,false,false,false,false,false,false,false,false,false,false,0,YawFollow,-85.0,0.0,-85.4,false,false,false,false,false,false,false,,,,1024,1024,1024,1024,92,11.384,0.0,0,0,3,false,3.766,3.816,3.804,0.05,0.053,0.0,0.0,0.0,14.15359954679567,121.26241599943363,14.885205,380.0,true,FixedHeight,false,false,false,false,,true,false,false,,40,,380.0,401,Android,4.3.62,Clinton Spark,0BMCE8B0112XGP,,,0C0AF8NB33038T,,,121.5,23.604368,11.5,1.9104973,2.0,2,0,Clinton Spark,0BMCE8B0112XGP,,,Android,4.3.62
2025-11-19T04:23:08.202Z,37.0,14.153565810876685,121.26245253135376,7.8,7.9,4.9,22.685205,0.0,0.1,0.0,0.9,0.0,0.1,-1.0,0.2,-85.1,GPSAtti,AutoFly,None,true,Already,12,5,Spark,true,false,Standby,Smart,false,true,false,None,true,MonitorError,false,false,false,false,false,false,false,false,false,false,0,YawFollow,-85.0,0.0,-85.4,false,false,false,false,false,false,false,,,,1024,1024,1024,1024,92,11.384,0.0,0,0,3,false,3.766,3.816,3.804,0.05,0.053,0.0,0.0,0.0,14.15359954679567,121.26241599943363,14.885205,380.0,true,FixedHeight,false,false,false,false,,true,false,false,,40,,380.0,401,Android,4.3.62,Clinton Spark,0BMCE8B0112XGP,,,0C0AF8NB33038T,,,121.5,23.604368,11.5,1.9104973,2.0,2,0,Clinton Spark,0BMCE8B0112XGP,,,Android,4.3.62
2025-11-19T04:23:08.202Z,37.1,14.153565823686025,121.26245247372418,7.8,7.9,4.9,22.685205,0.0,0.1,0.0,0.9,0.0,0.1,-1.1,0.2,-85.2,GPSAtti,AutoFly,None,true,Already,12,5,Spark,true,false,Standby,Smart,false,true,false,None,true,MonitorError,false,false,false,false,false,false,false,false,false,false,0,YawFollow,-85.0,0.0,-85.4,false,false,false,false,false,false,false,,,,1024,1024,1024,1024,92,11.384,0.0,0,0,3,false,3.766,3.816,3.804,0.05,0.053,0.0,0.0,0.0,14.15359954679567,121.26241599943363,14.885205,380.0,true,FixedHeight,false,false,false,false,,true,false,false,,40,,380.0,401,Android,4.3.62,Clinton Spark,0BMCE8B0112XGP,,,0C0AF8NB33038T,,,121.5,23.604368,11.5,1.9104973,2.0,2,0,Clinton Spark,0BMCE8B0112XGP,,,Android,4.3.62
2025-11-19T04:23:08.507Z,37.2,14.153565836028003,121.26245240744939,7.8,7.9,4.9,22.685205,0.0,0.1,0.0,0.9,0.0,0.1,-1.1,0.3,-85.1,GPSAtti,AutoFly,None,true,Already,12,5,Spark,true,false,Standby,Smart,false,true,false,None,true,MonitorError,false,false,false,false,false,false,false,false,false,false,0,YawFollow,-85.0,0.0,-85.4,false,false,false,false,false,false,false,,,,1024,1024,1024,1024,92,11.384,0.0,0,0,3,false,3.766,3.816,3.804,0.05,0.053,0.0,0.0,0.0,14.15359954679567,121.26241599943363,14.885205,380.0,true,FixedHeight,false,false,false,false,,true,false,false,,40,,380.0,401,Android,4.3.62,Clinton Spark,0BMCE8B0112XGP,,,0C0AF8NB33038T,,,121.5,23.604368,11.5,1.9104973,2.0,2,0,Clinton Spark,0BMCE8B0112XGP,,,Android,4.3.62
2025-11-19T04:23:08.507Z,37.3,14.153565844839513,121.26245233985594,7.8,7.9,5.0,22.685205,0.0,0.1,0.0,0.9,0.0,0.1,-0.9,0.2,-85.0,GPSAtti,AutoFly,None,true,Already,12,5,Spark,true,false,Standby,Smart,false,true,false,None,true,MonitorError,false,false,false,false,false,false,false,false,false,false,0,YawFollow,-85.0,0.0,-85.4,false,false,false,false,false,false,false,,,,1024,1024,1024,1024,92,11.384,0.0,0,0,3,false,3.766,3.816,3.804,0.05,0.053,0.0,0.0,0.0,14.15359954679567,121.26241599943363,14.885205,380.0,true,FixedHeight,false,false,false,false,,true,false,false,,40,,380.0,401,Android,4.3.62,Clinton Spark,0BMCE8B0112XGP,,,0C0AF8NB33038T,,,121.5,23.604368,11.5,1.9104973,2.0,2,0,Clinton Spark,0BMCE8B0112XGP,,,Android,4.3.62
2025-11-19T04:23:08.507Z,37.4,14.153565876138206,121.26245226679794,7.8,7.9,5.0,22.685205,0.0,0.1,0.0,0.9,0.0,0.1,-0.7,0.1,-85.0,GPSAtti,AutoFly,None,true,Already,12,5,Spark,true,false,Standby,Smart,false,true,false,None,true,MonitorError,false,false,false,false,false,false,false,false,false,false,0,YawFollow,-85.0,0.0,-85.4,false,false,false,false,false,false,false,,,,1024,1024,1024,1024,92,11.384,0.0,0,0,3,false,3.766,3.816,3.804,0.05,0.053,0.0,0.0,0.0,14.15359954679567,121.26241599943363,14.885205,380.0,true,FixedHeight,false,false,false,false,,true,false,false,,40,,380.0,401,Android,4.3.62,Clinton Spark,0BMCE8B0112XGP,,,0C0AF8NB33038T,,,121.5,23.604368,11.5,1.9104973,2.0,2,0,Clinton Spark,0BMCE8B0112XGP,,,Android,4.3.62
2025-11-19T04:23:08.710Z,37.5,14.153565911641543,121.26245219787039,7.8,7.9,5.0,22.685205,0.0,0.1,0.0,0.9,0.0,0.1,-0.6,0.0,-85.0,GPSAtti,AutoFly,None,true,Already,12,5,Spark,true,false,Standby,Smart,false,true,false,None,true,MonitorError,false,false,false,false,false,false,false,false,false,false,0,YawFollow,-85.0,0.0,-85.4,false,false,false,false,false,false,false,,,,1024,1024,1351,1024,92,11.384,0.0,0,0,3,false,3.766,3.816,3.804,0.05,0.053,0.0,0.0,0.0,14.15359954679567,121.26241599943363,14.885205,380.0,true,FixedHeight,false,false,false,false,,true,false,false,,40,,380.0,401,Android,4.3.62,Clinton Spark,0BMCE8B0112XGP,,,0C0AF8NB33038T,,,121.5,23.604368,11.5,1.9104973,2.0,2,0,Clinton Spark,0BMCE8B0112XGP,,,Android,4.3.62
2025-11-19T04:23:08.710Z,37.6,14.153565986875655,121.26245213240624,7.8,7.9,5.0,22.685205,0.0,0.1,0.0,0.9,0.0,0.1,-0.6,0.0,-85.0,GPSAtti,AutoFly,None,true,Already,12,5,Spark,true,false,Standby,Smart,false,true,false,None,true,MonitorError,false,false,false,false,false,false,false,false,false,false,0,YawFollow,-85.0,0.0,-85.4,false,false,false,false,false,false,false,,,,1024,1024,1351,1024,92,11.384,0.0,0,0,3,false,3.766,3.816,3.804,0.05,0.053,0.0,0.0,0.0,14.15359954679567,121.26241599943363,14.885205,380.0,true,FixedHeight,false,false,false,false,,true,false,false,,40,,380.0,401,Android,4.3.62,Clinton Spark,0BMCE8B0112XGP,,,0C0AF8NB33038T,,,121.5,23.604368,11.5,1.9104973,2.0,2,0,Clinton Spark,0BMCE8B0112XGP,,,Android,4.3.62
2025-11-19T04:23:09.016Z,37.7,14.153566063449977,121.26245206972733,7.8,7.9,5.1,22.685205,0.0,0.1,0.0,0.9,0.0,0.1,-0.5,0.1,-85.0,GPSAtti,AutoFly,None,true,Already,12,5,Spark,true,false,Standby,Smart,false,true,false,None,true,MonitorError,false,false,false,false,false,false,false,false,false,false,0,YawFollow,-85.0,0.0,-85.4,false,false,false,false,false,false,false,,,,1024,1024,1684,1024,92,11.384,0.0,0,0,3,false,3.766,3.816,3.804,0.05,0.053,0.0,0.0,0.0,14.15359954679567,121.26241599943363,14.885205,380.0,true,FixedHeight,false,false,false,false,,true,false,false,,40,,380.0,401,Android,4.3.62,Clinton Spark,0BMCE8B0112XGP,,,0C0AF8NB33038T,,,121.5,23.604368,11.5,1.9104973,2.0,2,0,Clinton Spark,0BMCE8B0112XGP,,,Android,4.3.62
2025-11-19T04:23:09.117Z,37.8,14.153566138114135,121.262452033819,7.8,7.9,5.1,22.685205,0.0,0.1,0.0,0.9,0.0,0.1,-0.6,0.2,-84.9,GPSAtti,AutoFly,None,true,Already,12,5,Spark,true,false,Standby,Smart,false,true,false,None,true,MonitorError,false,false,false,false,false,false,false,false,false,false,0,YawFollow,-85.0,0.0,-85.4,false,false,false,false,false,false,false,,,,1024,1024,1684,1024,92,11.391,0.0,0,0,3,false,3.766,3.816,3.804,0.05,0.053,0.0,0.0,0.0,14.15359954679567,121.26241599943363,14.885205,380.0,true,FixedHeight,false,false,false,false,,true,false,false,,40,,380.0,401,Android,4.3.62,Clinton Spark,0BMCE8B0112XGP,,,0C0AF8NB33038T,,,121.5,23.604368,11.5,1.9104973,2.0,2,0,Clinton Spark,0BMCE8B0112XGP,,,Android,4.3.62
2025-11-19T04:23:09.219Z,37.9,14.153566184686005,121.26245200529468,7.8,7.9,5.1,22.685205,0.0,0.1,0.0,0.9,0.0,0.1,-0.5,0.1,-84.9,GPSAtti,AutoFly,None,true,Already,12,5,Spark,true,false,Standby,Smart,false,true,false,None,true,MonitorError,false,false,false,false,false,false,false,false,false,false,0,YawFollow,-85.0,0.0,-85.4,false,false,false,false,false,false,false,,,,1024,1024,1684,1024,92,11.391,0.0,0,0,3,false,3.766,3.816,3.804,0.05,0.053,0.0,0.0,0.0,14.15359954679567,121.26241599943363,14.885205,380.0,true,FixedHeight,false,false,false,false,,true,false,false,,40,,380.0,401,Android,4.3.62,Clinton Spark,0BMCE8B0112XGP,,,0C0AF8NB33038T,,,121.5,23.604368,11.5,1.9104973,2.0,2,0,Clinton Spark,0BMCE8B0112XGP,,,Android,4.3.62
2025-11-19T04:23:09.423Z,38.0,14.153566243373497,121.26245198509307,7.8,7.9,5.1,22.685205,0.0,0.1,0.0,0.9,0.0,0.1,-0.3,-0.2,-84.9,GPSAtti,AutoFly,None,true,Already,12,5,Spark,true,false,Standby,Smart,false,true,false,None,true,MonitorError,false,false,false,false,false,false,false,false,false,false,0,YawFollow,-85.0,0.0,-85.5,false,false,false,false,false,false,false,,,,1024,1024,1684,1024,92,11.391,0.0,0,0,3,false,3.766,3.816,3.804,0.05,0.053,0.0,0.0,0.0,14.15359954679567,121.26241599943363,14.885205,380.0,true,FixedHeight,false,false,false,false,,true,false,false,,40,,380.0,401,Android,4.3.62,Clinton Spark,0BMCE8B0112XGP,,,0C0AF8NB33038T,,,121.5,23.604368,11.5,1.9104973,2.0,2,0,Clinton Spark,0BMCE8B0112XGP,,,Android,4.3.62
2025-11-19T04:23:09.525Z,38.1,14.153566296613846,121.26245195329751,7.8,7.9,5.0,22.685205,0.0,0.1,0.0,0.9,0.0,0.1,-0.2,-0.4,-85.0,GPSAtti,AutoFly,None,true,Already,12,5,Spark,true,false,Standby,Smart,false,true,false,None,true,MonitorError,false,false,false,false,false,false,false,false,false,false,0,YawFollow,-85.0,0.0,-85.5,false,false,false,false,false,false,false,,,,1024,1024,1684,1024,92,11.391,0.0,0,0,3,false,3.766,3.816,3.804,0.05,0.053,0.0,0.0,0.0,14.15359954679567,121.26241599943363,14.885205,380.0,true,FixedHeight,false,false,false,false,,true,false,false,,40,,380.0,401,Android,4.3.62,Clinton Spark,0BMCE8B0112XGP,,,0C0AF8NB33038T,,,121.5,23.604368,11.5,1.9104973,2.0,2,0,Clinton Spark,0BMCE8B0112XGP,,,Android,4.3.62
2025-11-19T04:23:09.626Z,38.2,14.153566374609799,121.2624519276137,7.8,7.9,5.1,22.685205,0.0,0.1,0.0,0.9,0.0,0.1,-0.5,-0.4,-85.0,GPSAtti,AutoFly,None,true,Already,12,5,Spark,true,false,Standby,Smart,false,true,false,None,true,MonitorError,false,false,false,false,false,false,false,false,false,false,0,YawFollow,-85.0,0.0,-85.5,false,false,false,false,false,false,false,,,,1024,1024,1684,1024,92,11.391,0.0,0,0,3,false,3.766,3.816,3.804,0.05,0.053,0.0,0.0,0.0,14.15359954679567,121.26241599943363,14.885205,380.0,true,FixedHeight,false,false,false,false,,true,false,false,,40,,380.0,401,Android,4.3.62,Clinton Spark,0BMCE8B0112XGP,,,0C0AF8NB33038T,,,121.5,23.604368,11.5,1.9104973,2.0,2,0,Clinton Spark,0BMCE8B0112XGP,,,Android,4.3.62
2025-11-19T04:23:09.932Z,38.3,14.153566450345473,121.26245189068048,7.8,7.9,5.1,22.685205,0.0,0.1,0.0,0.9,0.0,0.1,-1.1,-0.2,-85.0,GPSAtti,AutoFly,None,true,Already,12,5,Spark,true,false,Standby,Smart,false,true,false,None,true,MonitorError,false,false,false,false,false,false,false,false,false,false,0,YawFollow,-85.0,0.0,-85.5,false,false,false,false,false,false,false,,,,1024,1024,1684,1024,92,11.391,0.0,0,0,3,false,3.766,3.816,3.804,0.05,0.053,0.0,0.0,0.0,14.15359954679567,121.26241599943363,14.885205,380.0,true,FixedHeight,false,false,false,false,,true,false,false,,40,,380.0,401,Android,4.3.62,Clinton Spark,0BMCE8B0112XGP,,,0C0AF8NB33038T,,,121.5,23.604368,11.5,1.9104973,2.0,2,0,Clinton Spark,0BMCE8B0112XGP,,,Android,4.3.62
2025-11-19T04:23:10.136Z,38.4,14.153566536911928,121.2624518701851,7.8,7.9,5.1,22.685205,0.0,0.1,0.0,0.9,0.0,0.1,-1.2,-0.2,-85.0,GPSAtti,AutoFly,None,true,Already,12,5,Spark,true,false,Standby,Smart,false,true,false,None,true,MonitorError,false,false,false,false,false,false,false,false,false,false,0,YawFollow,-85.0,0.0,-85.5,false,false,false,false,false,false,false,,,,1024,1024,1684,1024,92,11.391,0.0,0,0,3,false,3.766,3.816,3.804,0.05,0.053,0.0,0.0,0.0,14.15359954679567,121.26241599943363,14.885205,380.0,true,FixedHeight,false,false,false,false,,true,false,false,,40,,380.0,401,Android,4.3.62,Clinton Spark,0BMCE8B0112XGP,,,0C0AF8NB33038T,,,121.5,23.604368,11.5,1.9104973,2.0,2,0,Clinton Spark,0BMCE8B0112XGP,,,Android,4.3.62
2025-11-19T04:23:10.136Z,38.5,14.153566606542563,121.26245184118368,7.8,7.9,5.2,22.685205,0.0,0.1,0.0,0.9,0.0,0.1,-1.0,-0.3,-85.0,GPSAtti,AutoFly,None,true,Already,12,5,Spark,true,false,Standby,Smart,false,true,false,None,true,MonitorError,false,false,false,false,false,false,false,false,false,false,0,YawFollow,-85.0,0.0,-85.5,false,false,false,false,false,false,false,,,,1024,1024,1684,1024,92,11.391,0.0,0,0,3,false,3.766,3.816,3.804,0.05,0.053,0.0,0.0,0.0,14.15359954679567,121.26241599943363,14.885205,380.0,true,FixedHeight,false,false,false,false,,true,false,false,,40,,380.0,401,Android,4.3.62,Clinton Spark,0BMCE8B0112XGP,,,0C0AF8NB33038T,,,121.5,23.604368,11.5,1.9104973,2.0,2,0,Clinton Spark,0BMCE8B0112XGP,,,Android,4.3.62
2025-11-19T04:23:10.238Z,38.6,14.153566681841815,121.26245182939535,7.8,7.9,5.3,22.685205,0.0,0.1,0.0,0.9,0.0,0.1,-0.8,-0.3,-84.9,GPSAtti,AutoFly,None,true,Already,12,5,Spark,true,false,Standby,Smart,false,true,false,None,true,MonitorError,false,false,false,false,false,false,false,false,false,false,0,YawFollow,-85.0,0.0,-85.5,false,false,false,false,false,false,false,,,,1024,1024,1684,1024,92,11.391,0.0,0,0,3,false,3.766,3.816,3.804,0.05,0.053,0.0,0.0,0.0,14.15359954679567,121.26241599943363,14.885205,380.0,true,FixedHeight,false,false,false,false,,true,false,false,,40,,380.0,401,Android,4.3.62,Clinton Spark,0BMCE8B0112XGP,,,0C0AF8NB33038T,,,121.5,23.604368,11.5,1.9104973,2.0,2,0,Clinton Spark,0BMCE8B0112XGP,,,Android,4.3.62
2025-11-19T04:23:10.340Z,38.7,14.153566740801258,121.26245180858633,7.8,7.9,5.3,22.685205,0.0,0.1,0.0,0.9,0.0,0.1,-1.0,-0.2,-84.9,GPSAtti,AutoFly,None,true,Already,12,5,Spark,true,false,Standby,Smart,false,true,false,None,true,MonitorError,false,false,false,false,false,false,false,false,false,false,0,YawFollow,-85.0,0.0,-85.5,false,false,false,false,false,false,false,,,,1024,1024,1684,1024,92,11.391,0.0,0,0,3,false,3.766,3.816,3.804,0.05,0.053,0.0,0.0,0.0,14.15359954679567,121.26241599943363,14.885205,380.0,true,FixedHeight,false,false,false,false,,true,false,false,,40,,380.0,401,Android,4.3.62,Clinton Spark,0BMCE8B0112XGP,,,0C0AF8NB33038T,,,121.5,23.604368,11.5,1.9104973,2.0,2,0,Clinton Spark,0BMCE8B0112XGP,,,Android,4.3.62
2025-11-19T04:23:10.545Z,38.8,14.153566797357119,121.2624517919541,7.8,7.9,5.3,22.685205,0.0,0.1,0.0,0.9,0.0,0.1,-1.1,-0.1,-84.8,GPSAtti,AutoFly,None,true,Already,12,5,Spark,true,false,Standby,Smart,false,true,false,None,true,MonitorError,false,false,false,false,false,false,false,false,false,false,0,YawFollow,-85.0,0.0,-85.5,false,false,false,false,false,false,false,,,,1024,1024,1605,1024,92,11.39,0.0,0,0,3,false,3.766,3.816,3.804,0.05,0.053,0.0,0.0,0.0,14.15359954679567,121.26241599943363,14.885205,380.0,true,FixedHeight,false,false,false,false,,true,false,false,,40,,380.0,401,Android,4.3.62,Clinton Spark,0BMCE8B0112XGP,,,0C0AF8NB33038T,,,121.5,23.604368,11.5,1.9104973,2.0,2,0,Clinton Spark,0BMCE8B0112XGP,,,Android,4.3.62
2025-11-19T04:23:10.646Z,38.9,14.153566846174613,121.26245175463217,7.8,7.9,5.3,22.685205,0.0,0.1,0.0,0.9,0.0,0.1,-1.2,-0.3,-84.9,GPSAtti,AutoFly,None,true,Already,12,5,Spark,true,false,Standby,Smart,false,true,false,None,true,MonitorError,false,false,false,false,false,false,false,false,false,false,0,YawFollow,-85.0,0.0,-85.5,false,false,false,false,false,false,false,,,,1024,1024,1024,1024,92,11.39,0.0,0,0,3,false,3.766,3.816,3.804,0.05,0.053,0.0,0.0,0.0,14.15359954679567,121.26241599943363,14.885205,380.0,true,FixedHeight,false,false,false,false,,true,false,false,,40,,380.0,401,Android,4.3.62,Clinton Spark,0BMCE8B0112XGP,,,0C0AF8NB33038T,,,121.5,23.604368,11.5,1.9104973,2.0,2,0,Clinton Spark,0BMCE8B0112XGP,,,Android,4.3.62
2025-11-19T04:23:10.851Z,39.0,14.153566899359593,121.26245173382756,7.8,7.9,5.3,22.685205,0.0,0.1,0.0,0.9,0.0,0.1,-1.0,-0.4,-84.9,GPSAtti,AutoFly,None,true,Already,12,5,Spark,true,false,Standby,Smart,false,true,false,None,true,MonitorError,false,false,false,false,false,false,false,false,false,false,0,YawFollow,-85.0,0.0,-85.7,false,false,false,false,false,false,false,,,,1024,1024,1024,1024,92,11.39,0.0,0,0,3,false,3.766,3.816,3.804,0.05,0.053,0.0,0.0,0.0,14.15359954679567,121.26241599943363,14.885205,380.0,true,FixedHeight,false,false,false,false,,true,false,false,,40,,380.0,401,Android,4.3.62,Clinton Spark,0BMCE8B0112XGP,,,0C0AF8NB33038T,,,121.5,23.604368,11.5,1.9104973,2.0,2,0,Clinton Spark,0BMCE8B0112XGP,,,Android,4.3.62
2025-11-19T04:23:10.851Z,39.1,14.153566949119956,121.26245170548655,7.8,7.9,5.3,22.685205,0.0,0.1,0.0,0.9,-0.2,0.1,-0.9,-0.4,-84.8,GPSAtti,AutoFly,None,true,Already,12,5,Spark,true,false,Standby,Smart,false,true,false,None,true,MonitorError,false,false,false,false,false,false,false,false,false,false,0,YawFollow,-85.0,0.0,-85.5,false,false,false,false,false,false,false,,,,1024,1024,1024,1024,92,11.39,0.0,0,0,3,false,3.766,3.816,3.804,0.05,0.053,0.0,0.0,0.0,14.15359954679567,121.26241599943363,14.885205,380.0,true,FixedHeight,false,false,false,false,,true,false,false,,40,,380.0,401,Android,4.3.62,Clinton Spark,0BMCE8B0112XGP,,,0C0AF8NB33038T,,,121.5,23.604368,11.5,1.9104973,2.0,2,0,Clinton Spark,0BMCE8B0112XGP,,,Android,4.3.62
2025-11-19T04:23:10.953Z,39.2,14.153566999173439,121.26245168613532,7.9,7.9,5.4,22.785206,0.0,0.1,0.0,0.9,-0.4,0.1,-1.0,-0.3,-84.7,GPSAtti,AutoFly,None,true,Already,12,5,Spark,true,false,Standby,Smart,false,true,false,None,true,MonitorError,false,false,false,false,false,false,false,false,false,false,0,YawFollow,-85.0,0.0,-85.5,false,false,false,false,false,false,false,,,,1024,1024,1024,1024,92,11.39,0.0,0,0,3,false,3.766,3.816,3.804,0.05,0.053,0.0,0.0,0.0,14.15359954679567,121.26241599943363,14.885205,380.0,true,FixedHeight,false,false,false,false,,true,false,false,,40,,380.0,401,Android,4.3.62,Clinton Spark,0BMCE8B0112XGP,,,0C0AF8NB33038T,,,121.5,23.604368,11.5,1.9104973,2.0,2,0,Clinton Spark,0BMCE8B0112XGP,,,Android,4.3.62
2025-11-19T04:23:11.156Z,39.3,14.153567045631318,121.262451644853,7.9,7.9,5.5,22.785206,0.0,0.1,0.0,0.9,-0.8,0.1,-1.1,-0.7,-84.9,GPSAtti,AutoFly,None,true,Already,12,5,Spark,true,false,Standby,Smart,false,true,false,None,true,MonitorError,false,false,false,false,false,false,false,false,false,false,0,YawFollow,-85.0,0.0,-85.5,false,false,false,false,false,false,false,,,,1024,1024,1024,1024,92,11.39,0.0,0,0,3,false,3.766,3.816,3.804,0.05,0.053,0.0,0.0,0.0,14.15359954679567,121.26241599943363,14.885205,380.0,true,FixedHeight,false,false,false,false,,true,false,false,,40,,380.0,401,Android,4.3.62,Clinton Spark,0BMCE8B0112XGP,,,0C0AF8NB33038T,,,121.5,23.604368,11.5,1.9104973,2.0,2,0,Clinton Spark,0BMCE8B0112XGP,,,Android,4.3.62
2025-11-19T04:23:11.156Z,39.4,14.153567107388428,121.26245162302571,8.0,8.0,5.7,22.885204,0.0,0.1,0.0,0.9,-1.1,0.1,-1.1,-1.0,-85.0,GPSAtti,AutoFly,None,true,Already,12,5,Spark,true,false,Standby,Smart,false,true,false,None,true,MonitorError,false,false,false,false,false,false,false,false,false,false,0,YawFollow,-85.0,0.0,-85.4,false,false,false,false,false,false,false,,,,1024,1024,1024,1024,92,11.39,0.0,0,0,3,false,3.766,3.816,3.804,0.05,0.053,0.0,0.0,0.0,14.15359954679567,121.26241599943363,14.885205,380.0,true,FixedHeight,false,false,false,false,,true,false,false,,40,,380.0,401,Android,4.3.62,Clinton Spark,0BMCE8B0112XGP,,,0C0AF8NB33038T,,,121.5,23.604368,11.5,1.9104973,2.0,2,0,Clinton Spark,0BMCE8B0112XGP,,,Android,4.3.62
2025-11-19T04:23:11.360Z,39.5,14.153567158337555,121.26245159522807,8.2,8.2,5.8,23.085205,0.0,0.1,0.0,0.9,-1.4,0.1,-0.6,-1.0,-85.3,GPSAtti,AutoFly,None,true,Already,12,5,Spark,true,false,Standby,Smart,false,true,false,None,true,MonitorError,false,false,false,false,false,false,false,false,false,false,0,YawFollow,-85.0,0.0,-85.6,false,false,false,false,false,false,false,,,,1024,1024,1024,1024,92,11.39,0.0,0,0,3,false,3.766,3.816,3.804,0.05,0.053,0.0,0.0,0.0,14.15359954679567,121.26241599943363,14.885205,380.0,true,FixedHeight,false,false,false,false,,true,false,false,,40,,380.0,401,Android,4.3.62,Clinton Spark,0BMCE8B0112XGP,,,0C0AF8NB33038T,,,121.5,23.604368,11.5,1.9104973,2.0,2,0,Clinton Spark,0BMCE8B0112XGP,,,Android,4.3.62
2025-11-19T04:23:11.667Z,39.6,14.15356721578906,121.2624515712671,8.3,8.3,6.0,23.185205,0.0,0.1,0.0,0.9,-1.6,0.1,0.1,-0.1,-85.4,GPSAtti,AutoFly,None,true,Already,12,5,Spark,true,false,Standby,Smart,false,true,false,None,true,MonitorError,false,false,false,false,false,false,false,false,false,false,0,YawFollow,-85.0,0.0,-85.5,false,false,false,false,false,false,false,,,,1024,1024,1024,1024,92,11.39,0.0,0,0,3,false,3.766,3.816,3.804,0.05,0.053,0.0,0.0,0.0,14.15359954679567,121.26241599943363,14.885205,380.0,true,FixedHeight,false,false,false,false,,true,false,false,,40,,380.0,401,Android,4.3.62,Clinton Spark,0BMCE8B0112XGP,,,0C0AF8NB33038T,,,121.5,23.604368,11.5,1.9104973,2.0,2,0,Clinton Spark,0BMCE8B0112XGP,,,Android,4.3.62
2025-11-19T04:23:11.768Z,39.7,14.153567262028727,121.2624515424203,8.5,8.5,6.2,23.385204,0.0,0.1,0.0,0.9,-1.7,0.1,0.1,0.0,-85.4,GPSAtti,AutoFly,None,true,Already,12,5,Spark,true,false,Standby,Smart,false,true,false,None,true,MonitorError,false,false,false,false,false,false,false,false,false,false,0,YawFollow,-85.0,0.0,-85.6,false,false,false,false,false,false,false,,,,1024,1024,1024,1024,92,11.39,0.0,0,0,3,false,3.766,3.816,3.804,0.05,0.053,0.0,0.0,0.0,14.15359954679567,121.26241599943363,14.885205,380.0,true,FixedHeight,false,false,false,false,,true,false,false,,40,,380.0,401,Android,4.3.62,Clinton Spark,0BMCE8B0112XGP,,,0C0AF8NB33038T,,,121.5,23.604368,11.5,1.9104973,2.0,2,0,Clinton Spark,0BMCE8B0112XGP,,,Android,4.3.62
2025-11-19T04:23:11.870Z,39.8,14.153567326633986,121.26245150832098,8.7,8.7,6.4,23.585205,0.0,0.1,0.0,0.9,-1.8,0.1,-0.3,-0.2,-85.3,GPSAtti,AutoFly,None,true,Already,12,5,Spark,true,false,Standby,Smart,false,true,false,None,true,MonitorError,false,false,false,false,false,false,false,false,false,false,0,YawFollow,-85.0,0.0,-85.6,false,false,false,false,false,false,false,,,,1024,1024,1024,1024,91,11.307,0.0,0,0,3,false,3.766,3.816,3.804,0.05,0.053,0.0,0.0,0.0,14.15359954679567,121.26241599943363,14.885205,380.0,true,FixedHeight,false,false,false,false,,true,false,false,,40,,380.0,401,Android,4.3.62,Clinton Spark,0BMCE8B0112XGP,,,0C0AF8NB33038T,,,121.5,23.604368,11.5,1.9104973,2.0,2,0,Clinton Spark,0BMCE8B0112XGP,,,Android,4.3.62
2025-11-19T04:23:12.074Z,39.9,14.15356737224833,121.26245146298993,8.9,8.9,6.7,23.785206,0.0,0.1,0.0,0.9,-1.9,0.1,-0.6,-0.8,-85.3,GPSAtti,AutoFly,None,true,Already,12,5,Spark,true,false,Standby,Smart,false,true,false,None,true,MonitorError,false,false,false,false,false,false,false,false,false,false,0,YawFollow,-85.0,0.0,-85.6,false,false,false,false,false,false,false,,,,1024,1024,1024,1024,91,11.307,0.0,0,0,3,false,3.766,3.816,3.804,0.05,0.053,0.0,0.0,0.0,14.15359954679567,121.26241599943363,14.885205,380.0,true,FixedHeight,false,false,false,false,,true,false,false,,40,,380.0,401,Android,4.3.62,Clinton Spark,0BMCE8B0112XGP,,,0C0AF8NB33038T,,,121.5,23.604368,11.5,1.9104973,2.0,2,0,Clinton Spark,0BMCE8B0112XGP,,,Android,4.3.62
2025-11-19T04:23:12.074Z,40.0,14.153567422500483,121.26245141340917,9.1,9.1,6.9,23.985207,0.0,0.1,0.0,0.9,-1.9,0.1,-0.5,-0.7,-85.3,GPSAtti,AutoFly,None,true,Already,12,5,Spark,true,false,Standby,Smart,false,true,false,None,true,MonitorError,false,false,false,false,false,false,false,false,false,false,0,YawFollow,-85.0,0.0,-85.6,false,false,false,false,false,false,false,,,,1024,1024,1024,1024,91,11.307,0.0,0,0,3,false,3.766,3.816,3.804,0.05,0.053,0.0,0.0,0.0,14.15359954679567,121.26241599943363,14.885205,380.0,true,FixedHeight,false,false,false,false,,true,false,false,,40,,380.0,401,Android,4.3.62,Clinton Spark,0BMCE8B0112XGP,,,0C0AF8NB33038T,,,121.5,23.604368,11.5,1.9104973,2.0,2,0,Clinton Spark,0BMCE8B0112XGP,,,Android,4.3.62
2025-11-19T04:23:12.074Z,40.1,14.153567441481627,121.26245138494227,9.3,9.3,7.1,24.185205,0.0,0.1,0.0,0.9,-1.9,0.1,-0.3,-0.2,-85.4,GPSAtti,AutoFly,None,true,Already,12,5,Spark,true,false,Standby,Smart,false,true,false,None,true,MonitorError,false,false,false,false,false,false,false,false,false,false,0,YawFollow,-85.0,0.0,-85.6,false,false,false,false,false,false,false,,,,1024,1024,1024,1024,91,11.307,0.0,0,0,3,false,3.766,3.816,3.804,0.05,0.053,0.0,0.0,0.0,14.15359954679567,121.26241599943363,14.885205,380.0,true,FixedHeight,false,false,false,false,,true,false,false,,40,,380.0,401,Android,4.3.62,Clinton Spark,0BMCE8B0112XGP,,,0C0AF8NB33038T,,,121.5,23.604368,11.5,1.9104973,2.0,2,0,Clinton Spark,0BMCE8B0112XGP,,,Android,4.3.62
2025-11-19T04:23:12.176Z,40.2,14.153567446925516,121.2624513267649,9.5,9.5,7.4,24.385204,0.0,0.1,0.0,0.9,-1.9,0.1,-0.3,0.0,-85.4,GPSAtti,AutoFly,None,true,Already,12,5,Spark,true,false,Standby,Smart,false,true,false,None,true,MonitorError,false,false,false,false,false,false,false,false,false,false,0,YawFollow,-85.0,0.0,-85.6,false,false,false,false,false,false,false,,,,1024,1024,1024,1024,91,11.307,0.0,0,0,3,false,3.766,3.816,3.804,0.05,0.053,0.0,0.0,0.0,14.15359954679567,121.26241599943363,14.885205,380.0,true,FixedHeight,false,false,false,false,,true,false,false,,40,,380.0,401,Android,4.3.62,Clinton Spark,0BMCE8B0112XGP,,,0C0AF8NB33038T,,,121.5,23.604368,11.5,1.9104973,2.0,2,0,Clinton Spark,0BMCE8B0112XGP,,,Android,4.3.62
2025-11-19T04:23:12.380Z,40.3,14.153567428255405,121.26245127933332,9.7,9.7,7.6,24.585205,0.0,0.1,0.0,0.9,-1.9,0.1,-0.6,0.2,-85.4,GPSAtti,AutoFly,None,true,Already,12,5,Spark,true,false,Standby,Smart,false,true,false,None,true,MonitorError,false,false,false,false,false,false,false,false,false,false,0,YawFollow,-85.0,0.0,-85.6,false,false,false,false,false,false,false,,,,1024,1024,1024,1024,91,11.307,0.0,0,0,3,false,3.766,3.816,3.804,0.05,0.053,0.0,0.0,0.0,14.15359954679567,121.26241599943363,14.885205,380.0,true,FixedHeight,false,false,false,false,,true,false,false,,40,,380.0,401,Android,4.3.62,Clinton Spark,0BMCE8B0112XGP,,,0C0AF8NB33038T,,,121.5,23.604368,11.5,1.9104973,2.0,2,0,Clinton Spark,0BMCE8B0112XGP,,,Android,4.3.62
2025-11-19T04:23:12.585Z,40.4,14.153567415621936,121.26245126853011,9.9,9.9,0.0,24.785206,0.0,0.1,0.0,0.9,-2.0,0.1,-0.7,0.1,-85.3,GPSAtti,AutoFly,None,true,Already,12,5,Spark,false,false,Standby,Smart,false,true,false,None,true,MonitorError,false,false,false,false,false,false,false,false,false,false,0,YawFollow,-85.0,0.0,-85.6,false,false,false,false,false,false,false,,,,1024,1024,1024,1024,91,11.307,0.0,0,0,3,false,3.766,3.816,3.804,0.05,0.053,0.0,0.0,0.0,14.15359954679567,121.26241599943363,14.885205,380.0,true,FixedHeight,false,false,false,false,,true,false,false,,40,,380.0,401,Android,4.3.62,Clinton Spark,0BMCE8B0112XGP,,,0C0AF8NB33038T,,,121.5,23.604368,11.5,1.9104973,2.0,2,0,Clinton Spark,0BMCE8B0112XGP,,,Android,4.3.62
2025-11-19T04:23:12.890Z,40.5,14.153567398379971,121.26245130493763,10.1,10.1,0.0,24.985207,0.0,0.1,0.0,0.9,-2.0,0.1,-1.0,0.0,-85.3,GPSAtti,AutoFly,None,true,Already,12,5,Spark,false,false,Standby,Smart,false,true,false,None,true,MonitorError,false,false,false,false,false,false,false,false,false,false,0,YawFollow,-85.0,0.0,-85.6,false,false,false,false,false,false,false,,,,1024,1024,1024,1024,91,11.307,0.0,0,0,3,false,3.766,3.816,3.804,0.05,0.053,0.0,0.0,0.0,14.15359954679567,121.26241599943363,14.885205,380.0,true,FixedHeight,false,false,false,false,,true,false,false,,40,,380.0,401,Android,4.3.62,Clinton Spark,0BMCE8B0112XGP,,,0C0AF8NB33038T,,,121.5,23.604368,11.5,1.9104973,2.0,2,0,Clinton Spark,0BMCE8B0112XGP,,,Android,4.3.62
2025-11-19T04:23:12.890Z,40.6,14.153567415222968,121.26245134517517,10.3,10.3,0.0,25.185205,0.0,0.1,0.0,0.9,-2.0,0.1,-1.3,0.0,-85.3,GPSAtti,AutoFly,None,true,Already,12,5,Spark,false,false,Standby,Smart,false,true,false,None,true,MonitorError,false,false,false,false,false,false,false,false,false,false,0,YawFollow,-85.0,0.0,-85.6,false,false,false,false,false,false,false,,,,1024,1024,1024,1024,91,11.307,0.0,0,0,3,false,3.766,3.816,3.804,0.05,0.053,0.0,0.0,0.0,14.15359954679567,121.26241599943363,14.885205,380.0,true,FixedHeight,false,false,false,false,,true,false,false,,40,,380.0,401,Android,4.3.62,Clinton Spark,0BMCE8B0112XGP,,,0C0AF8NB33038T,,,121.5,23.604368,11.5,1.9104973,2.0,2,0,Clinton Spark,0BMCE8B0112XGP,,,Android,4.3.62
2025-11-19T04:23:13.093Z,40.7,14.153567432683143,121.26245138124476,10.5,10.5,0.0,25.385204,0.0,0.1,0.0,0.9,-2.0,0.1,-1.6,0.0,-85.3,GPSAtti,AutoFly,None,true,Already,12,5,Spark,false,false,Standby,Smart,false,true,false,None,true,MonitorError,false,false,false,false,false,false,false,false,false,false,0,YawFollow,-85.0,0.0,-85.5,false,false,false,false,false,false,false,,,,1024,1024,1024,1024,91,11.307,0.0,0,0,3,false,3.766,3.816,3.804,0.05,0.053,0.0,0.0,0.0,14.15359954679567,121.26241599943363,14.885205,380.0,true,FixedHeight,false,false,false,false,,true,false,false,,40,,380.0,401,Android,4.3.62,Clinton Spark,0BMCE8B0112XGP,,,0C0AF8NB33038T,,,121.5,23.604368,11.5,1.9104973,2.0,2,0,Clinton Spark,0BMCE8B0112XGP,,,Android,4.3.62
2025-11-19T04:23:13.195Z,40.8,14.153567462302911,121.2624514177053,10.7,10.7,0.0,25.585205,0.0,0.1,0.0,0.9,-2.0,0.1,-1.8,0.1,-85.3,GPSAtti,AutoFly,None,true,Already,12,5,Spark,false,false,Standby,Smart,false,true,false,None,true,MonitorError,false,false,false,false,false,false,false,false,false,false,0,YawFollow,-85.0,0.0,-85.6,false,false,false,false,false,false,false,,,,1024,1024,1024,1024,91,11.345,0.0,0,0,3,false,3.766,3.816,3.804,0.05,0.053,0.0,0.0,0.0,14.15359954679567,121.26241599943363,14.885205,380.0,true,FixedHeight,false,false,false,false,,true,false,false,,40,,380.0,401,Android,4.3.62,Clinton Spark,0BMCE8B0112XGP,,,0C0AF8NB33038T,,,121.5,23.604368,11.5,1.9104973,2.0,2,0,Clinton Spark,0BMCE8B0112XGP,,,Android,4.3.62
2025-11-19T04:23:13.298Z,40.9,14.153567472062177,121.26245145066487,10.9,10.9,0.0,25.785206,0.0,0.1,0.0,0.9,-1.8,0.1,-1.6,0.2,-85.3,GPSAtti,AutoFly,None,true,Already,12,5,Spark,false,false,Standby,Smart,false,true,false,None,true,MonitorError,false,false,false,false,false,false,false,false,false,false,0,YawFollow,-85.0,0.0,-85.5,false,false,false,false,false,false,false,,,,1024,1024,1024,1024,91,11.345,0.0,0,0,3,false,3.766,3.816,3.804,0.05,0.053,0.0,0.0,0.0,14.15359954679567,121.26241599943363,14.885205,380.0,true,FixedHeight,false,false,false,false,,true,false,false,,40,,380.0,401,Android,4.3.62,Clinton Spark,0BMCE8B0112XGP,,,0C0AF8NB33038T,,,121.5,23.604368,11.5,1.9104973,2.0,2,0,Clinton Spark,0BMCE8B0112XGP,,,Android,4.3.62
2025-11-19T04:23:13.298Z,41.0,14.153567518889712,121.26245143510394,11.0,11.0,0.0,25.885204,0.0,0.1,0.0,0.9,-1.5,0.1,-1.3,0.1,-85.4,GPSAtti,AutoFly,None,true,Already,12,5,Spark,false,false,Standby,Smart,false,true,false,None,true,MonitorError,false,false,false,false,false,false,false,false,false,false,0,YawFollow,-85.0,0.0,-85.7,false,false,false,false,false,false,false,,,,1024,1024,1024,1024,91,11.345,0.0,0,0,3,false,3.766,3.816,3.804,0.05,0.053,0.0,0.0,0.0,14.15359954679567,121.26241599943363,14.885205,380.0,true,FixedHeight,false,false,false,false,,true,false,false,,40,,380.0,401,Android,4.3.62,Clinton Spark,0BMCE8B0112XGP,,,0C0AF8NB33038T,,,121.5,23.604368,11.5,1.9104973,2.0,2,0,Clinton Spark,0BMCE8B0112XGP,,,Android,4.3.62
2025-11-19T04:23:13.401Z,41.1,14.153567561782927,121.26245139432302,11.2,11.2,0.0,26.085205,0.0,0.1,0.0,0.9,-1.1,0.1,-1.2,0.0,-85.4,GPSAtti,AutoFly,None,true,Already,12,5,Spark,false,false,Standby,Smart,false,true,false,None,true,MonitorError,false,false,false,false,false,false,false,false,false,false,0,YawFollow,-85.0,0.0,-85.6,false,false,false,false,false,false,false,,,,1024,1024,1024,1024,91,11.345,0.0,0,0,3,false,3.766,3.816,3.804,0.05,0.053,0.0,0.0,0.0,14.15359954679567,121.26241599943363,14.885205,380.0,true,FixedHeight,false,false,false,false,,true,false,false,,40,,380.0,401,Android,4.3.62,Clinton Spark,0BMCE8B0112XGP,,,0C0AF8NB33038T,,,121.5,23.604368,11.5,1.9104973,2.0,2,0,Clinton Spark,0BMCE8B0112XGP,,,Android,4.3.62
2025-11-19T04:23:13.401Z,41.2,14.153567637648877,121.26245129026682,11.3,11.3,0.0,26.185205,0.0,0.1,0.0,0.9,-0.8,0.1,-1.1,0.0,-85.4,GPSAtti,AutoFly,None,true,Already,12,5,Spark,false,false,Standby,Smart,false,true,false,None,true,MonitorError,false,false,false,false,false,false,false,false,false,false,0,YawFollow,-85.0,0.0,-85.6,false,false,false,false,false,false,false,,,,1024,1024,1024,1024,91,11.345,0.0,0,0,3,false,3.766,3.816,3.804,0.05,0.053,0.0,0.0,0.0,14.15359954679567,121.26241599943363,14.885205,380.0,true,FixedHeight,false,false,false,false,,true,false,false,,40,,380.0,401,Android,4.3.62,Clinton Spark,0BMCE8B0112XGP,,,0C0AF8NB33038T,,,121.5,23.604368,11.5,1.9104973,2.0,2,0,Clinton Spark,0BMCE8B0112XGP,,,Android,4.3.62
2025-11-19T04:23:13.401Z,41.3,14.153567693597326,121.2624511783098,11.3,11.3,0.0,26.185205,0.0,0.1,0.0,0.9,-0.6,0.1,-0.8,0.1,-85.5,GPSAtti,AutoFly,None,true,Already,12,5,Spark,false,false,Standby,Smart,false,true,false,None,true,MonitorError,false,false,false,false,false,false,false,false,false,false,0,YawFollow,-85.0,0.0,-85.6,false,false,false,false,false,false,false,,,,1024,1024,1024,1024,91,11.345,0.0,0,0,3,false,3.766,3.816,3.804,0.05,0.053,0.0,0.0,0.0,14.15359954679567,121.26241599943363,14.885205,380.0,true,FixedHeight,false,false,false,false,,true,false,false,,40,,380.0,401,Android,4.3.62,Clinton Spark,0BMCE8B0112XGP,,,0C0AF8NB33038T,,,121.5,23.604368,11.5,1.9104973,2.0,2,0,Clinton Spark,0BMCE8B0112XGP,,,Android,4.3.62
2025-11-19T04:23:13.401Z,41.4,14.153567729112062,121.26245110754233,11.4,11.4,0.0,26.285206,0.0,0.1,0.0,0.9,-0.4,0.1,-0.3,0.2,-85.4,GPSAtti,AutoFly,None,true,Already,12,5,Spark,false,false,Standby,Smart,false,true,false,None,true,MonitorError,false,false,false,false,false,false,false,false,false,false,0,YawFollow,-85.0,0.0,-85.6,false,false,false,false,false,false,false,,,,1024,1024,1024,1024,91,11.345,0.0,0,0,3,false,3.766,3.816,3.804,0.05,0.053,0.0,0.0,0.0,14.15359954679567,121.26241599943363,14.885205,380.0,true,FixedHeight,false,false,false,false,,true,false,false,,40,,380.0,401,Android,4.3.62,Clinton Spark,0BMCE8B0112XGP,,,0C0AF8NB33038T,,,121.5,23.604368,11.5,1.9104973,2.0,2,0,Clinton Spark,0BMCE8B0112XGP,,,Android,4.3.62
2025-11-19T04:23:13.503Z,41.5,14.153567731611723,121.26245109132536,11.4,11.4,0.0,26.285206,0.0,0.1,0.0,0.9,-0.3,0.1,-0.3,0.4,-85.4,GPSAtti,AutoFly,None,true,Already,12,5,Spark,false,false,Standby,Smart,false,true,false,None,true,MonitorError,false,false,false,false,false,false,false,false,false,false,0,YawFollow,-85.0,0.0,-85.6,false,false,false,false,false,false,false,,,,1024,1024,1024,1024,91,11.345,0.0,0,0,3,false,3.766,3.816,3.804,0.05,0.053,0.0,0.0,0.0,14.15359954679567,121.26241599943363,14.885205,380.0,true,FixedHeight,false,false,false,false,,true,false,false,,40,,380.0,401,Android,4.3.62,Clinton Spark,0BMCE8B0112XGP,,,0C0AF8NB33038T,,,121.5,23.604368,11.5,1.9104973,2.0,2,0,Clinton Spark,0BMCE8B0112XGP,,,Android,4.3.62
2025-11-19T04:23:13.605Z,41.6,14.15356775973658,121.26245109790977,11.4,11.4,0.0,26.285206,0.0,0.1,0.0,0.9,-0.2,0.1,-0.5,0.5,-85.3,GPSAtti,AutoFly,None,true,Already,12,5,Spark,false,false,Standby,Smart,false,true,false,None,true,MonitorError,false,false,false,false,false,false,false,false,false,false,0,YawFollow,-85.0,0.0,-85.6,false,false,false,false,false,false,false,,,,1024,1024,1024,1024,91,11.345,0.0,0,0,3,false,3.766,3.816,3.804,0.05,0.053,0.0,0.0,0.0,14.15359954679567,121.26241599943363,14.885205,380.0,true,FixedHeight,false,false,false,false,,true,false,false,,40,,380.0,401,Android,4.3.62,Clinton Spark,0BMCE8B0112XGP,,,0C0AF8NB33038T,,,121.5,23.604368,11.5,1.9104973,2.0,2,0,Clinton Spark,0BMCE8B0112XGP,,,Android,4.3.62
2025-11-19T04:23:13.605Z,41.7,14.15356779990215,121.26245109978285,11.5,11.5,0.0,26.385204,0.0,0.1,0.0,0.9,-0.2,0.1,-0.7,0.5,-85.3,GPSAtti,AutoFly,None,true,Already,12,5,Spark,false,false,Standby,Smart,false,true,false,None,true,MonitorError,false,false,false,false,false,false,false,false,false,false,0,YawFollow,-85.0,0.0,-85.6,false,false,false,false,false,false,false,,,,1024,1024,1024,1024,91,11.345,0.0,0,0,3,false,3.766,3.816,3.804,0.05,0.053,0.0,0.0,0.0,14.15359954679567,121.26241599943363,14.885205,380.0,true,FixedHeight,false,false,false,false,,true,false,false,,40,,380.0,401,Android,4.3.62,Clinton Spark,0BMCE8B0112XGP,,,0C0AF8NB33038T,,,121.5,23.604368,11.5,1.9104973,2.0,2,0,Clinton Spark,0BMCE8B0112XGP,,,Android,4.3.62
2025-11-19T04:23:13.605Z,41.8,14.153567845998515,121.26245111662486,11.5,11.5,0.0,26.385204,0.0,0.1,0.0,0.9,-0.1,0.1,-0.6,0.5,-85.3,GPSAtti,AutoFly,None,true,Already,12,5,Spark,false,false,Standby,Smart,false,true,false,None,true,MonitorError,false,false,false,false,false,false,false,false,false,false,0,YawFollow,-85.0,0.0,-85.6,false,false,false,false,false,false,false,,,,1024,1024,1024,1024,91,11.436,0.0,0,0,3,false,3.766,3.816,3.804,0.05,0.053,0.0,0.0,0.0,14.15359954679567,121.26241599943363,14.885205,380.0,true,FixedHeight,false,false,false,false,,true,false,false,,40,,380.0,401,Android,4.3.62,Clinton Spark,0BMCE8B0112XGP,,,0C0AF8NB33038T,,,121.5,23.604368,11.5,1.9104973,2.0,2,0,Clinton Spark,0BMCE8B0112XGP,,,Android,4.3.62
2025-11-19T04:23:13.707Z,41.9,14.153567885128396,121.26245112323137,11.5,11.5,0.0,26.385204,0.0,0.1,0.0,0.9,0.0,0.1,-0.4,0.6,-85.3,GPSAtti,AutoFly,None,true,Already,12,5,Spark,false,false,Standby,Smart,false,true,false,None,true,MonitorError,false,false,false,false,false,false,false,false,false,false,0,YawFollow,-85.0,0.0,-85.6,false,false,false,false,false,false,false,,,,1024,1024,1024,1024,91,11.436,0.0,0,0,3,false,3.766,3.816,3.804,0.05,0.053,0.0,0.0,0.0,14.15359954679567,121.26241599943363,14.885205,380.0,true,FixedHeight,false,false,false,false,,true,false,false,,40,,380.0,401,Android,4.3.62,Clinton Spark,0BMCE8B0112XGP,,,0C0AF8NB33038T,,,121.5,23.604368,11.5,1.9104973,2.0,2,0,Clinton Spark,0BMCE8B0112XGP,,,Android,4.3.62
2025-11-19T04:23:13.809Z,42.0,14.153567944188802,121.26245116629617,11.5,11.5,0.0,26.385204,0.0,0.1,0.0,0.9,0.0,0.1,-0.4,0.9,-85.3,GPSAtti,AutoFly,None,true,Already,12,5,Spark,false,false,Standby,Smart,false,true,false,None,true,MonitorError,false,false,false,false,false,false,false,false,false,false,0,YawFollow,-85.0,0.0,-85.6,false,false,false,false,false,false,false,,,,1024,1024,1024,1024,91,11.436,0.0,0,0,3,false,3.766,3.816,3.804,0.05,0.053,0.0,0.0,0.0,14.15359954679567,121.26241599943363,14.885205,380.0,true,FixedHeight,false,false,false,false,,true,false,false,,40,,380.0,401,Android,4.3.62,Clinton Spark,0BMCE8B0112XGP,,,0C0AF8NB33038T,,,121.5,23.604368,11.5,1.9104973,2.0,2,0,Clinton Spark,0BMCE8B0112XGP,,,Android,4.3.62
2025-11-19T04:23:13.809Z,42.1,14.153568016846718,121.26245120959734,11.5,11.5,0.0,26.385204,0.0,0.1,0.0,0.9,0.0,0.1,-0.5,0.6,-85.3,GPSAtti,AutoFly,None,true,Already,12,5,Spark,false,false,Standby,Smart,false,true,false,None,true,MonitorError,false,false,false,false,false,false,false,false,false,false,0,YawFollow,-85.0,0.0,-85.6,false,false,false,false,false,false,false,,,,1024,1024,1024,1024,91,11.436,0.0,0,0,3,false,3.766,3.816,3.804,0.05,0.053,0.0,0.0,0.0,14.15359954679567,121.26241599943363,14.885205,380.0,true,FixedHeight,false,false,false,false,,true,false,false,,40,,380.0,401,Android,4.3.62,Clinton Spark,0BMCE8B0112XGP,,,0C0AF8NB33038T,,,121.5,23.604368,11.5,1.9104973,2.0,2,0,Clinton Spark,0BMCE8B0112XGP,,,Android,4.3.62
2025-11-19T04:23:13.809Z,42.2,14.153568109534492,121.26245126880622,11.5,11.5,0.0,26.385204,0.0,0.1,0.0,0.9,0.0,0.1,-0.8,0.3,-85.3,GPSAtti,AutoFly,None,true,Already,12,5,Spark,false,false,Standby,Smart,false,true,false,None,true,MonitorError,false,false,false,false,false,false,false,false,false,false,0,YawFollow,-85.0,0.0,-85.6,false,false,false,false,false,false,false,,,,1024,1024,1024,1024,91,11.436,0.0,0,0,3,false,3.766,3.816,3.804,0.05,0.053,0.0,0.0,0.0,14.15359954679567,121.26241599943363,14.885205,380.0,true,FixedHeight,false,false,false,false,,true,false,false,,40,,380.0,401,Android,4.3.62,Clinton Spark,0BMCE8B0112XGP,,,0C0AF8NB33038T,,,121.5,23.604368,11.5,1.9104973,2.0,2,0,Clinton Spark,0BMCE8B0112XGP,,,Android,4.3.62
2025-11-19T04:23:13.809Z,42.3,14.153568204189428,121.26245130826848,11.5,11.5,0.0,26.385204,0.0,0.1,0.0,0.9,0.0,0.1,-1.0,0.0,-85.3,GPSAtti,AutoFly,None,true,Already,12,5,Spark,false,false,Standby,Smart,false,true,false,None,true,MonitorError,false,false,false,false,false,false,false,false,false,false,0,YawFollow,-85.0,0.0,-85.6,false,false,false,false,false,false,false,,,,1024,1024,1024,1024,91,11.436,0.0,0,0,3,false,3.766,3.816,3.804,0.05,0.053,0.0,0.0,0.0,14.15359954679567,121.26241599943363,14.885205,380.0,true,FixedHeight,false,false,false,false,,true,false,false,,40,,380.0,401,Android,4.3.62,Clinton Spark,0BMCE8B0112XGP,,,0C0AF8NB33038T,,,121.5,23.604368,11.5,1.9104973,2.0,2,0,Clinton Spark,0BMCE8B0112XGP,,,Android,4.3.62
2025-11-19T04:23:13.911Z,42.4,14.153568319865133,121.2624513692002,11.5,11.5,0.0,26.385204,0.0,0.1,0.0,0.9,0.0,0.1,-0.9,-0.1,-85.2,GPSAtti,AutoFly,None,true,Already,12,5,Spark,false,false,Standby,Smart,false,true,false,None,true,MonitorError,false,false,false,false,false,false,false,false,false,false,0,YawFollow,-85.0,0.0,-85.6,false,false,false,false,false,false,false,,,,1024,1024,1024,1024,91,11.436,0.0,0,0,3,false,3.766,3.816,3.804,0.05,0.053,0.0,0.0,0.0,14.15359954679567,121.26241599943363,14.885205,380.0,true,FixedHeight,false,false,false,false,,true,false,false,,40,,380.0,401,Android,4.3.62,Clinton Spark,0BMCE8B0112XGP,,,0C0AF8NB33038T,,,121.5,23.604368,11.5,1.9104973,2.0,2,0,Clinton Spark,0BMCE8B0112XGP,,,Android,4.3.62
2025-11-19T04:23:14.117Z,42.5,14.153568436151504,121.26245141850929,11.5,11.5,0.0,26.385204,0.0,0.1,0.0,0.9,0.0,0.1,-1.0,-0.2,-85.2,GPSAtti,AutoFly,None,true,Already,12,5,Spark,false,false,Standby,Smart,false,true,false,None,true,MonitorError,false,false,false,false,false,false,false,false,false,false,0,YawFollow,-85.0,0.0,-85.6,false,false,false,false,false,false,false,,,,1024,1024,1024,1024,91,11.436,0.0,0,0,3,false,3.766,3.816,3.804,0.05,0.053,0.0,0.0,0.0,14.15359954679567,121.26241599943363,14.885205,380.0,true,FixedHeight,false,false,false,false,,true,false,false,,40,,380.0,401,Android,4.3.62,Clinton Spark,0BMCE8B0112XGP,,,0C0AF8NB33038T,,,121.5,23.604368,11.5,1.9104973,2.0,2,0,Clinton Spark,0BMCE8B0112XGP,,,Android,4.3.62
2025-11-19T04:23:14.422Z,42.6,14.153568560009326,121.26245145999481,11.5,11.5,0.0,26.385204,0.0,0.1,0.0,0.9,0.0,0.1,-1.1,-0.4,-85.2,GPSAtti,AutoFly,None,true,Already,12,5,Spark,false,false,Standby,Smart,false,true,false,None,true,MonitorError,false,false,false,false,false,false,false,false,false,false,0,YawFollow,-85.0,0.0,-85.6,false,false,false,false,false,false,false,,,,1024,1024,1024,1024,91,11.436,0.0,0,0,3,false,3.766,3.816,3.804,0.05,0.053,0.0,0.0,0.0,14.15359954679567,121.26241599943363,14.885205,380.0,true,FixedHeight,false,false,false,false,,true,false,false,,40,,380.0,401,Android,4.3.62,Clinton Spark,0BMCE8B0112XGP,,,0C0AF8NB33038T,,,121.5,23.604368,11.5,1.9104973,2.0,2,0,Clinton Spark,0BMCE8B0112XGP,,,Android,4.3.62
2025-11-19T04:23:14.422Z,42.7,14.153568668335865,121.26245147699808,11.5,11.5,0.0,26.385204,0.0,0.1,0.0,0.9,0.0,0.1,-0.9,-0.4,-85.3,GPSAtti,AutoFly,None,true,Already,12,5,Spark,false,false,Standby,Smart,false,true,false,None,true,MonitorError,false,false,false,false,false,false,false,false,false,false,0,YawFollow,-85.0,0.0,-85.7,false,false,false,false,false,false,false,,,,1024,1024,1024,1024,91,11.436,0.0,0,0,3,false,3.766,3.816,3.804,0.05,0.053,0.0,0.0,0.0,14.15359954679567,121.26241599943363,14.885205,380.0,true,FixedHeight,false,false,false,false,,true,false,false,,40,,380.0,401,Android,4.3.62,Clinton Spark,0BMCE8B0112XGP,,,0C0AF8NB33038T,,,121.5,23.604368,11.5,1.9104973,2.0,2,0,Clinton Spark,0BMCE8B0112XGP,,,Android,4.3.62
2025-11-19T04:23:14.525Z,42.8,14.153568773232898,121.2624514878786,11.5,11.5,0.0,26.385204,0.0,0.1,0.0,0.9,0.0,0.1,-0.7,-0.5,-85.3,GPSAtti,AutoFly,None,true,Already,12,5,Spark,false,false,Standby,Smart,false,true,false,None,true,MonitorError,false,false,false,false,false,false,false,false,false,false,0,YawFollow,-85.0,0.0,-85.6,false,false,false,false,false,false,false,,,,1024,1024,1024,1024,91,11.424,0.0,0,0,3,false,3.766,3.816,3.804,0.05,0.053,0.0,0.0,0.0,14.15359954679567,121.26241599943363,14.885205,380.0,true,FixedHeight,false,false,false,false,,true,false,false,,40,,380.0,401,Android,4.3.62,Clinton Spark,0BMCE8B0112XGP,,,0C0AF8NB33038T,,,121.5,23.604368,11.5,1.9104973,2.0,2,0,Clinton Spark,0BMCE8B0112XGP,,,Android,4.3.62
2025-11-19T04:23:14.525Z,42.9,14.15356886346905,121.26245149568226,11.5,11.5,0.0,26.385204,0.0,0.1,0.0,0.9,0.0,0.1,-0.8,-0.6,-85.4,GPSAtti,AutoFly,None,true,Already,12,5,Spark,false,false,Standby,Smart,false,true,false,None,true,MonitorError,false,false,false,false,false,false,false,false,false,false,0,YawFollow,-85.0,0.0,-85.6,false,false,false,false,false,false,false,,,,1024,1024,1024,1024,91,11.424,0.0,0,0,3,false,3.766,3.816,3.804,0.05,0.053,0.0,0.0,0.0,14.15359954679567,121.26241599943363,14.885205,380.0,true,FixedHeight,false,false,false,false,,true,false,false,,40,,380.0,401,Android,4.3.62,Clinton Spark,0BMCE8B0112XGP,,,0C0AF8NB33038T,,,121.5,23.604368,11.5,1.9104973,2.0,2,0,Clinton Spark,0BMCE8B0112XGP,,,Android,4.3.62
2025-11-19T04:23:14.729Z,43.0,14.153568928897489,121.26245154053838,11.5,11.5,0.0,26.385204,0.0,0.1,0.0,0.9,0.1,0.1,-0.9,-0.7,-85.4,GPSAtti,AutoFly,None,true,Already,12,5,Spark,false,false,Standby,Smart,false,true,false,None,true,MonitorError,false,false,false,false,false,false,false,false,false,false,0,YawFollow,-85.0,0.0,-85.7,false,false,false,false,false,false,false,,,,1024,1024,1024,1024,91,11.424,0.0,0,0,3,false,3.766,3.816,3.804,0.05,0.053,0.0,0.0,0.0,14.15359954679567,121.26241599943363,14.885205,380.0,true,FixedHeight,false,false,false,false,,true,false,false,,40,,380.0,401,Android,4.3.62,Clinton Spark,0BMCE8B0112XGP,,,0C0AF8NB33038T,,,121.5,23.604368,11.5,1.9104973,2.0,2,0,Clinton Spark,0BMCE8B0112XGP,,,Android,4.3.62
2025-11-19T04:23:14.729Z,43.1,14.153568975946492,121.26245159963905,11.5,11.5,0.0,26.385204,0.0,0.1,0.0,0.9,0.1,0.1,-1.2,-0.9,-85.4,GPSAtti,AutoFly,None,true,Already,12,5,Spark,false,false,Standby,Smart,false,true,false,None,true,MonitorError,false,false,false,false,false,false,false,false,false,false,0,YawFollow,-85.0,0.0,-85.7,false,false,false,false,false,false,false,,,,1024,1024,1024,1024,91,11.424,0.0,0,0,3,false,3.766,3.816,3.804,0.05,0.053,0.0,0.0,0.0,14.15359954679567,121.26241599943363,14.885205,380.0,true,FixedHeight,false,false,false,false,,true,false,false,,40,,380.0,401,Android,4.3.62,Clinton Spark,0BMCE8B0112XGP,,,0C0AF8NB33038T,,,121.5,23.604368,11.5,1.9104973,2.0,2,0,Clinton Spark,0BMCE8B0112XGP,,,Android,4.3.62
2025-11-19T04:23:14.831Z,43.2,14.153569019387678,121.26245168220147,11.5,11.5,0.0,26.385204,0.0,0.1,0.0,0.9,0.0,0.1,-1.5,-1.0,-85.4,GPSAtti,AutoFly,None,true,Already,12,5,Spark,false,false,Standby,Smart,false,true,false,None,true,MonitorError,false,false,false,false,false,false,false,false,false,false,0,YawFollow,-85.0,0.0,-85.8,false,false,false,false,false,false,false,,,,1024,1024,1024,1024,91,11.424,0.0,0,0,3,false,3.766,3.816,3.804,0.05,0.053,0.0,0.0,0.0,14.15359954679567,121.26241599943363,14.885205,380.0,true,FixedHeight,false,false,false,false,,true,false,false,,40,,380.0,401,Android,4.3.62,Clinton Spark,0BMCE8B0112XGP,,,0C0AF8NB33038T,,,121.5,23.604368,11.5,1.9104973,2.0,2,0,Clinton Spark,0BMCE8B0112XGP,,,Android,4.3.62
2025-11-19T04:23:15.136Z,43.3,14.153569058165816,121.2624517393672,11.5,11.5,0.0,26.385204,0.0,0.1,0.0,0.9,0.0,0.1,-1.6,-0.9,-85.3,GPSAtti,AutoFly,None,true,Already,12,5,Spark,false,false,Standby,Smart,false,true,false,None,true,MonitorError,false,false,false,false,false,false,false,false,false,false,0,YawFollow,-85.0,0.0,-85.8,false,false,false,false,false,false,false,,,,1024,1024,1024,1024,91,11.424,0.0,0,0,3,false,3.766,3.816,3.804,0.05,0.053,0.0,0.0,0.0,14.15359954679567,121.26241599943363,14.885205,380.0,true,FixedHeight,false,false,false,false,,true,false,false,,40,,380.0,401,Android,4.3.62,Clinton Spark,0BMCE8B0112XGP,,,0C0AF8NB33038T,,,121.5,23.604368,11.5,1.9104973,2.0,2,0,Clinton Spark,0BMCE8B0112XGP,,,Android,4.3.62
2025-11-19T04:23:15.340Z,43.4,14.153569102478219,121.26245178238783,11.5,11.5,0.0,26.385204,0.0,0.1,0.0,0.9,0.0,0.1,-1.5,-0.8,-85.3,GPSAtti,AutoFly,None,true,Already,12,5,Spark,false,false,Standby,Smart,false,true,false,None,true,MonitorError,false,false,false,false,false,false,false,false,false,false,0,YawFollow,-85.0,0.0,-85.8,false,false,false,false,false,false,false,,,,1024,1024,1024,1024,91,11.424,0.0,0,0,3,false,3.766,3.816,3.804,0.05,0.053,0.0,0.0,0.0,14.15359954679567,121.26241599943363,14.885205,380.0,true,FixedHeight,false,false,false,false,,true,false,false,,40,,380.0,401,Android,4.3.62,Clinton Spark,0BMCE8B0112XGP,,,0C0AF8NB33038T,,,121.5,23.604368,11.5,1.9104973,2.0,2,0,Clinton Spark,0BMCE8B0112XGP,,,Android,4.3.62
2025-11-19T04:23:15.442Z,43.5,14.153569139389345,121.26245179609117,11.5,11.5,0.0,26.385204,0.0,0.1,0.0,0.9,0.0,0.1,-1.6,-0.8,-85.3,GPSAtti,AutoFly,None,true,Already,12,5,Spark,false,false,Standby,Smart,false,true,false,None,true,MonitorError,false,false,false,false,false,false,false,false,false,false,0,YawFollow,-85.0,0.0,-85.8,false,false,false,false,false,false,false,,,,1024,1024,1024,1024,91,11.424,0.0,0,0,3,false,3.766,3.816,3.804,0.05,0.053,0.0,0.0,0.0,14.15359954679567,121.26241599943363,14.885205,380.0,true,FixedHeight,false,false,false,false,,true,false,false,,40,,380.0,401,Android,4.3.62,Clinton Spark,0BMCE8B0112XGP,,,0C0AF8NB33038T,,,121.5,23.604368,11.5,1.9104973,2.0,2,0,Clinton Spark,0BMCE8B0112XGP,,,Android,4.3.62
2025-11-19T04:23:15.544Z,43.6,14.153569172474443,121.26245179339205,11.5,11.5,0.0,26.385204,0.0,0.1,0.0,0.9,0.0,0.1,-1.5,-0.6,-85.4,GPSAtti,AutoFly,None,true,Already,12,5,Spark,false,false,Standby,Smart,false,true,false,None,true,MonitorError,false,false,false,false,false,false,false,false,false,false,0,YawFollow,-85.0,0.0,-85.8,false,false,false,false,false,false,false,,,,1024,1024,1024,1024,91,11.424,0.0,0,0,3,false,3.766,3.816,3.804,0.05,0.053,0.0,0.0,0.0,14.15359954679567,121.26241599943363,14.885205,380.0,true,FixedHeight,false,false,false,false,,true,false,false,,40,,380.0,401,Android,4.3.62,Clinton Spark,0BMCE8B0112XGP,,,0C0AF8NB33038T,,,121.5,23.604368,11.5,1.9104973,2.0,2,0,Clinton Spark,0BMCE8B0112XGP,,,Android,4.3.62
2025-11-19T04:23:15.748Z,43.7,14.15356918186405,121.26245177480507,11.4,11.5,0.0,26.285206,0.0,0.1,0.0,0.9,0.0,0.1,-1.4,-0.5,-85.4,GPSAtti,AutoFly,None,true,Already,12,5,Spark,false,false,Standby,Smart,false,true,false,None,true,MonitorError,false,false,false,false,false,false,false,false,false,false,0,YawFollow,-85.0,0.0,-85.7,false,false,false,false,false,false,false,,,,1024,1024,1024,1024,91,11.424,0.0,0,0,3,false,3.766,3.816,3.804,0.05,0.053,0.0,0.0,0.0,14.15359954679567,121.26241599943363,14.885205,380.0,true,FixedHeight,false,false,false,false,,true,false,false,,40,,380.0,401,Android,4.3.62,Clinton Spark,0BMCE8B0112XGP,,,0C0AF8NB33038T,,,121.5,23.604368,11.5,1.9104973,2.0,2,0,Clinton Spark,0BMCE8B0112XGP,,,Android,4.3.62
2025-11-19T04:23:15.850Z,43.8,14.153569172083616,121.26245177003626,11.4,11.5,0.0,26.285206,0.0,0.1,0.0,0.9,0.0,0.1,-1.1,-0.3,-85.5,GPSAtti,AutoFly,None,true,Already,12,5,Spark,false,false,Standby,Smart,false,true,false,None,true,MonitorError,false,false,false,false,false,false,false,false,false,false,0,YawFollow,-85.0,0.0,-85.8,false,false,false,false,false,false,false,,,,1024,1024,1024,1024,91,11.408,0.0,0,0,3,false,3.766,3.816,3.804,0.05,0.053,0.0,0.0,0.0,14.15359954679567,121.26241599943363,14.885205,380.0,true,FixedHeight,false,false,false,false,,true,false,false,,40,,380.0,401,Android,4.3.62,Clinton Spark,0BMCE8B0112XGP,,,0C0AF8NB33038T,,,121.5,23.604368,11.5,1.9104973,2.0,2,0,Clinton Spark,0BMCE8B0112XGP,,,Android,4.3.62
2025-11-19T04:23:15.951Z,43.9,14.15356913592076,121.26245177200873,11.4,11.5,0.0,26.285206,0.0,0.1,0.0,0.9,0.0,0.1,-1.1,0.0,-85.4,GPSAtti,AutoFly,None,true,Already,12,5,Spark,false,false,Standby,Smart,false,true,false,None,true,MonitorError,false,false,false,false,false,false,false,false,false,false,0,YawFollow,-85.0,0.0,-85.8,false,false,false,false,false,false,false,,,,1024,1024,1024,1024,91,11.408,0.0,0,0,3,false,3.766,3.816,3.804,0.05,0.053,0.0,0.0,0.0,14.15359954679567,121.26241599943363,14.885205,380.0,true,FixedHeight,false,false,false,false,,true,false,false,,40,,380.0,401,Android,4.3.62,Clinton Spark,0BMCE8B0112XGP,,,0C0AF8NB33038T,,,121.5,23.604368,11.5,1.9104973,2.0,2,0,Clinton Spark,0BMCE8B0112XGP,,,Android,4.3.62
2025-11-19T04:23:15.951Z,44.0,14.15356908058216,121.26245177971077,11.4,11.5,0.0,26.285206,0.0,0.1,0.0,0.9,-0.1,0.1,-1.1,0.0,-85.3,GPSAtti,AutoFly,None,true,Already,12,5,Spark,false,false,Standby,Smart,false,true,false,None,true,MonitorError,false,false,false,false,false,false,false,false,false,false,0,YawFollow,-85.0,0.0,-85.8,false,false,false,false,false,false,false,,,,1024,1024,1024,1024,91,11.408,0.0,0,0,3,false,3.766,3.816,3.804,0.05,0.053,0.0,0.0,0.0,14.15359954679567,121.26241599943363,14.885205,380.0,true,FixedHeight,false,false,false,false,,true,false,false,,40,,380.0,401,Android,4.3.62,Clinton Spark,0BMCE8B0112XGP,,,0C0AF8NB33038T,,,121.5,23.604368,11.5,1.9104973,2.0,2,0,Clinton Spark,0BMCE8B0112XGP,,,Android,4.3.62
2025-11-19T04:23:16.054Z,44.1,14.153569017560564,121.26245177994491,11.5,11.5,0.0,26.385204,0.0,0.1,0.0,0.9,0.0,0.1,-1.2,-0.1,-85.3,GPSAtti,AutoFly,None,true,Already,12,5,Spark,false,false,Standby,Smart,false,true,false,None,true,MonitorError,false,false,false,false,false,false,false,false,false,false,0,YawFollow,-85.0,0.0,-85.8,false,false,false,false,false,false,false,,,,1024,1024,942,1024,91,11.408,0.0,0,0,3,false,3.766,3.816,3.804,0.05,0.053,0.0,0.0,0.0,14.15359954679567,121.26241599943363,14.885205,380.0,true,FixedHeight,false,false,false,false,,true,false,false,,40,,380.0,401,Android,4.3.62,Clinton Spark,0BMCE8B0112XGP,,,0C0AF8NB33038T,,,121.5,23.604368,11.5,1.9104973,2.0,2,0,Clinton Spark,0BMCE8B0112XGP,,,Android,4.3.62
2025-11-19T04:23:16.054Z,44.2,14.153568969526352,121.26245178748573,11.5,11.5,0.0,26.385204,0.0,0.1,0.0,0.9,0.0,0.1,-1.0,-0.2,-85.3,GPSAtti,AutoFly,None,true,Already,12,5,Spark,false,false,Standby,Smart,false,true,false,None,true,MonitorError,false,false,false,false,false,false,false,false,false,false,0,YawFollow,-85.0,0.0,-85.7,false,false,false,false,false,false,false,,,,1024,1024,942,1024,91,11.408,0.0,0,0,3,false,3.766,3.816,3.804,0.05,0.053,0.0,0.0,0.0,14.15359954679567,121.26241599943363,14.885205,380.0,true,FixedHeight,false,false,false,false,,true,false,false,,40,,380.0,401,Android,4.3.62,Clinton Spark,0BMCE8B0112XGP,,,0C0AF8NB33038T,,,121.5,23.604368,11.5,1.9104973,2.0,2,0,Clinton Spark,0BMCE8B0112XGP,,,Android,4.3.62
2025-11-19T04:23:16.054Z,44.3,14.1535689252913,121.26245178796945,11.4,11.5,0.0,26.285206,0.0,0.1,0.0,0.9,0.0,0.1,-1.0,0.0,-85.3,GPSAtti,AutoFly,None,true,Already,12,5,Spark,false,false,Standby,Smart,false,true,false,None,true,MonitorError,false,false,false,false,false,false,false,false,false,false,0,YawFollow,-85.0,0.0,-85.7,false,false,false,false,false,false,false,,,,1024,1024,942,1024,91,11.408,0.0,0,0,3,false,3.766,3.816,3.804,0.05,0.053,0.0,0.0,0.0,14.15359954679567,121.26241599943363,14.885205,380.0,true,FixedHeight,false,false,false,false,,true,false,false,,40,,380.0,401,Android,4.3.62,Clinton Spark,0BMCE8B0112XGP,,,0C0AF8NB33038T,,,121.5,23.604368,11.5,1.9104973,2.0,2,0,Clinton Spark,0BMCE8B0112XGP,,,Android,4.3.62
2025-11-19T04:23:16.054Z,44.4,14.153568875370535,121.2624517972508,11.4,11.5,0.0,26.285206,0.0,0.1,0.0,0.9,0.0,0.1,-1.0,0.0,-85.4,GPSAtti,AutoFly,None,true,Already,12,5,Spark,false,false,Standby,Smart,false,true,false,None,true,MonitorError,false,false,false,false,false,false,false,false,false,false,0,YawFollow,-85.0,0.0,-85.8,false,false,false,false,false,false,false,,,,1024,1024,942,1024,91,11.408,0.0,0,0,3,false,3.766,3.816,3.804,0.05,0.053,0.0,0.0,0.0,14.15359954679567,121.26241599943363,14.885205,380.0,true,FixedHeight,false,false,false,false,,true,false,false,,40,,380.0,401,Android,4.3.62,Clinton Spark,0BMCE8B0112XGP,,,0C0AF8NB33038T,,,121.5,23.604368,11.5,1.9104973,2.0,2,0,Clinton Spark,0BMCE8B0112XGP,,,Android,4.3.62
2025-11-19T04:23:16.156Z,44.5,14.153568814900709,121.26245180218967,11.4,11.5,0.0,26.285206,0.0,0.1,0.0,0.9,0.0,0.1,-1.2,0.1,-85.4,GPSAtti,AutoFly,None,true,Already,12,5,Spark,false,false,Standby,Smart,false,true,false,None,true,MonitorError,false,false,false,false,false,false,false,false,false,false,0,YawFollow,-85.0,0.0,-85.8,false,false,false,false,false,false,false,,,,1024,1024,942,1024,91,11.408,0.0,0,0,3,false,3.766,3.816,3.804,0.05,0.053,0.0,0.0,0.0,14.15359954679567,121.26241599943363,14.885205,380.0,true,FixedHeight,false,false,false,false,,true,false,false,,40,,380.0,401,Android,4.3.62,Clinton Spark,0BMCE8B0112XGP,,,0C0AF8NB33038T,,,121.5,23.604368,11.5,1.9104973,2.0,2,0,Clinton Spark,0BMCE8B0112XGP,,,Android,4.3.62
2025-11-19T04:23:16.359Z,44.6,14.153568781044545,121.2624518341862,11.4,11.5,0.0,26.285206,0.0,0.1,0.0,0.9,0.0,0.1,-1.2,0.1,-85.4,GPSAtti,AutoFly,None,true,Already,12,5,Spark,false,false,Standby,Smart,false,true,false,None,true,MonitorError,false,false,false,false,false,false,false,false,false,false,0,YawFollow,-85.0,0.0,-85.8,false,false,false,false,false,false,false,,,,1024,1024,1024,1024,91,11.408,0.0,0,0,3,false,3.766,3.816,3.804,0.05,0.053,0.0,0.0,0.0,14.15359954679567,121.26241599943363,14.885205,380.0,true,FixedHeight,false,false,false,false,,true,false,false,,40,,380.0,401,Android,4.3.62,Clinton Spark,0BMCE8B0112XGP,,,0C0AF8NB33038T,,,121.5,23.604368,11.5,1.9104973,2.0,2,0,Clinton Spark,0BMCE8B0112XGP,,,Android,4.3.62
2025-11-19T04:23:16.462Z,44.7,14.153568754320965,121.26245186464546,11.4,11.5,0.0,26.285206,0.0,0.1,0.0,0.9,0.0,0.1,-1.1,-0.1,-85.4,GPSAtti,AutoFly,None,true,Already,12,5,Spark,false,false,Standby,Smart,false,true,false,None,true,MonitorError,false,false,false,false,false,false,false,false,false,false,0,YawFollow,-85.0,0.0,-85.7,false,false,false,false,false,false,false,,,,1024,1024,1024,1024,91,11.408,0.0,0,0,3,false,3.766,3.816,3.804,0.05,0.053,0.0,0.0,0.0,14.15359954679567,121.26241599943363,14.885205,380.0,true,FixedHeight,false,false,false,false,,true,false,false,,40,,380.0,401,Android,4.3.62,Clinton Spark,0BMCE8B0112XGP,,,0C0AF8NB33038T,,,121.5,23.604368,11.5,1.9104973,2.0,2,0,Clinton Spark,0BMCE8B0112XGP,,,Android,4.3.62
2025-11-19T04:23:16.462Z,44.8,14.153568729251068,121.26245189827209,11.4,11.5,0.0,26.285206,0.0,0.1,0.0,0.9,0.0,0.1,-1.1,-0.1,-85.3,GPSAtti,AutoFly,None,true,Already,12,5,Spark,false,false,Standby,Smart,false,true,false,None,true,MonitorError,false,false,false,false,false,false,false,false,false,false,0,YawFollow,-85.0,0.0,-85.7,false,false,false,false,false,false,false,,,,1024,1024,1024,1024,91,11.385,0.0,0,0,3,false,3.766,3.816,3.804,0.05,0.053,0.0,0.0,0.0,14.15359954679567,121.26241599943363,14.885205,380.0,true,FixedHeight,false,false,false,false,,true,false,false,,40,,380.0,401,Android,4.3.62,Clinton Spark,0BMCE8B0112XGP,,,0C0AF8NB33038T,,,121.5,23.604368,11.5,1.9104973,2.0,2,0,Clinton Spark,0BMCE8B0112XGP,,,Android,4.3.62
2025-11-19T04:23:16.564Z,44.9,14.153568687092282,121.2624519170689,11.4,11.5,0.0,26.285206,0.0,0.1,0.0,0.9,0.0,0.1,-0.9,0.0,-85.3,GPSAtti,AutoFly,None,true,Already,12,5,Spark,false,false,Standby,Smart,false,true,false,None,true,MonitorError,false,false,false,false,false,false,false,false,false,false,0,YawFollow,-85.0,0.0,-85.8,false,false,false,false,false,false,false,,,,1024,1024,1024,1024,91,11.385,0.0,0,0,3,false,3.766,3.816,3.804,0.05,0.053,0.0,0.0,0.0,14.15359954679567,121.26241599943363,14.885205,380.0,true,FixedHeight,false,false,false,false,,true,false,false,,40,,380.0,401,Android,4.3.62,Clinton Spark,0BMCE8B0112XGP,,,0C0AF8NB33038T,,,121.5,23.604368,11.5,1.9104973,2.0,2,0,Clinton Spark,0BMCE8B0112XGP,,,Android,4.3.62
2025-11-19T04:23:16.666Z,45.0,14.15356866819256,121.26245191956265,11.4,11.5,0.0,26.285206,0.0,0.1,0.0,0.9,0.0,0.1,-1.0,-0.1,-85.3,GPSAtti,AutoFly,None,true,Already,12,5,Spark,false,false,Standby,Smart,false,true,false,None,true,MonitorError,false,false,false,false,false,false,false,false,false,false,0,YawFollow,-85.0,0.0,-85.7,false,false,false,false,false,false,false,,,,1024,1024,1024,1024,91,11.385,0.0,0,0,3,false,3.766,3.816,3.804,0.05,0.053,0.0,0.0,0.0,14.15359954679567,121.26241599943363,14.885205,380.0,true,FixedHeight,false,false,false,false,,true,false,false,,40,,380.0,401,Android,4.3.62,Clinton Spark,0BMCE8B0112XGP,,,0C0AF8NB33038T,,,121.5,23.604368,11.5,1.9104973,2.0,2,0,Clinton Spark,0BMCE8B0112XGP,,,Android,4.3.62
2025-11-19T04:23:16.666Z,45.1,14.153568647460027,121.26245190490731,11.4,11.5,0.0,26.285206,0.0,0.1,0.0,0.9,0.0,0.1,-1.1,-0.2,-85.3,GPSAtti,AutoFly,None,true,Already,12,5,Spark,false,false,Standby,Smart,false,true,false,None,true,MonitorError,false,false,false,false,false,false,false,false,false,false,0,YawFollow,-85.0,0.0,-85.7,false,false,false,false,false,false,false,,,,1024,1024,1024,1024,91,11.385,0.0,0,0,3,false,3.766,3.816,3.804,0.05,0.053,0.0,0.0,0.0,14.15359954679567,121.26241599943363,14.885205,380.0,true,FixedHeight,false,false,false,false,,true,false,false,,40,,380.0,401,Android,4.3.62,Clinton Spark,0BMCE8B0112XGP,,,0C0AF8NB33038T,,,121.5,23.604368,11.5,1.9104973,2.0,2,0,Clinton Spark,0BMCE8B0112XGP,,,Android,4.3.62
2025-11-19T04:23:16.666Z,45.2,14.153568651872295,121.2624518910604,11.4,11.5,0.0,26.285206,0.0,0.1,0.0,0.9,0.0,0.1,-1.1,-0.3,-85.3,GPSAtti,AutoFly,None,true,Already,12,5,Spark,false,false,Standby,Smart,false,true,false,None,true,MonitorError,false,false,false,false,false,false,false,false,false,false,0,YawFollow,-85.0,0.0,-85.8,false,false,false,false,false,false,false,,,,1024,1024,1024,1024,91,11.385,0.0,0,0,3,false,3.766,3.816,3.804,0.05,0.053,0.0,0.0,0.0,14.15359954679567,121.26241599943363,14.885205,380.0,true,FixedHeight,false,false,false,false,,true,false,false,,40,,380.0,401,Android,4.3.62,Clinton Spark,0BMCE8B0112XGP,,,0C0AF8NB33038T,,,121.5,23.604368,11.5,1.9104973,2.0,2,0,Clinton Spark,0BMCE8B0112XGP,,,Android,4.3.62
2025-11-19T04:23:16.666Z,45.3,14.153568643226887,121.26245188816024,11.4,11.5,0.0,26.285206,0.0,0.1,0.0,0.9,0.0,0.1,-1.2,-0.4,-85.3,GPSAtti,AutoFly,None,true,Already,12,5,Spark,false,false,Standby,Smart,false,true,false,None,true,MonitorError,false,false,false,false,false,false,false,false,false,false,0,YawFollow,-85.0,0.0,-85.8,false,false,false,false,false,false,false,,,,1024,1024,1024,1024,91,11.385,0.0,0,0,3,false,3.766,3.816,3.804,0.05,0.053,0.0,0.0,0.0,14.15359954679567,121.26241599943363,14.885205,380.0,true,FixedHeight,false,false,false,false,,true,false,false,,40,,380.0,401,Android,4.3.62,Clinton Spark,0BMCE8B0112XGP,,,0C0AF8NB33038T,,,121.5,23.604368,11.5,1.9104973,2.0,2,0,Clinton Spark,0BMCE8B0112XGP,,,Android,4.3.62
2025-11-19T04:23:16.666Z,45.4,14.153568650340743,121.26245188545005,11.4,11.5,0.0,26.285206,0.0,0.1,0.0,0.9,0.0,0.1,-1.3,-0.3,-85.4,GPSAtti,AutoFly,None,true,Already,12,5,Spark,false,false,Standby,Smart,false,true,false,None,true,MonitorError,false,false,false,false,false,false,false,false,false,false,0,YawFollow,-85.0,0.0,-85.8,false,false,false,false,false,false,false,,,,1024,1024,1024,1024,91,11.385,0.0,0,0,3,false,3.766,3.816,3.804,0.05,0.053,0.0,0.0,0.0,14.15359954679567,121.26241599943363,14.885205,380.0,true,FixedHeight,false,false,false,false,,true,false,false,,40,,380.0,401,Android,4.3.62,Clinton Spark,0BMCE8B0112XGP,,,0C0AF8NB33038T,,,121.5,23.604368,11.5,1.9104973,2.0,2,0,Clinton Spark,0BMCE8B0112XGP,,,Android,4.3.62
2025-11-19T04:23:16.666Z,45.5,14.153568633234753,121.26245188641971,11.4,11.5,0.0,26.285206,0.0,0.1,0.0,0.9,0.0,0.1,-1.2,0.0,-85.4,GPSAtti,AutoFly,None,true,Already,12,5,Spark,false,false,Standby,Smart,false,true,false,None,true,MonitorError,false,false,false,false,false,false,false,false,false,false,0,YawFollow,-85.0,0.0,-85.7,false,false,false,false,false,false,false,,,,1024,1024,1024,1024,91,11.385,0.0,0,0,3,false,3.766,3.816,3.804,0.05,0.053,0.0,0.0,0.0,14.15359954679567,121.26241599943363,14.885205,380.0,true,FixedHeight,false,false,false,false,,true,false,false,,40,,380.0,401,Android,4.3.62,Clinton Spark,0BMCE8B0112XGP,,,0C0AF8NB33038T,,,121.5,23.604368,11.5,1.9104973,2.0,2,0,Clinton Spark,0BMCE8B0112XGP,,,Android,4.3.62
2025-11-19T04:23:16.869Z,45.6,14.153568638971763,121.26245186433401,11.4,11.5,0.0,26.285206,0.0,0.1,0.0,0.9,0.0,0.1,-1.1,0.2,-85.3,GPSAtti,AutoFly,None,true,Already,12,5,Spark,false,false,Standby,Smart,false,true,false,None,true,MonitorError,false,false,false,false,false,false,false,false,false,false,0,YawFollow,-85.0,0.0,-85.7,false,false,false,false,false,false,false,,,,1024,1024,1024,1024,91,11.385,0.0,0,0,3,false,3.766,3.816,3.804,0.05,0.053,0.0,0.0,0.0,14.15359954679567,121.26241599943363,14.885205,380.0,true,FixedHeight,false,false,false,false,,true,false,false,,40,,380.0,401,Android,4.3.62,Clinton Spark,0BMCE8B0112XGP,,,0C0AF8NB33038T,,,121.5,23.604368,11.5,1.9104973,2.0,2,0,Clinton Spark,0BMCE8B0112XGP,,,Android,4.3.62
2025-11-19T04:23:16.973Z,45.7,14.153568634601019,121.26245183384827,11.4,11.5,0.0,26.285206,0.0,0.1,0.0,0.9,0.0,0.1,-1.0,0.1,-85.3,GPSAtti,AutoFly,None,true,Already,12,5,Spark,false,false,Standby,Smart,false,true,false,None,true,MonitorError,false,false,false,false,false,false,false,false,false,false,0,YawFollow,-85.0,0.0,-85.7,false,false,false,false,false,false,false,,,,1024,1024,1024,1024,91,11.385,0.0,0,0,3,false,3.766,3.816,3.804,0.05,0.053,0.0,0.0,0.0,14.15359954679567,121.26241599943363,14.885205,380.0,true,FixedHeight,false,false,false,false,,true,false,false,,40,,380.0,401,Android,4.3.62,Clinton Spark,0BMCE8B0112XGP,,,0C0AF8NB33038T,,,121.5,23.604368,11.5,1.9104973,2.0,2,0,Clinton Spark,0BMCE8B0112XGP,,,Android,4.3.62
2025-11-19T04:23:16.973Z,45.8,14.153568662320392,121.26245178262639,11.5,11.5,0.0,26.385204,0.0,0.1,0.0,0.9,-0.1,0.1,-1.2,0.0,-85.3,GPSAtti,AutoFly,None,true,Already,12,5,Spark,false,false,Standby,Smart,false,true,false,None,true,MonitorError,false,false,false,false,false,false,false,false,false,false,0,YawFollow,-85.0,0.0,-85.7,false,false,false,false,false,false,false,,,,1024,1024,1024,1024,91,11.38,0.0,0,0,3,false,3.766,3.816,3.804,0.05,0.053,0.0,0.0,0.0,14.15359954679567,121.26241599943363,14.885205,380.0,true,FixedHeight,false,false,false,false,,true,false,false,,40,,380.0,401,Android,4.3.62,Clinton Spark,0BMCE8B0112XGP,,,0C0AF8NB33038T,,,121.5,23.604368,11.5,1.9104973,2.0,2,0,Clinton Spark,0BMCE8B0112XGP,,,Android,4.3.62
2025-11-19T04:23:17.074Z,45.9,14.153568675488804,121.26245173658192,11.5,11.5,0.0,26.385204,0.0,0.1,0.0,0.9,0.0,0.1,-1.2,0.0,-85.3,GPSAtti,AutoFly,None,true,Already,12,5,Spark,false,false,Standby,Smart,false,true,false,None,true,MonitorError,false,false,false,false,false,false,false,false,false,false,0,YawFollow,-85.0,0.0,-85.7,false,false,false,false,false,false,false,,,,1024,1024,1024,1024,91,11.38,0.0,0,0,3,false,3.766,3.816,3.804,0.05,0.053,0.0,0.0,0.0,14.15359954679567,121.26241599943363,14.885205,380.0,true,FixedHeight,false,false,false,false,,true,false,false,,40,,380.0,401,Android,4.3.62,Clinton Spark,0BMCE8B0112XGP,,,0C0AF8NB33038T,,,121.5,23.604368,11.5,1.9104973,2.0,2,0,Clinton Spark,0BMCE8B0112XGP,,,Android,4.3.62
2025-11-19T04:23:17.074Z,46.0,14.153568729847894,121.26245168886095,11.5,11.5,0.0,26.385204,0.0,0.1,0.0,0.9,0.0,0.1,-1.1,0.0,-85.3,GPSAtti,AutoFly,None,true,Already,12,5,Spark,false,false,Standby,Smart,false,true,false,None,true,MonitorError,false,false,false,false,false,false,false,false,false,false,0,YawFollow,-85.0,0.0,-85.7,false,false,false,false,false,false,false,,,,1024,1024,1024,1024,91,11.38,0.0,0,0,3,false,3.766,3.816,3.804,0.05,0.053,0.0,0.0,0.0,14.15359954679567,121.26241599943363,14.885205,380.0,true,FixedHeight,false,false,false,false,,true,false,false,,40,,380.0,401,Android,4.3.62,Clinton Spark,0BMCE8B0112XGP,,,0C0AF8NB33038T,,,121.5,23.604368,11.5,1.9104973,2.0,2,0,Clinton Spark,0BMCE8B0112XGP,,,Android,4.3.62
2025-11-19T04:23:17.278Z,46.1,14.153568772913724,121.2624516598772,11.5,11.5,0.0,26.385204,0.0,0.1,0.0,0.9,0.0,0.1,-1.1,0.0,-85.3,GPSAtti,AutoFly,None,true,Already,12,5,Spark,false,false,Standby,Smart,false,true,false,None,true,MonitorError,false,false,false,false,false,false,false,false,false,false,0,YawFollow,-85.0,0.0,-85.7,false,false,false,false,false,false,false,,,,1024,1024,1024,1024,91,11.38,0.0,0,0,3,false,3.766,3.816,3.804,0.05,0.053,0.0,0.0,0.0,14.15359954679567,121.26241599943363,14.885205,380.0,true,FixedHeight,false,false,false,false,,true,false,false,,40,,380.0,401,Android,4.3.62,Clinton Spark,0BMCE8B0112XGP,,,0C0AF8NB33038T,,,121.5,23.604368,11.5,1.9104973,2.0,2,0,Clinton Spark,0BMCE8B0112XGP,,,Android,4.3.62
2025-11-19T04:23:17.380Z,46.2,14.153568833267114,121.26245161603931,11.5,11.5,0.0,26.385204,0.0,0.1,0.0,0.9,0.0,0.1,-1.2,0.0,-85.3,GPSAtti,AutoFly,None,true,Already,12,5,Spark,false,false,Standby,Smart,false,true,false,None,true,MonitorError,false,false,false,false,false,false,false,false,false,false,0,YawFollow,-85.0,0.0,-85.7,false,false,false,false,false,false,false,,,,1024,1024,1024,1024,91,11.38,0.0,0,0,3,false,3.766,3.816,3.804,0.05,0.053,0.0,0.0,0.0,14.15359954679567,121.26241599943363,14.885205,380.0,true,FixedHeight,false,false,false,false,,true,false,false,,40,,380.0,401,Android,4.3.62,Clinton Spark,0BMCE8B0112XGP,,,0C0AF8NB33038T,,,121.5,23.604368,11.5,1.9104973,2.0,2,0,Clinton Spark,0BMCE8B0112XGP,,,Android,4.3.62
2025-11-19T04:23:17.380Z,46.3,14.153568863028557,121.26245156986231,11.5,11.5,0.0,26.385204,0.0,0.1,0.0,0.9,0.0,0.1,-1.3,0.0,-85.3,GPSAtti,AutoFly,None,true,Already,12,5,Spark,false,false,Standby,Smart,false,true,false,None,true,MonitorError,false,false,false,false,false,false,false,false,false,false,0,YawFollow,-85.0,0.0,-85.7,false,false,false,false,false,false,false,,,,1024,1024,1024,1024,91,11.38,0.0,0,0,3,false,3.766,3.816,3.804,0.05,0.053,0.0,0.0,0.0,14.15359954679567,121.26241599943363,14.885205,380.0,true,FixedHeight,false,false,false,false,,true,false,false,,40,,380.0,401,Android,4.3.62,Clinton Spark,0BMCE8B0112XGP,,,0C0AF8NB33038T,,,121.5,23.604368,11.5,1.9104973,2.0,2,0,Clinton Spark,0BMCE8B0112XGP,,,Android,4.3.62
2025-11-19T04:23:17.380Z,46.4,14.153568904829086,121.2624515276766,11.5,11.5,0.0,26.385204,0.0,0.1,0.0,0.9,0.0,0.1,-1.3,-0.1,-85.4,GPSAtti,AutoFly,None,true,Already,12,5,Spark,false,false,Standby,Smart,false,true,false,None,true,MonitorError,false,false,false,false,false,false,false,false,false,false,0,YawFollow,-85.0,0.0,-85.7,false,false,false,false,false,false,false,,,,1024,1024,1024,1024,91,11.38,0.0,0,0,3,false,3.766,3.816,3.804,0.05,0.053,0.0,0.0,0.0,14.15359954679567,121.26241599943363,14.885205,380.0,true,FixedHeight,false,false,false,false,,true,false,false,,40,,380.0,401,Android,4.3.62,Clinton Spark,0BMCE8B0112XGP,,,0C0AF8NB33038T,,,121.5,23.604368,11.5,1.9104973,2.0,2,0,Clinton Spark,0BMCE8B0112XGP,,,Android,4.3.62
2025-11-19T04:23:17.481Z,46.5,14.153568921174593,121.26245149796172,11.5,11.5,0.0,26.385204,0.0,0.1,0.0,0.9,0.2,0.2,-1.3,0.0,-85.4,GPSAtti,AutoFly,None,true,Already,12,5,Spark,false,false,Standby,Smart,false,true,false,None,true,MonitorError,false,false,false,false,false,false,false,false,false,false,0,YawFollow,-85.0,0.0,-85.7,false,false,false,false,false,false,false,,,,1024,1024,1024,1024,91,11.38,0.0,0,0,3,false,3.766,3.816,3.804,0.05,0.053,0.0,0.0,0.0,14.15359954679567,121.26241599943363,14.885205,380.0,true,FixedHeight,false,false,false,false,,true,false,false,,40,,380.0,401,Android,4.3.62,Clinton Spark,0BMCE8B0112XGP,,,0C0AF8NB33038T,,,121.5,23.604368,11.5,1.9104973,2.0,2,0,Clinton Spark,0BMCE8B0112XGP,,,Android,4.3.62
2025-11-19T04:23:17.582Z,46.6,14.153568964045824,121.26245147601516,11.4,11.5,0.0,26.285206,0.0,0.1,0.0,0.9,0.3,0.3,-1.4,-0.1,-85.3,GPSAtti,AutoFly,None,true,Already,12,5,Spark,false,false,Standby,Smart,false,true,false,None,true,MonitorError,false,false,false,false,false,false,false,false,false,false,0,YawFollow,-85.0,0.0,-85.7,false,false,false,false,false,false,false,,,,1024,1024,1024,1024,91,11.38,0.0,0,0,3,false,3.766,3.816,3.804,0.05,0.053,0.0,0.0,0.0,14.15359954679567,121.26241599943363,14.885205,380.0,true,FixedHeight,false,false,false,false,,true,false,false,,40,,380.0,401,Android,4.3.62,Clinton Spark,0BMCE8B0112XGP,,,0C0AF8NB33038T,,,121.5,23.604368,11.5,1.9104973,2.0,2,0,Clinton Spark,0BMCE8B0112XGP,,,Android,4.3.62
2025-11-19T04:23:17.582Z,46.7,14.153568994739551,121.26245145546898,11.4,11.5,0.0,26.285206,0.0,0.1,0.0,0.9,0.2,0.3,-1.3,0.0,-85.3,GPSAtti,AutoFly,None,true,Already,12,5,Spark,false,false,Standby,Smart,false,true,false,None,true,MonitorError,false,false,false,false,false,false,false,false,false,false,0,YawFollow,-85.0,0.0,-85.7,false,false,false,false,false,false,false,,,,1024,1024,1024,1024,91,11.38,0.0,0,0,3,false,3.766,3.816,3.804,0.05,0.053,0.0,0.0,0.0,14.15359954679567,121.26241599943363,14.885205,380.0,true,FixedHeight,false,false,false,false,,true,false,false,,40,,380.0,401,Android,4.3.62,Clinton Spark,0BMCE8B0112XGP,,,0C0AF8NB33038T,,,121.5,23.604368,11.5,1.9104973,2.0,2,0,Clinton Spark,0BMCE8B0112XGP,,,Android,4.3.62
2025-11-19T04:23:17.684Z,46.8,14.153569040902681,121.26245142787235,11.4,11.5,0.0,26.285206,0.0,0.1,0.0,0.9,0.1,0.3,-1.5,0.2,-85.3,GPSAtti,AutoFly,None,true,Already,12,5,Spark,false,false,Standby,Smart,false,true,false,None,true,MonitorError,false,false,false,false,false,false,false,false,false,false,0,YawFollow,-85.0,0.0,-85.6,false,false,false,false,false,false,false,,,,1024,1024,1024,1024,91,11.361,0.0,0,0,3,false,3.766,3.816,3.804,0.05,0.053,0.0,0.0,0.0,14.15359954679567,121.26241599943363,14.885205,380.0,true,FixedHeight,false,false,false,false,,true,false,false,,40,,380.0,401,Android,4.3.62,Clinton Spark,0BMCE8B0112XGP,,,0C0AF8NB33038T,,,121.5,23.604368,11.5,1.9104973,2.0,2,0,Clinton Spark,0BMCE8B0112XGP,,,Android,4.3.62
2025-11-19T04:23:17.989Z,46.9,14.153569073228923,121.26245139087729,11.4,11.5,0.0,26.285206,0.0,0.1,0.0,0.9,0.0,0.3,-1.6,0.7,-85.3,GPSAtti,AutoFly,None,true,Already,12,5,Spark,false,false,Standby,Smart,false,true,false,None,true,MonitorError,false,false,false,false,false,false,false,false,false,false,0,YawFollow,-85.0,0.0,-85.7,false,false,false,false,false,false,false,,,,1024,1024,1024,1024,91,11.361,0.0,0,0,3,false,3.766,3.816,3.804,0.05,0.053,0.0,0.0,0.0,14.15359954679567,121.26241599943363,14.885205,380.0,true,FixedHeight,false,false,false,false,,true,false,false,,40,,380.0,401,Android,4.3.62,Clinton Spark,0BMCE8B0112XGP,,,0C0AF8NB33038T,,,121.5,23.604368,11.5,1.9104973,2.0,2,0,Clinton Spark,0BMCE8B0112XGP,,,Android,4.3.62
2025-11-19T04:23:18.091Z,47.0,14.153569117369525,121.2624513643232,11.4,11.5,0.0,26.285206,0.0,0.1,0.0,0.9,0.0,0.3,-1.6,0.9,-85.3,GPSAtti,AutoFly,None,true,Already,12,5,Spark,false,false,Standby,Smart,false,true,false,None,true,MonitorError,false,false,false,false,false,false,false,false,false,false,0,YawFollow,-85.0,0.0,-85.7,false,false,false,false,false,false,false,,,,1024,1024,1024,1024,91,11.361,0.0,0,0,3,false,3.766,3.816,3.804,0.05,0.053,0.0,0.0,0.0,14.15359954679567,121.26241599943363,14.885205,380.0,true,FixedHeight,false,false,false,false,,true,false,false,,40,,380.0,401,Android,4.3.62,Clinton Spark,0BMCE8B0112XGP,,,0C0AF8NB33038T,,,121.5,23.604368,11.5,1.9104973,2.0,2,0,Clinton Spark,0BMCE8B0112XGP,,,Android,4.3.62
2025-11-19T04:23:18.295Z,47.1,14.153569152949398,121.26245134177364,11.3,11.5,0.0,26.185205,0.0,0.1,0.0,0.9,0.0,0.3,-1.8,0.8,-85.3,GPSAtti,AutoFly,None,true,Already,12,5,Spark,false,false,Standby,Smart,false,true,false,None,true,MonitorError,false,false,false,false,false,false,false,false,false,false,0,YawFollow,-85.0,0.0,-85.7,false,false,false,false,false,false,false,,,,1024,1024,1024,1024,91,11.361,0.0,0,0,3,false,3.766,3.816,3.804,0.05,0.053,0.0,0.0,0.0,14.15359954679567,121.26241599943363,14.885205,380.0,true,FixedHeight,false,false,false,false,,true,false,false,,40,,380.0,401,Android,4.3.62,Clinton Spark,0BMCE8B0112XGP,,,0C0AF8NB33038T,,,121.5,23.604368,11.5,1.9104973,2.0,2,0,Clinton Spark,0BMCE8B0112XGP,,,Android,4.3.62
2025-11-19T04:23:18.295Z,47.2,14.15356920796638,121.26245132747172,11.3,11.5,0.0,26.185205,0.0,0.1,0.0,0.9,0.0,0.3,-1.7,0.4,-85.3,GPSAtti,AutoFly,None,true,Already,12,5,Spark,false,false,Standby,Smart,false,true,false,None,true,MonitorError,false,false,false,false,false,false,false,false,false,false,0,YawFollow,-85.0,0.0,-85.7,false,false,false,false,false,false,false,,,,1024,1024,1024,1024,91,11.361,0.0,0,0,3,false,3.766,3.816,3.804,0.05,0.053,0.0,0.0,0.0,14.15359954679567,121.26241599943363,14.885205,380.0,true,FixedHeight,false,false,false,false,,true,false,false,,40,,380.0,401,Android,4.3.62,Clinton Spark,0BMCE8B0112XGP,,,0C0AF8NB33038T,,,121.5,23.604368,11.5,1.9104973,2.0,2,0,Clinton Spark,0BMCE8B0112XGP,,,Android,4.3.62
2025-11-19T04:23:18.400Z,47.3,14.153569263492248,121.2624513094259,11.3,11.5,0.0,26.185205,0.0,0.1,0.0,0.9,0.0,0.3,-1.6,0.1,-85.3,GPSAtti,AutoFly,None,true,Already,12,5,Spark,false,false,Standby,Smart,false,true,false,None,true,MonitorError,false,false,false,false,false,false,false,false,false,false,0,YawFollow,-85.0,0.0,-85.7,false,false,false,false,false,false,false,,,,1024,1024,1024,1024,91,11.361,0.0,0,0,3,false,3.766,3.816,3.804,0.05,0.053,0.0,0.0,0.0,14.15359954679567,121.26241599943363,14.885205,380.0,true,FixedHeight,false,false,false,false,,true,false,false,,40,,380.0,401,Android,4.3.62,Clinton Spark,0BMCE8B0112XGP,,,0C0AF8NB33038T,,,121.5,23.604368,11.5,1.9104973,2.0,2,0,Clinton Spark,0BMCE8B0112XGP,,,Android,4.3.62
2025-11-19T04:23:18.400Z,47.4,14.153569339534883,121.26245130448923,11.3,11.5,0.0,26.185205,0.0,0.1,0.0,0.9,0.0,0.3,-1.4,-0.3,-85.3,GPSAtti,AutoFly,None,true,Already,12,5,Spark,false,false,Standby,Smart,false,true,false,None,true,MonitorError,false,false,false,false,false,false,false,false,false,false,0,YawFollow,-85.0,0.0,-85.8,false,false,false,false,false,false,false,,,,1024,1024,1024,1024,91,11.361,0.0,0,0,3,false,3.766,3.816,3.804,0.05,0.053,0.0,0.0,0.0,14.15359954679567,121.26241599943363,14.885205,380.0,true,FixedHeight,false,false,false,false,,true,false,false,,40,,380.0,401,Android,4.3.62,Clinton Spark,0BMCE8B0112XGP,,,0C0AF8NB33038T,,,121.5,23.604368,11.5,1.9104973,2.0,2,0,Clinton Spark,0BMCE8B0112XGP,,,Android,4.3.62
2025-11-19T04:23:18.502Z,47.5,14.153569409962643,121.26245129531833,11.3,11.5,0.0,26.185205,0.0,0.1,0.0,0.9,0.0,0.3,-1.4,-0.5,-85.3,GPSAtti,AutoFly,None,true,Already,12,5,Spark,false,false,Standby,Smart,false,true,false,None,true,MonitorError,false,false,false,false,false,false,false,false,false,false,0,YawFollow,-85.0,0.0,-85.8,false,false,false,false,false,false,false,,,,1024,1024,1024,1024,91,11.361,0.0,0,0,3,false,3.766,3.816,3.804,0.05,0.053,0.0,0.0,0.0,14.15359954679567,121.26241599943363,14.885205,380.0,true,FixedHeight,false,false,false,false,,true,false,false,,40,,380.0,401,Android,4.3.62,Clinton Spark,0BMCE8B0112XGP,,,0C0AF8NB33038T,,,121.5,23.604368,11.5,1.9104973,2.0,2,0,Clinton Spark,0BMCE8B0112XGP,,,Android,4.3.62
2025-11-19T04:23:18.603Z,47.6,14.153569474919646,121.26245128088388,11.3,11.5,0.0,26.185205,0.0,0.1,0.0,0.9,0.0,0.3,-1.2,-0.5,-85.3,GPSAtti,AutoFly,None,true,Already,12,5,Spark,false,false,Standby,Smart,false,true,false,None,true,MonitorError,false,false,false,false,false,false,false,false,false,false,0,YawFollow,-85.0,0.0,-85.8,false,false,false,false,false,false,false,,,,1024,1024,1024,1024,91,11.361,0.0,0,0,3,false,3.766,3.816,3.804,0.05,0.053,0.0,0.0,0.0,14.15359954679567,121.26241599943363,14.885205,380.0,true,FixedHeight,false,false,false,false,,true,false,false,,40,,380.0,401,Android,4.3.62,Clinton Spark,0BMCE8B0112XGP,,,0C0AF8NB33038T,,,121.5,23.604368,11.5,1.9104973,2.0,2,0,Clinton Spark,0BMCE8B0112XGP,,,Android,4.3.62
2025-11-19T04:23:18.705Z,47.7,14.153569519838646,121.26245124889836,11.3,11.5,0.0,26.185205,0.0,0.1,0.0,0.9,0.0,0.3,-1.3,-0.3,-85.3,GPSAtti,AutoFly,None,true,Already,12,5,Spark,false,false,Standby,Smart,false,true,false,None,true,MonitorError,false,false,false,false,false,false,false,false,false,false,0,YawFollow,-85.0,0.0,-85.8,false,false,false,false,false,false,false,,,,1024,1024,1024,1024,91,11.361,0.0,0,0,3,false,3.766,3.816,3.804,0.05,0.053,0.0,0.0,0.0,14.15359954679567,121.26241599943363,14.885205,380.0,true,FixedHeight,false,false,false,false,,true,false,false,,40,,380.0,401,Android,4.3.62,Clinton Spark,0BMCE8B0112XGP,,,0C0AF8NB33038T,,,121.5,23.604368,11.5,1.9104973,2.0,2,0,Clinton Spark,0BMCE8B0112XGP,,,Android,4.3.62
2025-11-19T04:23:18.807Z,47.8,14.153569558131506,121.26245120889936,11.3,11.5,0.0,26.185205,0.0,0.1,0.0,0.9,0.0,0.3,-1.3,-0.1,-85.2,GPSAtti,AutoFly,None,true,Already,12,5,Spark,false,false,Standby,Smart,false,true,false,None,true,MonitorError,false,false,false,false,false,false,false,false,false,false,0,YawFollow,-85.0,0.0,-85.7,false,false,false,false,false,false,false,,,,1024,1024,1024,1024,90,11.364,0.0,0,0,3,false,3.766,3.816,3.804,0.05,0.053,0.0,0.0,0.0,14.15359954679567,121.26241599943363,14.885205,380.0,true,FixedHeight,false,false,false,false,,true,false,false,,40,,380.0,401,Android,4.3.62,Clinton Spark,0BMCE8B0112XGP,,,0C0AF8NB33038T,,,121.5,23.604368,11.5,1.9104973,2.0,2,0,Clinton Spark,0BMCE8B0112XGP,,,Android,4.3.62
2025-11-19T04:23:18.909Z,47.9,14.153569588458017,121.26245116035895,11.3,11.5,0.0,26.185205,0.0,0.1,0.0,0.9,0.0,0.3,-1.3,0.0,-85.2,GPSAtti,AutoFly,None,true,Already,12,5,Spark,false,false,Standby,Smart,false,true,false,None,true,MonitorError,false,false,false,false,false,false,false,false,false,false,0,YawFollow,-85.0,0.0,-85.7,false,false,false,false,false,false,false,,,,1024,1024,1024,1024,90,11.364,0.0,0,0,3,false,3.766,3.816,3.804,0.05,0.053,0.0,0.0,0.0,14.15359954679567,121.26241599943363,14.885205,380.0,true,FixedHeight,false,false,false,false,,true,false,false,,40,,380.0,401,Android,4.3.62,Clinton Spark,0BMCE8B0112XGP,,,0C0AF8NB33038T,,,121.5,23.604368,11.5,1.9104973,2.0,2,0,Clinton Spark,0BMCE8B0112XGP,,,Android,4.3.62
2025-11-19T04:23:19.010Z,48.0,14.15356962713682,121.26245112624194,11.3,11.5,0.0,26.185205,0.0,0.1,0.0,0.9,0.0,0.3,-1.4,-0.1,-85.3,GPSAtti,AutoFly,None,true,Already,12,5,Spark,false,false,Standby,Smart,false,true,false,None,true,MonitorError,false,false,false,false,false,false,false,false,false,false,0,YawFollow,-85.0,0.0,-85.7,false,false,false,false,false,false,false,,,,1024,1024,1024,1024,90,11.364,0.0,0,0,3,false,3.766,3.816,3.804,0.05,0.053,0.0,0.0,0.0,14.15359954679567,121.26241599943363,14.885205,380.0,true,FixedHeight,false,false,false,false,,true,false,false,,40,,380.0,401,Android,4.3.62,Clinton Spark,0BMCE8B0112XGP,,,0C0AF8NB33038T,,,121.5,23.604368,11.5,1.9104973,2.0,2,0,Clinton Spark,0BMCE8B0112XGP,,,Android,4.3.62
2025-11-19T04:23:19.112Z,48.1,14.153569663480432,121.26245109764253,11.3,11.5,0.0,26.185205,0.0,0.1,0.0,0.9,0.0,0.3,-1.3,0.0,-85.3,GPSAtti,AutoFly,None,true,Already,12,5,Spark,false,false,Standby,Smart,false,true,false,None,true,MonitorError,false,false,false,false,false,false,false,false,false,false,0,YawFollow,-85.0,0.0,-85.8,false,false,false,false,false,false,false,,,,1024,1024,1024,1024,90,11.364,0.0,0,0,3,false,3.766,3.816,3.804,0.05,0.053,0.0,0.0,0.0,14.15359954679567,121.26241599943363,14.885205,380.0,true,FixedHeight,false,false,false,false,,true,false,false,,40,,380.0,401,Android,4.3.62,Clinton Spark,0BMCE8B0112XGP,,,0C0AF8NB33038T,,,121.5,23.604368,11.5,1.9104973,2.0,2,0,Clinton Spark,0BMCE8B0112XGP,,,Android,4.3.62
2025-11-19T04:23:19.214Z,48.2,14.153569687023662,121.26245106721862,11.3,11.5,0.0,26.185205,0.0,0.1,0.0,0.9,0.0,0.3,-1.2,0.0,-85.3,GPSAtti,AutoFly,None,true,Already,12,5,Spark,false,false,Standby,Smart,false,true,false,None,true,MonitorError,false,false,false,false,false,false,false,false,false,false,0,YawFollow,-85.0,0.0,-85.8,false,false,false,false,false,false,false,,,,1024,1024,1024,1024,90,11.364,0.0,0,0,3,false,3.766,3.816,3.804,0.05,0.053,0.0,0.0,0.0,14.15359954679567,121.26241599943363,14.885205,380.0,true,FixedHeight,false,false,false,false,,true,false,false,,40,,380.0,401,Android,4.3.62,Clinton Spark,0BMCE8B0112XGP,,,0C0AF8NB33038T,,,121.5,23.604368,11.5,1.9104973,2.0,2,0,Clinton Spark,0BMCE8B0112XGP,,,Android,4.3.62
2025-11-19T04:23:19.214Z,48.3,14.153569703109433,121.26245102571765,11.3,11.5,0.0,26.185205,0.0,0.1,0.0,0.9,0.0,0.3,-1.3,-0.1,-85.3,GPSAtti,AutoFly,None,true,Already,12,5,Spark,false,false,Standby,Smart,false,true,false,None,true,MonitorError,false,false,false,false,false,false,false,false,false,false,0,YawFollow,-85.0,0.0,-85.7,false,false,false,false,false,false,false,,,,1024,1024,1024,1024,90,11.364,0.0,0,0,3,false,3.766,3.816,3.804,0.05,0.053,0.0,0.0,0.0,14.15359954679567,121.26241599943363,14.885205,380.0,true,FixedHeight,false,false,false,false,,true,false,false,,40,,380.0,401,Android,4.3.62,Clinton Spark,0BMCE8B0112XGP,,,0C0AF8NB33038T,,,121.5,23.604368,11.5,1.9104973,2.0,2,0,Clinton Spark,0BMCE8B0112XGP,,,Android,4.3.62
2025-11-19T04:23:19.214Z,48.4,14.153569730867074,121.26245100369819,11.3,11.5,0.0,26.185205,0.0,0.1,0.0,0.9,0.0,0.3,-1.2,-0.5,-85.3,GPSAtti,AutoFly,None,true,Already,12,5,Spark,false,false,Standby,Smart,false,true,false,None,true,MonitorError,false,false,false,false,false,false,false,false,false,false,0,YawFollow,-85.0,0.0,-85.7,false,false,false,false,false,false,false,,,,1024,1024,1024,1024,90,11.364,0.0,0,0,3,false,3.766,3.816,3.804,0.05,0.053,0.0,0.0,0.0,14.15359954679567,121.26241599943363,14.885205,380.0,true,FixedHeight,false,false,false,false,,true,false,false,,40,,380.0,401,Android,4.3.62,Clinton Spark,0BMCE8B0112XGP,,,0C0AF8NB33038T,,,121.5,23.604368,11.5,1.9104973,2.0,2,0,Clinton Spark,0BMCE8B0112XGP,,,Android,4.3.62
2025-11-19T04:23:19.419Z,48.5,14.153569759815923,121.26245098793184,11.3,11.5,0.0,26.185205,0.0,0.1,0.0,0.9,0.0,0.3,-1.2,-0.8,-85.3,GPSAtti,AutoFly,None,true,Already,12,5,Spark,false,false,Standby,Smart,false,true,false,None,true,MonitorError,false,false,false,false,false,false,false,false,false,false,0,YawFollow,-85.0,0.0,-85.8,false,false,false,false,false,false,false,,,,1024,1024,1024,1024,90,11.364,0.0,0,0,3,false,3.766,3.816,3.804,0.05,0.053,0.0,0.0,0.0,14.15359954679567,121.26241599943363,14.885205,380.0,true,FixedHeight,false,false,false,false,,true,false,false,,40,,380.0,401,Android,4.3.62,Clinton Spark,0BMCE8B0112XGP,,,0C0AF8NB33038T,,,121.5,23.604368,11.5,1.9104973,2.0,2,0,Clinton Spark,0BMCE8B0112XGP,,,Android,4.3.62
2025-11-19T04:23:19.624Z,48.6,14.153569785124386,121.26245097152052,11.3,11.5,0.0,26.185205,0.0,0.1,0.0,0.9,0.0,0.3,-1.2,-0.7,-85.3,GPSAtti,AutoFly,None,true,Already,12,5,Spark,false,false,Standby,Smart,false,true,false,None,true,MonitorError,false,false,false,false,false,false,false,false,false,false,0,YawFollow,-85.0,0.0,-85.7,false,false,false,false,false,false,false,,,,1024,1024,1024,1024,90,11.364,0.0,0,0,3,false,3.766,3.816,3.804,0.05,0.053,0.0,0.0,0.0,14.15359954679567,121.26241599943363,14.885205,380.0,true,FixedHeight,false,false,false,false,,true,false,false,,40,,380.0,401,Android,4.3.62,Clinton Spark,0BMCE8B0112XGP,,,0C0AF8NB33038T,,,121.5,23.604368,11.5,1.9104973,2.0,2,0,Clinton Spark,0BMCE8B0112XGP,,,Android,4.3.62
2025-11-19T04:23:19.725Z,48.7,14.153569790077299,121.26245093930972,11.3,11.5,0.0,26.185205,0.0,0.1,0.0,0.9,0.0,0.3,-1.2,-0.2,-85.4,GPSAtti,AutoFly,None,true,Already,12,5,Spark,false,false,Standby,Smart,false,true,false,None,true,MonitorError,false,false,false,false,false,false,false,false,false,false,0,YawFollow,-85.0,0.0,-85.7,false,false,false,false,false,false,false,,,,1024,1024,1024,1024,90,11.364,0.0,0,0,3,false,3.766,3.816,3.804,0.05,0.053,0.0,0.0,0.0,14.15359954679567,121.26241599943363,14.885205,380.0,true,FixedHeight,false,false,false,false,,true,false,false,,40,,380.0,401,Android,4.3.62,Clinton Spark,0BMCE8B0112XGP,,,0C0AF8NB33038T,,,121.5,23.604368,11.5,1.9104973,2.0,2,0,Clinton Spark,0BMCE8B0112XGP,,,Android,4.3.62
2025-11-19T04:23:19.929Z,48.8,14.1535697758162,121.26245092098114,11.3,11.5,0.0,26.185205,0.0,0.1,0.0,0.9,0.0,0.3,-1.1,0.1,-85.4,GPSAtti,AutoFly,None,true,Already,12,5,Spark,false,false,Standby,Smart,false,true,false,None,true,MonitorError,false,false,false,false,false,false,false,false,false,false,0,YawFollow,-85.0,0.0,-85.7,false,false,false,false,false,false,false,,,,1024,1024,1024,1024,90,11.357,0.0,0,0,3,false,3.766,3.816,3.804,0.05,0.053,0.0,0.0,0.0,14.15359954679567,121.26241599943363,14.885205,380.0,true,FixedHeight,false,false,false,false,,true,false,false,,40,,380.0,401,Android,4.3.62,Clinton Spark,0BMCE8B0112XGP,,,0C0AF8NB33038T,,,121.5,23.604368,11.5,1.9104973,2.0,2,0,Clinton Spark,0BMCE8B0112XGP,,,Android,4.3.62
2025-11-19T04:23:19.929Z,48.9,14.153569744495522,121.26245090494531,11.3,11.5,0.0,26.185205,0.0,0.1,0.0,0.9,0.0,0.3,-1.1,0.2,-85.4,GPSAtti,AutoFly,None,true,Already,12,5,Spark,false,false,Standby,Smart,false,true,false,None,true,MonitorError,false,false,false,false,false,false,false,false,false,false,0,YawFollow,-85.0,0.0,-85.7,false,false,false,false,false,false,false,,,,1024,1024,1024,1024,90,11.357,0.0,0,0,3,false,3.766,3.816,3.804,0.05,0.053,0.0,0.0,0.0,14.15359954679567,121.26241599943363,14.885205,380.0,true,FixedHeight,false,false,false,false,,true,false,false,,40,,380.0,401,Android,4.3.62,Clinton Spark,0BMCE8B0112XGP,,,0C0AF8NB33038T,,,121.5,23.604368,11.5,1.9104973,2.0,2,0,Clinton Spark,0BMCE8B0112XGP,,,Android,4.3.62
2025-11-19T04:23:20.132Z,49.0,14.153569696790255,121.26245090874225,11.3,11.5,0.0,26.185205,0.0,0.1,0.0,0.9,0.0,0.3,-1.1,0.4,-85.4,GPSAtti,AutoFly,None,true,Already,12,5,Spark,false,false,Standby,Smart,false,true,false,None,true,MonitorError,false,false,false,false,false,false,false,false,false,false,0,YawFollow,-85.0,0.0,-85.7,false,false,false,false,false,false,false,,,,1024,1024,407,1024,90,11.357,0.0,0,0,3,false,3.766,3.816,3.804,0.05,0.053,0.0,0.0,0.0,14.15359954679567,121.26241599943363,14.885205,380.0,true,FixedHeight,false,false,false,false,,true,false,false,,40,,380.0,401,Android,4.3.62,Clinton Spark,0BMCE8B0112XGP,,,0C0AF8NB33038T,,,121.5,23.604368,11.5,1.9104973,2.0,2,0,Clinton Spark,0BMCE8B0112XGP,,,Android,4.3.62
2025-11-19T04:23:20.336Z,49.1,14.153569644334818,121.26245091093777,11.3,11.5,0.0,26.185205,0.0,0.1,0.0,0.9,0.0,0.3,-1.3,0.5,-85.3,GPSAtti,AutoFly,None,true,Already,12,5,Spark,false,false,Standby,Smart,false,true,false,None,true,MonitorError,false,false,false,false,false,false,false,false,false,false,0,YawFollow,-85.0,0.0,-85.7,false,false,false,false,false,false,false,,,,1024,1024,364,1024,90,11.357,0.0,0,0,3,false,3.766,3.816,3.804,0.05,0.053,0.0,0.0,0.0,14.15359954679567,121.26241599943363,14.885205,380.0,true,FixedHeight,false,false,false,false,,true,false,false,,40,,380.0,401,Android,4.3.62,Clinton Spark,0BMCE8B0112XGP,,,0C0AF8NB33038T,,,121.5,23.604368,11.5,1.9104973,2.0,2,0,Clinton Spark,0BMCE8B0112XGP,,,Android,4.3.62
2025-11-19T04:23:20.438Z,49.2,14.15356960997465,121.26245090765552,11.3,11.5,0.0,26.185205,0.0,0.1,0.0,0.9,0.0,0.3,-1.4,0.4,-85.3,GPSAtti,AutoFly,None,true,Already,12,5,Spark,false,false,Standby,Smart,false,true,false,None,true,MonitorError,false,false,false,false,false,false,false,false,false,false,0,YawFollow,-85.0,0.0,-85.7,false,false,false,false,false,false,false,,,,1024,1024,1024,1024,90,11.357,0.0,0,0,3,false,3.766,3.816,3.804,0.05,0.053,0.0,0.0,0.0,14.15359954679567,121.26241599943363,14.885205,380.0,true,FixedHeight,false,false,false,false,,true,false,false,,40,,380.0,401,Android,4.3.62,Clinton Spark,0BMCE8B0112XGP,,,0C0AF8NB33038T,,,121.5,23.604368,11.5,1.9104973,2.0,2,0,Clinton Spark,0BMCE8B0112XGP,,,Android,4.3.62
2025-11-19T04:23:20.642Z,49.3,14.153569586590192,121.26245088436158,11.3,11.5,0.0,26.185205,0.0,0.1,0.0,0.9,0.0,0.3,-1.3,0.6,-85.3,GPSAtti,AutoFly,None,true,Already,12,5,Spark,false,false,Standby,Smart,false,true,false,None,true,MonitorError,false,false,false,false,false,false,false,false,false,false,0,YawFollow,-85.0,0.0,-85.7,false,false,false,false,false,false,false,,,,1024,1024,1024,1024,90,11.357,0.0,0,0,3,false,3.766,3.816,3.804,0.05,0.053,0.0,0.0,0.0,14.15359954679567,121.26241599943363,14.885205,380.0,true,FixedHeight,false,false,false,false,,true,false,false,,40,,380.0,401,Android,4.3.62,Clinton Spark,0BMCE8B0112XGP,,,0C0AF8NB33038T,,,121.5,23.604368,11.5,1.9104973,2.0,2,0,Clinton Spark,0BMCE8B0112XGP,,,Android,4.3.62
2025-11-19T04:23:20.744Z,49.4,14.153569564003675,121.26245084915344,11.3,11.5,0.0,26.185205,0.0,0.1,0.0,0.9,0.0,0.3,-1.2,0.5,-85.3,GPSAtti,AutoFly,None,true,Already,12,5,Spark,false,false,Standby,Smart,false,true,false,None,true,MonitorError,false,false,false,false,false,false,false,false,false,false,0,YawFollow,-85.0,0.0,-85.7,false,false,false,false,false,false,false,,,,1024,1024,1024,1024,90,11.357,0.0,0,0,3,false,3.766,3.816,3.804,0.05,0.053,0.0,0.0,0.0,14.15359954679567,121.26241599943363,14.885205,380.0,true,FixedHeight,false,false,false,false,,true,false,false,,40,,380.0,401,Android,4.3.62,Clinton Spark,0BMCE8B0112XGP,,,0C0AF8NB33038T,,,121.5,23.604368,11.5,1.9104973,2.0,2,0,Clinton Spark,0BMCE8B0112XGP,,,Android,4.3.62
2025-11-19T04:23:20.846Z,49.5,14.153569539756958,121.26245080939741,11.3,11.5,0.0,26.185205,0.0,0.1,0.0,0.9,0.0,0.3,-1.2,0.4,-85.3,GPSAtti,AutoFly,None,true,Already,12,5,Spark,false,false,Standby,Smart,false,true,false,None,true,MonitorError,false,false,false,false,false,false,false,false,false,false,0,YawFollow,-85.0,0.0,-85.7,false,false,false,false,false,false,false,,,,1024,1024,1024,1024,90,11.357,0.0,0,0,3,false,3.766,3.816,3.804,0.05,0.053,0.0,0.0,0.0,14.15359954679567,121.26241599943363,14.885205,380.0,true,FixedHeight,false,false,false,false,,true,false,false,,40,,380.0,401,Android,4.3.62,Clinton Spark,0BMCE8B0112XGP,,,0C0AF8NB33038T,,,121.5,23.604368,11.5,1.9104973,2.0,2,0,Clinton Spark,0BMCE8B0112XGP,,,Android,4.3.62
2025-11-19T04:23:20.846Z,49.6,14.153569534039491,121.26245078180297,11.3,11.5,0.0,26.185205,0.0,0.1,0.0,0.9,0.0,0.3,-1.2,0.2,-85.3,GPSAtti,AutoFly,None,true,Already,12,5,Spark,false,false,Standby,Smart,false,true,false,None,true,MonitorError,false,false,false,false,false,false,false,false,false,false,0,YawFollow,-85.0,0.0,-85.7,false,false,false,false,false,false,false,,,,1024,1024,1024,1024,90,11.357,0.0,0,0,3,false,3.766,3.816,3.804,0.05,0.053,0.0,0.0,0.0,14.15359954679567,121.26241599943363,14.885205,380.0,true,FixedHeight,false,false,false,false,,true,false,false,,40,,380.0,401,Android,4.3.62,Clinton Spark,0BMCE8B0112XGP,,,0C0AF8NB33038T,,,121.5,23.604368,11.5,1.9104973,2.0,2,0,Clinton Spark,0BMCE8B0112XGP,,,Android,4.3.62
2025-11-19T04:23:20.846Z,49.7,14.153569539048585,121.26245076663521,11.3,11.5,0.0,26.185205,0.0,0.1,0.0,0.9,0.0,0.3,-1.2,0.0,-85.2,GPSAtti,AutoFly,None,true,Already,12,5,Spark,false,false,Standby,Smart,false,true,false,None,true,MonitorError,false,false,false,false,false,false,false,false,false,false,0,YawFollow,-85.0,0.0,-85.6,false,false,false,false,false,false,false,,,,1024,1024,1024,1024,90,11.357,0.0,0,0,3,false,3.766,3.816,3.804,0.05,0.053,0.0,0.0,0.0,14.15359954679567,121.26241599943363,14.885205,380.0,true,FixedHeight,false,false,false,false,,true,false,false,,40,,380.0,401,Android,4.3.62,Clinton Spark,0BMCE8B0112XGP,,,0C0AF8NB33038T,,,121.5,23.604368,11.5,1.9104973,2.0,2,0,Clinton Spark,0BMCE8B0112XGP,,,Android,4.3.62
2025-11-19T04:23:21.152Z,49.8,14.153569554468321,121.26245076343244,11.3,11.5,0.0,26.185205,0.0,0.1,0.0,0.9,0.0,0.3,-1.1,0.0,-85.2,GPSAtti,AutoFly,None,true,Already,12,5,Spark,false,false,Standby,Smart,false,true,false,None,true,MonitorError,false,false,false,false,false,false,false,false,false,false,0,YawFollow,-85.0,0.0,-85.7,false,false,false,false,false,false,false,,,,1024,1024,1024,1024,90,11.371,0.0,0,0,3,false,3.766,3.816,3.804,0.05,0.053,0.0,0.0,0.0,14.15359954679567,121.26241599943363,14.885205,380.0,true,FixedHeight,false,false,false,false,,true,false,false,,40,,380.0,401,Android,4.3.62,Clinton Spark,0BMCE8B0112XGP,,,0C0AF8NB33038T,,,121.5,23.604368,11.5,1.9104973,2.0,2,0,Clinton Spark,0BMCE8B0112XGP,,,Android,4.3.62
2025-11-19T04:23:21.152Z,49.9,14.153569563051034,121.2624507603092,11.3,11.5,0.0,26.185205,0.0,0.1,0.0,0.9,0.0,0.3,-1.1,-0.1,-85.2,GPSAtti,AutoFly,None,true,Already,12,5,Spark,false,false,Standby,Smart,false,true,false,None,true,MonitorError,false,false,false,false,false,false,false,false,false,false,0,YawFollow,-85.0,0.0,-85.7,false,false,false,false,false,false,false,,,,1024,1024,1024,1024,90,11.371,0.0,0,0,3,false,3.766,3.816,3.804,0.05,0.053,0.0,0.0,0.0,14.15359954679567,121.26241599943363,14.885205,380.0,true,FixedHeight,false,false,false,false,,true,false,false,,40,,380.0,401,Android,4.3.62,Clinton Spark,0BMCE8B0112XGP,,,0C0AF8NB33038T,,,121.5,23.604368,11.5,1.9104973,2.0,2,0,Clinton Spark,0BMCE8B0112XGP,,,Android,4.3.62
2025-11-19T04:23:21.356Z,50.0,14.153569569400338,121.262450770251,11.3,11.5,0.0,26.185205,0.0,0.1,0.0,0.9,0.0,0.3,-1.2,0.0,-85.2,GPSAtti,AutoFly,None,true,Already,12,5,Spark,false,false,Standby,Smart,false,true,false,None,true,MonitorError,false,false,false,false,false,false,false,false,false,false,0,YawFollow,-85.0,0.0,-85.6,false,false,false,false,false,false,false,,,,1024,1024,1024,1024,90,11.371,0.0,0,0,3,false,3.766,3.816,3.804,0.05,0.053,0.0,0.0,0.0,14.15359954679567,121.26241599943363,14.885205,380.0,true,FixedHeight,false,false,false,false,,true,false,false,,40,,380.0,401,Android,4.3.62,Clinton Spark,0BMCE8B0112XGP,,,0C0AF8NB33038T,,,121.5,23.604368,11.5,1.9104973,2.0,2,0,Clinton Spark,0BMCE8B0112XGP,,,Android,4.3.62
2025-11-19T04:23:21.356Z,50.1,14.153569567026066,121.2624507752252,11.3,11.5,0.0,26.185205,0.0,0.1,0.0,0.9,0.0,0.3,-1.2,0.3,-85.2,GPSAtti,AutoFly,None,true,Already,12,5,Spark,false,false,Standby,Smart,false,true,false,None,true,MonitorError,false,false,false,false,false,false,false,false,false,false,0,YawFollow,-85.0,0.0,-85.6,false,false,false,false,false,false,false,,,,1024,1024,1024,1024,90,11.371,0.0,0,0,3,false,3.766,3.816,3.804,0.05,0.053,0.0,0.0,0.0,14.15359954679567,121.26241599943363,14.885205,380.0,true,FixedHeight,false,false,false,false,,true,false,false,,40,,380.0,401,Android,4.3.62,Clinton Spark,0BMCE8B0112XGP,,,0C0AF8NB33038T,,,121.5,23.604368,11.5,1.9104973,2.0,2,0,Clinton Spark,0BMCE8B0112XGP,,,Android,4.3.62
2025-11-19T04:23:21.457Z,50.2,14.153569572906378,121.2624507900241,11.3,11.5,0.0,26.185205,0.0,0.1,0.0,0.9,0.0,0.3,-1.2,0.2,-85.2,GPSAtti,AutoFly,None,true,Already,12,5,Spark,false,false,Standby,Smart,false,true,false,None,true,MonitorError,false,false,false,false,false,false,false,false,false,false,0,YawFollow,-85.0,0.0,-85.6,false,false,false,false,false,false,false,,,,1024,1024,753,1024,90,11.371,0.0,0,0,3,false,3.766,3.816,3.804,0.05,0.053,0.0,0.0,0.0,14.15359954679567,121.26241599943363,14.885205,380.0,true,FixedHeight,false,false,false,false,,true,false,false,,40,,380.0,401,Android,4.3.62,Clinton Spark,0BMCE8B0112XGP,,,0C0AF8NB33038T,,,121.5,23.604368,11.5,1.9104973,2.0,2,0,Clinton Spark,0BMCE8B0112XGP,,,Android,4.3.62
2025-11-19T04:23:21.559Z,50.3,14.153569580027563,121.262450799597,11.3,11.5,0.0,26.185205,0.0,0.1,0.0,0.9,0.0,0.3,-1.4,0.3,-85.2,GPSAtti,AutoFly,None,true,Already,12,5,Spark,false,false,Standby,Smart,false,true,false,None,true,MonitorError,false,false,false,false,false,false,false,false,false,false,0,YawFollow,-85.0,0.0,-85.6,false,false,false,false,false,false,false,,,,1024,1024,510,1024,90,11.371,0.0,0,0,3,false,3.766,3.816,3.804,0.05,0.053,0.0,0.0,0.0,14.15359954679567,121.26241599943363,14.885205,380.0,true,FixedHeight,false,false,false,false,,true,false,false,,40,,380.0,401,Android,4.3.62,Clinton Spark,0BMCE8B0112XGP,,,0C0AF8NB33038T,,,121.5,23.604368,11.5,1.9104973,2.0,2,0,Clinton Spark,0BMCE8B0112XGP,,,Android,4.3.62
2025-11-19T04:23:21.662Z,50.4,14.153569598393155,121.2624507933196,11.3,11.5,0.0,26.185205,0.0,0.1,0.0,0.9,0.0,0.3,-1.4,0.1,-85.2,GPSAtti,AutoFly,None,true,Already,12,5,Spark,false,false,Standby,Smart,false,true,false,None,true,MonitorError,false,false,false,false,false,false,false,false,false,false,0,YawFollow,-85.0,0.0,-85.6,false,false,false,false,false,false,false,,,,1024,1024,510,1024,90,11.371,0.0,0,0,3,false,3.766,3.816,3.804,0.05,0.053,0.0,0.0,0.0,14.15359954679567,121.26241599943363,14.885205,380.0,true,FixedHeight,false,false,false,false,,true,false,false,,40,,380.0,401,Android,4.3.62,Clinton Spark,0BMCE8B0112XGP,,,0C0AF8NB33038T,,,121.5,23.604368,11.5,1.9104973,2.0,2,0,Clinton Spark,0BMCE8B0112XGP,,,Android,4.3.62
2025-11-19T04:23:21.764Z,50.5,14.153569620014006,121.26245076790528,11.3,11.5,0.0,26.185205,0.0,0.1,0.0,0.9,0.2,0.3,-1.4,0.0,-85.3,GPSAtti,AutoFly,None,true,Already,12,5,Spark,false,false,Standby,Smart,false,true,false,None,true,MonitorError,false,false,false,false,false,false,false,false,false,false,0,YawFollow,-85.0,0.0,-85.6,false,false,false,false,false,false,false,,,,1024,1024,542,1024,90,11.371,0.0,0,0,3,false,3.766,3.816,3.804,0.05,0.053,0.0,0.0,0.0,14.15359954679567,121.26241599943363,14.885205,380.0,true,FixedHeight,false,false,false,false,,true,false,false,,40,,380.0,401,Android,4.3.62,Clinton Spark,0BMCE8B0112XGP,,,0C0AF8NB33038T,,,121.5,23.604368,11.5,1.9104973,2.0,2,0,Clinton Spark,0BMCE8B0112XGP,,,Android,4.3.62
2025-11-19T04:23:21.866Z,50.6,14.153569624331825,121.26245074154333,11.3,11.5,0.0,26.185205,0.0,0.1,0.0,0.9,0.6,0.6,-1.6,-0.3,-85.3,GPSAtti,AutoFly,None,true,Already,12,5,Spark,false,false,Standby,Smart,false,true,false,None,true,MonitorError,false,false,false,false,false,false,false,false,false,false,0,YawFollow,-85.0,0.0,-85.7,false,false,false,false,false,false,false,,,,1024,1024,1024,1024,90,11.371,0.0,0,0,3,false,3.766,3.816,3.804,0.05,0.053,0.0,0.0,0.0,14.15359954679567,121.26241599943363,14.885205,380.0,true,FixedHeight,false,false,false,false,,true,false,false,,40,,380.0,401,Android,4.3.62,Clinton Spark,0BMCE8B0112XGP,,,0C0AF8NB33038T,,,121.5,23.604368,11.5,1.9104973,2.0,2,0,Clinton Spark,0BMCE8B0112XGP,,,Android,4.3.62
2025-11-19T04:23:21.866Z,50.7,14.15356961583379,121.26245071610687,11.2,11.5,0.0,26.085205,0.0,0.1,0.0,0.9,0.8,0.8,-1.6,-0.6,-85.2,GPSAtti,AutoFly,None,true,Already,12,5,Spark,false,false,Standby,Smart,false,true,false,None,true,MonitorError,false,false,false,false,false,false,false,false,false,false,0,YawFollow,-85.0,0.0,-85.7,false,false,false,false,false,false,false,,,,1024,1024,1024,1024,90,11.371,0.0,0,0,3,false,3.766,3.816,3.804,0.05,0.053,0.0,0.0,0.0,14.15359954679567,121.26241599943363,14.885205,380.0,true,FixedHeight,false,false,false,false,,true,false,false,,40,,380.0,401,Android,4.3.62,Clinton Spark,0BMCE8B0112XGP,,,0C0AF8NB33038T,,,121.5,23.604368,11.5,1.9104973,2.0,2,0,Clinton Spark,0BMCE8B0112XGP,,,Android,4.3.62
2025-11-19T04:23:21.866Z,50.8,14.153569593656826,121.26245073117303,11.1,11.5,0.0,25.985207,0.0,0.1,0.0,0.9,0.6,0.8,-1.4,-0.1,-85.2,GPSAtti,AutoFly,None,true,Already,12,5,Spark,false,false,Standby,Smart,false,true,false,None,true,MonitorError,false,false,false,false,false,false,false,false,false,false,0,YawFollow,-85.0,0.0,-85.5,false,false,false,false,false,false,false,,,,1024,1024,1024,1024,90,11.407,0.0,0,0,3,false,3.766,3.816,3.804,0.05,0.053,0.0,0.0,0.0,14.15359954679567,121.26241599943363,14.885205,380.0,true,FixedHeight,false,false,false,false,,true,false,false,,40,,380.0,401,Android,4.3.62,Clinton Spark,0BMCE8B0112XGP,,,0C0AF8NB33038T,,,121.5,23.604368,11.5,1.9104973,2.0,2,0,Clinton Spark,0BMCE8B0112XGP,,,Android,4.3.62
2025-11-19T04:23:21.968Z,50.9,14.153569573736071,121.26245076660871,11.1,11.5,0.0,25.985207,0.0,0.1,0.0,0.9,0.4,0.8,-1.3,0.0,-85.3,GPSAtti,AutoFly,None,true,Already,12,5,Spark,false,false,Standby,Smart,false,true,false,None,true,MonitorError,false,false,false,false,false,false,false,false,false,false,0,YawFollow,-85.0,0.0,-85.5,false,false,false,false,false,false,false,,,,1024,1024,1024,1024,90,11.407,0.0,0,0,3,false,3.766,3.816,3.804,0.05,0.053,0.0,0.0,0.0,14.15359954679567,121.26241599943363,14.885205,380.0,true,FixedHeight,false,false,false,false,,true,false,false,,40,,380.0,401,Android,4.3.62,Clinton Spark,0BMCE8B0112XGP,,,0C0AF8NB33038T,,,121.5,23.604368,11.5,1.9104973,2.0,2,0,Clinton Spark,0BMCE8B0112XGP,,,Android,4.3.62
2025-11-19T04:23:22.070Z,51.0,14.153569527412538,121.26245084694024,11.0,11.5,0.0,25.885204,0.0,0.1,0.0,0.9,0.3,0.8,-1.8,0.0,-85.4,GPSAtti,AutoFly,None,true,Already,12,5,Spark,false,false,Standby,Smart,false,true,false,None,true,MonitorError,false,false,false,false,false,false,false,false,false,false,0,YawFollow,-85.0,0.0,-85.6,false,false,false,false,false,false,false,,,,1024,1024,1024,1024,90,11.407,0.0,0,0,3,false,3.766,3.816,3.804,0.05,0.053,0.0,0.0,0.0,14.15359954679567,121.26241599943363,14.885205,380.0,true,FixedHeight,false,false,false,false,,true,false,false,,40,,380.0,401,Android,4.3.62,Clinton Spark,0BMCE8B0112XGP,,,0C0AF8NB33038T,,,121.5,23.604368,11.5,1.9104973,2.0,2,0,Clinton Spark,0BMCE8B0112XGP,,,Android,4.3.62
2025-11-19T04:23:22.070Z,51.1,14.153569479621778,121.26245090701937,11.0,11.5,0.0,25.885204,0.0,0.1,0.0,0.9,0.2,0.8,-1.9,0.0,-85.3,GPSAtti,AutoFly,None,true,Already,12,5,Spark,false,false,Standby,Smart,false,true,false,None,true,MonitorError,false,false,false,false,false,false,false,false,false,false,0,YawFollow,-85.0,0.0,-85.5,false,false,false,false,false,false,false,,,,1024,1024,1024,1024,90,11.407,0.0,0,0,3,false,3.766,3.816,3.804,0.05,0.053,0.0,0.0,0.0,14.15359954679567,121.26241599943363,14.885205,380.0,true,FixedHeight,false,false,false,false,,true,false,false,,40,,380.0,401,Android,4.3.62,Clinton Spark,0BMCE8B0112XGP,,,0C0AF8NB33038T,,,121.5,23.604368,11.5,1.9104973,2.0,2,0,Clinton Spark,0BMCE8B0112XGP,,,Android,4.3.62
2025-11-19T04:23:22.171Z,51.2,14.1535694764113,121.26245093800432,11.0,11.5,0.0,25.885204,0.0,0.1,0.0,0.9,0.1,0.8,-1.7,0.1,-85.4,GPSAtti,AutoFly,None,true,Already,12,5,Spark,false,false,Standby,Smart,false,true,false,None,true,MonitorError,false,false,false,false,false,false,false,false,false,false,0,YawFollow,-85.0,0.0,-85.5,false,false,false,false,false,false,false,,,,1024,1024,1024,1024,90,11.407,0.0,0,0,3,false,3.766,3.816,3.804,0.05,0.053,0.0,0.0,0.0,14.15359954679567,121.26241599943363,14.885205,380.0,true,FixedHeight,false,false,false,false,,true,false,false,,40,,380.0,401,Android,4.3.62,Clinton Spark,0BMCE8B0112XGP,,,0C0AF8NB33038T,,,121.5,23.604368,11.5,1.9104973,2.0,2,0,Clinton Spark,0BMCE8B0112XGP,,,Android,4.3.62
2025-11-19T04:23:22.277Z,51.3,14.153569517236392,121.26245092549593,10.9,11.5,0.0,25.785206,0.0,0.1,0.0,0.9,0.1,0.8,-1.5,0.0,-85.4,GPSAtti,AutoFly,None,true,Already,12,5,Spark,false,false,Standby,Smart,false,true,false,None,true,MonitorError,false,false,false,false,false,false,false,false,false,false,0,YawFollow,-85.0,0.0,-85.5,false,false,false,false,false,false,false,,,,1024,1024,1024,1024,90,11.407,0.0,0,0,3,false,3.766,3.816,3.804,0.05,0.053,0.0,0.0,0.0,14.15359954679567,121.26241599943363,14.885205,380.0,true,FixedHeight,false,false,false,false,,true,false,false,,40,,380.0,401,Android,4.3.62,Clinton Spark,0BMCE8B0112XGP,,,0C0AF8NB33038T,,,121.5,23.604368,11.5,1.9104973,2.0,2,0,Clinton Spark,0BMCE8B0112XGP,,,Android,4.3.62
2025-11-19T04:23:22.277Z,51.4,14.15356956918864,121.26245089700913,10.9,11.5,0.0,25.785206,0.0,0.1,0.0,0.9,0.1,0.8,-1.4,-0.3,-85.5,GPSAtti,AutoFly,None,true,Already,12,5,Spark,false,false,Standby,Smart,false,true,false,None,true,MonitorError,false,false,false,false,false,false,false,false,false,false,0,YawFollow,-85.0,0.0,-85.6,false,false,false,false,false,false,false,,,,1024,1024,1024,1024,90,11.407,0.0,0,0,3,false,3.766,3.816,3.804,0.05,0.053,0.0,0.0,0.0,14.15359954679567,121.26241599943363,14.885205,380.0,true,FixedHeight,false,false,false,false,,true,false,false,,40,,380.0,401,Android,4.3.62,Clinton Spark,0BMCE8B0112XGP,,,0C0AF8NB33038T,,,121.5,23.604368,11.5,1.9104973,2.0,2,0,Clinton Spark,0BMCE8B0112XGP,,,Android,4.3.62
2025-11-19T04:23:22.380Z,51.5,14.153569600410798,121.26245086249456,10.9,11.5,0.0,25.785206,0.0,0.1,0.0,0.9,0.0,0.8,-1.4,-0.3,-85.4,GPSAtti,AutoFly,None,true,Already,12,5,Spark,false,false,Standby,Smart,false,true,false,None,true,MonitorError,false,false,false,false,false,false,false,false,false,false,0,YawFollow,-85.0,0.0,-85.6,false,false,false,false,false,false,false,,,,1024,1024,1024,1024,90,11.407,0.0,0,0,3,false,3.766,3.816,3.804,0.05,0.053,0.0,0.0,0.0,14.15359954679567,121.26241599943363,14.885205,380.0,true,FixedHeight,false,false,false,false,,true,false,false,,40,,380.0,401,Android,4.3.62,Clinton Spark,0BMCE8B0112XGP,,,0C0AF8NB33038T,,,121.5,23.604368,11.5,1.9104973,2.0,2,0,Clinton Spark,0BMCE8B0112XGP,,,Android,4.3.62
2025-11-19T04:23:22.485Z,51.6,14.153569621482049,121.26245079595911,10.9,11.5,0.0,25.785206,0.0,0.1,0.0,0.9,0.0,0.8,-1.3,-0.2,-85.3,GPSAtti,AutoFly,None,true,Already,12,5,Spark,false,false,Standby,Smart,false,true,false,None,true,MonitorError,false,false,false,false,false,false,false,false,false,false,0,YawFollow,-85.0,0.0,-85.6,false,false,false,false,false,false,false,,,,1024,1024,1024,1024,90,11.407,0.0,0,0,3,false,3.766,3.816,3.804,0.05,0.053,0.0,0.0,0.0,14.15359954679567,121.26241599943363,14.885205,380.0,true,FixedHeight,false,false,false,false,,true,false,false,,40,,380.0,401,Android,4.3.62,Clinton Spark,0BMCE8B0112XGP,,,0C0AF8NB33038T,,,121.5,23.604368,11.5,1.9104973,2.0,2,0,Clinton Spark,0BMCE8B0112XGP,,,Android,4.3.62
2025-11-19T04:23:22.687Z,51.7,14.153569629251354,121.26245071882369,10.9,11.5,0.0,25.785206,0.0,0.1,0.0,0.9,0.0,0.8,-1.0,-0.2,-85.3,GPSAtti,AutoFly,None,true,Already,12,5,Spark,false,false,Standby,Smart,false,true,false,None,true,MonitorError,false,false,false,false,false,false,false,false,false,false,0,YawFollow,-85.0,0.0,-85.6,false,false,false,false,false,false,false,,,,1024,1024,1024,1024,90,11.407,0.0,0,0,3,false,3.766,3.816,3.804,0.05,0.053,0.0,0.0,0.0,14.15359954679567,121.26241599943363,14.885205,380.0,true,FixedHeight,false,false,false,false,,true,false,false,,40,,380.0,401,Android,4.3.62,Clinton Spark,0BMCE8B0112XGP,,,0C0AF8NB33038T,,,121.5,23.604368,11.5,1.9104973,2.0,2,0,Clinton Spark,0BMCE8B0112XGP,,,Android,4.3.62
2025-11-19T04:23:22.790Z,51.8,14.153569656012388,121.26245062173626,10.9,11.5,0.0,25.785206,0.0,0.1,0.0,0.9,0.0,0.8,-0.8,-0.3,-85.3,GPSAtti,AutoFly,None,true,Already,12,5,Spark,false,false,Standby,Smart,false,true,false,None,true,MonitorError,false,false,false,false,false,false,false,false,false,false,0,YawFollow,-85.0,0.0,-85.5,false,false,false,false,false,false,false,,,,1024,1024,1024,1024,90,11.394,0.0,0,0,3,false,3.766,3.816,3.804,0.05,0.053,0.0,0.0,0.0,14.15359954679567,121.26241599943363,14.885205,380.0,true,FixedHeight,false,false,false,false,,true,false,false,,40,,380.0,401,Android,4.3.62,Clinton Spark,0BMCE8B0112XGP,,,0C0AF8NB33038T,,,121.5,23.604368,11.5,1.9104973,2.0,2,0,Clinton Spark,0BMCE8B0112XGP,,,Android,4.3.62
2025-11-19T04:23:22.891Z,51.9,14.153569686187456,121.26245054504479,10.9,11.5,0.0,25.785206,0.0,0.1,0.0,0.9,0.4,0.8,-0.5,-0.6,-85.4,GPSAtti,AutoFly,None,true,Already,12,5,Spark,false,false,Standby,Smart,false,true,false,None,true,MonitorError,false,false,false,false,false,false,false,false,false,false,0,YawFollow,-85.0,0.0,-85.5,false,false,false,false,false,false,false,,,,1024,1024,1024,1024,90,11.394,0.0,0,0,3,false,3.766,3.816,3.804,0.05,0.053,0.0,0.0,0.0,14.15359954679567,121.26241599943363,14.885205,380.0,true,FixedHeight,false,false,false,false,,true,false,false,,40,,380.0,401,Android,4.3.62,Clinton Spark,0BMCE8B0112XGP,,,0C0AF8NB33038T,,,121.5,23.604368,11.5,1.9104973,2.0,2,0,Clinton Spark,0BMCE8B0112XGP,,,Android,4.3.62
2025-11-19T04:23:22.993Z,52.0,14.153569708392919,121.26245044376064,10.8,11.5,0.0,25.685205,0.0,0.1,0.0,0.9,0.6,0.8,-0.5,-0.8,-85.4,GPSAtti,AutoFly,None,true,Already,12,5,Spark,false,false,Standby,Smart,false,true,false,None,true,MonitorError,false,false,false,false,false,false,false,false,false,false,0,YawFollow,-85.0,0.0,-85.6,false,false,false,false,false,false,false,,,,1024,1024,1024,1024,90,11.394,0.0,0,0,3,false,3.766,3.816,3.804,0.05,0.053,0.0,0.0,0.0,14.15359954679567,121.26241599943363,14.885205,380.0,true,FixedHeight,false,false,false,false,,true,false,false,,40,,380.0,401,Android,4.3.62,Clinton Spark,0BMCE8B0112XGP,,,0C0AF8NB33038T,,,121.5,23.604368,11.5,1.9104973,2.0,2,0,Clinton Spark,0BMCE8B0112XGP,,,Android,4.3.62
2025-11-19T04:23:23.095Z,52.1,14.153569705907913,121.2624503495623,10.8,11.5,0.0,25.685205,0.0,0.1,0.0,0.9,0.4,0.8,-0.2,-0.6,-85.3,GPSAtti,AutoFly,None,true,Already,12,5,Spark,false,false,Standby,Smart,false,true,false,None,true,MonitorError,false,false,false,false,false,false,false,false,false,false,0,YawFollow,-85.0,0.0,-85.6,false,false,false,false,false,false,false,,,,1024,1024,483,1024,90,11.394,0.0,0,0,3,false,3.766,3.816,3.804,0.05,0.053,0.0,0.0,0.0,14.15359954679567,121.26241599943363,14.885205,380.0,true,FixedHeight,false,false,false,false,,true,false,false,,40,,380.0,401,Android,4.3.62,Clinton Spark,0BMCE8B0112XGP,,,0C0AF8NB33038T,,,121.5,23.604368,11.5,1.9104973,2.0,2,0,Clinton Spark,0BMCE8B0112XGP,,,Android,4.3.62
2025-11-19T04:23:23.196Z,52.2,14.153569726200768,121.26245024878178,10.7,11.5,0.0,25.585205,0.0,0.1,0.0,0.9,0.3,0.8,-0.6,0.0,-85.2,GPSAtti,AutoFly,None,true,Already,12,5,Spark,false,false,Standby,Smart,false,true,false,None,true,MonitorError,false,false,false,false,false,false,false,false,false,false,0,YawFollow,-85.0,0.0,-85.6,false,false,false,false,false,false,false,,,,1024,1024,599,1024,90,11.394,0.0,0,0,3,false,3.766,3.816,3.804,0.05,0.053,0.0,0.0,0.0,14.15359954679567,121.26241599943363,14.885205,380.0,true,FixedHeight,false,false,false,false,,true,false,false,,40,,380.0,401,Android,4.3.62,Clinton Spark,0BMCE8B0112XGP,,,0C0AF8NB33038T,,,121.5,23.604368,11.5,1.9104973,2.0,2,0,Clinton Spark,0BMCE8B0112XGP,,,Android,4.3.62
2025-11-19T04:23:23.298Z,52.3,14.153569755489961,121.2624501760529,10.7,11.5,0.0,25.585205,0.0,0.1,0.0,0.9,0.1,0.8,-0.9,0.2,-85.2,GPSAtti,AutoFly,None,true,Already,12,5,Spark,false,false,Standby,Smart,false,true,false,None,true,MonitorError,false,false,false,false,false,false,false,false,false,false,0,YawFollow,-85.0,0.0,-85.5,false,false,false,false,false,false,false,,,,1024,1024,599,1024,90,11.394,0.0,0,0,3,false,3.766,3.816,3.804,0.05,0.053,0.0,0.0,0.0,14.15359954679567,121.26241599943363,14.885205,380.0,true,FixedHeight,false,false,false,false,,true,false,false,,40,,380.0,401,Android,4.3.62,Clinton Spark,0BMCE8B0112XGP,,,0C0AF8NB33038T,,,121.5,23.604368,11.5,1.9104973,2.0,2,0,Clinton Spark,0BMCE8B0112XGP,,,Android,4.3.62
2025-11-19T04:23:23.399Z,52.4,14.15356975822412,121.26245016368146,10.7,11.5,0.0,25.585205,0.0,0.1,0.0,0.9,0.0,0.8,-1.0,0.0,-85.2,GPSAtti,AutoFly,None,true,Already,12,5,Spark,false,false,Standby,Smart,false,true,false,None,true,MonitorError,false,false,false,false,false,false,false,false,false,false,0,YawFollow,-85.0,0.0,-85.5,false,false,false,false,false,false,false,,,,1024,1024,1024,1024,90,11.394,0.0,0,0,3,false,3.766,3.816,3.804,0.05,0.053,0.0,0.0,0.0,14.15359954679567,121.26241599943363,14.885205,380.0,true,FixedHeight,false,false,false,false,,true,false,false,,40,,380.0,401,Android,4.3.62,Clinton Spark,0BMCE8B0112XGP,,,0C0AF8NB33038T,,,121.5,23.604368,11.5,1.9104973,2.0,2,0,Clinton Spark,0BMCE8B0112XGP,,,Android,4.3.62
2025-11-19T04:23:23.502Z,52.5,14.15356972234624,121.26245020394771,10.7,11.5,0.0,25.585205,0.0,0.1,0.0,0.9,0.0,0.8,-1.0,0.0,-85.2,GPSAtti,AutoFly,None,true,Already,12,5,Spark,false,false,Standby,Smart,false,true,false,None,true,MonitorError,false,false,false,false,false,false,false,false,false,false,0,YawFollow,-85.0,0.0,-85.5,false,false,false,false,false,false,false,,,,1024,1024,1024,1024,90,11.394,0.0,0,0,3,false,3.766,3.816,3.804,0.05,0.053,0.0,0.0,0.0,14.15359954679567,121.26241599943363,14.885205,380.0,true,FixedHeight,false,false,false,false,,true,false,false,,40,,380.0,401,Android,4.3.62,Clinton Spark,0BMCE8B0112XGP,,,0C0AF8NB33038T,,,121.5,23.604368,11.5,1.9104973,2.0,2,0,Clinton Spark,0BMCE8B0112XGP,,,Android,4.3.62
2025-11-19T04:23:23.603Z,52.6,14.153569689616145,121.26245023811995,10.7,11.5,0.0,25.585205,0.0,0.1,0.0,0.9,0.1,0.8,-1.2,0.1,-85.3,GPSAtti,AutoFly,None,true,Already,12,5,Spark,false,false,Standby,Smart,false,true,false,None,true,MonitorError,false,false,false,false,false,false,false,false,false,false,0,YawFollow,-85.0,0.0,-85.5,false,false,false,false,false,false,false,,,,1024,1024,1024,1024,90,11.394,0.0,0,0,3,false,3.766,3.816,3.804,0.05,0.053,0.0,0.0,0.0,14.15359954679567,121.26241599943363,14.885205,380.0,true,FixedHeight,false,false,false,false,,true,false,false,,40,,380.0,401,Android,4.3.62,Clinton Spark,0BMCE8B0112XGP,,,0C0AF8NB33038T,,,121.5,23.604368,11.5,1.9104973,2.0,2,0,Clinton Spark,0BMCE8B0112XGP,,,Android,4.3.62
2025-11-19T04:23:23.706Z,52.7,14.153569671980911,121.26245023931047,10.6,11.5,0.0,25.485207,0.0,0.1,0.0,0.9,0.0,0.8,-1.1,0.2,-85.3,GPSAtti,AutoFly,None,true,Already,12,5,Spark,false,false,Standby,Smart,false,true,false,None,true,MonitorError,false,false,false,false,false,false,false,false,false,false,0,YawFollow,-85.0,0.0,-85.5,false,false,false,false,false,false,false,,,,1024,1024,1024,1024,90,11.394,0.0,0,0,3,false,3.766,3.816,3.804,0.05,0.053,0.0,0.0,0.0,14.15359954679567,121.26241599943363,14.885205,380.0,true,FixedHeight,false,false,false,false,,true,false,false,,40,,380.0,401,Android,4.3.62,Clinton Spark,0BMCE8B0112XGP,,,0C0AF8NB33038T,,,121.5,23.604368,11.5,1.9104973,2.0,2,0,Clinton Spark,0BMCE8B0112XGP,,,Android,4.3.62
2025-11-19T04:23:23.809Z,52.8,14.153569664941147,121.26245026551338,10.7,11.5,0.0,25.585205,0.0,0.1,0.0,0.9,0.0,0.8,-1.0,0.1,-85.3,GPSAtti,AutoFly,None,true,Already,12,5,Spark,false,false,Standby,Smart,false,true,false,None,true,MonitorError,false,false,false,false,false,false,false,false,false,false,0,YawFollow,-85.0,0.0,-85.5,false,false,false,false,false,false,false,,,,1024,1024,1024,1024,90,11.336,0.0,0,0,3,false,3.766,3.816,3.804,0.05,0.053,0.0,0.0,0.0,14.15359954679567,121.26241599943363,14.885205,380.0,true,FixedHeight,false,false,false,false,,true,false,false,,40,,380.0,401,Android,4.3.62,Clinton Spark,0BMCE8B0112XGP,,,0C0AF8NB33038T,,,121.5,23.604368,11.5,1.9104973,2.0,2,0,Clinton Spark,0BMCE8B0112XGP,,,Android,4.3.62
2025-11-19T04:23:23.910Z,52.9,14.153569666585875,121.26245029807538,10.7,11.5,0.0,25.585205,0.0,0.1,0.0,0.9,0.0,0.8,-0.7,0.0,-85.2,GPSAtti,AutoFly,None,true,Already,12,5,Spark,false,false,Standby,Smart,false,true,false,None,true,MonitorError,false,false,false,false,false,false,false,false,false,false,0,YawFollow,-85.0,0.0,-85.5,false,false,false,false,false,false,false,,,,1024,1024,1024,1024,90,11.336,0.0,0,0,3,false,3.766,3.816,3.804,0.05,0.053,0.0,0.0,0.0,14.15359954679567,121.26241599943363,14.885205,380.0,true,FixedHeight,false,false,false,false,,true,false,false,,40,,380.0,401,Android,4.3.62,Clinton Spark,0BMCE8B0112XGP,,,0C0AF8NB33038T,,,121.5,23.604368,11.5,1.9104973,2.0,2,0,Clinton Spark,0BMCE8B0112XGP,,,Android,4.3.62
2025-11-19T04:23:24.114Z,53.0,14.153569651863927,121.2624503633297,10.6,11.5,0.0,25.485207,0.0,0.1,0.0,0.9,0.0,0.8,-0.7,-0.1,-85.2,GPSAtti,AutoFly,None,true,Already,12,5,Spark,false,false,Standby,Smart,false,true,false,None,true,MonitorError,false,false,false,false,false,false,false,false,false,false,0,YawFollow,-85.0,0.0,-85.5,false,false,false,false,false,false,false,,,,1024,1024,1024,1024,90,11.336,0.0,0,0,3,false,3.766,3.816,3.804,0.05,0.053,0.0,0.0,0.0,14.15359954679567,121.26241599943363,14.885205,380.0,true,FixedHeight,false,false,false,false,,true,false,false,,40,,380.0,401,Android,4.3.62,Clinton Spark,0BMCE8B0112XGP,,,0C0AF8NB33038T,,,121.5,23.604368,11.5,1.9104973,2.0,2,0,Clinton Spark,0BMCE8B0112XGP,,,Android,4.3.62
2025-11-19T04:23:24.215Z,53.1,14.153569622848313,121.26245042652766,10.6,11.5,0.0,25.485207,0.0,0.1,0.0,0.9,0.0,0.8,-0.7,0.0,-85.2,GPSAtti,AutoFly,None,true,Already,12,5,Spark,false,false,Standby,Smart,false,true,false,None,true,MonitorError,false,false,false,false,false,false,false,false,false,false,0,YawFollow,-85.0,0.0,-85.5,false,false,false,false,false,false,false,,,,1024,1024,1024,1024,90,11.336,0.0,0,0,3,false,3.766,3.816,3.804,0.05,0.053,0.0,0.0,0.0,14.15359954679567,121.26241599943363,14.885205,380.0,true,FixedHeight,false,false,false,false,,true,false,false,,40,,380.0,401,Android,4.3.62,Clinton Spark,0BMCE8B0112XGP,,,0C0AF8NB33038T,,,121.5,23.604368,11.5,1.9104973,2.0,2,0,Clinton Spark,0BMCE8B0112XGP,,,Android,4.3.62
2025-11-19T04:23:24.319Z,53.2,14.153569593914934,121.26245051256672,10.6,11.5,0.0,25.485207,0.0,0.1,0.0,0.9,0.0,0.8,-0.7,0.0,-85.3,GPSAtti,AutoFly,None,true,Already,12,5,Spark,false,false,Standby,Smart,false,true,false,None,true,MonitorError,false,false,false,false,false,false,false,false,false,false,0,YawFollow,-85.0,0.0,-85.5,false,false,false,false,false,false,false,,,,1024,1024,1024,1024,90,11.336,0.0,0,0,3,false,3.766,3.816,3.804,0.05,0.053,0.0,0.0,0.0,14.15359954679567,121.26241599943363,14.885205,380.0,true,FixedHeight,false,false,false,false,,true,false,false,,40,,380.0,401,Android,4.3.62,Clinton Spark,0BMCE8B0112XGP,,,0C0AF8NB33038T,,,121.5,23.604368,11.5,1.9104973,2.0,2,0,Clinton Spark,0BMCE8B0112XGP,,,Android,4.3.62
2025-11-19T04:23:24.421Z,53.3,14.153569566965,121.26245059481109,10.6,11.5,0.0,25.485207,0.0,0.1,0.0,0.9,0.0,0.8,-0.8,0.0,-85.3,GPSAtti,AutoFly,None,true,Already,12,5,Spark,false,false,Standby,Smart,false,true,false,None,true,MonitorError,false,false,false,false,false,false,false,false,false,false,0,YawFollow,-85.0,0.0,-85.5,false,false,false,false,false,false,false,,,,1024,1024,1024,1024,90,11.336,0.0,0,0,3,false,3.766,3.816,3.804,0.05,0.053,0.0,0.0,0.0,14.15359954679567,121.26241599943363,14.885205,380.0,true,FixedHeight,false,false,false,false,,true,false,false,,40,,380.0,401,Android,4.3.62,Clinton Spark,0BMCE8B0112XGP,,,0C0AF8NB33038T,,,121.5,23.604368,11.5,1.9104973,2.0,2,0,Clinton Spark,0BMCE8B0112XGP,,,Android,4.3.62
2025-11-19T04:23:24.522Z,53.4,14.15356954497205,121.26245069374288,10.6,11.5,0.0,25.485207,0.0,0.1,0.0,0.9,0.1,0.8,-0.9,0.1,-85.3,GPSAtti,AutoFly,None,true,Already,12,5,Spark,false,false,Standby,Smart,false,true,false,None,true,MonitorError,false,false,false,false,false,false,false,false,false,false,0,YawFollow,-85.0,0.0,-85.5,false,false,false,false,false,false,false,,,,1024,1024,1024,1024,90,11.336,0.0,0,0,3,false,3.766,3.816,3.804,0.05,0.053,0.0,0.0,0.0,14.15359954679567,121.26241599943363,14.885205,380.0,true,FixedHeight,false,false,false,false,,true,false,false,,40,,380.0,401,Android,4.3.62,Clinton Spark,0BMCE8B0112XGP,,,0C0AF8NB33038T,,,121.5,23.604368,11.5,1.9104973,2.0,2,0,Clinton Spark,0BMCE8B0112XGP,,,Android,4.3.62
2025-11-19T04:23:24.725Z,53.5,14.15356953124101,121.26245078164172,10.6,11.5,0.0,25.485207,0.0,0.1,0.0,0.9,0.4,0.8,-0.8,0.0,-85.4,GPSAtti,AutoFly,None,true,Already,12,5,Spark,false,false,Standby,Smart,false,true,false,None,true,MonitorError,false,false,false,false,false,false,false,false,false,false,0,YawFollow,-85.0,0.0,-85.6,false,false,false,false,false,false,false,,,,1024,1024,1024,1024,90,11.336,0.0,0,0,3,false,3.766,3.816,3.804,0.05,0.053,0.0,0.0,0.0,14.15359954679567,121.26241599943363,14.885205,380.0,true,FixedHeight,false,false,false,false,,true,false,false,,40,,380.0,401,Android,4.3.62,Clinton Spark,0BMCE8B0112XGP,,,0C0AF8NB33038T,,,121.5,23.604368,11.5,1.9104973,2.0,2,0,Clinton Spark,0BMCE8B0112XGP,,,Android,4.3.62
2025-11-19T04:23:24.826Z,53.6,14.15356953018415,121.26245087214699,10.5,11.5,0.0,25.385204,0.0,0.1,0.0,0.9,0.6,0.8,-0.8,-0.2,-85.3,GPSAtti,AutoFly,None,true,Already,12,5,Spark,false,false,Standby,Smart,false,true,false,None,true,MonitorError,false,false,false,false,false,false,false,false,false,false,0,YawFollow,-85.0,0.0,-85.6,false,false,false,false,false,false,false,,,,1024,1024,1024,1024,90,11.336,0.0,0,0,3,false,3.766,3.816,3.804,0.05,0.053,0.0,0.0,0.0,14.15359954679567,121.26241599943363,14.885205,380.0,true,FixedHeight,false,false,false,false,,true,false,false,,40,,380.0,401,Android,4.3.62,Clinton Spark,0BMCE8B0112XGP,,,0C0AF8NB33038T,,,121.5,23.604368,11.5,1.9104973,2.0,2,0,Clinton Spark,0BMCE8B0112XGP,,,Android,4.3.62
2025-11-19T04:23:24.928Z,53.7,14.153569526796986,121.26245095438692,10.5,11.5,0.0,25.385204,0.0,0.1,0.0,0.9,0.4,0.8,-0.9,-0.2,-85.2,GPSAtti,AutoFly,None,true,Already,12,5,Spark,false,false,Standby,Smart,false,true,false,None,true,MonitorError,false,false,false,false,false,false,false,false,false,false,0,YawFollow,-85.0,0.0,-85.5,false,false,false,false,false,false,false,,,,1024,1024,1024,1024,90,11.336,0.0,0,0,3,false,3.766,3.816,3.804,0.05,0.053,0.0,0.0,0.0,14.15359954679567,121.26241599943363,14.885205,380.0,true,FixedHeight,false,false,false,false,,true,false,false,,40,,380.0,401,Android,4.3.62,Clinton Spark,0BMCE8B0112XGP,,,0C0AF8NB33038T,,,121.5,23.604368,11.5,1.9104973,2.0,2,0,Clinton Spark,0BMCE8B0112XGP,,,Android,4.3.62
2025-11-19T04:23:25.030Z,53.8,14.153569505284427,121.2624510604288,10.4,11.5,0.0,25.285206,0.0,0.1,0.0,0.9,0.2,0.8,-0.9,-0.1,-85.1,GPSAtti,AutoFly,None,true,Already,12,5,Spark,false,false,Standby,Smart,false,true,false,None,true,MonitorError,false,false,false,false,false,false,false,false,false,false,0,YawFollow,-85.0,0.0,-85.5,false,false,false,false,false,false,false,,,,1024,1024,1024,1024,90,11.323,0.0,0,0,3,false,3.766,3.816,3.804,0.05,0.053,0.0,0.0,0.0,14.15359954679567,121.26241599943363,14.885205,380.0,true,FixedHeight,false,false,false,false,,true,false,false,,40,,380.0,401,Android,4.3.62,Clinton Spark,0BMCE8B0112XGP,,,0C0AF8NB33038T,,,121.5,23.604368,11.5,1.9104973,2.0,2,0,Clinton Spark,0BMCE8B0112XGP,,,Android,4.3.62
2025-11-19T04:23:25.030Z,53.9,14.153569467863598,121.2624511780823,10.4,11.5,0.0,25.285206,0.0,0.1,0.0,0.9,0.2,0.8,-1.2,0.0,-85.1,GPSAtti,AutoFly,None,true,Already,12,5,Spark,false,false,Standby,Smart,false,true,false,None,true,MonitorError,false,false,false,false,false,false,false,false,false,false,0,YawFollow,-85.0,0.0,-85.5,false,false,false,false,false,false,false,,,,1024,1024,1024,1024,90,11.323,0.0,0,0,3,false,3.766,3.816,3.804,0.05,0.053,0.0,0.0,0.0,14.15359954679567,121.26241599943363,14.885205,380.0,true,FixedHeight,false,false,false,false,,true,false,false,,40,,380.0,401,Android,4.3.62,Clinton Spark,0BMCE8B0112XGP,,,0C0AF8NB33038T,,,121.5,23.604368,11.5,1.9104973,2.0,2,0,Clinton Spark,0BMCE8B0112XGP,,,Android,4.3.62
2025-11-19T04:23:25.234Z,54.0,14.153569457202176,121.26245126690223,10.4,11.5,0.0,25.285206,0.0,0.1,0.0,0.9,0.1,0.8,-1.5,0.1,-85.2,GPSAtti,AutoFly,None,true,Already,12,5,Spark,false,false,Standby,Smart,false,true,false,None,true,MonitorError,false,false,false,false,false,false,false,false,false,false,0,YawFollow,-85.0,0.0,-85.6,false,false,false,false,false,false,false,,,,1024,1024,364,1024,90,11.323,0.0,0,0,3,false,3.766,3.816,3.804,0.05,0.053,0.0,0.0,0.0,14.15359954679567,121.26241599943363,14.885205,380.0,true,FixedHeight,false,false,false,false,,true,false,false,,40,,380.0,401,Android,4.3.62,Clinton Spark,0BMCE8B0112XGP,,,0C0AF8NB33038T,,,121.5,23.604368,11.5,1.9104973,2.0,2,0,Clinton Spark,0BMCE8B0112XGP,,,Android,4.3.62
2025-11-19T04:23:25.438Z,54.1,14.153569465294728,121.26245132742974,10.4,11.5,0.0,25.285206,0.0,0.1,0.0,0.9,0.1,0.8,-1.5,0.2,-85.2,GPSAtti,AutoFly,None,true,Already,12,5,Spark,false,false,Standby,Smart,false,true,false,None,true,MonitorError,false,false,false,false,false,false,false,false,false,false,0,YawFollow,-85.0,0.0,-85.6,false,false,false,false,false,false,false,,,,1024,1024,364,1024,90,11.323,0.0,0,0,3,false,3.766,3.816,3.804,0.05,0.053,0.0,0.0,0.0,14.15359954679567,121.26241599943363,14.885205,380.0,true,FixedHeight,false,false,false,false,,true,false,false,,40,,380.0,401,Android,4.3.62,Clinton Spark,0BMCE8B0112XGP,,,0C0AF8NB33038T,,,121.5,23.604368,11.5,1.9104973,2.0,2,0,Clinton Spark,0BMCE8B0112XGP,,,Android,4.3.62
2025-11-19T04:23:25.438Z,54.2,14.153569471061047,121.2624513603341,10.4,11.5,0.0,25.285206,0.0,0.1,0.0,0.9,0.1,0.8,-1.2,0.1,-85.3,GPSAtti,AutoFly,None,true,Already,12,5,Spark,false,false,Standby,Smart,false,true,false,None,true,MonitorError,false,false,false,false,false,false,false,false,false,false,0,YawFollow,-85.0,0.0,-85.6,false,false,false,false,false,false,false,,,,1024,1024,364,1024,90,11.323,0.0,0,0,3,false,3.766,3.816,3.804,0.05,0.053,0.0,0.0,0.0,14.15359954679567,121.26241599943363,14.885205,380.0,true,FixedHeight,false,false,false,false,,true,false,false,,40,,380.0,401,Android,4.3.62,Clinton Spark,0BMCE8B0112XGP,,,0C0AF8NB33038T,,,121.5,23.604368,11.5,1.9104973,2.0,2,0,Clinton Spark,0BMCE8B0112XGP,,,Android,4.3.62
2025-11-19T04:23:25.438Z,54.3,14.153569457253472,121.26245139828559,10.3,11.5,0.0,25.185205,0.0,0.1,0.0,0.9,0.1,0.8,-1.0,0.0,-85.3,GPSAtti,AutoFly,None,true,Already,12,5,Spark,false,false,Standby,Smart,false,true,false,None,true,MonitorError,false,false,false,false,false,false,false,false,false,false,0,YawFollow,-85.0,0.0,-85.6,false,false,false,false,false,false,false,,,,1024,1024,364,1024,90,11.323,0.0,0,0,3,false,3.766,3.816,3.804,0.05,0.053,0.0,0.0,0.0,14.15359954679567,121.26241599943363,14.885205,380.0,true,FixedHeight,false,false,false,false,,true,false,false,,40,,380.0,401,Android,4.3.62,Clinton Spark,0BMCE8B0112XGP,,,0C0AF8NB33038T,,,121.5,23.604368,11.5,1.9104973,2.0,2,0,Clinton Spark,0BMCE8B0112XGP,,,Android,4.3.62
2025-11-19T04:23:25.743Z,54.4,14.153569453491766,121.2624513981354,10.3,11.5,0.0,25.185205,0.0,0.1,0.0,0.9,0.0,0.8,-1.1,0.0,-85.3,GPSAtti,AutoFly,None,true,Already,12,5,Spark,false,false,Standby,Smart,false,true,false,None,true,MonitorError,false,false,false,false,false,false,false,false,false,false,0,YawFollow,-85.0,0.0,-85.6,false,false,false,false,false,false,false,,,,1024,1024,364,1024,90,11.323,0.0,0,0,3,false,3.766,3.816,3.804,0.05,0.053,0.0,0.0,0.0,14.15359954679567,121.26241599943363,14.885205,380.0,true,FixedHeight,false,false,false,false,,true,false,false,,40,,380.0,401,Android,4.3.62,Clinton Spark,0BMCE8B0112XGP,,,0C0AF8NB33038T,,,121.5,23.604368,11.5,1.9104973,2.0,2,0,Clinton Spark,0BMCE8B0112XGP,,,Android,4.3.62
2025-11-19T04:23:25.946Z,54.5,14.153569449618512,121.26245140539568,10.3,11.5,0.0,25.185205,0.0,0.1,0.0,0.9,0.0,0.8,-1.0,-0.1,-85.3,GPSAtti,AutoFly,None,true,Already,12,5,Spark,false,false,Standby,Smart,false,true,false,None,true,MonitorError,false,false,false,false,false,false,false,false,false,false,0,YawFollow,-85.0,0.0,-85.6,false,false,false,false,false,false,false,,,,1024,1024,378,1024,90,11.323,0.0,0,0,3,false,3.766,3.816,3.804,0.05,0.053,0.0,0.0,0.0,14.15359954679567,121.26241599943363,14.885205,380.0,true,FixedHeight,false,false,false,false,,true,false,false,,40,,380.0,401,Android,4.3.62,Clinton Spark,0BMCE8B0112XGP,,,0C0AF8NB33038T,,,121.5,23.604368,11.5,1.9104973,2.0,2,0,Clinton Spark,0BMCE8B0112XGP,,,Android,4.3.62
2025-11-19T04:23:26.150Z,54.6,14.153569454330414,121.26245142075561,10.3,11.5,0.0,25.185205,0.0,0.1,0.0,0.9,0.0,0.8,-0.9,-0.2,-85.2,GPSAtti,AutoFly,None,true,Already,12,5,Spark,false,false,Standby,Smart,false,true,false,None,true,MonitorError,false,false,false,false,false,false,false,false,false,false,0,YawFollow,-85.0,0.0,-85.6,false,false,false,false,false,false,false,,,,1024,1024,435,1024,90,11.323,0.0,0,0,3,false,3.766,3.816,3.804,0.05,0.053,0.0,0.0,0.0,14.15359954679567,121.26241599943363,14.885205,380.0,true,FixedHeight,false,false,false,false,,true,false,false,,40,,380.0,401,Android,4.3.62,Clinton Spark,0BMCE8B0112XGP,,,0C0AF8NB33038T,,,121.5,23.604368,11.5,1.9104973,2.0,2,0,Clinton Spark,0BMCE8B0112XGP,,,Android,4.3.62
2025-11-19T04:23:26.353Z,54.7,14.153569456743769,121.26245147414211,10.3,11.5,0.0,25.185205,0.0,0.1,0.0,0.9,0.0,0.8,-0.9,-0.2,-85.2,GPSAtti,AutoFly,None,true,Already,12,5,Spark,false,false,Standby,Smart,false,true,false,None,true,MonitorError,false,false,false,false,false,false,false,false,false,false,0,YawFollow,-85.0,0.0,-85.5,false,false,false,false,false,false,false,,,,1024,1024,452,1024,90,11.323,0.0,0,0,3,false,3.766,3.816,3.804,0.05,0.053,0.0,0.0,0.0,14.15359954679567,121.26241599943363,14.885205,380.0,true,FixedHeight,false,false,false,false,,true,false,false,,40,,380.0,401,Android,4.3.62,Clinton Spark,0BMCE8B0112XGP,,,0C0AF8NB33038T,,,121.5,23.604368,11.5,1.9104973,2.0,2,0,Clinton Spark,0BMCE8B0112XGP,,,Android,4.3.62
2025-11-19T04:23:26.660Z,54.8,14.153569464040826,121.2624515260421,10.3,11.5,0.0,25.185205,0.0,0.1,0.0,0.9,0.0,0.8,-1.0,-0.3,-85.3,GPSAtti,AutoFly,None,true,Already,13,5,Spark,false,false,Standby,Smart,false,true,false,None,true,MonitorError,false,false,false,false,false,false,false,false,false,false,0,YawFollow,-85.0,0.0,-85.6,false,false,false,false,false,false,false,,,,1024,1232,1024,1024,90,11.356,0.0,0,0,3,false,3.766,3.816,3.804,0.05,0.053,0.0,0.0,0.0,14.15359954679567,121.26241599943363,14.885205,380.0,true,FixedHeight,false,false,false,false,,true,false,false,,40,,380.0,401,Android,4.3.62,Clinton Spark,0BMCE8B0112XGP,,,0C0AF8NB33038T,,,121.5,23.604368,11.5,1.9104973,2.0,2,0,Clinton Spark,0BMCE8B0112XGP,,,Android,4.3.62
2025-11-19T04:23:26.762Z,55.0,14.153569488419446,121.26245163137055,10.3,11.5,0.0,25.185205,0.0,0.1,0.0,0.9,0.0,0.8,-0.9,-0.3,-85.3,GPSAtti,AutoFly,None,true,Already,13,5,Spark,false,false,Standby,Smart,false,true,false,None,true,MonitorError,false,false,false,false,false,false,false,false,false,false,0,YawFollow,-85.0,0.0,-85.5,false,false,false,false,false,false,false,,,,1024,1634,1024,1024,90,11.356,0.0,0,0,3,false,3.766,3.816,3.804,0.05,0.053,0.0,0.0,0.0,14.15359954679567,121.26241599943363,14.885205,380.0,true,FixedHeight,false,false,false,false,,true,false,false,,40,,380.0,401,Android,4.3.62,Clinton Spark,0BMCE8B0112XGP,,,0C0AF8NB33038T,,,121.5,23.604368,11.5,1.9104973,2.0,2,0,Clinton Spark,0BMCE8B0112XGP,,,Android,4.3.62
2025-11-19T04:23:26.762Z,55.1,14.153569518723975,121.26245168554779,10.3,11.5,0.0,25.185205,0.0,0.1,0.0,0.9,0.0,0.8,-0.9,-0.3,-85.3,GPSAtti,AutoFly,None,true,Already,13,5,Spark,false,false,Standby,Smart,false,true,false,None,true,MonitorError,false,false,false,false,false,false,false,false,false,false,0,YawFollow,-85.0,0.0,-85.5,false,false,false,false,false,false,false,,,,1024,1634,1024,1024,90,11.356,0.0,0,0,3,false,3.766,3.816,3.804,0.05,0.053,0.0,0.0,0.0,14.15359954679567,121.26241599943363,14.885205,380.0,true,FixedHeight,false,false,false,false,,true,false,false,,40,,380.0,401,Android,4.3.62,Clinton Spark,0BMCE8B0112XGP,,,0C0AF8NB33038T,,,121.5,23.604368,11.5,1.9104973,2.0,2,0,Clinton Spark,0BMCE8B0112XGP,,,Android,4.3.62
2025-11-19T04:23:26.762Z,55.2,14.153569556936228,121.26245173515284,10.3,11.5,0.0,25.185205,0.0,0.1,0.0,0.9,0.0,0.8,-1.0,-0.3,-85.3,GPSAtti,AutoFly,None,true,Already,13,5,Spark,false,false,Standby,Smart,false,true,false,None,true,MonitorError,false,false,false,false,false,false,false,false,false,false,0,YawFollow,-85.0,0.0,-85.6,false,false,false,false,false,false,false,,,,1024,1634,1024,1024,90,11.356,0.0,0,0,3,false,3.766,3.816,3.804,0.05,0.053,0.0,0.0,0.0,14.15359954679567,121.26241599943363,14.885205,380.0,true,FixedHeight,false,false,false,false,,true,false,false,,40,,380.0,401,Android,4.3.62,Clinton Spark,0BMCE8B0112XGP,,,0C0AF8NB33038T,,,121.5,23.604368,11.5,1.9104973,2.0,2,0,Clinton Spark,0BMCE8B0112XGP,,,Android,4.3.62
2025-11-19T04:23:26.864Z,55.3,14.153569579534146,121.26245178763816,10.3,11.5,0.0,25.185205,0.0,0.1,0.0,0.9,0.0,0.8,-1.0,-0.5,-85.3,GPSAtti,AutoFly,None,true,Already,13,5,Spark,false,false,Standby,Smart,false,true,false,None,true,MonitorError,false,false,false,false,false,false,false,false,false,false,0,YawFollow,-85.0,0.0,-85.5,false,false,false,false,false,false,false,,,,1024,1635,1024,1024,90,11.356,0.0,0,0,3,false,3.766,3.816,3.804,0.05,0.053,0.0,0.0,0.0,14.15359954679567,121.26241599943363,14.885205,380.0,true,FixedHeight,false,false,false,false,,true,false,false,,40,,380.0,401,Android,4.3.62,Clinton Spark,0BMCE8B0112XGP,,,0C0AF8NB33038T,,,121.5,23.604368,11.5,1.9104973,2.0,2,0,Clinton Spark,0BMCE8B0112XGP,,,Android,4.3.62
2025-11-19T04:23:26.966Z,55.4,14.153569621844378,121.26245183311715,10.3,11.5,0.0,25.185205,0.0,0.1,0.0,0.9,0.0,0.8,-1.1,-0.4,-85.3,GPSAtti,AutoFly,None,true,Already,13,5,Spark,false,false,Standby,Smart,false,true,false,None,true,MonitorError,false,false,false,false,false,false,false,false,false,false,0,YawFollow,-85.0,0.0,-85.5,false,false,false,false,false,false,false,,,,1024,1620,1024,1024,90,11.356,0.0,0,0,3,false,3.766,3.816,3.804,0.05,0.053,0.0,0.0,0.0,14.15359954679567,121.26241599943363,14.885205,380.0,true,FixedHeight,false,false,false,false,,true,false,false,,40,,380.0,401,Android,4.3.62,Clinton Spark,0BMCE8B0112XGP,,,0C0AF8NB33038T,,,121.5,23.604368,11.5,1.9104973,2.0,2,0,Clinton Spark,0BMCE8B0112XGP,,,Android,4.3.62
2025-11-19T04:23:26.966Z,55.5,14.153569661716828,121.26245188118267,10.3,11.5,0.0,25.185205,0.0,0.1,0.0,0.9,0.1,0.8,-1.1,-0.3,-85.3,GPSAtti,AutoFly,None,true,Already,13,5,Spark,false,false,Standby,Smart,false,true,false,None,true,MonitorError,false,false,false,false,false,false,false,false,false,false,0,YawFollow,-85.0,0.0,-85.5,false,false,false,false,false,false,false,,,,1024,1488,1024,1024,90,11.356,0.0,0,0,3,false,3.766,3.816,3.804,0.05,0.053,0.0,0.0,0.0,14.15359954679567,121.26241599943363,14.885205,380.0,true,FixedHeight,false,false,false,false,,true,false,false,,40,,380.0,401,Android,4.3.62,Clinton Spark,0BMCE8B0112XGP,,,0C0AF8NB33038T,,,121.5,23.604368,11.5,1.9104973,2.0,2,0,Clinton Spark,0BMCE8B0112XGP,,,Android,4.3.62
2025-11-19T04:23:27.068Z,55.6,14.153569702892849,121.26245193664764,10.3,11.5,0.0,25.185205,0.0,0.1,0.0,0.9,0.4,0.8,-1.0,-0.3,-85.4,GPSAtti,AutoFly,None,true,Already,13,5,Spark,false,false,Standby,Smart,false,true,false,None,true,MonitorError,false,false,false,false,false,false,false,false,false,false,0,YawFollow,-85.0,0.0,-85.6,false,false,false,false,false,false,false,,,,1024,1024,1024,1024,90,11.356,0.0,0,0,3,false,3.766,3.816,3.804,0.05,0.053,0.0,0.0,0.0,14.15359954679567,121.26241599943363,14.885205,380.0,true,FixedHeight,false,false,false,false,,true,false,false,,40,,380.0,401,Android,4.3.62,Clinton Spark,0BMCE8B0112XGP,,,0C0AF8NB33038T,,,121.5,23.604368,11.5,1.9104973,2.0,2,0,Clinton Spark,0BMCE8B0112XGP,,,Android,4.3.62
2025-11-19T04:23:27.170Z,55.7,14.153569726604623,121.26245200321401,10.2,11.5,0.0,25.085205,0.0,0.1,0.0,0.9,0.7,0.8,-1.1,-0.4,-85.3,GPSAtti,AutoFly,None,true,Already,13,5,Spark,false,false,Standby,Smart,false,true,false,None,true,MonitorError,false,false,false,false,false,false,false,false,false,false,0,YawFollow,-85.0,0.0,-85.5,false,false,false,false,false,false,false,,,,1024,1024,1024,1024,90,11.356,0.0,0,0,3,false,3.766,3.816,3.804,0.05,0.053,0.0,0.0,0.0,14.15359954679567,121.26241599943363,14.885205,380.0,true,FixedHeight,false,false,false,false,,true,false,false,,40,,380.0,401,Android,4.3.62,Clinton Spark,0BMCE8B0112XGP,,,0C0AF8NB33038T,,,121.5,23.604368,11.5,1.9104973,2.0,2,0,Clinton Spark,0BMCE8B0112XGP,,,Android,4.3.62
2025-11-19T04:23:27.272Z,55.8,14.153569746708577,121.26245206244937,10.2,11.5,0.0,25.085205,0.0,0.1,0.0,0.9,0.8,0.8,-1.0,-0.3,-85.3,GPSAtti,AutoFly,None,true,Already,13,5,Spark,false,false,Standby,Smart,false,true,false,None,true,MonitorError,false,false,false,false,false,false,false,false,false,false,0,YawFollow,-85.0,0.0,-85.5,false,false,false,false,false,false,false,,,,1024,1024,1024,1024,90,11.47,0.0,0,0,3,false,3.766,3.816,3.804,0.05,0.053,0.0,0.0,0.0,14.15359954679567,121.26241599943363,14.885205,380.0,true,FixedHeight,false,false,false,false,,true,false,false,,40,,380.0,401,Android,4.3.62,Clinton Spark,0BMCE8B0112XGP,,,0C0AF8NB33038T,,,121.5,23.604368,11.5,1.9104973,2.0,2,0,Clinton Spark,0BMCE8B0112XGP,,,Android,4.3.62
2025-11-19T04:23:27.272Z,55.9,14.153569760056119,121.26245210831493,10.1,11.5,0.0,24.985207,0.0,0.1,0.0,0.9,1.0,1.0,-0.8,-0.3,-85.3,GPSAtti,AutoFly,None,true,Already,13,5,Spark,false,false,Standby,Smart,false,true,false,None,true,MonitorError,false,false,false,false,false,false,false,false,false,false,0,YawFollow,-85.0,0.0,-85.5,false,false,false,false,false,false,false,,,,1024,1024,1024,1024,90,11.47,0.0,0,0,3,false,3.766,3.816,3.804,0.05,0.053,0.0,0.0,0.0,14.15359954679567,121.26241599943363,14.885205,380.0,true,FixedHeight,false,false,false,false,,true,false,false,,40,,380.0,401,Android,4.3.62,Clinton Spark,0BMCE8B0112XGP,,,0C0AF8NB33038T,,,121.5,23.604368,11.5,1.9104973,2.0,2,0,Clinton Spark,0BMCE8B0112XGP,,,Android,4.3.62
2025-11-19T04:23:27.374Z,56.0,14.153569788068612,121.26245217024503,9.9,11.5,0.0,24.785206,0.0,0.1,0.0,0.9,1.1,1.1,-0.7,-0.3,-85.2,GPSAtti,AutoFly,None,true,Already,13,5,Spark,false,false,Standby,Smart,false,true,false,None,true,MonitorError,false,false,false,false,false,false,false,false,false,false,0,YawFollow,-85.0,0.0,-85.5,false,false,false,false,false,false,false,,,,1024,1024,1024,1024,90,11.47,0.0,0,0,3,false,3.766,3.816,3.804,0.05,0.053,0.0,0.0,0.0,14.15359954679567,121.26241599943363,14.885205,380.0,true,FixedHeight,false,false,false,false,,true,false,false,,40,,380.0,401,Android,4.3.62,Clinton Spark,0BMCE8B0112XGP,,,0C0AF8NB33038T,,,121.5,23.604368,11.5,1.9104973,2.0,2,0,Clinton Spark,0BMCE8B0112XGP,,,Android,4.3.62
2025-11-19T04:23:27.374Z,56.1,14.153569826865477,121.26245224090208,9.8,11.5,0.0,24.685205,0.0,0.1,0.0,0.9,1.3,1.3,-0.7,-0.3,-85.2,GPSAtti,AutoFly,None,true,Already,13,5,Spark,false,false,Standby,Smart,false,true,false,None,true,MonitorError,false,false,false,false,false,false,false,false,false,false,0,YawFollow,-85.0,0.0,-85.5,false,false,false,false,false,false,false,,,,1024,1024,1024,1024,90,11.47,0.0,0,0,3,false,3.766,3.816,3.804,0.05,0.053,0.0,0.0,0.0,14.15359954679567,121.26241599943363,14.885205,380.0,true,FixedHeight,false,false,false,false,,true,false,false,,40,,380.0,401,Android,4.3.62,Clinton Spark,0BMCE8B0112XGP,,,0C0AF8NB33038T,,,121.5,23.604368,11.5,1.9104973,2.0,2,0,Clinton Spark,0BMCE8B0112XGP,,,Android,4.3.62
2025-11-19T04:23:27.374Z,56.2,14.153569883475889,121.26245231741683,9.7,11.5,0.0,24.585205,0.0,0.1,0.0,0.9,1.3,1.3,-0.8,-0.4,-85.2,GPSAtti,AutoFly,None,true,Already,13,5,Spark,false,false,Standby,Smart,false,true,false,None,true,MonitorError,false,false,false,false,false,false,false,false,false,false,0,YawFollow,-85.0,0.0,-85.6,false,false,false,false,false,false,false,,,,1024,1024,1024,1024,90,11.47,0.0,0,0,3,false,3.766,3.816,3.804,0.05,0.053,0.0,0.0,0.0,14.15359954679567,121.26241599943363,14.885205,380.0,true,FixedHeight,false,false,false,false,,true,false,false,,40,,380.0,401,Android,4.3.62,Clinton Spark,0BMCE8B0112XGP,,,0C0AF8NB33038T,,,121.5,23.604368,11.5,1.9104973,2.0,2,0,Clinton Spark,0BMCE8B0112XGP,,,Android,4.3.62
2025-11-19T04:23:27.476Z,56.3,14.153569939202058,121.26245238372476,9.5,11.5,0.0,24.385204,0.0,0.1,0.0,0.9,1.3,1.3,-0.9,-0.3,-85.2,GPSAtti,AutoFly,None,true,Already,13,5,Spark,false,false,Standby,Smart,false,true,false,None,true,MonitorError,false,false,false,false,false,false,false,false,false,false,0,YawFollow,-85.0,0.0,-85.5,false,false,false,false,false,false,false,,,,1024,1024,1024,1024,90,11.47,0.0,0,0,3,false,3.766,3.816,3.804,0.05,0.053,0.0,0.0,0.0,14.15359954679567,121.26241599943363,14.885205,380.0,true,FixedHeight,false,false,false,false,,true,false,false,,40,,380.0,401,Android,4.3.62,Clinton Spark,0BMCE8B0112XGP,,,0C0AF8NB33038T,,,121.5,23.604368,11.5,1.9104973,2.0,2,0,Clinton Spark,0BMCE8B0112XGP,,,Android,4.3.62
2025-11-19T04:23:27.476Z,56.4,14.15356998823532,121.26245245466673,9.4,11.5,0.0,24.285206,0.0,0.1,0.0,0.9,1.2,1.3,-1.1,-0.5,-85.2,GPSAtti,AutoFly,None,true,Already,13,5,Spark,false,false,Standby,Smart,false,true,false,None,true,MonitorError,false,false,false,false,false,false,false,false,false,false,0,YawFollow,-85.0,0.0,-85.6,false,false,false,false,false,false,false,,,,1024,1024,1024,1024,90,11.47,0.0,0,0,3,false,3.766,3.816,3.804,0.05,0.053,0.0,0.0,0.0,14.15359954679567,121.26241599943363,14.885205,380.0,true,FixedHeight,false,false,false,false,,true,false,false,,40,,380.0,401,Android,4.3.62,Clinton Spark,0BMCE8B0112XGP,,,0C0AF8NB33038T,,,121.5,23.604368,11.5,1.9104973,2.0,2,0,Clinton Spark,0BMCE8B0112XGP,,,Android,4.3.62
2025-11-19T04:23:27.581Z,56.5,14.153570018496694,121.26245252097246,9.3,11.5,0.0,24.185205,0.0,0.1,0.0,0.9,1.2,1.3,-1.2,-0.4,-85.2,GPSAtti,AutoFly,None,true,Already,13,5,Spark,false,false,Standby,Smart,false,true,false,None,true,MonitorError,false,false,false,false,false,false,false,false,false,false,0,YawFollow,-85.0,0.0,-85.6,false,false,false,false,false,false,false,,,,1024,1024,1024,1024,90,11.47,0.0,0,0,3,false,3.766,3.816,3.804,0.05,0.053,0.0,0.0,0.0,14.15359954679567,121.26241599943363,14.885205,380.0,true,FixedHeight,false,false,false,false,,true,false,false,,40,,380.0,401,Android,4.3.62,Clinton Spark,0BMCE8B0112XGP,,,0C0AF8NB33038T,,,121.5,23.604368,11.5,1.9104973,2.0,2,0,Clinton Spark,0BMCE8B0112XGP,,,Android,4.3.62
2025-11-19T04:23:27.581Z,56.6,14.153570032543653,121.26245262652397,9.2,11.5,0.0,24.085205,0.0,0.1,0.0,0.9,1.2,1.3,-1.2,-0.3,-85.1,GPSAtti,AutoFly,None,true,Already,13,5,Spark,false,false,Standby,Smart,false,true,false,None,true,MonitorError,false,false,false,false,false,false,false,false,false,false,0,YawFollow,-85.0,0.0,-85.6,false,false,false,false,false,false,false,,,,1024,1024,1024,1024,90,11.47,0.0,0,0,3,false,3.766,3.816,3.804,0.05,0.053,0.0,0.0,0.0,14.15359954679567,121.26241599943363,14.885205,380.0,true,FixedHeight,false,false,false,false,,true,false,false,,40,,380.0,401,Android,4.3.62,Clinton Spark,0BMCE8B0112XGP,,,0C0AF8NB33038T,,,121.5,23.604368,11.5,1.9104973,2.0,2,0,Clinton Spark,0BMCE8B0112XGP,,,Android,4.3.62
2025-11-19T04:23:27.581Z,56.7,14.153570040181055,121.26245275157694,9.0,11.5,0.0,23.885204,0.0,0.1,0.0,0.9,1.2,1.3,-1.4,-0.2,-85.1,GPSAtti,AutoFly,None,true,Already,13,5,Spark,false,false,Standby,Smart,false,true,false,None,true,MonitorError,false,false,false,false,false,false,false,false,false,false,0,YawFollow,-85.0,0.0,-85.6,false,false,false,false,false,false,false,,,,1024,1024,1024,1024,90,11.47,0.0,0,0,3,false,3.766,3.816,3.804,0.05,0.053,0.0,0.0,0.0,14.15359954679567,121.26241599943363,14.885205,380.0,true,FixedHeight,false,false,false,false,,true,false,false,,40,,380.0,401,Android,4.3.62,Clinton Spark,0BMCE8B0112XGP,,,0C0AF8NB33038T,,,121.5,23.604368,11.5,1.9104973,2.0,2,0,Clinton Spark,0BMCE8B0112XGP,,,Android,4.3.62
2025-11-19T04:23:27.683Z,56.8,14.153570051854556,121.26245288121754,8.9,11.5,0.0,23.785206,0.0,0.1,0.0,0.9,0.9,1.3,-1.5,0.0,-85.1,GPSAtti,AutoFly,None,true,Already,13,5,Spark,false,false,Standby,Smart,false,true,false,None,true,MonitorError,false,false,false,false,false,false,false,false,false,false,0,YawFollow,-85.0,0.0,-85.5,false,false,false,false,false,false,false,,,,1024,1024,1024,1024,89,11.324,0.0,0,0,3,false,3.766,3.816,3.804,0.05,0.053,0.0,0.0,0.0,14.15359954679567,121.26241599943363,14.885205,380.0,true,FixedHeight,false,false,false,false,,true,false,false,,40,,380.0,401,Android,4.3.62,Clinton Spark,0BMCE8B0112XGP,,,0C0AF8NB33038T,,,121.5,23.604368,11.5,1.9104973,2.0,2,0,Clinton Spark,0BMCE8B0112XGP,,,Android,4.3.62
2025-11-19T04:23:27.683Z,56.9,14.153570077183375,121.26245298904855,8.8,11.5,0.0,23.685205,0.0,0.1,0.0,0.9,0.6,1.3,-4.8,0.0,-85.2,GPSAtti,AutoFly,None,true,Already,13,5,Spark,false,false,Standby,Smart,false,true,false,None,true,MonitorError,false,false,false,false,false,false,false,false,false,false,0,YawFollow,-85.0,0.0,-85.5,false,false,false,false,false,false,false,,,,1024,856,1024,1024,89,11.324,0.0,0,0,3,false,3.766,3.816,3.804,0.05,0.053,0.0,0.0,0.0,14.15359954679567,121.26241599943363,14.885205,380.0,true,FixedHeight,false,false,false,false,,true,false,false,,40,,380.0,401,Android,4.3.62,Clinton Spark,0BMCE8B0112XGP,,,0C0AF8NB33038T,,,121.5,23.604368,11.5,1.9104973,2.0,2,0,Clinton Spark,0BMCE8B0112XGP,,,Android,4.3.62
2025-11-19T04:23:27.785Z,57.0,14.153570081360332,121.26245308552636,8.8,11.5,5.2,23.685205,0.0,0.1,0.0,0.9,0.5,1.3,-12.9,-0.3,-85.3,GPSAtti,AutoFly,None,true,Already,13,5,Spark,false,false,Standby,Smart,false,true,false,None,true,MonitorError,false,false,false,false,false,false,false,false,false,false,0,YawFollow,-85.0,0.0,-85.7,false,false,false,false,false,false,false,,,,1024,674,1024,1024,89,11.324,0.0,0,0,3,false,3.766,3.816,3.804,0.05,0.053,0.0,0.0,0.0,14.15359954679567,121.26241599943363,14.885205,380.0,true,FixedHeight,false,false,false,false,,true,false,false,,40,,380.0,401,Android,4.3.62,Clinton Spark,0BMCE8B0112XGP,,,0C0AF8NB33038T,,,121.5,23.604368,11.5,1.9104973,2.0,2,0,Clinton Spark,0BMCE8B0112XGP,,,Android,4.3.62
2025-11-19T04:23:27.988Z,57.1,14.153570082724155,121.26245300915298,8.7,11.5,0.0,23.585205,0.0,0.1,-0.3,0.9,0.4,1.3,-18.5,-0.7,-85.3,GPSAtti,AutoFly,None,true,Already,13,5,Spark,false,false,Standby,Smart,false,true,false,None,true,MonitorError,false,false,false,false,false,false,false,false,false,false,0,YawFollow,-85.0,0.0,-85.7,false,false,false,false,false,false,false,,,,1024,778,1024,1024,89,11.324,0.0,0,0,3,false,3.766,3.816,3.804,0.05,0.053,0.0,0.0,0.0,14.15359954679567,121.26241599943363,14.885205,380.0,true,FixedHeight,false,false,false,false,,true,false,false,,40,,380.0,401,Android,4.3.62,Clinton Spark,0BMCE8B0112XGP,,,0C0AF8NB33038T,,,121.5,23.604368,11.5,1.9104973,2.0,2,0,Clinton Spark,0BMCE8B0112XGP,,,Android,4.3.62
2025-11-19T04:23:28.094Z,57.2,14.153570073496576,121.26245259190337,8.7,11.5,0.0,23.585205,0.0,0.1,-0.6,0.9,0.3,1.3,-20.5,-0.3,-85.3,GPSAtti,AutoFly,None,true,Already,13,5,Spark,false,false,Standby,Smart,false,true,false,None,true,MonitorError,false,false,false,false,false,false,false,false,false,false,0,YawFollow,-85.0,0.0,-85.6,false,false,false,false,false,false,false,,,,1024,778,1024,1024,89,11.324,0.0,0,0,3,false,3.766,3.816,3.804,0.05,0.053,0.0,0.0,0.0,14.15359954679567,121.26241599943363,14.885205,380.0,true,FixedHeight,false,false,false,false,,true,false,false,,40,,380.0,401,Android,4.3.62,Clinton Spark,0BMCE8B0112XGP,,,0C0AF8NB33038T,,,121.5,23.604368,11.5,1.9104973,2.0,2,0,Clinton Spark,0BMCE8B0112XGP,,,Android,4.3.62
2025-11-19T04:23:28.198Z,57.3,14.15357009149414,121.26245180268,8.7,11.5,0.0,23.585205,0.0,0.1,-1.0,0.9,0.2,1.3,-20.2,-0.1,-85.4,GPSAtti,AutoFly,None,true,Already,13,5,Spark,false,false,Standby,Smart,false,true,false,None,true,MonitorError,false,false,false,false,false,false,false,false,false,false,0,YawFollow,-85.0,0.0,-85.6,false,false,false,false,false,false,false,,,,1024,1024,1024,1024,89,11.324,0.0,0,0,3,false,3.766,3.816,3.804,0.05,0.053,0.0,0.0,0.0,14.15359954679567,121.26241599943363,14.885205,380.0,true,FixedHeight,false,false,false,false,,true,false,false,,40,,380.0,401,Android,4.3.62,Clinton Spark,0BMCE8B0112XGP,,,0C0AF8NB33038T,,,121.5,23.604368,11.5,1.9104973,2.0,2,0,Clinton Spark,0BMCE8B0112XGP,,,Android,4.3.62
2025-11-19T04:23:28.198Z,57.4,14.153570073909387,121.26245061313523,8.6,11.5,0.0,23.485207,0.0,0.1,-1.3,0.9,0.1,1.3,-15.7,-0.1,-85.4,GPSAtti,AutoFly,None,true,Already,13,5,Spark,false,false,Standby,Smart,false,true,false,None,true,MonitorError,false,false,false,false,false,false,false,false,false,false,0,YawFollow,-85.0,0.0,-85.7,false,false,false,false,false,false,false,,,,1024,876,1024,1024,89,11.324,0.0,0,0,3,false,3.766,3.816,3.804,0.05,0.053,0.0,0.0,0.0,14.15359954679567,121.26241599943363,14.885205,380.0,true,FixedHeight,false,false,false,false,,true,false,false,,40,,380.0,401,Android,4.3.62,Clinton Spark,0BMCE8B0112XGP,,,0C0AF8NB33038T,,,121.5,23.604368,11.5,1.9104973,2.0,2,0,Clinton Spark,0BMCE8B0112XGP,,,Android,4.3.62
2025-11-19T04:23:28.300Z,57.5,14.153570056075482,121.26244917640456,8.6,11.5,0.0,23.485207,0.0,0.1,-1.5,0.9,0.0,1.3,-7.5,-0.2,-85.4,GPSAtti,AutoFly,None,true,Already,13,5,Spark,false,false,Standby,Smart,false,true,false,None,true,MonitorError,false,false,false,false,false,false,false,false,false,false,0,YawFollow,-85.0,0.0,-85.7,false,false,false,false,false,false,false,,,,1024,382,1024,1024,89,11.324,0.0,0,0,3,false,3.766,3.816,3.804,0.05,0.053,0.0,0.0,0.0,14.15359954679567,121.26241599943363,14.885205,380.0,true,FixedHeight,false,false,false,false,,true,false,false,,40,,380.0,401,Android,4.3.62,Clinton Spark,0BMCE8B0112XGP,,,0C0AF8NB33038T,,,121.5,23.604368,11.5,1.9104973,2.0,2,0,Clinton Spark,0BMCE8B0112XGP,,,Android,4.3.62
2025-11-19T04:23:28.402Z,57.6,14.15357002932422,121.26244755584277,8.6,11.5,0.0,23.485207,0.0,0.1,-1.4,0.9,0.0,1.3,6.2,0.5,-85.4,GPSAtti,AutoFly,None,true,Already,13,5,Spark,false,false,Standby,Smart,false,true,false,None,true,MonitorError,false,false,false,false,false,false,false,false,false,false,0,YawFollow,-85.0,0.0,-85.8,false,false,false,false,false,false,false,,,,1024,938,1024,1024,89,11.324,0.0,0,0,3,false,3.766,3.816,3.804,0.05,0.053,0.0,0.0,0.0,14.15359954679567,121.26241599943363,14.885205,380.0,true,FixedHeight,false,false,false,false,,true,false,false,,40,,380.0,401,Android,4.3.62,Clinton Spark,0BMCE8B0112XGP,,,0C0AF8NB33038T,,,121.5,23.604368,11.5,1.9104973,2.0,2,0,Clinton Spark,0BMCE8B0112XGP,,,Android,4.3.62
2025-11-19T04:23:28.606Z,57.7,14.153570035128807,121.26244607966531,8.5,11.5,4.7,23.385204,0.0,0.1,-1.2,0.9,0.0,1.3,12.8,0.8,-85.3,GPSAtti,AutoFly,None,true,Already,13,5,Spark,false,false,Standby,Smart,false,true,false,None,true,MonitorError,false,false,false,false,false,false,false,false,false,false,0,YawFollow,-85.0,0.0,-85.9,false,false,false,false,false,false,false,,,,1024,1024,1024,1024,89,11.324,0.0,0,0,3,false,3.766,3.816,3.804,0.05,0.053,0.0,0.0,0.0,14.15359954679567,121.26241599943363,14.885205,380.0,true,FixedHeight,false,false,false,false,,true,false,false,,40,,380.0,401,Android,4.3.62,Clinton Spark,0BMCE8B0112XGP,,,0C0AF8NB33038T,,,121.5,23.604368,11.5,1.9104973,2.0,2,0,Clinton Spark,0BMCE8B0112XGP,,,Android,4.3.62
2025-11-19T04:23:28.708Z,57.8,14.15356999271354,121.26244483906427,8.5,11.5,4.7,23.385204,0.0,0.1,-0.8,0.9,0.0,1.3,13.8,0.7,-85.3,GPSAtti,AutoFly,None,true,Already,13,5,Spark,true,false,Standby,Smart,false,true,false,None,true,MonitorError,false,false,false,false,false,false,false,false,false,false,0,YawFollow,-85.0,0.0,-85.8,false,false,false,false,false,false,false,,,,1024,1024,1024,1024,89,11.38,0.0,0,0,3,false,3.766,3.816,3.804,0.05,0.053,0.0,0.0,0.0,14.15359954679567,121.26241599943363,14.885205,380.0,true,FixedHeight,false,false,false,false,,true,false,false,,40,,380.0,401,Android,4.3.62,Clinton Spark,0BMCE8B0112XGP,,,0C0AF8NB33038T,,,121.5,23.604368,11.5,1.9104973,2.0,2,0,Clinton Spark,0BMCE8B0112XGP,,,Android,4.3.62
2025-11-19T04:23:28.708Z,57.9,14.153569936851397,121.26244394877763,8.5,11.5,4.6,23.385204,0.0,0.1,-0.5,0.9,0.0,1.3,9.1,0.8,-85.3,GPSAtti,AutoFly,None,true,Already,13,5,Spark,true,false,Standby,Smart,false,true,false,None,true,MonitorError,false,false,false,false,false,false,false,false,false,false,0,YawFollow,-85.0,0.0,-85.7,false,false,false,false,false,false,false,,,,1024,1024,1024,1024,89,11.38,0.0,0,0,3,false,3.766,3.816,3.804,0.05,0.053,0.0,0.0,0.0,14.15359954679567,121.26241599943363,14.885205,380.0,true,FixedHeight,false,false,false,false,,true,false,false,,40,,380.0,401,Android,4.3.62,Clinton Spark,0BMCE8B0112XGP,,,0C0AF8NB33038T,,,121.5,23.604368,11.5,1.9104973,2.0,2,0,Clinton Spark,0BMCE8B0112XGP,,,Android,4.3.62
2025-11-19T04:23:28.912Z,58.0,14.15356984321017,121.26244339977805,8.5,11.5,4.5,23.385204,0.0,0.1,-0.4,0.9,0.0,1.3,4.5,0.4,-85.4,GPSAtti,AutoFly,None,true,Already,13,5,Spark,true,false,Standby,Smart,false,true,false,None,true,MonitorError,false,false,false,false,false,false,false,false,false,false,0,YawFollow,-85.0,0.0,-85.7,false,false,false,false,false,false,false,,,,1024,1024,1024,1024,89,11.38,0.0,0,0,3,false,3.766,3.816,3.804,0.05,0.053,0.0,0.0,0.0,14.15359954679567,121.26241599943363,14.885205,380.0,true,FixedHeight,false,false,false,false,,true,false,false,,40,,380.0,401,Android,4.3.62,Clinton Spark,0BMCE8B0112XGP,,,0C0AF8NB33038T,,,121.5,23.604368,11.5,1.9104973,2.0,2,0,Clinton Spark,0BMCE8B0112XGP,,,Android,4.3.62
2025-11-19T04:23:29.014Z,58.1,14.15356976647626,121.26244307890467,8.6,11.5,4.5,23.485207,0.0,0.1,-0.3,0.9,0.0,1.3,2.5,0.1,-85.4,GPSAtti,AutoFly,None,true,Already,13,5,Spark,true,false,Standby,Smart,false,true,false,None,true,MonitorError,false,false,false,false,false,false,false,false,false,false,0,YawFollow,-85.0,0.0,-85.6,false,false,false,false,false,false,false,,,,1024,1000,1024,1024,89,11.38,0.0,0,0,3,false,3.766,3.816,3.804,0.05,0.053,0.0,0.0,0.0,14.15359954679567,121.26241599943363,14.885205,380.0,true,FixedHeight,false,false,false,false,,true,false,false,,40,,380.0,401,Android,4.3.62,Clinton Spark,0BMCE8B0112XGP,,,0C0AF8NB33038T,,,121.5,23.604368,11.5,1.9104973,2.0,2,0,Clinton Spark,0BMCE8B0112XGP,,,Android,4.3.62
2025-11-19T04:23:29.116Z,58.2,14.153569663016327,121.26244294697352,8.6,11.5,4.5,23.485207,0.0,0.1,-0.2,0.9,0.0,1.3,4.7,0.0,-85.3,GPSAtti,AutoFly,None,true,Already,13,5,Spark,true,false,Standby,Smart,false,true,false,None,true,MonitorError,false,false,false,false,false,false,false,false,false,false,0,YawFollow,-85.0,0.0,-85.7,false,false,false,false,false,false,false,,,,1024,1024,1024,1024,89,11.38,0.0,0,0,3,false,3.766,3.816,3.804,0.05,0.053,0.0,0.0,0.0,14.15359954679567,121.26241599943363,14.885205,380.0,true,FixedHeight,false,false,false,false,,true,false,false,,40,,380.0,401,Android,4.3.62,Clinton Spark,0BMCE8B0112XGP,,,0C0AF8NB33038T,,,121.5,23.604368,11.5,1.9104973,2.0,2,0,Clinton Spark,0BMCE8B0112XGP,,,Android,4.3.62
2025-11-19T04:23:29.319Z,58.3,14.153569581879104,121.26244288499923,8.6,11.5,4.6,23.485207,0.0,0.1,-0.1,0.9,0.0,1.3,5.6,0.1,-85.3,GPSAtti,AutoFly,None,true,Already,13,5,Spark,true,false,Standby,Smart,false,true,false,None,true,MonitorError,false,false,false,false,false,false,false,false,false,false,0,YawFollow,-85.0,0.0,-85.6,false,false,false,false,false,false,false,,,,1024,1024,1024,1024,89,11.38,0.0,0,0,3,false,3.766,3.816,3.804,0.05,0.053,0.0,0.0,0.0,14.15359954679567,121.26241599943363,14.885205,380.0,true,FixedHeight,false,false,false,false,,true,false,false,,40,,380.0,401,Android,4.3.62,Clinton Spark,0BMCE8B0112XGP,,,0C0AF8NB33038T,,,121.5,23.604368,11.5,1.9104973,2.0,2,0,Clinton Spark,0BMCE8B0112XGP,,,Android,4.3.62
2025-11-19T04:23:29.420Z,58.4,14.15356952029461,121.2624429945222,8.6,11.5,4.6,23.485207,0.0,0.1,0.0,0.9,0.0,1.3,3.7,0.2,-85.3,GPSAtti,AutoFly,None,true,Already,13,5,Spark,true,false,Standby,Smart,false,true,false,None,true,MonitorError,false,false,false,false,false,false,false,false,false,false,0,YawFollow,-85.0,0.0,-85.6,false,false,false,false,false,false,false,,,,1024,1024,1024,1024,89,11.38,0.0,0,0,3,false,3.766,3.816,3.804,0.05,0.053,0.0,0.0,0.0,14.15359954679567,121.26241599943363,14.885205,380.0,true,FixedHeight,false,false,false,false,,true,false,false,,40,,380.0,401,Android,4.3.62,Clinton Spark,0BMCE8B0112XGP,,,0C0AF8NB33038T,,,121.5,23.604368,11.5,1.9104973,2.0,2,0,Clinton Spark,0BMCE8B0112XGP,,,Android,4.3.62
2025-11-19T04:23:29.523Z,58.5,14.153569501166906,121.26244311943822,8.6,11.5,4.5,23.485207,0.0,0.1,0.0,0.9,0.0,1.3,0.2,0.0,-85.3,GPSAtti,AutoFly,None,true,Already,13,5,Spark,true,false,Standby,Smart,false,true,false,None,true,MonitorError,false,false,false,false,false,false,false,false,false,false,0,YawFollow,-85.0,0.0,-85.6,false,false,false,false,false,false,false,,,,1024,1024,1024,1024,89,11.38,0.0,0,0,3,false,3.766,3.816,3.804,0.05,0.053,0.0,0.0,0.0,14.15359954679567,121.26241599943363,14.885205,380.0,true,FixedHeight,false,false,false,false,,true,false,false,,40,,380.0,401,Android,4.3.62,Clinton Spark,0BMCE8B0112XGP,,,0C0AF8NB33038T,,,121.5,23.604368,11.5,1.9104973,2.0,2,0,Clinton Spark,0BMCE8B0112XGP,,,Android,4.3.62
2025-11-19T04:23:29.625Z,58.6,14.153569498847189,121.26244333942283,8.6,11.5,4.5,23.485207,0.0,0.1,0.0,0.9,0.0,1.3,2.2,-0.1,-85.3,GPSAtti,AutoFly,None,true,Already,13,5,Spark,true,false,Standby,Smart,false,true,false,None,true,MonitorError,false,false,false,false,false,false,false,false,false,false,0,YawFollow,-85.0,0.0,-85.5,false,false,false,false,false,false,false,,,,1024,1024,1024,1024,89,11.38,0.0,0,0,3,false,3.766,3.816,3.804,0.05,0.053,0.0,0.0,0.0,14.15359954679567,121.26241599943363,14.885205,380.0,true,FixedHeight,false,false,false,false,,true,false,false,,40,,380.0,401,Android,4.3.62,Clinton Spark,0BMCE8B0112XGP,,,0C0AF8NB33038T,,,121.5,23.604368,11.5,1.9104973,2.0,2,0,Clinton Spark,0BMCE8B0112XGP,,,Android,4.3.62
2025-11-19T04:23:29.727Z,58.7,14.153569494927524,121.26244356137765,8.6,11.5,4.6,23.485207,0.0,0.1,0.1,0.9,0.0,1.3,12.9,-0.2,-85.4,GPSAtti,AutoFly,None,true,Already,13,5,Spark,true,false,Standby,Smart,false,true,false,None,true,MonitorError,false,false,false,false,false,false,false,false,false,false,0,YawFollow,-85.0,0.0,-85.4,false,false,false,false,false,false,false,,,,1024,1024,1024,1024,89,11.38,0.0,0,0,3,false,3.766,3.816,3.804,0.05,0.053,0.0,0.0,0.0,14.15359954679567,121.26241599943363,14.885205,380.0,true,FixedHeight,false,false,false,false,,true,false,false,,40,,380.0,401,Android,4.3.62,Clinton Spark,0BMCE8B0112XGP,,,0C0AF8NB33038T,,,121.5,23.604368,11.5,1.9104973,2.0,2,0,Clinton Spark,0BMCE8B0112XGP,,,Android,4.3.62
2025-11-19T04:23:29.727Z,58.8,14.153569507435602,121.26244395962503,8.6,11.5,4.6,23.485207,0.0,0.1,0.3,0.9,0.0,1.3,7.3,-0.2,-85.4,GPSAtti,AutoFly,None,true,Already,13,5,Spark,true,false,Standby,Smart,false,true,false,None,true,MonitorError,false,false,false,false,false,false,false,false,false,false,0,YawFollow,-85.0,0.0,-85.5,false,false,false,false,false,false,false,,,,1024,1024,1024,1024,89,11.322,0.0,0,0,3,false,3.766,3.816,3.804,0.05,0.053,0.0,0.0,0.0,14.15359954679567,121.26241599943363,14.885205,380.0,true,FixedHeight,false,false,false,false,,true,false,false,,40,,380.0,401,Android,4.3.62,Clinton Spark,0BMCE8B0112XGP,,,0C0AF8NB33038T,,,121.5,23.604368,11.5,1.9104973,2.0,2,0,Clinton Spark,0BMCE8B0112XGP,,,Android,4.3.62
2025-11-19T04:23:29.829Z,58.9,14.15356951229325,121.26244444022939,8.6,11.5,4.6,23.485207,0.0,0.1,0.4,0.9,0.0,1.3,-0.6,-0.2,-85.4,GPSAtti,AutoFly,None,true,Already,13,5,Spark,true,false,Standby,Smart,false,true,false,None,true,MonitorError,false,false,false,false,false,false,false,false,false,false,0,YawFollow,-85.0,0.0,-85.5,false,false,false,false,false,false,false,,,,1024,1024,1024,1024,89,11.322,0.0,0,0,3,false,3.766,3.816,3.804,0.05,0.053,0.0,0.0,0.0,14.15359954679567,121.26241599943363,14.885205,380.0,true,FixedHeight,false,false,false,false,,true,false,false,,40,,380.0,401,Android,4.3.62,Clinton Spark,0BMCE8B0112XGP,,,0C0AF8NB33038T,,,121.5,23.604368,11.5,1.9104973,2.0,2,0,Clinton Spark,0BMCE8B0112XGP,,,Android,4.3.62
2025-11-19T04:23:29.829Z,59.0,14.153569528156737,121.26244499285582,8.5,11.5,4.6,23.385204,0.0,0.1,0.4,0.9,0.0,1.3,-5.9,-0.3,-85.3,GPSAtti,AutoFly,None,true,Already,13,5,Spark,true,false,Standby,Smart,false,true,false,None,true,MonitorError,false,false,false,false,false,false,false,false,false,false,0,YawFollow,-85.0,0.0,-85.6,false,false,false,false,false,false,false,,,,1024,1024,1024,1024,89,11.322,0.0,0,0,3,false,3.766,3.816,3.804,0.05,0.053,0.0,0.0,0.0,14.15359954679567,121.26241599943363,14.885205,380.0,true,FixedHeight,false,false,false,false,,true,false,false,,40,,380.0,401,Android,4.3.62,Clinton Spark,0BMCE8B0112XGP,,,0C0AF8NB33038T,,,121.5,23.604368,11.5,1.9104973,2.0,2,0,Clinton Spark,0BMCE8B0112XGP,,,Android,4.3.62
2025-11-19T04:23:29.931Z,59.1,14.153569525482018,121.2624454864501,8.5,11.5,4.6,23.385204,0.0,0.1,0.2,0.9,0.0,1.3,-6.7,-0.4,-85.3,GPSAtti,AutoFly,None,true,Already,13,5,Spark,true,false,Standby,Smart,false,true,false,None,true,MonitorError,false,false,false,false,false,false,false,false,false,false,0,YawFollow,-85.0,0.0,-85.6,false,false,false,false,false,false,false,,,,1024,1024,1024,1024,89,11.322,0.0,0,0,3,false,3.766,3.816,3.804,0.05,0.053,0.0,0.0,0.0,14.15359954679567,121.26241599943363,14.885205,380.0,true,FixedHeight,false,false,false,false,,true,false,false,,40,,380.0,401,Android,4.3.62,Clinton Spark,0BMCE8B0112XGP,,,0C0AF8NB33038T,,,121.5,23.604368,11.5,1.9104973,2.0,2,0,Clinton Spark,0BMCE8B0112XGP,,,Android,4.3.62
2025-11-19T04:23:29.931Z,59.2,14.153569564142092,121.26244586637553,8.5,11.5,4.7,23.385204,0.0,0.1,0.1,0.9,0.0,1.3,-5.2,-0.3,-85.3,GPSAtti,AutoFly,None,true,Already,13,5,Spark,true,false,Standby,Smart,false,true,false,None,true,MonitorError,false,false,false,false,false,false,false,false,false,false,0,YawFollow,-85.0,0.0,-85.5,false,false,false,false,false,false,false,,,,1024,1024,1024,1024,89,11.322,0.0,0,0,3,false,3.766,3.816,3.804,0.05,0.053,0.0,0.0,0.0,14.15359954679567,121.26241599943363,14.885205,380.0,true,FixedHeight,false,false,false,false,,true,false,false,,40,,380.0,401,Android,4.3.62,Clinton Spark,0BMCE8B0112XGP,,,0C0AF8NB33038T,,,121.5,23.604368,11.5,1.9104973,2.0,2,0,Clinton Spark,0BMCE8B0112XGP,,,Android,4.3.62
2025-11-19T04:23:30.032Z,59.3,14.153569604313363,121.26244613259013,8.5,11.5,4.7,23.385204,0.0,0.1,0.1,0.9,0.0,1.3,-3.6,-0.2,-85.4,GPSAtti,AutoFly,None,true,Already,13,5,Spark,true,false,Standby,Smart,false,true,false,None,true,MonitorError,false,false,false,false,false,false,false,false,false,false,0,YawFollow,-85.0,0.0,-85.6,false,false,false,false,false,false,false,,,,1024,1024,1024,1024,89,11.322,0.0,0,0,3,false,3.766,3.816,3.804,0.05,0.053,0.0,0.0,0.0,14.15359954679567,121.26241599943363,14.885205,380.0,true,FixedHeight,false,false,false,false,,true,false,false,,40,,380.0,401,Android,4.3.62,Clinton Spark,0BMCE8B0112XGP,,,0C0AF8NB33038T,,,121.5,23.604368,11.5,1.9104973,2.0,2,0,Clinton Spark,0BMCE8B0112XGP,,,Android,4.3.62
2025-11-19T04:23:30.134Z,59.4,14.153569682677345,121.26244629449016,8.5,11.5,4.8,23.385204,0.0,0.1,0.1,0.9,0.0,1.3,-2.2,-0.2,-85.4,GPSAtti,AutoFly,None,true,Already,13,5,Spark,true,false,Standby,Smart,false,true,false,None,true,MonitorError,false,false,false,false,false,false,false,false,false,false,0,YawFollow,-85.0,0.0,-85.6,false,false,false,false,false,false,false,,,,1024,1024,1024,1024,89,11.322,0.0,0,0,3,false,3.766,3.816,3.804,0.05,0.053,0.0,0.0,0.0,14.15359954679567,121.26241599943363,14.885205,380.0,true,FixedHeight,false,false,false,false,,true,false,false,,40,,380.0,401,Android,4.3.62,Clinton Spark,0BMCE8B0112XGP,,,0C0AF8NB33038T,,,121.5,23.604368,11.5,1.9104973,2.0,2,0,Clinton Spark,0BMCE8B0112XGP,,,Android,4.3.62
2025-11-19T04:23:30.236Z,59.5,14.153569745020695,121.26244640946662,8.5,11.5,4.8,23.385204,0.0,0.1,0.0,0.9,0.0,1.3,-2.0,-0.3,-85.4,GPSAtti,AutoFly,None,true,Already,13,5,Spark,true,false,Standby,Smart,false,true,false,None,true,MonitorError,false,false,false,false,false,false,false,false,false,false,0,YawFollow,-85.0,0.0,-85.6,false,false,false,false,false,false,false,,,,1024,1024,1024,1024,89,11.322,0.0,0,0,3,false,3.766,3.816,3.804,0.05,0.053,0.0,0.0,0.0,14.15359954679567,121.26241599943363,14.885205,380.0,true,FixedHeight,false,false,false,false,,true,false,false,,40,,380.0,401,Android,4.3.62,Clinton Spark,0BMCE8B0112XGP,,,0C0AF8NB33038T,,,121.5,23.604368,11.5,1.9104973,2.0,2,0,Clinton Spark,0BMCE8B0112XGP,,,Android,4.3.62
2025-11-19T04:23:30.236Z,59.6,14.15356981185285,121.26244644473216,8.5,11.5,4.9,23.385204,0.0,0.1,0.0,0.9,0.0,1.3,-2.1,-0.4,-85.4,GPSAtti,AutoFly,None,true,Already,13,5,Spark,true,false,Standby,Smart,false,true,false,None,true,MonitorError,false,false,false,false,false,false,false,false,false,false,0,YawFollow,-85.0,0.0,-85.6,false,false,false,false,false,false,false,,,,1024,1024,1024,1024,89,11.322,0.0,0,0,3,false,3.766,3.816,3.804,0.05,0.053,0.0,0.0,0.0,14.15359954679567,121.26241599943363,14.885205,380.0,true,FixedHeight,false,false,false,false,,true,false,false,,40,,380.0,401,Android,4.3.62,Clinton Spark,0BMCE8B0112XGP,,,0C0AF8NB33038T,,,121.5,23.604368,11.5,1.9104973,2.0,2,0,Clinton Spark,0BMCE8B0112XGP,,,Android,4.3.62
2025-11-19T04:23:30.339Z,59.7,14.15356984137817,121.26244646725965,8.5,11.5,4.9,23.385204,0.0,0.1,0.0,0.9,0.0,1.3,-2.2,-0.2,-85.3,GPSAtti,AutoFly,None,true,Already,13,5,Spark,true,false,Standby,Smart,false,true,false,None,true,MonitorError,false,false,false,false,false,false,false,false,false,false,0,YawFollow,-85.0,0.0,-85.5,false,false,false,false,false,false,false,,,,1024,1024,1024,1024,89,11.322,0.0,0,0,3,false,3.766,3.816,3.804,0.05,0.053,0.0,0.0,0.0,14.15359954679567,121.26241599943363,14.885205,380.0,true,FixedHeight,false,false,false,false,,true,false,false,,40,,380.0,401,Android,4.3.62,Clinton Spark,0BMCE8B0112XGP,,,0C0AF8NB33038T,,,121.5,23.604368,11.5,1.9104973,2.0,2,0,Clinton Spark,0BMCE8B0112XGP,,,Android,4.3.62
2025-11-19T04:23:30.441Z,59.8,14.153569868615524,121.26244641773191,8.5,11.5,4.9,23.385204,0.0,0.1,0.0,0.9,0.0,1.3,-2.0,-0.1,-85.3,GPSAtti,AutoFly,None,true,Already,13,5,Spark,true,false,Standby,Smart,false,true,false,None,true,MonitorError,false,false,false,false,false,false,false,false,false,false,0,YawFollow,-85.0,0.0,-85.6,false,false,false,false,false,false,false,,,,1024,1024,1024,1024,89,11.358,0.0,0,0,3,false,3.766,3.816,3.804,0.05,0.053,0.0,0.0,0.0,14.15359954679567,121.26241599943363,14.885205,380.0,true,FixedHeight,false,false,false,false,,true,false,false,,40,,380.0,401,Android,4.3.62,Clinton Spark,0BMCE8B0112XGP,,,0C0AF8NB33038T,,,121.5,23.604368,11.5,1.9104973,2.0,2,0,Clinton Spark,0BMCE8B0112XGP,,,Android,4.3.62
2025-11-19T04:23:30.544Z,59.9,14.153569878327563,121.26244637997924,8.5,11.5,4.8,23.385204,0.0,0.1,0.0,0.9,0.0,1.3,-1.7,0.0,-85.3,GPSAtti,AutoFly,None,true,Already,13,5,Spark,true,false,Standby,Smart,false,true,false,None,true,MonitorError,false,false,false,false,false,false,false,false,false,false,0,YawFollow,-85.0,0.0,-85.5,false,false,false,false,false,false,false,,,,1024,1024,1024,1024,89,11.358,0.0,0,0,3,false,3.766,3.816,3.804,0.05,0.053,0.0,0.0,0.0,14.15359954679567,121.26241599943363,14.885205,380.0,true,FixedHeight,false,false,false,false,,true,false,false,,40,,380.0,401,Android,4.3.62,Clinton Spark,0BMCE8B0112XGP,,,0C0AF8NB33038T,,,121.5,23.604368,11.5,1.9104973,2.0,2,0,Clinton Spark,0BMCE8B0112XGP,,,Android,4.3.62
2025-11-19T04:23:30.646Z,60.0,14.153569889804837,121.2624462991949,8.5,11.5,4.8,23.385204,0.0,0.1,0.0,0.9,0.0,1.3,-1.5,0.0,-85.4,GPSAtti,AutoFly,None,true,Already,13,5,Spark,true,false,Standby,Smart,false,true,false,None,true,MonitorError,false,false,false,false,false,false,false,false,false,false,0,YawFollow,-85.0,0.0,-85.6,false,false,false,false,false,false,false,,,,1024,1024,1024,1024,89,11.358,0.0,0,0,3,false,3.766,3.816,3.804,0.05,0.053,0.0,0.0,0.0,14.15359954679567,121.26241599943363,14.885205,380.0,true,FixedHeight,false,false,false,false,,true,false,false,,40,,380.0,401,Android,4.3.62,Clinton Spark,0BMCE8B0112XGP,,,0C0AF8NB33038T,,,121.5,23.604368,11.5,1.9104973,2.0,2,0,Clinton Spark,0BMCE8B0112XGP,,,Android,4.3.62
2025-11-19T04:23:30.749Z,60.1,14.153569896055618,121.26244625322552,8.5,11.5,4.8,23.385204,0.0,0.1,0.0,0.9,0.0,1.3,-1.4,0.1,-85.3,GPSAtti,AutoFly,None,true,Already,13,5,Spark,true,false,Standby,Smart,false,true,false,None,true,MonitorError,false,false,false,false,false,false,false,false,false,false,0,YawFollow,-85.0,0.0,-85.6,false,false,false,false,false,false,false,,,,1024,1024,1024,1024,89,11.358,0.0,0,0,3,false,3.766,3.816,3.804,0.05,0.053,0.0,0.0,0.0,14.15359954679567,121.26241599943363,14.885205,380.0,true,FixedHeight,false,false,false,false,,true,false,false,,40,,380.0,401,Android,4.3.62,Clinton Spark,0BMCE8B0112XGP,,,0C0AF8NB33038T,,,121.5,23.604368,11.5,1.9104973,2.0,2,0,Clinton Spark,0BMCE8B0112XGP,,,Android,4.3.62
2025-11-19T04:23:30.850Z,60.2,14.153569904291475,121.2624461565511,8.5,11.5,4.7,23.385204,0.0,0.1,0.0,0.9,0.0,1.3,-1.1,0.3,-85.3,GPSAtti,AutoFly,None,true,Already,13,5,Spark,true,false,Standby,Smart,false,true,false,None,true,MonitorError,false,false,false,false,false,false,false,false,false,false,0,YawFollow,-85.0,0.0,-85.6,false,false,false,false,false,false,false,,,,1024,1024,1024,1024,89,11.358,0.0,0,0,3,false,3.766,3.816,3.804,0.05,0.053,0.0,0.0,0.0,14.15359954679567,121.26241599943363,14.885205,380.0,true,FixedHeight,false,false,false,false,,true,false,false,,40,,380.0,401,Android,4.3.62,Clinton Spark,0BMCE8B0112XGP,,,0C0AF8NB33038T,,,121.5,23.604368,11.5,1.9104973,2.0,2,0,Clinton Spark,0BMCE8B0112XGP,,,Android,4.3.62
2025-11-19T04:23:30.952Z,60.3,14.153569916778384,121.26244607245359,8.5,11.5,4.7,23.385204,0.0,0.1,0.0,0.9,0.0,1.3,-1.0,0.3,-85.3,GPSAtti,AutoFly,None,true,Already,13,5,Spark,true,false,Standby,Smart,false,true,false,None,true,MonitorError,false,false,false,false,false,false,false,false,false,false,0,YawFollow,-85.0,0.0,-85.6,false,false,false,false,false,false,false,,,,1024,1024,1024,1024,89,11.358,0.0,0,0,3,false,3.766,3.816,3.804,0.05,0.053,0.0,0.0,0.0,14.15359954679567,121.26241599943363,14.885205,380.0,true,FixedHeight,false,false,false,false,,true,false,false,,40,,380.0,401,Android,4.3.62,Clinton Spark,0BMCE8B0112XGP,,,0C0AF8NB33038T,,,121.5,23.604368,11.5,1.9104973,2.0,2,0,Clinton Spark,0BMCE8B0112XGP,,,Android,4.3.62
2025-11-19T04:23:30.952Z,60.4,14.153569937473463,121.26244595744402,8.5,11.5,4.7,23.385204,0.0,0.1,0.0,0.9,0.0,1.3,-1.0,0.0,-85.3,GPSAtti,AutoFly,None,true,Already,13,5,Spark,true,false,Standby,Smart,false,true,false,None,true,MonitorError,false,false,false,false,false,false,false,false,false,false,0,YawFollow,-85.0,0.0,-85.5,false,false,false,false,false,false,false,,,,1024,1024,1024,1024,89,11.358,0.0,0,0,3,false,3.766,3.816,3.804,0.05,0.053,0.0,0.0,0.0,14.15359954679567,121.26241599943363,14.885205,380.0,true,FixedHeight,false,false,false,false,,true,false,false,,40,,380.0,401,Android,4.3.62,Clinton Spark,0BMCE8B0112XGP,,,0C0AF8NB33038T,,,121.5,23.604368,11.5,1.9104973,2.0,2,0,Clinton Spark,0BMCE8B0112XGP,,,Android,4.3.62
2025-11-19T04:23:30.952Z,60.5,14.153569962492064,121.26244586435669,8.6,11.5,4.6,23.485207,0.0,0.1,0.0,0.9,0.0,1.3,-0.9,0.0,-85.3,GPSAtti,AutoFly,None,true,Already,13,5,Spark,true,false,Standby,Smart,false,true,false,None,true,MonitorError,false,false,false,false,false,false,false,false,false,false,0,YawFollow,-85.0,0.0,-85.6,false,false,false,false,false,false,false,,,,1024,717,1024,1024,89,11.358,0.0,0,0,3,false,3.766,3.816,3.804,0.05,0.053,0.0,0.0,0.0,14.15359954679567,121.26241599943363,14.885205,380.0,true,FixedHeight,false,false,false,false,,true,false,false,,40,,380.0,401,Android,4.3.62,Clinton Spark,0BMCE8B0112XGP,,,0C0AF8NB33038T,,,121.5,23.604368,11.5,1.9104973,2.0,2,0,Clinton Spark,0BMCE8B0112XGP,,,Android,4.3.62
2025-11-19T04:23:31.054Z,60.6,14.15356998582848,121.26244575558474,8.6,11.5,4.5,23.485207,0.0,0.1,0.0,0.9,0.0,1.3,-0.9,0.0,-85.4,GPSAtti,AutoFly,None,true,Already,13,5,Spark,true,false,Standby,Smart,false,true,false,None,true,MonitorError,false,false,false,false,false,false,false,false,false,false,0,YawFollow,-85.0,0.0,-85.6,false,false,false,false,false,false,false,,,,1024,677,1024,1024,89,11.358,0.0,0,0,3,false,3.766,3.816,3.804,0.05,0.053,0.0,0.0,0.0,14.15359954679567,121.26241599943363,14.885205,380.0,true,FixedHeight,false,false,false,false,,true,false,false,,40,,380.0,401,Android,4.3.62,Clinton Spark,0BMCE8B0112XGP,,,0C0AF8NB33038T,,,121.5,23.604368,11.5,1.9104973,2.0,2,0,Clinton Spark,0BMCE8B0112XGP,,,Android,4.3.62
2025-11-19T04:23:31.359Z,60.7,14.153570005851012,121.26244567408695,8.6,11.5,4.5,23.485207,0.0,0.1,0.0,0.9,0.0,1.3,-0.8,-0.1,-85.4,GPSAtti,AutoFly,None,true,Already,13,5,Spark,true,false,Standby,Smart,false,true,false,None,true,MonitorError,false,false,false,false,false,false,false,false,false,false,0,YawFollow,-85.0,0.0,-85.6,false,false,false,false,false,false,false,,,,1024,946,1024,1024,89,11.358,0.0,0,0,3,false,3.766,3.816,3.804,0.05,0.053,0.0,0.0,0.0,14.15359954679567,121.26241599943363,14.885205,380.0,true,FixedHeight,false,false,false,false,,true,false,false,,40,,380.0,401,Android,4.3.62,Clinton Spark,0BMCE8B0112XGP,,,0C0AF8NB33038T,,,121.5,23.604368,11.5,1.9104973,2.0,2,0,Clinton Spark,0BMCE8B0112XGP,,,Android,4.3.62
2025-11-19T04:23:31.461Z,60.8,14.153570032846543,121.2624455797848,8.6,11.5,4.4,23.485207,0.0,0.1,0.0,0.9,0.0,1.3,-0.8,-0.3,-85.4,GPSAtti,AutoFly,None,true,Already,13,5,Spark,true,false,Standby,Smart,false,true,false,None,true,MonitorError,false,false,false,false,false,false,false,false,false,false,0,YawFollow,-85.0,0.0,-85.5,false,false,false,false,false,false,false,,,,1024,1024,1024,1024,89,11.357,0.0,0,0,3,false,3.766,3.816,3.804,0.05,0.053,0.0,0.0,0.0,14.15359954679567,121.26241599943363,14.885205,380.0,true,FixedHeight,false,false,false,false,,true,false,false,,40,,380.0,401,Android,4.3.62,Clinton Spark,0BMCE8B0112XGP,,,0C0AF8NB33038T,,,121.5,23.604368,11.5,1.9104973,2.0,2,0,Clinton Spark,0BMCE8B0112XGP,,,Android,4.3.62
2025-11-19T04:23:31.564Z,60.9,14.153570065967466,121.2624455025257,8.6,11.5,4.4,23.485207,0.0,0.1,0.0,0.9,0.0,1.3,-0.8,-0.2,-85.3,GPSAtti,AutoFly,None,true,Already,13,5,Spark,true,false,Standby,Smart,false,true,false,None,true,MonitorError,false,false,false,false,false,false,false,false,false,false,0,YawFollow,-85.0,0.0,-85.5,false,false,false,false,false,false,false,,,,1024,1024,1024,1024,89,11.357,0.0,0,0,3,false,3.766,3.816,3.804,0.05,0.053,0.0,0.0,0.0,14.15359954679567,121.26241599943363,14.885205,380.0,true,FixedHeight,false,false,false,false,,true,false,false,,40,,380.0,401,Android,4.3.62,Clinton Spark,0BMCE8B0112XGP,,,0C0AF8NB33038T,,,121.5,23.604368,11.5,1.9104973,2.0,2,0,Clinton Spark,0BMCE8B0112XGP,,,Android,4.3.62
2025-11-19T04:23:31.564Z,61.0,14.153570088297505,121.26244542305999,8.6,11.5,4.3,23.485207,0.0,0.1,0.0,0.9,0.0,1.3,-0.8,-0.2,-85.3,GPSAtti,AutoFly,None,true,Already,13,5,Spark,true,false,Standby,Smart,false,true,false,None,true,MonitorError,false,false,false,false,false,false,false,false,false,false,0,YawFollow,-85.0,0.0,-85.5,false,false,false,false,false,false,false,,,,1024,1024,1024,1024,89,11.357,0.0,0,0,3,false,3.766,3.816,3.804,0.05,0.053,0.0,0.0,0.0,14.15359954679567,121.26241599943363,14.885205,380.0,true,FixedHeight,false,false,false,false,,true,false,false,,40,,380.0,401,Android,4.3.62,Clinton Spark,0BMCE8B0112XGP,,,0C0AF8NB33038T,,,121.5,23.604368,11.5,1.9104973,2.0,2,0,Clinton Spark,0BMCE8B0112XGP,,,Android,4.3.62
2025-11-19T04:23:31.768Z,61.1,14.1535700980242,121.26244535708777,8.6,11.5,4.3,23.485207,0.0,0.1,0.0,0.9,0.0,1.3,-0.8,-0.1,-85.3,GPSAtti,AutoFly,None,true,Already,13,5,Spark,true,false,Standby,Smart,false,true,false,None,true,MonitorError,false,false,false,false,false,false,false,false,false,false,0,YawFollow,-85.0,0.0,-85.5,false,false,false,false,false,false,false,,,,1024,1024,1024,1024,89,11.357,0.0,0,0,3,false,3.766,3.816,3.804,0.05,0.053,0.0,0.0,0.0,14.15359954679567,121.26241599943363,14.885205,380.0,true,FixedHeight,false,false,false,false,,true,false,false,,40,,380.0,401,Android,4.3.62,Clinton Spark,0BMCE8B0112XGP,,,0C0AF8NB33038T,,,121.5,23.604368,11.5,1.9104973,2.0,2,0,Clinton Spark,0BMCE8B0112XGP,,,Android,4.3.62
2025-11-19T04:23:31.869Z,61.2,14.153570114706795,121.26244531455309,8.6,11.5,4.3,23.485207,0.0,0.1,0.0,0.9,0.0,1.3,-0.9,0.0,-85.3,GPSAtti,AutoFly,None,true,Already,13,5,Spark,true,false,Standby,Smart,false,true,false,None,true,MonitorError,false,false,false,false,false,false,false,false,false,false,0,YawFollow,-85.0,0.0,-85.5,false,false,false,false,false,false,false,,,,1024,1024,1024,1024,89,11.357,0.0,0,0,3,false,3.766,3.816,3.804,0.05,0.053,0.0,0.0,0.0,14.15359954679567,121.26241599943363,14.885205,380.0,true,FixedHeight,false,false,false,false,,true,false,false,,40,,380.0,401,Android,4.3.62,Clinton Spark,0BMCE8B0112XGP,,,0C0AF8NB33038T,,,121.5,23.604368,11.5,1.9104973,2.0,2,0,Clinton Spark,0BMCE8B0112XGP,,,Android,4.3.62
2025-11-19T04:23:31.971Z,61.3,14.153570141802474,121.26244529394508,8.6,11.5,4.3,23.485207,0.0,0.1,0.0,0.9,0.0,1.3,-0.8,0.1,-85.3,GPSAtti,AutoFly,None,true,Already,13,5,Spark,true,false,Standby,Smart,false,true,false,None,true,MonitorError,false,false,false,false,false,false,false,false,false,false,0,YawFollow,-85.0,0.0,-85.6,false,false,false,false,false,false,false,,,,1024,1024,1024,1024,89,11.357,0.0,0,0,3,false,3.766,3.816,3.804,0.05,0.053,0.0,0.0,0.0,14.15359954679567,121.26241599943363,14.885205,380.0,true,FixedHeight,false,false,false,false,,true,false,false,,40,,380.0,401,Android,4.3.62,Clinton Spark,0BMCE8B0112XGP,,,0C0AF8NB33038T,,,121.5,23.604368,11.5,1.9104973,2.0,2,0,Clinton Spark,0BMCE8B0112XGP,,,Android,4.3.62
2025-11-19T04:23:32.073Z,61.4,14.153570147502842,121.26244529969233,8.6,11.5,4.2,23.485207,0.0,0.1,0.0,0.9,0.0,1.3,4.5,0.0,-85.3,GPSAtti,AutoFly,None,true,Already,13,5,Spark,true,false,Standby,Smart,false,true,false,None,true,MonitorError,false,false,false,false,false,false,false,false,false,false,0,YawFollow,-85.0,0.0,-85.5,false,false,false,false,false,false,false,,,,1024,1024,1024,1024,89,11.357,0.0,0,0,3,false,3.766,3.816,3.804,0.05,0.053,0.0,0.0,0.0,14.15359954679567,121.26241599943363,14.885205,380.0,true,FixedHeight,false,false,false,false,,true,false,false,,40,,380.0,401,Android,4.3.62,Clinton Spark,0BMCE8B0112XGP,,,0C0AF8NB33038T,,,121.5,23.604368,11.5,1.9104973,2.0,2,0,Clinton Spark,0BMCE8B0112XGP,,,Android,4.3.62
2025-11-19T04:23:32.175Z,61.5,14.153570130214467,121.26244537695146,8.6,11.5,4.1,23.485207,0.0,0.1,0.1,0.9,0.0,1.3,6.7,0.0,-85.2,GPSAtti,AutoFly,None,true,Already,13,5,Spark,true,false,Standby,Smart,false,true,false,None,true,MonitorError,false,false,false,false,false,false,false,false,false,false,0,YawFollow,-85.0,0.0,-85.5,false,false,false,false,false,false,false,,,,1024,1024,1024,1024,89,11.357,0.0,0,0,3,false,3.766,3.816,3.804,0.05,0.053,0.0,0.0,0.0,14.15359954679567,121.26241599943363,14.885205,380.0,true,FixedHeight,false,false,false,false,,true,false,false,,40,,380.0,401,Android,4.3.62,Clinton Spark,0BMCE8B0112XGP,,,0C0AF8NB33038T,,,121.5,23.604368,11.5,1.9104973,2.0,2,0,Clinton Spark,0BMCE8B0112XGP,,,Android,4.3.62
2025-11-19T04:23:32.175Z,61.6,14.153570114652242,121.26244560109524,8.6,11.5,4.1,23.485207,0.0,0.1,0.2,0.9,0.0,1.3,2.6,0.0,-85.2,GPSAtti,AutoFly,None,true,Already,13,5,Spark,true,false,Standby,Smart,false,true,false,None,true,MonitorError,false,false,false,false,false,false,false,false,false,false,0,YawFollow,-85.0,0.0,-85.5,false,false,false,false,false,false,false,,,,1024,1024,1024,1024,89,11.357,0.0,0,0,3,false,3.766,3.816,3.804,0.05,0.053,0.0,0.0,0.0,14.15359954679567,121.26241599943363,14.885205,380.0,true,FixedHeight,false,false,false,false,,true,false,false,,40,,380.0,401,Android,4.3.62,Clinton Spark,0BMCE8B0112XGP,,,0C0AF8NB33038T,,,121.5,23.604368,11.5,1.9104973,2.0,2,0,Clinton Spark,0BMCE8B0112XGP,,,Android,4.3.62
2025-11-19T04:23:32.277Z,61.7,14.153570115256395,121.26244589468119,8.6,11.5,4.1,23.485207,0.0,0.1,0.3,0.9,0.0,1.3,-1.0,0.0,-85.1,GPSAtti,AutoFly,None,true,Already,13,5,Spark,true,false,Standby,Smart,false,true,false,None,true,MonitorError,false,false,false,false,false,false,false,false,false,false,0,YawFollow,-85.0,0.0,-85.5,false,false,false,false,false,false,false,,,,1024,1024,1024,1024,89,11.357,0.0,0,0,3,false,3.766,3.816,3.804,0.05,0.053,0.0,0.0,0.0,14.15359954679567,121.26241599943363,14.885205,380.0,true,FixedHeight,false,false,false,false,,true,false,false,,40,,380.0,401,Android,4.3.62,Clinton Spark,0BMCE8B0112XGP,,,0C0AF8NB33038T,,,121.5,23.604368,11.5,1.9104973,2.0,2,0,Clinton Spark,0BMCE8B0112XGP,,,Android,4.3.62
2025-11-19T04:23:32.379Z,61.8,14.153570094358573,121.26244629708107,8.6,11.5,4.2,23.485207,0.0,0.1,0.2,0.9,0.0,1.3,-3.9,0.0,-85.1,GPSAtti,AutoFly,None,true,Already,13,5,Spark,true,false,Standby,Smart,false,true,false,None,true,MonitorError,false,false,false,false,false,false,false,false,false,false,0,YawFollow,-85.0,0.0,-85.4,false,false,false,false,false,false,false,,,,1024,1024,1024,1024,89,11.363,0.0,0,0,3,false,3.766,3.816,3.804,0.05,0.053,0.0,0.0,0.0,14.15359954679567,121.26241599943363,14.885205,380.0,true,FixedHeight,false,false,false,false,,true,false,false,,40,,380.0,401,Android,4.3.62,Clinton Spark,0BMCE8B0112XGP,,,0C0AF8NB33038T,,,121.5,23.604368,11.5,1.9104973,2.0,2,0,Clinton Spark,0BMCE8B0112XGP,,,Android,4.3.62
2025-11-19T04:23:32.481Z,61.9,14.15357006606843,121.26244668369915,8.6,11.5,4.1,23.485207,0.0,0.1,0.2,0.9,0.0,1.3,-4.6,0.0,-85.1,GPSAtti,AutoFly,None,true,Already,13,5,Spark,true,false,Standby,Smart,false,true,false,None,true,MonitorError,false,false,false,false,false,false,false,false,false,false,0,YawFollow,-85.0,0.0,-85.5,false,false,false,false,false,false,false,,,,1024,1024,1024,1024,89,11.363,0.0,0,0,3,false,3.766,3.816,3.804,0.05,0.053,0.0,0.0,0.0,14.15359954679567,121.26241599943363,14.885205,380.0,true,FixedHeight,false,false,false,false,,true,false,false,,40,,380.0,401,Android,4.3.62,Clinton Spark,0BMCE8B0112XGP,,,0C0AF8NB33038T,,,121.5,23.604368,11.5,1.9104973,2.0,2,0,Clinton Spark,0BMCE8B0112XGP,,,Android,4.3.62
2025-11-19T04:23:32.685Z,62.0,14.153570046009255,121.26244706669038,8.6,11.5,4.1,23.485207,0.0,0.1,0.1,0.9,0.0,1.3,-3.9,-0.1,-85.3,GPSAtti,AutoFly,None,true,Already,13,5,Spark,true,false,Standby,Smart,false,true,false,None,true,MonitorError,false,false,false,false,false,false,false,false,false,false,0,YawFollow,-85.0,0.0,-85.6,false,false,false,false,false,false,false,,,,1024,1024,1024,1024,89,11.363,0.0,0,0,3,false,3.766,3.816,3.804,0.05,0.053,0.0,0.0,0.0,14.15359954679567,121.26241599943363,14.885205,380.0,true,FixedHeight,false,false,false,false,,true,false,false,,40,,380.0,401,Android,4.3.62,Clinton Spark,0BMCE8B0112XGP,,,0C0AF8NB33038T,,,121.5,23.604368,11.5,1.9104973,2.0,2,0,Clinton Spark,0BMCE8B0112XGP,,,Android,4.3.62
2025-11-19T04:23:32.786Z,62.1,14.153570046134647,121.26244734965428,8.6,11.5,0.0,23.485207,0.0,0.1,0.0,0.9,0.0,1.3,-3.1,-0.3,-85.3,GPSAtti,AutoFly,None,true,Already,13,5,Spark,false,false,Standby,Smart,false,true,false,None,true,MonitorError,false,false,false,false,false,false,false,false,false,false,0,YawFollow,-85.0,0.0,-85.6,false,false,false,false,false,false,false,,,,1024,1024,1024,1024,89,11.363,0.0,0,0,3,false,3.766,3.816,3.804,0.05,0.053,0.0,0.0,0.0,14.15359954679567,121.26241599943363,14.885205,380.0,true,FixedHeight,false,false,false,false,,true,false,false,,40,,380.0,401,Android,4.3.62,Clinton Spark,0BMCE8B0112XGP,,,0C0AF8NB33038T,,,121.5,23.604368,11.5,1.9104973,2.0,2,0,Clinton Spark,0BMCE8B0112XGP,,,Android,4.3.62
2025-11-19T04:23:32.991Z,62.2,14.15357002607873,121.26244760600223,8.6,11.5,4.7,23.485207,0.0,0.1,0.0,0.9,0.0,1.3,-2.5,-0.3,-85.2,GPSAtti,AutoFly,None,true,Already,13,5,Spark,false,false,Standby,Smart,false,true,false,None,true,MonitorError,false,false,false,false,false,false,false,false,false,false,0,YawFollow,-85.0,0.0,-85.5,false,false,false,false,false,false,false,,,,1024,760,1024,1024,89,11.363,0.0,0,0,3,false,3.766,3.816,3.804,0.05,0.053,0.0,0.0,0.0,14.15359954679567,121.26241599943363,14.885205,380.0,true,FixedHeight,false,false,false,false,,true,false,false,,40,,380.0,401,Android,4.3.62,Clinton Spark,0BMCE8B0112XGP,,,0C0AF8NB33038T,,,121.5,23.604368,11.5,1.9104973,2.0,2,0,Clinton Spark,0BMCE8B0112XGP,,,Android,4.3.62
2025-11-19T04:23:33.093Z,62.3,14.153570002304262,121.2624477788181,8.6,11.5,4.7,23.485207,0.0,0.1,0.0,0.9,0.0,1.3,-2.0,-0.3,-85.3,GPSAtti,AutoFly,None,true,Already,13,5,Spark,true,false,Standby,Smart,false,true,false,None,true,MonitorError,false,false,false,false,false,false,false,false,false,false,0,YawFollow,-85.0,0.0,-85.6,false,false,false,false,false,false,false,,,,1024,776,1024,1024,89,11.363,0.0,0,0,3,false,3.766,3.816,3.804,0.05,0.053,0.0,0.0,0.0,14.15359954679567,121.26241599943363,14.885205,380.0,true,FixedHeight,false,false,false,false,,true,false,false,,40,,380.0,401,Android,4.3.62,Clinton Spark,0BMCE8B0112XGP,,,0C0AF8NB33038T,,,121.5,23.604368,11.5,1.9104973,2.0,2,0,Clinton Spark,0BMCE8B0112XGP,,,Android,4.3.62
2025-11-19T04:23:33.093Z,62.4,14.153569972345778,121.26244792932515,8.6,11.5,4.7,23.485207,0.0,0.1,0.0,0.9,0.0,1.3,-1.8,-0.4,-85.2,GPSAtti,AutoFly,None,true,Already,13,5,Spark,true,false,Standby,Smart,false,true,false,None,true,MonitorError,false,false,false,false,false,false,false,false,false,false,0,YawFollow,-85.0,0.0,-85.5,false,false,false,false,false,false,false,,,,1024,776,1024,1024,89,11.363,0.0,0,0,3,false,3.766,3.816,3.804,0.05,0.053,0.0,0.0,0.0,14.15359954679567,121.26241599943363,14.885205,380.0,true,FixedHeight,false,false,false,false,,true,false,false,,40,,380.0,401,Android,4.3.62,Clinton Spark,0BMCE8B0112XGP,,,0C0AF8NB33038T,,,121.5,23.604368,11.5,1.9104973,2.0,2,0,Clinton Spark,0BMCE8B0112XGP,,,Android,4.3.62
2025-11-19T04:23:33.195Z,62.5,14.153569950864158,121.26244804613931,8.6,11.5,4.7,23.485207,0.0,0.1,0.0,0.9,0.0,1.3,-1.8,-0.4,-85.2,GPSAtti,AutoFly,None,true,Already,13,5,Spark,true,false,Standby,Smart,false,true,false,None,true,MonitorError,false,false,false,false,false,false,false,false,false,false,0,YawFollow,-85.0,0.0,-85.5,false,false,false,false,false,false,false,,,,1024,1024,1024,1024,89,11.363,0.0,0,0,3,false,3.766,3.816,3.804,0.05,0.053,0.0,0.0,0.0,14.15359954679567,121.26241599943363,14.885205,380.0,true,FixedHeight,false,false,false,false,,true,false,false,,40,,380.0,401,Android,4.3.62,Clinton Spark,0BMCE8B0112XGP,,,0C0AF8NB33038T,,,121.5,23.604368,11.5,1.9104973,2.0,2,0,Clinton Spark,0BMCE8B0112XGP,,,Android,4.3.62
2025-11-19T04:23:33.297Z,62.6,14.153569925424607,121.26244813863246,8.6,11.5,4.7,23.485207,0.0,0.1,0.0,0.9,0.0,1.3,-1.6,-0.2,-85.2,GPSAtti,AutoFly,None,true,Already,13,5,Spark,true,false,Standby,Smart,false,true,false,None,true,MonitorError,false,false,false,false,false,false,false,false,false,false,0,YawFollow,-85.0,0.0,-85.5,false,false,false,false,false,false,false,,,,1024,1024,1024,1024,89,11.363,0.0,0,0,3,false,3.766,3.816,3.804,0.05,0.053,0.0,0.0,0.0,14.15359954679567,121.26241599943363,14.885205,380.0,true,FixedHeight,false,false,false,false,,true,false,false,,40,,380.0,401,Android,4.3.62,Clinton Spark,0BMCE8B0112XGP,,,0C0AF8NB33038T,,,121.5,23.604368,11.5,1.9104973,2.0,2,0,Clinton Spark,0BMCE8B0112XGP,,,Android,4.3.62
2025-11-19T04:23:33.401Z,62.7,14.15356990934698,121.2624482146105,8.6,11.5,4.7,23.485207,0.0,0.1,0.0,0.9,0.0,1.3,-1.5,-0.1,-85.2,GPSAtti,AutoFly,None,true,Already,13,5,Spark,true,false,Standby,Smart,false,true,false,None,true,MonitorError,false,false,false,false,false,false,false,false,false,false,0,YawFollow,-85.0,0.0,-85.5,false,false,false,false,false,false,false,,,,1024,1024,1024,1024,89,11.363,0.0,0,0,3,false,3.766,3.816,3.804,0.05,0.053,0.0,0.0,0.0,14.15359954679567,121.26241599943363,14.885205,380.0,true,FixedHeight,false,false,false,false,,true,false,false,,40,,380.0,401,Android,4.3.62,Clinton Spark,0BMCE8B0112XGP,,,0C0AF8NB33038T,,,121.5,23.604368,11.5,1.9104973,2.0,2,0,Clinton Spark,0BMCE8B0112XGP,,,Android,4.3.62
2025-11-19T04:23:33.503Z,62.8,14.153569878113423,121.26244825868915,8.6,11.5,4.7,23.485207,0.0,0.1,0.0,0.9,0.0,1.3,-1.6,0.0,-85.1,GPSAtti,AutoFly,None,true,Already,13,5,Spark,true,false,Standby,Smart,false,true,false,None,true,MonitorError,false,false,false,false,false,false,false,false,false,false,0,YawFollow,-85.0,0.0,-85.5,false,false,false,false,false,false,false,,,,1024,1024,1024,1024,89,11.381,0.0,0,0,3,false,3.766,3.816,3.804,0.05,0.053,0.0,0.0,0.0,14.15359954679567,121.26241599943363,14.885205,380.0,true,FixedHeight,false,false,false,false,,true,false,false,,40,,380.0,401,Android,4.3.62,Clinton Spark,0BMCE8B0112XGP,,,0C0AF8NB33038T,,,121.5,23.604368,11.5,1.9104973,2.0,2,0,Clinton Spark,0BMCE8B0112XGP,,,Android,4.3.62
2025-11-19T04:23:33.708Z,62.9,14.153569847890317,121.26244829461957,8.6,11.5,4.6,23.485207,0.0,0.1,0.0,0.9,0.0,1.3,-1.7,0.0,-85.1,GPSAtti,AutoFly,None,true,Already,13,5,Spark,true,false,Standby,Smart,false,true,false,None,true,MonitorError,false,false,false,false,false,false,false,false,false,false,0,YawFollow,-85.0,0.0,-85.4,false,false,false,false,false,false,false,,,,1024,1024,1024,1024,89,11.381,0.0,0,0,3,false,3.766,3.816,3.804,0.05,0.053,0.0,0.0,0.0,14.15359954679567,121.26241599943363,14.885205,380.0,true,FixedHeight,false,false,false,false,,true,false,false,,40,,380.0,401,Android,4.3.62,Clinton Spark,0BMCE8B0112XGP,,,0C0AF8NB33038T,,,121.5,23.604368,11.5,1.9104973,2.0,2,0,Clinton Spark,0BMCE8B0112XGP,,,Android,4.3.62
2025-11-19T04:23:33.810Z,63.0,14.153569827696797,121.26244830404667,8.6,11.5,4.6,23.485207,0.0,0.1,0.0,0.9,0.0,1.3,-1.6,-0.2,-85.3,GPSAtti,AutoFly,None,true,Already,13,5,Spark,true,false,Standby,Smart,false,true,false,None,true,MonitorError,false,false,false,false,false,false,false,false,false,false,0,YawFollow,-85.0,0.0,-85.5,false,false,false,false,false,false,false,,,,1024,1024,1024,1024,89,11.381,0.0,0,0,3,false,3.766,3.816,3.804,0.05,0.053,0.0,0.0,0.0,14.15359954679567,121.26241599943363,14.885205,380.0,true,FixedHeight,false,false,false,false,,true,false,false,,40,,380.0,401,Android,4.3.62,Clinton Spark,0BMCE8B0112XGP,,,0C0AF8NB33038T,,,121.5,23.604368,11.5,1.9104973,2.0,2,0,Clinton Spark,0BMCE8B0112XGP,,,Android,4.3.62
2025-11-19T04:23:33.911Z,63.1,14.153569827381693,121.26244832104994,8.6,11.5,4.6,23.485207,0.0,0.1,0.0,0.9,0.0,1.3,-1.7,-0.5,-85.3,GPSAtti,AutoFly,None,true,Already,13,5,Spark,true,false,Standby,Smart,false,true,false,None,true,MonitorError,false,false,false,false,false,false,false,false,false,false,0,YawFollow,-85.0,0.0,-85.5,false,false,false,false,false,false,false,,,,1024,1024,1024,1024,89,11.381,0.0,0,0,3,false,3.766,3.816,3.804,0.05,0.053,0.0,0.0,0.0,14.15359954679567,121.26241599943363,14.885205,380.0,true,FixedHeight,false,false,false,false,,true,false,false,,40,,380.0,401,Android,4.3.62,Clinton Spark,0BMCE8B0112XGP,,,0C0AF8NB33038T,,,121.5,23.604368,11.5,1.9104973,2.0,2,0,Clinton Spark,0BMCE8B0112XGP,,,Android,4.3.62
2025-11-19T04:23:34.014Z,63.2,14.153569826525132,121.26244832885803,8.6,11.5,4.7,23.485207,0.0,0.1,0.0,0.9,0.0,1.3,-1.5,-0.8,-85.3,GPSAtti,AutoFly,None,true,Already,13,5,Spark,true,false,Standby,Smart,false,true,false,None,true,MonitorError,false,false,false,false,false,false,false,false,false,false,0,YawFollow,-85.0,0.0,-85.5,false,false,false,false,false,false,false,,,,1024,1024,1024,1024,89,11.381,0.0,0,0,3,false,3.766,3.816,3.804,0.05,0.053,0.0,0.0,0.0,14.15359954679567,121.26241599943363,14.885205,380.0,true,FixedHeight,false,false,false,false,,true,false,false,,40,,380.0,401,Android,4.3.62,Clinton Spark,0BMCE8B0112XGP,,,0C0AF8NB33038T,,,121.5,23.604368,11.5,1.9104973,2.0,2,0,Clinton Spark,0BMCE8B0112XGP,,,Android,4.3.62
2025-11-19T04:23:34.115Z,63.3,14.153569822458907,121.2624483518118,8.6,11.5,4.8,23.485207,0.0,0.1,0.0,0.9,0.0,1.3,2.5,-0.5,-85.4,GPSAtti,AutoFly,None,true,Already,13,5,Spark,true,false,Standby,Smart,false,true,false,None,true,MonitorError,false,false,false,false,false,false,false,false,false,false,0,YawFollow,-85.0,0.0,-85.4,false,false,false,false,false,false,false,,,,1024,1024,1024,1024,89,11.381,0.0,0,0,3,false,3.766,3.816,3.804,0.05,0.053,0.0,0.0,0.0,14.15359954679567,121.26241599943363,14.885205,380.0,true,FixedHeight,false,false,false,false,,true,false,false,,40,,380.0,401,Android,4.3.62,Clinton Spark,0BMCE8B0112XGP,,,0C0AF8NB33038T,,,121.5,23.604368,11.5,1.9104973,2.0,2,0,Clinton Spark,0BMCE8B0112XGP,,,Android,4.3.62
2025-11-19T04:23:34.115Z,63.4,14.153569810382367,121.26244839493846,8.6,11.5,4.8,23.485207,0.0,0.1,0.0,0.9,0.0,1.3,2.2,-0.3,-85.4,GPSAtti,AutoFly,None,true,Already,13,5,Spark,true,false,Standby,Smart,false,true,false,None,true,MonitorError,false,false,false,false,false,false,false,false,false,false,0,YawFollow,-85.0,0.0,-85.5,false,false,false,false,false,false,false,,,,1024,1024,1024,1024,89,11.381,0.0,0,0,3,false,3.766,3.816,3.804,0.05,0.053,0.0,0.0,0.0,14.15359954679567,121.26241599943363,14.885205,380.0,true,FixedHeight,false,false,false,false,,true,false,false,,40,,380.0,401,Android,4.3.62,Clinton Spark,0BMCE8B0112XGP,,,0C0AF8NB33038T,,,121.5,23.604368,11.5,1.9104973,2.0,2,0,Clinton Spark,0BMCE8B0112XGP,,,Android,4.3.62
2025-11-19T04:23:34.217Z,63.5,14.153569793490517,121.26244849860147,8.6,11.5,4.8,23.485207,0.0,0.1,0.1,0.9,0.0,1.3,-0.2,-0.2,-85.4,GPSAtti,AutoFly,None,true,Already,13,5,Spark,true,false,Standby,Smart,false,true,false,None,true,MonitorError,false,false,false,false,false,false,false,false,false,false,0,YawFollow,-85.0,0.0,-85.5,false,false,false,false,false,false,false,,,,1024,1024,1024,1024,89,11.381,0.0,0,0,3,false,3.766,3.816,3.804,0.05,0.053,0.0,0.0,0.0,14.15359954679567,121.26241599943363,14.885205,380.0,true,FixedHeight,false,false,false,false,,true,false,false,,40,,380.0,401,Android,4.3.62,Clinton Spark,0BMCE8B0112XGP,,,0C0AF8NB33038T,,,121.5,23.604368,11.5,1.9104973,2.0,2,0,Clinton Spark,0BMCE8B0112XGP,,,Android,4.3.62
2025-11-19T04:23:34.320Z,63.6,14.153569775054903,121.26244864315805,8.6,11.5,4.8,23.485207,0.0,0.1,0.1,0.9,0.0,1.3,-2.3,-0.2,-85.5,GPSAtti,AutoFly,None,true,Already,13,5,Spark,true,false,Standby,Smart,false,true,false,None,true,MonitorError,false,false,false,false,false,false,false,false,false,false,0,YawFollow,-85.0,0.0,-85.5,false,false,false,false,false,false,false,,,,1024,1024,1024,1024,89,11.381,0.0,0,0,3,false,3.766,3.816,3.804,0.05,0.053,0.0,0.0,0.0,14.15359954679567,121.26241599943363,14.885205,380.0,true,FixedHeight,false,false,false,false,,true,false,false,,40,,380.0,401,Android,4.3.62,Clinton Spark,0BMCE8B0112XGP,,,0C0AF8NB33038T,,,121.5,23.604368,11.5,1.9104973,2.0,2,0,Clinton Spark,0BMCE8B0112XGP,,,Android,4.3.62
2025-11-19T04:23:34.421Z,63.7,14.15356975600048,121.2624488007664,8.6,11.5,4.8,23.485207,0.0,0.1,0.1,0.9,0.0,1.3,-3.3,0.0,-85.5,GPSAtti,AutoFly,None,true,Already,13,5,Spark,true,false,Standby,Smart,false,true,false,None,true,MonitorError,false,false,false,false,false,false,false,false,false,false,0,YawFollow,-85.0,0.0,-85.5,false,false,false,false,false,false,false,,,,1024,1024,1024,1024,89,11.381,0.0,0,0,3,false,3.766,3.816,3.804,0.05,0.053,0.0,0.0,0.0,14.15359954679567,121.26241599943363,14.885205,380.0,true,FixedHeight,false,false,false,false,,true,false,false,,40,,380.0,401,Android,4.3.62,Clinton Spark,0BMCE8B0112XGP,,,0C0AF8NB33038T,,,121.5,23.604368,11.5,1.9104973,2.0,2,0,Clinton Spark,0BMCE8B0112XGP,,,Android,4.3.62
2025-11-19T04:23:34.523Z,63.8,14.153569743915796,121.26244893695828,8.6,11.5,4.7,23.485207,0.0,0.1,0.0,0.9,0.0,1.3,-3.3,0.0,-85.5,GPSAtti,AutoFly,None,true,Already,13,5,Spark,true,false,Standby,Smart,false,true,false,None,true,MonitorError,false,false,false,false,false,false,false,false,false,false,0,YawFollow,-85.0,0.0,-85.5,false,false,false,false,false,false,false,,,,1024,1024,1024,1024,89,11.383,0.0,0,0,3,false,3.766,3.816,3.804,0.05,0.053,0.0,0.0,0.0,14.15359954679567,121.26241599943363,14.885205,380.0,true,FixedHeight,false,false,false,false,,true,false,false,,40,,380.0,401,Android,4.3.62,Clinton Spark,0BMCE8B0112XGP,,,0C0AF8NB33038T,,,121.5,23.604368,11.5,1.9104973,2.0,2,0,Clinton Spark,0BMCE8B0112XGP,,,Android,4.3.62
2025-11-19T04:23:34.626Z,63.9,14.153569737299428,121.2624490430112,8.6,11.5,4.7,23.485207,0.0,0.1,0.0,0.9,0.0,1.3,-2.7,0.0,-85.5,GPSAtti,AutoFly,None,true,Already,13,5,Spark,true,false,Standby,Smart,false,true,false,None,true,MonitorError,false,false,false,false,false,false,false,false,false,false,0,YawFollow,-85.0,0.0,-85.5,false,false,false,false,false,false,false,,,,1024,1024,1024,1024,89,11.383,0.0,0,0,3,false,3.766,3.816,3.804,0.05,0.053,0.0,0.0,0.0,14.15359954679567,121.26241599943363,14.885205,380.0,true,FixedHeight,false,false,false,false,,true,false,false,,40,,380.0,401,Android,4.3.62,Clinton Spark,0BMCE8B0112XGP,,,0C0AF8NB33038T,,,121.5,23.604368,11.5,1.9104973,2.0,2,0,Clinton Spark,0BMCE8B0112XGP,,,Android,4.3.62
2025-11-19T04:23:34.727Z,64.0,14.153569747393338,121.26244908136246,8.6,11.5,4.6,23.485207,0.0,0.1,0.0,0.9,0.0,1.3,-1.9,-0.4,-85.5,GPSAtti,AutoFly,None,true,Already,13,5,Spark,true,false,Standby,Smart,false,true,false,None,true,MonitorError,false,false,false,false,false,false,false,false,false,false,0,YawFollow,-85.0,0.0,-85.5,false,false,false,false,false,false,false,,,,1024,798,1024,1024,89,11.383,0.0,0,0,3,false,3.766,3.816,3.804,0.05,0.053,0.0,0.0,0.0,14.15359954679567,121.26241599943363,14.885205,380.0,true,FixedHeight,false,false,false,false,,true,false,false,,40,,380.0,401,Android,4.3.62,Clinton Spark,0BMCE8B0112XGP,,,0C0AF8NB33038T,,,121.5,23.604368,11.5,1.9104973,2.0,2,0,Clinton Spark,0BMCE8B0112XGP,,,Android,4.3.62
2025-11-19T04:23:34.829Z,64.1,14.15356975417825,121.26244907927956,8.6,11.5,4.6,23.485207,0.0,0.1,0.0,0.9,0.0,1.3,-1.6,-0.5,-85.4,GPSAtti,AutoFly,None,true,Already,13,5,Spark,true,false,Standby,Smart,false,true,false,None,true,MonitorError,false,false,false,false,false,false,false,false,false,false,0,YawFollow,-85.0,0.0,-85.5,false,false,false,false,false,false,false,,,,1024,462,1024,1024,89,11.383,0.0,0,0,3,false,3.766,3.816,3.804,0.05,0.053,0.0,0.0,0.0,14.15359954679567,121.26241599943363,14.885205,380.0,true,FixedHeight,false,false,false,false,,true,false,false,,40,,380.0,401,Android,4.3.62,Clinton Spark,0BMCE8B0112XGP,,,0C0AF8NB33038T,,,121.5,23.604368,11.5,1.9104973,2.0,2,0,Clinton Spark,0BMCE8B0112XGP,,,Android,4.3.62
2025-11-19T04:23:34.931Z,64.2,14.15356975866787,121.26244904584729,8.6,11.5,4.6,23.485207,0.0,0.1,0.0,0.9,0.0,1.3,-1.3,-0.4,-85.3,GPSAtti,AutoFly,None,true,Already,13,5,Spark,true,false,Standby,Smart,false,true,false,None,true,MonitorError,false,false,false,false,false,false,false,false,false,false,0,YawFollow,-85.0,0.0,-85.5,false,false,false,false,false,false,false,,,,1024,837,1024,1024,89,11.383,0.0,0,0,3,false,3.766,3.816,3.804,0.05,0.053,0.0,0.0,0.0,14.15359954679567,121.26241599943363,14.885205,380.0,true,FixedHeight,false,false,false,false,,true,false,false,,40,,380.0,401,Android,4.3.62,Clinton Spark,0BMCE8B0112XGP,,,0C0AF8NB33038T,,,121.5,23.604368,11.5,1.9104973,2.0,2,0,Clinton Spark,0BMCE8B0112XGP,,,Android,4.3.62
2025-11-19T04:23:34.931Z,64.3,14.153569747819176,121.26244902315638,8.6,11.5,4.6,23.485207,0.0,0.1,0.0,0.9,0.0,1.3,-1.3,0.0,-85.2,GPSAtti,AutoFly,None,true,Already,13,5,Spark,true,false,Standby,Smart,false,true,false,None,true,MonitorError,false,false,false,false,false,false,false,false,false,false,0,YawFollow,-85.0,0.0,-85.5,false,false,false,false,false,false,false,,,,1024,1024,1024,1024,89,11.383,0.0,0,0,3,false,3.766,3.816,3.804,0.05,0.053,0.0,0.0,0.0,14.15359954679567,121.26241599943363,14.885205,380.0,true,FixedHeight,false,false,false,false,,true,false,false,,40,,380.0,401,Android,4.3.62,Clinton Spark,0BMCE8B0112XGP,,,0C0AF8NB33038T,,,121.5,23.604368,11.5,1.9104973,2.0,2,0,Clinton Spark,0BMCE8B0112XGP,,,Android,4.3.62
2025-11-19T04:23:35.033Z,64.4,14.153569719638952,121.26244898270456,8.6,11.5,4.6,23.485207,0.0,0.1,0.0,0.9,0.0,1.3,-1.1,0.4,-85.1,GPSAtti,AutoFly,None,true,Already,13,5,Spark,true,false,Standby,Smart,false,true,false,None,true,MonitorError,false,false,false,false,false,false,false,false,false,false,0,YawFollow,-85.0,0.0,-85.5,false,false,false,false,false,false,false,,,,1024,1024,1024,1024,89,11.383,0.0,0,0,3,false,3.766,3.816,3.804,0.05,0.053,0.0,0.0,0.0,14.15359954679567,121.26241599943363,14.885205,380.0,true,FixedHeight,false,false,false,false,,true,false,false,,40,,380.0,401,Android,4.3.62,Clinton Spark,0BMCE8B0112XGP,,,0C0AF8NB33038T,,,121.5,23.604368,11.5,1.9104973,2.0,2,0,Clinton Spark,0BMCE8B0112XGP,,,Android,4.3.62
2025-11-19T04:23:35.135Z,64.5,14.1535696830698,121.262448954527,8.6,11.5,4.6,23.485207,0.0,0.1,0.0,0.9,0.0,1.3,-1.2,0.5,-85.0,GPSAtti,AutoFly,None,true,Already,13,5,Spark,true,false,Standby,Smart,false,true,false,None,true,MonitorError,false,false,false,false,false,false,false,false,false,false,0,YawFollow,-85.0,0.0,-85.4,false,false,false,false,false,false,false,,,,1024,1024,1024,1024,89,11.383,0.0,0,0,3,false,3.766,3.816,3.804,0.05,0.053,0.0,0.0,0.0,14.15359954679567,121.26241599943363,14.885205,380.0,true,FixedHeight,false,false,false,false,,true,false,false,,40,,380.0,401,Android,4.3.62,Clinton Spark,0BMCE8B0112XGP,,,0C0AF8NB33038T,,,121.5,23.604368,11.5,1.9104973,2.0,2,0,Clinton Spark,0BMCE8B0112XGP,,,Android,4.3.62
2025-11-19T04:23:35.135Z,64.6,14.153569645136827,121.2624488872185,8.6,11.5,4.6,23.485207,0.0,0.1,0.0,0.9,0.0,1.3,-1.3,0.5,-85.1,GPSAtti,AutoFly,None,true,Already,13,5,Spark,true,false,Standby,Smart,false,true,false,None,true,MonitorError,false,false,false,false,false,false,false,false,false,false,0,YawFollow,-85.0,0.0,-85.4,false,false,false,false,false,false,false,,,,1024,1024,1024,1024,89,11.383,0.0,0,0,3,false,3.766,3.816,3.804,0.05,0.053,0.0,0.0,0.0,14.15359954679567,121.26241599943363,14.885205,380.0,true,FixedHeight,false,false,false,false,,true,false,false,,40,,380.0,401,Android,4.3.62,Clinton Spark,0BMCE8B0112XGP,,,0C0AF8NB33038T,,,121.5,23.604368,11.5,1.9104973,2.0,2,0,Clinton Spark,0BMCE8B0112XGP,,,Android,4.3.62
2025-11-19T04:23:35.237Z,64.7,14.153569618550035,121.26244881287718,8.6,11.5,4.6,23.485207,0.0,0.1,0.0,0.9,0.0,1.3,-1.5,0.4,-85.1,GPSAtti,AutoFly,None,true,Already,13,5,Spark,true,false,Standby,Smart,false,true,false,None,true,MonitorError,false,false,false,false,false,false,false,false,false,false,0,YawFollow,-85.0,0.0,-85.4,false,false,false,false,false,false,false,,,,1024,1024,1024,1024,89,11.383,0.0,0,0,3,false,3.766,3.816,3.804,0.05,0.053,0.0,0.0,0.0,14.15359954679567,121.26241599943363,14.885205,380.0,true,FixedHeight,false,false,false,false,,true,false,false,,40,,380.0,401,Android,4.3.62,Clinton Spark,0BMCE8B0112XGP,,,0C0AF8NB33038T,,,121.5,23.604368,11.5,1.9104973,2.0,2,0,Clinton Spark,0BMCE8B0112XGP,,,Android,4.3.62
2025-11-19T04:23:35.544Z,64.8,14.15356960597926,121.26244873302052,8.6,11.5,4.6,23.485207,0.0,0.1,0.0,0.9,0.0,1.3,-1.5,0.3,-85.2,GPSAtti,AutoFly,None,true,Already,13,5,Spark,true,false,Standby,Smart,false,true,false,None,true,MonitorError,false,false,false,false,false,false,false,false,false,false,0,YawFollow,-85.0,0.0,-85.4,false,false,false,false,false,false,false,,,,1024,1024,1024,1024,88,11.381,0.0,0,0,3,false,3.766,3.816,3.804,0.05,0.053,0.0,0.0,0.0,14.15359954679567,121.26241599943363,14.885205,380.0,true,FixedHeight,false,false,false,false,,true,false,false,,40,,380.0,401,Android,4.3.62,Clinton Spark,0BMCE8B0112XGP,,,0C0AF8NB33038T,,,121.5,23.604368,11.5,1.9104973,2.0,2,0,Clinton Spark,0BMCE8B0112XGP,,,Android,4.3.62
2025-11-19T04:23:35.646Z,64.9,14.15356961720657,121.2624486914025,8.6,11.5,4.6,23.485207,0.0,0.1,0.0,0.9,0.0,1.3,-1.5,0.1,-85.2,GPSAtti,AutoFly,None,true,Already,13,5,Spark,true,false,Standby,Smart,false,true,false,None,true,MonitorError,false,false,false,false,false,false,false,false,false,false,0,YawFollow,-85.0,0.0,-85.5,false,false,false,false,false,false,false,,,,1024,1024,1024,1024,88,11.381,0.0,0,0,3,false,3.766,3.816,3.804,0.05,0.053,0.0,0.0,0.0,14.15359954679567,121.26241599943363,14.885205,380.0,true,FixedHeight,false,false,false,false,,true,false,false,,40,,380.0,401,Android,4.3.62,Clinton Spark,0BMCE8B0112XGP,,,0C0AF8NB33038T,,,121.5,23.604368,11.5,1.9104973,2.0,2,0,Clinton Spark,0BMCE8B0112XGP,,,Android,4.3.62
2025-11-19T04:23:35.850Z,65.0,14.153569637987957,121.26244863233056,8.6,11.5,4.7,23.485207,0.0,0.1,0.0,0.9,0.0,1.3,1.2,-0.1,-85.2,GPSAtti,AutoFly,None,true,Already,13,5,Spark,true,false,Standby,Smart,false,true,false,None,true,MonitorError,false,false,false,false,false,false,false,false,false,false,0,YawFollow,-85.0,0.0,-85.4,false,false,false,false,false,false,false,,,,1024,1024,1024,1024,88,11.381,0.0,0,0,3,false,3.766,3.816,3.804,0.05,0.053,0.0,0.0,0.0,14.15359954679567,121.26241599943363,14.885205,380.0,true,FixedHeight,false,false,false,false,,true,false,false,,40,,380.0,401,Android,4.3.62,Clinton Spark,0BMCE8B0112XGP,,,0C0AF8NB33038T,,,121.5,23.604368,11.5,1.9104973,2.0,2,0,Clinton Spark,0BMCE8B0112XGP,,,Android,4.3.62
2025-11-19T04:23:35.850Z,65.1,14.153569659565655,121.26244861058058,8.6,11.5,4.7,23.485207,0.0,0.1,0.0,0.9,0.0,1.3,10.1,-0.2,-85.3,GPSAtti,AutoFly,None,true,Already,13,5,Spark,true,false,Standby,Smart,false,true,false,None,true,MonitorError,false,false,false,false,false,false,false,false,false,false,0,YawFollow,-85.0,0.0,-85.4,false,false,false,false,false,false,false,,,,1024,1024,1024,1024,88,11.381,0.0,0,0,3,false,3.766,3.816,3.804,0.05,0.053,0.0,0.0,0.0,14.15359954679567,121.26241599943363,14.885205,380.0,true,FixedHeight,false,false,false,false,,true,false,false,,40,,380.0,401,Android,4.3.62,Clinton Spark,0BMCE8B0112XGP,,,0C0AF8NB33038T,,,121.5,23.604368,11.5,1.9104973,2.0,2,0,Clinton Spark,0BMCE8B0112XGP,,,Android,4.3.62
2025-11-19T04:23:36.156Z,65.2,14.153569664183108,121.26244873369201,8.6,11.5,4.8,23.485207,0.0,0.1,0.2,0.9,0.0,1.3,7.5,-0.2,-85.2,GPSAtti,AutoFly,None,true,Already,13,5,Spark,true,false,Standby,Smart,false,true,false,None,true,MonitorError,false,false,false,false,false,false,false,false,false,false,0,YawFollow,-85.0,0.0,-85.4,false,false,false,false,false,false,false,,,,1024,1024,1024,1024,88,11.381,0.0,0,0,3,false,3.766,3.816,3.804,0.05,0.053,0.0,0.0,0.0,14.15359954679567,121.26241599943363,14.885205,380.0,true,FixedHeight,false,false,false,false,,true,false,false,,40,,380.0,401,Android,4.3.62,Clinton Spark,0BMCE8B0112XGP,,,0C0AF8NB33038T,,,121.5,23.604368,11.5,1.9104973,2.0,2,0,Clinton Spark,0BMCE8B0112XGP,,,Android,4.3.62
2025-11-19T04:23:36.156Z,65.3,14.15356965018826,121.26244902671472,8.6,11.5,4.8,23.485207,0.0,0.1,0.4,0.9,0.0,1.3,1.8,-0.2,-85.1,GPSAtti,AutoFly,None,true,Already,13,5,Spark,true,false,Standby,Smart,false,true,false,None,true,MonitorError,false,false,false,false,false,false,false,false,false,false,0,YawFollow,-85.0,0.0,-85.4,false,false,false,false,false,false,false,,,,1024,1024,1024,1024,88,11.381,0.0,0,0,3,false,3.766,3.816,3.804,0.05,0.053,0.0,0.0,0.0,14.15359954679567,121.26241599943363,14.885205,380.0,true,FixedHeight,false,false,false,false,,true,false,false,,40,,380.0,401,Android,4.3.62,Clinton Spark,0BMCE8B0112XGP,,,0C0AF8NB33038T,,,121.5,23.604368,11.5,1.9104973,2.0,2,0,Clinton Spark,0BMCE8B0112XGP,,,Android,4.3.62
2025-11-19T04:23:36.258Z,65.4,14.153569619035311,121.26244943129691,8.6,11.5,4.8,23.485207,0.0,0.1,0.4,0.9,0.0,1.3,-3.8,-0.2,-85.1,GPSAtti,AutoFly,None,true,Already,13,5,Spark,true,false,Standby,Smart,false,true,false,None,true,MonitorError,false,false,false,false,false,false,false,false,false,false,0,YawFollow,-85.0,0.0,-85.4,false,false,false,false,false,false,false,,,,1024,1024,1024,1024,88,11.381,0.0,0,0,3,false,3.766,3.816,3.804,0.05,0.053,0.0,0.0,0.0,14.15359954679567,121.26241599943363,14.885205,380.0,true,FixedHeight,false,false,false,false,,true,false,false,,40,,380.0,401,Android,4.3.62,Clinton Spark,0BMCE8B0112XGP,,,0C0AF8NB33038T,,,121.5,23.604368,11.5,1.9104973,2.0,2,0,Clinton Spark,0BMCE8B0112XGP,,,Android,4.3.62
2025-11-19T04:23:36.360Z,65.5,14.1535695881478,121.26244983796639,8.6,11.5,4.8,23.485207,0.0,0.1,0.3,0.9,0.0,1.3,-6.5,-0.2,-85.1,GPSAtti,AutoFly,None,true,Already,13,5,Spark,true,false,Standby,Smart,false,true,false,None,true,MonitorError,false,false,false,false,false,false,false,false,false,false,0,YawFollow,-85.0,0.0,-85.4,false,false,false,false,false,false,false,,,,1024,1024,1024,1024,88,11.381,0.0,0,0,3,false,3.766,3.816,3.804,0.05,0.053,0.0,0.0,0.0,14.15359954679567,121.26241599943363,14.885205,380.0,true,FixedHeight,false,false,false,false,,true,false,false,,40,,380.0,401,Android,4.3.62,Clinton Spark,0BMCE8B0112XGP,,,0C0AF8NB33038T,,,121.5,23.604368,11.5,1.9104973,2.0,2,0,Clinton Spark,0BMCE8B0112XGP,,,Android,4.3.62
2025-11-19T04:23:36.462Z,65.6,14.153569566327464,121.26245017783096,8.6,11.5,4.8,23.485207,0.0,0.1,0.2,0.9,0.0,1.3,-5.6,-0.1,-85.1,GPSAtti,AutoFly,None,true,Already,13,5,Spark,true,false,Standby,Smart,false,true,false,None,true,MonitorError,false,false,false,false,false,false,false,false,false,false,0,YawFollow,-85.0,0.0,-85.4,false,false,false,false,false,false,false,,,,1024,1024,1024,1024,88,11.381,0.0,0,0,3,false,3.766,3.816,3.804,0.05,0.053,0.0,0.0,0.0,14.15359954679567,121.26241599943363,14.885205,380.0,true,FixedHeight,false,false,false,false,,true,false,false,,40,,380.0,401,Android,4.3.62,Clinton Spark,0BMCE8B0112XGP,,,0C0AF8NB33038T,,,121.5,23.604368,11.5,1.9104973,2.0,2,0,Clinton Spark,0BMCE8B0112XGP,,,Android,4.3.62
2025-11-19T04:23:36.564Z,65.7,14.153569557625874,121.26245041367693,8.6,11.5,4.8,23.485207,0.0,0.1,0.1,0.9,0.0,1.3,-4.1,-0.1,-85.2,GPSAtti,AutoFly,None,true,Already,13,5,Spark,true,false,Standby,Smart,false,true,false,None,true,MonitorError,false,false,false,false,false,false,false,false,false,false,0,YawFollow,-85.0,0.0,-85.4,false,false,false,false,false,false,false,,,,1024,1024,1024,1024,88,11.381,0.0,0,0,3,false,3.766,3.816,3.804,0.05,0.053,0.0,0.0,0.0,14.15359954679567,121.26241599943363,14.885205,380.0,true,FixedHeight,false,false,false,false,,true,false,false,,40,,380.0,401,Android,4.3.62,Clinton Spark,0BMCE8B0112XGP,,,0C0AF8NB33038T,,,121.5,23.604368,11.5,1.9104973,2.0,2,0,Clinton Spark,0BMCE8B0112XGP,,,Android,4.3.62
2025-11-19T04:23:36.666Z,65.8,14.153569561199495,121.26245055816281,8.6,11.5,4.8,23.485207,0.0,0.1,0.1,0.9,0.0,1.3,-3.1,-0.2,-85.3,GPSAtti,AutoFly,None,true,Already,13,5,Spark,true,false,Standby,Smart,false,true,false,None,true,MonitorError,false,false,false,false,false,false,false,false,false,false,0,YawFollow,-85.0,0.0,-85.4,false,false,false,false,false,false,false,,,,1024,1024,1024,1024,88,11.364,0.0,0,0,3,false,3.766,3.816,3.804,0.05,0.053,0.0,0.0,0.0,14.15359954679567,121.26241599943363,14.885205,380.0,true,FixedHeight,false,false,false,false,,true,false,false,,40,,380.0,401,Android,4.3.62,Clinton Spark,0BMCE8B0112XGP,,,0C0AF8NB33038T,,,121.5,23.604368,11.5,1.9104973,2.0,2,0,Clinton Spark,0BMCE8B0112XGP,,,Android,4.3.62
2025-11-19T04:23:36.870Z,65.9,14.153569567337914,121.26245062491692,8.6,11.5,4.9,23.485207,0.0,0.1,0.0,0.9,0.0,1.3,-2.5,-0.2,-85.3,GPSAtti,AutoFly,None,true,Already,13,5,Spark,true,false,Standby,Smart,false,true,false,None,true,MonitorError,false,false,false,false,false,false,false,false,false,false,0,YawFollow,-85.0,0.0,-85.4,false,false,false,false,false,false,false,,,,1024,1024,1024,1024,88,11.364,0.0,0,0,3,false,3.766,3.816,3.804,0.05,0.053,0.0,0.0,0.0,14.15359954679567,121.26241599943363,14.885205,380.0,true,FixedHeight,false,false,false,false,,true,false,false,,40,,380.0,401,Android,4.3.62,Clinton Spark,0BMCE8B0112XGP,,,0C0AF8NB33038T,,,121.5,23.604368,11.5,1.9104973,2.0,2,0,Clinton Spark,0BMCE8B0112XGP,,,Android,4.3.62
2025-11-19T04:23:36.870Z,66.0,14.15356957781288,121.26245061953631,8.6,11.5,4.9,23.485207,0.0,0.1,0.0,0.9,0.0,1.3,-2.3,-0.3,-85.3,GPSAtti,AutoFly,None,true,Already,13,5,Spark,true,false,Standby,Smart,false,true,false,None,true,MonitorError,false,false,false,false,false,false,false,false,false,false,0,YawFollow,-85.0,0.0,-85.5,false,false,false,false,false,false,false,,,,1024,1024,1024,1024,88,11.364,0.0,0,0,3,false,3.766,3.816,3.804,0.05,0.053,0.0,0.0,0.0,14.15359954679567,121.26241599943363,14.885205,380.0,true,FixedHeight,false,false,false,false,,true,false,false,,40,,380.0,401,Android,4.3.62,Clinton Spark,0BMCE8B0112XGP,,,0C0AF8NB33038T,,,121.5,23.604368,11.5,1.9104973,2.0,2,0,Clinton Spark,0BMCE8B0112XGP,,,Android,4.3.62
2025-11-19T04:23:36.870Z,66.1,14.153569582173853,121.2624505906409,8.6,11.5,4.9,23.485207,0.0,0.1,0.0,0.9,0.0,1.3,-2.1,-0.4,-85.3,GPSAtti,AutoFly,None,true,Already,13,5,Spark,true,false,Standby,Smart,false,true,false,None,true,MonitorError,false,false,false,false,false,false,false,false,false,false,0,YawFollow,-85.0,0.0,-85.5,false,false,false,false,false,false,false,,,,1024,1024,741,1024,88,11.364,0.0,0,0,3,false,3.766,3.816,3.804,0.05,0.053,0.0,0.0,0.0,14.15359954679567,121.26241599943363,14.885205,380.0,true,FixedHeight,false,false,false,false,,true,false,false,,40,,380.0,401,Android,4.3.62,Clinton Spark,0BMCE8B0112XGP,,,0C0AF8NB33038T,,,121.5,23.604368,11.5,1.9104973,2.0,2,0,Clinton Spark,0BMCE8B0112XGP,,,Android,4.3.62
2025-11-19T04:23:37.278Z,66.2,14.153569586525869,121.26245052211755,8.6,11.5,5.0,23.485207,0.0,0.1,0.0,0.9,0.0,1.3,-1.9,-0.5,-85.3,GPSAtti,AutoFly,None,true,Already,13,5,Spark,true,false,Standby,Smart,false,true,false,None,true,MonitorError,false,false,false,false,false,false,false,false,false,false,0,YawFollow,-85.0,0.0,-85.5,false,false,false,false,false,false,false,,,,1024,1024,416,1024,88,11.364,0.0,0,0,3,false,3.766,3.816,3.804,0.05,0.053,0.0,0.0,0.0,14.15359954679567,121.26241599943363,14.885205,380.0,true,FixedHeight,false,false,false,false,,true,false,false,,40,,380.0,401,Android,4.3.62,Clinton Spark,0BMCE8B0112XGP,,,0C0AF8NB33038T,,,121.5,23.604368,11.5,1.9104973,2.0,2,0,Clinton Spark,0BMCE8B0112XGP,,,Android,4.3.62
2025-11-19T04:23:37.380Z,66.3,14.153569580743264,121.26245047764353,8.6,11.5,5.0,23.485207,0.0,0.1,0.0,0.9,0.0,1.3,-1.7,-0.5,-85.2,GPSAtti,AutoFly,None,true,Already,13,5,Spark,true,false,Standby,Smart,false,true,false,None,true,MonitorError,false,false,false,false,false,false,false,false,false,false,0,YawFollow,-85.0,0.0,-85.5,false,false,false,false,false,false,false,,,,1024,1024,491,1024,88,11.364,0.0,0,0,3,false,3.766,3.816,3.804,0.05,0.053,0.0,0.0,0.0,14.15359954679567,121.26241599943363,14.885205,380.0,true,FixedHeight,false,false,false,false,,true,false,false,,40,,380.0,401,Android,4.3.62,Clinton Spark,0BMCE8B0112XGP,,,0C0AF8NB33038T,,,121.5,23.604368,11.5,1.9104973,2.0,2,0,Clinton Spark,0BMCE8B0112XGP,,,Android,4.3.62
2025-11-19T04:23:37.586Z,66.4,14.15356956917887,121.26245040591078,8.6,11.5,5.0,23.485207,0.0,0.1,0.0,0.9,0.0,1.3,-1.6,-0.2,-85.2,GPSAtti,AutoFly,None,true,Already,13,5,Spark,true,false,Standby,Smart,false,true,false,None,true,MonitorError,false,false,false,false,false,false,false,false,false,false,0,YawFollow,-85.0,0.0,-85.4,false,false,false,false,false,false,false,,,,1024,1024,514,1024,88,11.364,0.0,0,0,3,false,3.766,3.816,3.804,0.05,0.053,0.0,0.0,0.0,14.15359954679567,121.26241599943363,14.885205,380.0,true,FixedHeight,false,false,false,false,,true,false,false,,40,,380.0,401,Android,4.3.62,Clinton Spark,0BMCE8B0112XGP,,,0C0AF8NB33038T,,,121.5,23.604368,11.5,1.9104973,2.0,2,0,Clinton Spark,0BMCE8B0112XGP,,,Android,4.3.62
2025-11-19T04:23:37.586Z,66.5,14.153569550631707,121.26245034948943,8.6,11.5,5.1,23.485207,0.0,0.1,0.0,0.9,0.0,1.3,-1.7,0.0,-85.3,GPSAtti,AutoFly,None,true,Already,13,5,Spark,true,false,Standby,Smart,false,true,false,None,true,MonitorError,false,false,false,false,false,false,false,false,false,false,0,YawFollow,-85.0,0.0,-85.5,false,false,false,false,false,false,false,,,,1024,1024,821,1024,88,11.364,0.0,0,0,3,false,3.766,3.816,3.804,0.05,0.053,0.0,0.0,0.0,14.15359954679567,121.26241599943363,14.885205,380.0,true,FixedHeight,false,false,false,false,,true,false,false,,40,,380.0,401,Android,4.3.62,Clinton Spark,0BMCE8B0112XGP,,,0C0AF8NB33038T,,,121.5,23.604368,11.5,1.9104973,2.0,2,0,Clinton Spark,0BMCE8B0112XGP,,,Android,4.3.62
2025-11-19T04:23:37.688Z,66.6,14.15356952364676,121.26245028455315,8.6,11.5,5.2,23.485207,0.0,0.1,0.0,0.9,0.0,1.3,-1.7,0.1,-85.2,GPSAtti,AutoFly,None,true,Already,13,5,Spark,true,false,Standby,Smart,false,true,false,None,true,MonitorError,false,false,false,false,false,false,false,false,false,false,0,YawFollow,-85.0,0.0,-85.5,false,false,false,false,false,false,false,,,,1024,1024,1024,1024,88,11.364,0.0,0,0,3,false,3.766,3.816,3.804,0.05,0.053,0.0,0.0,0.0,14.15359954679567,121.26241599943363,14.885205,380.0,true,FixedHeight,false,false,false,false,,true,false,false,,40,,380.0,401,Android,4.3.62,Clinton Spark,0BMCE8B0112XGP,,,0C0AF8NB33038T,,,121.5,23.604368,11.5,1.9104973,2.0,2,0,Clinton Spark,0BMCE8B0112XGP,,,Android,4.3.62
2025-11-19T04:23:37.790Z,66.7,14.15356949158107,121.26245023705972,8.6,11.5,5.3,23.485207,0.0,0.1,0.0,0.9,0.0,1.3,-1.4,0.1,-85.2,GPSAtti,AutoFly,None,true,Already,13,5,Spark,true,false,Standby,Smart,false,true,false,None,true,MonitorError,false,false,false,false,false,false,false,false,false,false,0,YawFollow,-85.0,0.0,-85.4,false,false,false,false,false,false,false,,,,1024,1024,1024,1024,88,11.364,0.0,0,0,3,false,3.766,3.816,3.804,0.05,0.053,0.0,0.0,0.0,14.15359954679567,121.26241599943363,14.885205,380.0,true,FixedHeight,false,false,false,false,,true,false,false,,40,,380.0,401,Android,4.3.62,Clinton Spark,0BMCE8B0112XGP,,,0C0AF8NB33038T,,,121.5,23.604368,11.5,1.9104973,2.0,2,0,Clinton Spark,0BMCE8B0112XGP,,,Android,4.3.62
2025-11-19T04:23:37.993Z,66.8,14.153569470840393,121.26245019629646,8.6,11.5,5.4,23.485207,0.0,0.1,0.0,0.9,0.0,1.3,-1.3,0.1,-85.3,GPSAtti,AutoFly,None,true,Already,13,5,Spark,true,false,Standby,Smart,false,true,false,None,true,MonitorError,false,false,false,false,false,false,false,false,false,false,0,YawFollow,-85.0,0.0,-85.4,false,false,false,false,false,false,false,,,,1024,1024,1024,1024,88,11.346,0.0,0,0,3,false,3.766,3.816,3.804,0.05,0.053,0.0,0.0,0.0,14.15359954679567,121.26241599943363,14.885205,380.0,true,FixedHeight,false,false,false,false,,true,false,false,,40,,380.0,401,Android,4.3.62,Clinton Spark,0BMCE8B0112XGP,,,0C0AF8NB33038T,,,121.5,23.604368,11.5,1.9104973,2.0,2,0,Clinton Spark,0BMCE8B0112XGP,,,Android,4.3.62
2025-11-19T04:23:38.095Z,66.9,14.153569467510225,121.26245016712052,8.6,11.5,5.5,23.485207,0.0,0.1,0.0,0.9,0.0,1.3,-1.2,0.0,-85.3,GPSAtti,AutoFly,None,true,Already,13,5,Spark,true,false,Standby,Smart,false,true,false,None,true,MonitorError,false,false,false,false,false,false,false,false,false,false,0,YawFollow,-85.0,0.0,-85.5,false,false,false,false,false,false,false,,,,1024,1024,1024,1024,88,11.346,0.0,0,0,3,false,3.766,3.816,3.804,0.05,0.053,0.0,0.0,0.0,14.15359954679567,121.26241599943363,14.885205,380.0,true,FixedHeight,false,false,false,false,,true,false,false,,40,,380.0,401,Android,4.3.62,Clinton Spark,0BMCE8B0112XGP,,,0C0AF8NB33038T,,,121.5,23.604368,11.5,1.9104973,2.0,2,0,Clinton Spark,0BMCE8B0112XGP,,,Android,4.3.62
2025-11-19T04:23:38.197Z,67.0,14.153569497033102,121.26245015276781,8.6,11.5,5.5,23.485207,0.0,0.1,0.0,0.9,0.0,1.3,-1.2,-0.2,-85.3,GPSAtti,AutoFly,None,true,Already,13,5,Spark,true,false,Standby,Smart,false,true,false,None,true,MonitorError,false,false,false,false,false,false,false,false,false,false,0,YawFollow,-85.0,0.0,-85.5,false,false,false,false,false,false,false,,,,1024,1024,1024,1024,88,11.346,0.0,0,0,3,false,3.766,3.816,3.804,0.05,0.053,0.0,0.0,0.0,14.15359954679567,121.26241599943363,14.885205,380.0,true,FixedHeight,false,false,false,false,,true,false,false,,40,,380.0,401,Android,4.3.62,Clinton Spark,0BMCE8B0112XGP,,,0C0AF8NB33038T,,,121.5,23.604368,11.5,1.9104973,2.0,2,0,Clinton Spark,0BMCE8B0112XGP,,,Android,4.3.62
2025-11-19T04:23:38.504Z,67.1,14.153569536969876,121.26245014807634,8.6,11.5,5.6,23.485207,0.0,0.1,0.0,0.9,0.0,1.3,-1.2,-0.6,-85.3,GPSAtti,AutoFly,None,true,Already,13,5,Spark,true,false,Standby,Smart,false,true,false,None,true,MonitorError,false,false,false,false,false,false,false,false,false,false,0,YawFollow,-85.0,0.0,-85.5,false,false,false,false,false,false,false,,,,1024,1406,1024,1024,88,11.346,0.0,0,0,3,false,3.766,3.816,3.804,0.05,0.053,0.0,0.0,0.0,14.15359954679567,121.26241599943363,14.885205,380.0,true,FixedHeight,false,false,false,false,,true,false,false,,40,,380.0,401,Android,4.3.62,Clinton Spark,0BMCE8B0112XGP,,,0C0AF8NB33038T,,,121.5,23.604368,11.5,1.9104973,2.0,2,0,Clinton Spark,0BMCE8B0112XGP,,,Android,4.3.62
2025-11-19T04:23:38.606Z,67.2,14.153569569682872,121.2624501776631,8.6,11.5,5.6,23.485207,0.0,0.1,0.0,0.9,0.0,1.3,-1.2,-0.6,-85.3,GPSAtti,AutoFly,None,true,Already,13,5,Spark,true,false,Standby,Smart,false,true,false,None,true,MonitorError,false,false,false,false,false,false,false,false,false,false,0,YawFollow,-85.0,0.0,-85.5,false,false,false,false,false,false,false,,,,1024,1031,1024,1024,88,11.346,0.0,0,0,3,false,3.766,3.816,3.804,0.05,0.053,0.0,0.0,0.0,14.15359954679567,121.26241599943363,14.885205,380.0,true,FixedHeight,false,false,false,false,,true,false,false,,40,,380.0,401,Android,4.3.62,Clinton Spark,0BMCE8B0112XGP,,,0C0AF8NB33038T,,,121.5,23.604368,11.5,1.9104973,2.0,2,0,Clinton Spark,0BMCE8B0112XGP,,,Android,4.3.62
2025-11-19T04:23:38.708Z,67.3,14.153569563756966,121.26245021660851,8.6,11.5,5.6,23.485207,0.0,0.1,0.0,0.9,0.0,1.3,-1.3,0.0,-85.3,GPSAtti,AutoFly,None,true,Already,13,5,Spark,true,false,Standby,Smart,false,true,false,None,true,MonitorError,false,false,false,false,false,false,false,false,false,false,0,YawFollow,-85.0,0.0,-85.3,false,false,false,false,false,false,false,,,,1024,1024,684,1024,88,11.346,0.0,0,0,3,false,3.766,3.816,3.804,0.05,0.053,0.0,0.0,0.0,14.15359954679567,121.26241599943363,14.885205,380.0,true,FixedHeight,false,false,false,false,,true,false,false,,40,,380.0,401,Android,4.3.62,Clinton Spark,0BMCE8B0112XGP,,,0C0AF8NB33038T,,,121.5,23.604368,11.5,1.9104973,2.0,2,0,Clinton Spark,0BMCE8B0112XGP,,,Android,4.3.62
2025-11-19T04:23:38.708Z,67.4,14.153569546764153,121.26245026859905,8.6,11.5,5.6,23.485207,0.0,0.1,0.0,0.9,0.2,1.3,-1.4,0.8,-85.3,GPSAtti,AutoFly,None,true,Already,13,5,Spark,true,false,Standby,Smart,false,true,false,None,true,MonitorError,false,false,false,false,false,false,false,false,false,false,0,YawFollow,-85.0,0.0,-85.3,false,false,false,false,false,false,false,,,,1024,1024,684,1024,88,11.346,0.0,0,0,3,false,3.766,3.816,3.804,0.05,0.053,0.0,0.0,0.0,14.15359954679567,121.26241599943363,14.885205,380.0,true,FixedHeight,false,false,false,false,,true,false,false,,40,,380.0,401,Android,4.3.62,Clinton Spark,0BMCE8B0112XGP,,,0C0AF8NB33038T,,,121.5,23.604368,11.5,1.9104973,2.0,2,0,Clinton Spark,0BMCE8B0112XGP,,,Android,4.3.62
2025-11-19T04:23:38.810Z,67.5,14.153569521433706,121.26245029801575,8.5,11.5,5.5,23.385204,0.0,0.1,0.0,0.9,0.6,1.3,-1.5,0.8,-85.4,GPSAtti,AutoFly,None,true,Already,13,5,Spark,true,false,Standby,Smart,false,true,false,None,true,MonitorError,false,false,false,false,false,false,false,false,false,false,0,YawFollow,-85.0,0.0,-85.4,false,false,false,false,false,false,false,,,,1024,1024,684,1024,88,11.346,0.0,0,0,3,false,3.766,3.816,3.804,0.05,0.053,0.0,0.0,0.0,14.15359954679567,121.26241599943363,14.885205,380.0,true,FixedHeight,false,false,false,false,,true,false,false,,40,,380.0,401,Android,4.3.62,Clinton Spark,0BMCE8B0112XGP,,,0C0AF8NB33038T,,,121.5,23.604368,11.5,1.9104973,2.0,2,0,Clinton Spark,0BMCE8B0112XGP,,,Android,4.3.62
2025-11-19T04:23:38.913Z,67.6,14.1535694935808,121.26245032911773,8.5,11.5,5.5,23.385204,0.0,0.1,0.0,0.9,0.8,1.3,-1.3,0.4,-85.4,GPSAtti,AutoFly,None,true,Already,13,5,Spark,true,false,Standby,Smart,false,true,false,None,true,MonitorError,false,false,false,false,false,false,false,false,false,false,0,YawFollow,-85.0,0.0,-85.4,false,false,false,false,false,false,false,,,,1024,1024,684,1024,88,11.346,0.0,0,0,3,false,3.766,3.816,3.804,0.05,0.053,0.0,0.0,0.0,14.15359954679567,121.26241599943363,14.885205,380.0,true,FixedHeight,false,false,false,false,,true,false,false,,40,,380.0,401,Android,4.3.62,Clinton Spark,0BMCE8B0112XGP,,,0C0AF8NB33038T,,,121.5,23.604368,11.5,1.9104973,2.0,2,0,Clinton Spark,0BMCE8B0112XGP,,,Android,4.3.62
2025-11-19T04:23:39.014Z,67.7,14.153569456856944,121.26245034555336,8.4,11.5,5.4,23.285206,0.0,0.1,0.0,0.9,0.8,1.3,-1.1,0.3,-85.3,GPSAtti,AutoFly,None,true,Already,13,5,Spark,true,false,Standby,Smart,false,true,false,None,true,MonitorError,false,false,false,false,false,false,false,false,false,false,0,YawFollow,-85.0,0.0,-85.4,false,false,false,false,false,false,false,,,,1024,1024,378,1024,88,11.346,0.0,0,0,3,false,3.766,3.816,3.804,0.05,0.053,0.0,0.0,0.0,14.15359954679567,121.26241599943363,14.885205,380.0,true,FixedHeight,false,false,false,false,,true,false,false,,40,,380.0,401,Android,4.3.62,Clinton Spark,0BMCE8B0112XGP,,,0C0AF8NB33038T,,,121.5,23.604368,11.5,1.9104973,2.0,2,0,Clinton Spark,0BMCE8B0112XGP,,,Android,4.3.62
2025-11-19T04:23:39.014Z,67.8,14.153569443877432,121.26245038486984,8.3,11.5,5.3,23.185205,0.0,0.1,0.0,0.9,0.8,1.3,-1.2,0.6,-85.3,GPSAtti,AutoFly,None,true,Already,13,5,Spark,true,false,Standby,Smart,false,true,false,None,true,MonitorError,false,false,false,false,false,false,false,false,false,false,0,YawFollow,-85.0,0.0,-85.5,false,false,false,false,false,false,false,,,,1024,1024,378,1024,88,11.401,0.0,0,0,3,false,3.766,3.816,3.804,0.05,0.053,0.0,0.0,0.0,14.15359954679567,121.26241599943363,14.885205,380.0,true,FixedHeight,false,false,false,false,,true,false,false,,40,,380.0,401,Android,4.3.62,Clinton Spark,0BMCE8B0112XGP,,,0C0AF8NB33038T,,,121.5,23.604368,11.5,1.9104973,2.0,2,0,Clinton Spark,0BMCE8B0112XGP,,,Android,4.3.62
2025-11-19T04:23:39.116Z,67.9,14.15356945206932,121.26245043014345,8.2,11.5,5.2,23.085205,0.0,0.1,0.0,0.9,0.7,1.3,-1.4,0.6,-85.3,GPSAtti,AutoFly,None,true,Already,13,5,Spark,true,false,Standby,Smart,false,true,false,None,true,MonitorError,false,false,false,false,false,false,false,false,false,false,0,YawFollow,-85.0,0.0,-85.4,false,false,false,false,false,false,false,,,,1024,1024,1024,1024,88,11.401,0.0,0,0,3,false,3.766,3.816,3.804,0.05,0.053,0.0,0.0,0.0,14.15359954679567,121.26241599943363,14.885205,380.0,true,FixedHeight,false,false,false,false,,true,false,false,,40,,380.0,401,Android,4.3.62,Clinton Spark,0BMCE8B0112XGP,,,0C0AF8NB33038T,,,121.5,23.604368,11.5,1.9104973,2.0,2,0,Clinton Spark,0BMCE8B0112XGP,,,Android,4.3.62
2025-11-19T04:23:39.320Z,68.0,14.153569455880692,121.26245047905275,8.2,11.5,5.1,23.085205,0.0,0.1,0.0,0.9,0.5,1.3,-1.4,1.1,-85.3,GPSAtti,AutoFly,None,true,Already,13,5,Spark,true,false,Standby,Smart,false,true,false,None,true,MonitorError,false,false,false,false,false,false,false,false,false,false,0,YawFollow,-85.0,0.0,-85.4,false,false,false,false,false,false,false,,,,1024,1024,930,1024,88,11.401,0.0,0,0,3,false,3.766,3.816,3.804,0.05,0.053,0.0,0.0,0.0,14.15359954679567,121.26241599943363,14.885205,380.0,true,FixedHeight,false,false,false,false,,true,false,false,,40,,380.0,401,Android,4.3.62,Clinton Spark,0BMCE8B0112XGP,,,0C0AF8NB33038T,,,121.5,23.604368,11.5,1.9104973,2.0,2,0,Clinton Spark,0BMCE8B0112XGP,,,Android,4.3.62
2025-11-19T04:23:39.320Z,68.1,14.153569444653385,121.26245051798047,8.1,11.5,5.0,22.985207,0.0,0.1,0.0,0.9,0.3,1.3,-1.8,1.5,-85.4,GPSAtti,AutoFly,None,true,Already,13,5,Spark,true,false,Standby,Smart,false,true,false,None,true,MonitorError,false,false,false,false,false,false,false,false,false,false,0,YawFollow,-85.0,0.0,-85.4,false,false,false,false,false,false,false,,,,1024,1024,930,1024,88,11.401,0.0,0,0,3,false,3.766,3.816,3.804,0.05,0.053,0.0,0.0,0.0,14.15359954679567,121.26241599943363,14.885205,380.0,true,FixedHeight,false,false,false,false,,true,false,false,,40,,380.0,401,Android,4.3.62,Clinton Spark,0BMCE8B0112XGP,,,0C0AF8NB33038T,,,121.5,23.604368,11.5,1.9104973,2.0,2,0,Clinton Spark,0BMCE8B0112XGP,,,Android,4.3.62
2025-11-19T04:23:39.428Z,68.2,14.153569453365561,121.2624505584875,8.1,11.5,5.0,22.985207,0.0,0.1,0.0,0.9,0.2,1.3,-2.5,1.1,-85.4,GPSAtti,AutoFly,None,true,Already,13,5,Spark,true,false,Standby,Smart,false,true,false,None,true,MonitorError,false,false,false,false,false,false,false,false,false,false,0,YawFollow,-85.0,0.0,-85.4,false,false,false,false,false,false,false,,,,1024,1024,930,1024,88,11.401,0.0,0,0,3,false,3.766,3.816,3.804,0.05,0.053,0.0,0.0,0.0,14.15359954679567,121.26241599943363,14.885205,380.0,true,FixedHeight,false,false,false,false,,true,false,false,,40,,380.0,401,Android,4.3.62,Clinton Spark,0BMCE8B0112XGP,,,0C0AF8NB33038T,,,121.5,23.604368,11.5,1.9104973,2.0,2,0,Clinton Spark,0BMCE8B0112XGP,,,Android,4.3.62
2025-11-19T04:23:39.428Z,68.3,14.153569483150616,121.26245058733213,8.1,11.5,4.9,22.985207,0.0,0.1,0.0,0.9,0.1,1.3,-2.6,0.1,-85.4,GPSAtti,AutoFly,None,true,Already,13,5,Spark,true,false,Standby,Smart,false,true,false,None,true,MonitorError,false,false,false,false,false,false,false,false,false,false,0,YawFollow,-85.0,0.0,-85.4,false,false,false,false,false,false,false,,,,1024,1024,364,1024,88,11.401,0.0,0,0,3,false,3.766,3.816,3.804,0.05,0.053,0.0,0.0,0.0,14.15359954679567,121.26241599943363,14.885205,380.0,true,FixedHeight,false,false,false,false,,true,false,false,,40,,380.0,401,Android,4.3.62,Clinton Spark,0BMCE8B0112XGP,,,0C0AF8NB33038T,,,121.5,23.604368,11.5,1.9104973,2.0,2,0,Clinton Spark,0BMCE8B0112XGP,,,Android,4.3.62
2025-11-19T04:23:39.428Z,68.4,14.153569523076806,121.26245060785622,8.1,11.5,4.8,22.985207,0.0,0.1,0.0,0.9,0.1,1.3,-2.5,-0.6,-85.4,GPSAtti,AutoFly,None,true,Already,13,5,Spark,true,false,Standby,Smart,false,true,false,None,true,MonitorError,false,false,false,false,false,false,false,false,false,false,0,YawFollow,-85.0,0.0,-85.5,false,false,false,false,false,false,false,,,,1024,1024,364,1024,88,11.401,0.0,0,0,3,false,3.766,3.816,3.804,0.05,0.053,0.0,0.0,0.0,14.15359954679567,121.26241599943363,14.885205,380.0,true,FixedHeight,false,false,false,false,,true,false,false,,40,,380.0,401,Android,4.3.62,Clinton Spark,0BMCE8B0112XGP,,,0C0AF8NB33038T,,,121.5,23.604368,11.5,1.9104973,2.0,2,0,Clinton Spark,0BMCE8B0112XGP,,,Android,4.3.62
2025-11-19T04:23:39.428Z,68.5,14.15356956126219,121.26245062365128,8.0,11.5,4.8,22.885204,0.0,0.1,0.0,0.9,0.0,1.3,-2.4,-0.8,-85.4,GPSAtti,AutoFly,None,true,Already,13,5,Spark,true,false,Standby,Smart,false,true,false,None,true,MonitorError,false,false,false,false,false,false,false,false,false,false,0,YawFollow,-85.0,0.0,-85.6,false,false,false,false,false,false,false,,,,1024,1024,364,1024,88,11.401,0.0,0,0,3,false,3.766,3.816,3.804,0.05,0.053,0.0,0.0,0.0,14.15359954679567,121.26241599943363,14.885205,380.0,true,FixedHeight,false,false,false,false,,true,false,false,,40,,380.0,401,Android,4.3.62,Clinton Spark,0BMCE8B0112XGP,,,0C0AF8NB33038T,,,121.5,23.604368,11.5,1.9104973,2.0,2,0,Clinton Spark,0BMCE8B0112XGP,,,Android,4.3.62
2025-11-19T04:23:39.633Z,68.6,14.153569565622348,121.26245059872065,8.0,11.5,4.8,22.885204,0.0,0.1,0.0,0.9,0.0,1.3,-3.2,-0.4,-85.4,GPSAtti,AutoFly,None,true,Already,13,5,Spark,true,false,Standby,Smart,false,true,false,None,true,MonitorError,false,false,false,false,false,false,false,false,false,false,0,YawFollow,-85.0,0.0,-85.5,false,false,false,false,false,false,false,,,,1024,1024,1024,1024,88,11.401,0.0,0,0,3,false,3.766,3.816,3.804,0.05,0.053,0.0,0.0,0.0,14.15359954679567,121.26241599943363,14.885205,380.0,true,FixedHeight,false,false,false,false,,true,false,false,,40,,380.0,401,Android,4.3.62,Clinton Spark,0BMCE8B0112XGP,,,0C0AF8NB33038T,,,121.5,23.604368,11.5,1.9104973,2.0,2,0,Clinton Spark,0BMCE8B0112XGP,,,Android,4.3.62
2025-11-19T04:23:39.633Z,68.7,14.153569558014258,121.26245052161391,8.0,11.5,4.8,22.885204,0.0,0.1,0.0,0.9,0.0,1.3,-8.6,-0.4,-85.4,GPSAtti,AutoFly,None,true,Already,13,5,Spark,true,false,Standby,Smart,false,true,false,None,true,MonitorError,false,false,false,false,false,false,false,false,false,false,0,YawFollow,-85.0,0.0,-85.6,false,false,false,false,false,false,false,,,,1024,1024,1024,1024,88,11.401,0.0,0,0,3,false,3.766,3.816,3.804,0.05,0.053,0.0,0.0,0.0,14.15359954679567,121.26241599943363,14.885205,380.0,true,FixedHeight,false,false,false,false,,true,false,false,,40,,380.0,401,Android,4.3.62,Clinton Spark,0BMCE8B0112XGP,,,0C0AF8NB33038T,,,121.5,23.604368,11.5,1.9104973,2.0,2,0,Clinton Spark,0BMCE8B0112XGP,,,Android,4.3.62
2025-11-19T04:23:39.734Z,68.8,14.153569535734702,121.26245032867598,8.0,11.5,4.9,22.885204,0.0,0.1,-0.2,0.9,0.0,1.3,-10.8,-0.3,-85.4,GPSAtti,AutoFly,None,true,Already,14,5,Spark,true,false,Standby,Smart,false,true,false,None,true,MonitorError,false,false,false,false,false,false,false,false,false,false,0,YawFollow,-85.0,0.0,-85.6,false,false,false,false,false,false,false,,,,1024,1033,1024,1024,88,11.474,0.0,0,0,3,false,3.766,3.816,3.804,0.05,0.053,0.0,0.0,0.0,14.15359954679567,121.26241599943363,14.885205,380.0,true,FixedHeight,false,false,false,false,,true,false,false,,40,,380.0,401,Android,4.3.62,Clinton Spark,0BMCE8B0112XGP,,,0C0AF8NB33038T,,,121.5,23.604368,11.5,1.9104973,2.0,2,0,Clinton Spark,0BMCE8B0112XGP,,,Android,4.3.62
2025-11-19T04:23:39.838Z,68.9,14.153569521090104,121.26244999580886,8.0,11.5,4.9,22.885204,0.0,0.1,-0.4,0.9,0.0,1.3,-7.6,-0.1,-85.4,GPSAtti,AutoFly,None,true,Already,14,5,Spark,true,false,Standby,Smart,false,true,false,None,true,MonitorError,false,false,false,false,false,false,false,false,false,false,0,YawFollow,-85.0,0.0,-85.6,false,false,false,false,false,false,false,,,,1024,1033,1024,1024,88,11.474,0.0,0,0,3,false,3.766,3.816,3.804,0.05,0.053,0.0,0.0,0.0,14.15359954679567,121.26241599943363,14.885205,380.0,true,FixedHeight,false,false,false,false,,true,false,false,,40,,380.0,401,Android,4.3.62,Clinton Spark,0BMCE8B0112XGP,,,0C0AF8NB33038T,,,121.5,23.604368,11.5,1.9104973,2.0,2,0,Clinton Spark,0BMCE8B0112XGP,,,Android,4.3.62
2025-11-19T04:23:39.940Z,69.0,14.153569500015596,121.2624494794066,8.0,11.5,5.0,22.885204,0.0,0.1,-0.4,0.9,0.0,1.3,-1.7,0.2,-85.3,GPSAtti,AutoFly,None,true,Already,14,5,Spark,true,false,Standby,Smart,false,true,false,None,true,MonitorError,false,false,false,false,false,false,false,false,false,false,0,YawFollow,-85.0,0.0,-85.6,false,false,false,false,false,false,false,,,,1024,1177,1024,1024,88,11.474,0.0,0,0,3,false,3.766,3.816,3.804,0.05,0.053,0.0,0.0,0.0,14.15359954679567,121.26241599943363,14.885205,380.0,true,FixedHeight,false,false,false,false,,true,false,false,,40,,380.0,401,Android,4.3.62,Clinton Spark,0BMCE8B0112XGP,,,0C0AF8NB33038T,,,121.5,23.604368,11.5,1.9104973,2.0,2,0,Clinton Spark,0BMCE8B0112XGP,,,Android,4.3.62
2025-11-19T04:23:40.042Z,69.1,14.15356949913705,121.26244892693035,8.0,11.5,5.0,22.885204,0.0,0.1,-0.4,0.9,0.1,1.3,2.8,0.3,-85.3,GPSAtti,AutoFly,None,true,Already,14,5,Spark,true,false,Standby,Smart,false,true,false,None,true,MonitorError,false,false,false,false,false,false,false,false,false,false,0,YawFollow,-85.0,0.0,-85.6,false,false,false,false,false,false,false,,,,1024,1024,1024,1024,88,11.474,0.0,0,0,3,false,3.766,3.816,3.804,0.05,0.053,0.0,0.0,0.0,14.15359954679567,121.26241599943363,14.885205,380.0,true,FixedHeight,false,false,false,false,,true,false,false,,40,,380.0,401,Android,4.3.62,Clinton Spark,0BMCE8B0112XGP,,,0C0AF8NB33038T,,,121.5,23.604368,11.5,1.9104973,2.0,2,0,Clinton Spark,0BMCE8B0112XGP,,,Android,4.3.62
2025-11-19T04:23:40.245Z,69.2,14.153569497638882,121.26244839057388,8.0,11.5,5.0,22.885204,0.0,0.1,-0.3,0.9,0.4,1.3,3.9,0.1,-85.3,GPSAtti,AutoFly,None,true,Already,14,5,Spark,true,false,Standby,Smart,false,true,false,None,true,MonitorError,false,false,false,false,false,false,false,false,false,false,0,YawFollow,-85.0,0.0,-85.6,false,false,false,false,false,false,false,,,,1024,1024,1024,1024,88,11.474,0.0,0,0,3,false,3.766,3.816,3.804,0.05,0.053,0.0,0.0,0.0,14.15359954679567,121.26241599943363,14.885205,380.0,true,FixedHeight,false,false,false,false,,true,false,false,,40,,380.0,401,Android,4.3.62,Clinton Spark,0BMCE8B0112XGP,,,0C0AF8NB33038T,,,121.5,23.604368,11.5,1.9104973,2.0,2,0,Clinton Spark,0BMCE8B0112XGP,,,Android,4.3.62
2025-11-19T04:23:40.348Z,69.3,14.153569503847326,121.26244796258514,7.9,11.5,4.9,22.785206,0.0,0.1,-0.2,0.9,0.7,1.3,3.4,0.1,-85.2,GPSAtti,AutoFly,None,true,Already,14,5,Spark,true,false,Standby,Smart,false,true,false,None,true,MonitorError,false,false,false,false,false,false,false,false,false,false,0,YawFollow,-85.0,0.0,-85.6,false,false,false,false,false,false,false,,,,1024,1024,788,1024,88,11.474,0.0,0,0,3,false,3.766,3.816,3.804,0.05,0.053,0.0,0.0,0.0,14.15359954679567,121.26241599943363,14.885205,380.0,true,FixedHeight,false,false,false,false,,true,false,false,,40,,380.0,401,Android,4.3.62,Clinton Spark,0BMCE8B0112XGP,,,0C0AF8NB33038T,,,121.5,23.604368,11.5,1.9104973,2.0,2,0,Clinton Spark,0BMCE8B0112XGP,,,Android,4.3.62
2025-11-19T04:23:40.453Z,69.4,14.153569502345086,121.26244760096176,7.9,11.5,4.7,22.785206,0.0,0.1,-0.2,0.9,0.7,1.3,2.8,0.0,-85.2,GPSAtti,AutoFly,None,true,Already,14,5,Spark,true,false,Standby,Smart,false,true,false,None,true,MonitorError,false,false,false,false,false,false,false,false,false,false,0,YawFollow,-85.0,0.0,-85.6,false,false,false,false,false,false,false,,,,1024,1024,407,1024,88,11.474,0.0,0,0,3,false,3.766,3.816,3.804,0.05,0.053,0.0,0.0,0.0,14.15359954679567,121.26241599943363,14.885205,380.0,true,FixedHeight,false,false,false,false,,true,false,false,,40,,380.0,401,Android,4.3.62,Clinton Spark,0BMCE8B0112XGP,,,0C0AF8NB33038T,,,121.5,23.604368,11.5,1.9104973,2.0,2,0,Clinton Spark,0BMCE8B0112XGP,,,Android,4.3.62
2025-11-19T04:23:40.453Z,69.5,14.153569503314824,121.26244735854688,7.8,11.5,4.6,22.685205,0.0,0.1,-0.1,0.9,0.5,1.3,1.6,-0.1,-85.2,GPSAtti,AutoFly,None,true,Already,14,5,Spark,true,false,Standby,Smart,false,true,false,None,true,MonitorError,false,false,false,false,false,false,false,false,false,false,0,YawFollow,-85.0,0.0,-85.5,false,false,false,false,false,false,false,,,,1024,1024,1024,1024,88,11.474,0.0,0,0,3,false,3.766,3.816,3.804,0.05,0.053,0.0,0.0,0.0,14.15359954679567,121.26241599943363,14.885205,380.0,true,FixedHeight,false,false,false,false,,true,false,false,,40,,380.0,401,Android,4.3.62,Clinton Spark,0BMCE8B0112XGP,,,0C0AF8NB33038T,,,121.5,23.604368,11.5,1.9104973,2.0,2,0,Clinton Spark,0BMCE8B0112XGP,,,Android,4.3.62
2025-11-19T04:23:40.453Z,69.6,14.153569472734274,121.26244721787776,7.7,11.5,4.5,22.585205,0.0,0.1,0.0,0.9,0.4,1.3,0.0,0.0,-85.2,GPSAtti,AutoFly,None,true,Already,14,5,Spark,true,false,Standby,Smart,false,true,false,None,true,MonitorError,false,false,false,false,false,false,false,false,false,false,0,YawFollow,-85.0,0.0,-85.5,false,false,false,false,false,false,false,,,,1024,1024,1024,1024,88,11.474,0.0,0,0,3,false,3.766,3.816,3.804,0.05,0.053,0.0,0.0,0.0,14.15359954679567,121.26241599943363,14.885205,380.0,true,FixedHeight,false,false,false,false,,true,false,false,,40,,380.0,401,Android,4.3.62,Clinton Spark,0BMCE8B0112XGP,,,0C0AF8NB33038T,,,121.5,23.604368,11.5,1.9104973,2.0,2,0,Clinton Spark,0BMCE8B0112XGP,,,Android,4.3.62
2025-11-19T04:23:40.556Z,69.7,14.153569436638184,121.26244713956284,7.7,11.5,4.5,22.585205,0.0,0.1,0.0,0.9,0.3,1.3,-0.5,-0.1,-85.3,GPSAtti,AutoFly,None,true,Already,14,5,Spark,true,false,Standby,Smart,false,true,false,None,true,MonitorError,false,false,false,false,false,false,false,false,false,false,0,YawFollow,-85.0,0.0,-85.5,false,false,false,false,false,false,false,,,,1024,1024,1024,1024,88,11.474,0.0,0,0,3,false,3.766,3.816,3.804,0.05,0.053,0.0,0.0,0.0,14.15359954679567,121.26241599943363,14.885205,380.0,true,FixedHeight,false,false,false,false,,true,false,false,,40,,380.0,401,Android,4.3.62,Clinton Spark,0BMCE8B0112XGP,,,0C0AF8NB33038T,,,121.5,23.604368,11.5,1.9104973,2.0,2,0,Clinton Spark,0BMCE8B0112XGP,,,Android,4.3.62
2025-11-19T04:23:40.659Z,69.8,14.153569408690828,121.26244710133308,7.6,11.5,4.5,22.485205,0.0,0.1,0.0,0.9,0.4,1.3,-0.9,-0.1,-85.3,GPSAtti,AutoFly,None,true,Already,14,5,Spark,true,false,Standby,Smart,false,true,false,None,true,MonitorError,false,false,false,false,false,false,false,false,false,false,0,YawFollow,-85.0,0.0,-85.5,false,false,false,false,false,false,false,,,,1024,1024,1024,1024,88,11.375,0.0,0,0,3,false,3.766,3.816,3.804,0.05,0.053,0.0,0.0,0.0,14.15359954679567,121.26241599943363,14.885205,380.0,true,FixedHeight,false,false,false,false,,true,false,false,,40,,380.0,401,Android,4.3.62,Clinton Spark,0BMCE8B0112XGP,,,0C0AF8NB33038T,,,121.5,23.604368,11.5,1.9104973,2.0,2,0,Clinton Spark,0BMCE8B0112XGP,,,Android,4.3.62
2025-11-19T04:23:40.761Z,69.9,14.153569407839967,121.26244706187744,7.6,11.5,3.7,22.485205,0.0,0.1,0.0,0.9,0.6,1.3,-0.8,-0.3,-85.3,GPSAtti,AutoFly,None,true,Already,14,5,Spark,false,false,Standby,Smart,false,true,false,None,true,MonitorError,false,false,false,false,false,false,false,false,false,false,0,YawFollow,-85.0,0.0,-85.6,false,false,false,false,false,false,false,,,,1024,1024,1024,1024,88,11.375,0.0,0,0,3,false,3.766,3.816,3.804,0.05,0.053,0.0,0.0,0.0,14.15359954679567,121.26241599943363,14.885205,380.0,true,FixedHeight,false,false,false,false,,true,false,false,,40,,380.0,401,Android,4.3.62,Clinton Spark,0BMCE8B0112XGP,,,0C0AF8NB33038T,,,121.5,23.604368,11.5,1.9104973,2.0,2,0,Clinton Spark,0BMCE8B0112XGP,,,Android,4.3.62
2025-11-19T04:23:40.863Z,70.0,14.153569401848921,121.26244707016481,7.5,11.5,3.5,22.385204,0.0,0.1,0.0,0.9,0.5,1.3,-0.2,-0.4,-85.2,GPSAtti,AutoFly,None,true,Already,14,5,Spark,true,false,Standby,Smart,false,true,false,None,true,MonitorError,false,false,false,false,false,false,false,false,false,false,0,YawFollow,-85.0,0.0,-85.5,false,false,false,false,false,false,false,,,,854,1024,1024,851,88,11.375,0.0,0,0,3,false,3.766,3.816,3.804,0.05,0.053,0.0,0.0,0.0,14.15359954679567,121.26241599943363,14.885205,380.0,true,FixedHeight,false,false,false,false,,true,false,false,,40,,380.0,401,Android,4.3.62,Clinton Spark,0BMCE8B0112XGP,,,0C0AF8NB33038T,,,121.5,23.604368,11.5,1.9104973,2.0,2,0,Clinton Spark,0BMCE8B0112XGP,,,Android,4.3.62
2025-11-19T04:23:40.863Z,70.1,14.153569378926129,121.26244710458664,7.5,11.5,3.5,22.385204,0.0,0.1,0.0,0.9,0.2,1.3,-0.5,-0.1,-85.2,GPSAtti,AutoFly,None,true,Already,14,5,Spark,true,false,Standby,Smart,false,true,false,None,true,MonitorError,false,false,false,false,false,false,false,false,false,false,0,YawFollow,-85.0,0.0,-85.5,false,false,false,false,false,false,false,,,,854,1024,1024,851,88,11.375,0.0,0,0,3,false,3.766,3.816,3.804,0.05,0.053,0.0,0.0,0.0,14.15359954679567,121.26241599943363,14.885205,380.0,true,FixedHeight,false,false,false,false,,true,false,false,,40,,380.0,401,Android,4.3.62,Clinton Spark,0BMCE8B0112XGP,,,0C0AF8NB33038T,,,121.5,23.604368,11.5,1.9104973,2.0,2,0,Clinton Spark,0BMCE8B0112XGP,,,Android,4.3.62
2025-11-19T04:23:41.069Z,70.2,14.15356936593196,121.26244719157769,7.5,11.5,3.4,22.385204,0.0,0.1,0.0,0.9,0.2,1.3,-2.9,0.0,-85.2,GPSAtti,AutoFly,None,true,Already,14,5,Spark,true,false,Standby,Smart,false,true,false,None,true,MonitorError,false,false,false,false,false,false,false,false,false,false,0,YawFollow,-85.0,0.0,-85.5,false,false,false,false,false,false,false,,,,1024,1024,1024,1024,88,11.375,0.0,0,0,3,false,3.766,3.816,3.804,0.05,0.053,0.0,0.0,0.0,14.15359954679567,121.26241599943363,14.885205,380.0,true,FixedHeight,false,false,false,false,,true,false,false,,40,,380.0,401,Android,4.3.62,Clinton Spark,0BMCE8B0112XGP,,,0C0AF8NB33038T,,,121.5,23.604368,11.5,1.9104973,2.0,2,0,Clinton Spark,0BMCE8B0112XGP,,,Android,4.3.62
2025-11-19T04:23:41.069Z,70.3,14.153569355331603,121.26244725083734,7.5,11.5,3.4,22.385204,0.0,0.1,0.0,0.9,0.1,1.3,-5.2,0.2,-85.3,GPSAtti,AutoFly,None,true,Already,14,5,Spark,true,false,Standby,Smart,false,true,false,None,true,MonitorError,false,false,false,false,false,false,false,false,false,false,0,YawFollow,-85.0,0.0,-85.5,false,false,false,false,false,false,false,,,,1024,1024,1024,1024,88,11.375,0.0,0,0,3,false,3.766,3.816,3.804,0.05,0.053,0.0,0.0,0.0,14.15359954679567,121.26241599943363,14.885205,380.0,true,FixedHeight,false,false,false,false,,true,false,false,,40,,380.0,401,Android,4.3.62,Clinton Spark,0BMCE8B0112XGP,,,0C0AF8NB33038T,,,121.5,23.604368,11.5,1.9104973,2.0,2,0,Clinton Spark,0BMCE8B0112XGP,,,Android,4.3.62
2025-11-19T04:23:41.171Z,70.4,14.153569363147321,121.2624472235146,7.5,11.5,3.4,22.385204,0.0,0.1,-0.1,0.9,0.1,1.3,-2.5,0.3,-85.3,GPSAtti,AutoFly,None,true,Already,14,5,Spark,true,false,Standby,Smart,false,true,false,None,true,MonitorError,false,false,false,false,false,false,false,false,false,false,0,YawFollow,-85.0,0.0,-85.5,false,false,false,false,false,false,false,,,,1024,1024,1024,1024,88,11.375,0.0,0,0,3,false,3.766,3.816,3.804,0.05,0.053,0.0,0.0,0.0,14.15359954679567,121.26241599943363,14.885205,380.0,true,FixedHeight,false,false,false,false,,true,false,false,,40,,380.0,401,Android,4.3.62,Clinton Spark,0BMCE8B0112XGP,,,0C0AF8NB33038T,,,121.5,23.604368,11.5,1.9104973,2.0,2,0,Clinton Spark,0BMCE8B0112XGP,,,Android,4.3.62
2025-11-19T04:23:41.272Z,70.5,14.153569372647663,121.26244713129977,7.4,11.5,3.4,22.285206,0.0,0.1,-0.1,0.9,0.0,1.3,-0.7,0.0,-85.3,GPSAtti,AutoFly,None,true,Already,14,5,Spark,true,false,Standby,Smart,false,true,false,None,true,MonitorError,false,false,false,false,false,false,false,false,false,false,0,YawFollow,-85.0,0.0,-85.5,false,false,false,false,false,false,false,,,,901,1024,1024,1024,88,11.375,0.0,0,0,3,false,3.766,3.816,3.804,0.05,0.053,0.0,0.0,0.0,14.15359954679567,121.26241599943363,14.885205,380.0,true,FixedHeight,false,false,false,false,,true,false,false,,40,,380.0,401,Android,4.3.62,Clinton Spark,0BMCE8B0112XGP,,,0C0AF8NB33038T,,,121.5,23.604368,11.5,1.9104973,2.0,2,0,Clinton Spark,0BMCE8B0112XGP,,,Android,4.3.62
2025-11-19T04:23:41.272Z,70.6,14.153569398415346,121.26244701515708,7.4,11.5,3.4,22.285206,0.0,0.1,0.0,0.9,0.0,1.3,0.0,-0.3,-85.3,GPSAtti,AutoFly,None,true,Already,14,5,Spark,true,false,Standby,Smart,false,true,false,None,true,MonitorError,false,false,false,false,false,false,false,false,false,false,0,YawFollow,-85.0,0.0,-85.5,false,false,false,false,false,false,false,,,,901,1024,1024,1024,88,11.375,0.0,0,0,3,false,3.766,3.816,3.804,0.05,0.053,0.0,0.0,0.0,14.15359954679567,121.26241599943363,14.885205,380.0,true,FixedHeight,false,false,false,false,,true,false,false,,40,,380.0,401,Android,4.3.62,Clinton Spark,0BMCE8B0112XGP,,,0C0AF8NB33038T,,,121.5,23.604368,11.5,1.9104973,2.0,2,0,Clinton Spark,0BMCE8B0112XGP,,,Android,4.3.62
2025-11-19T04:23:41.476Z,70.7,14.153569405964,121.2624469192447,7.4,11.5,3.4,22.285206,0.0,0.1,0.0,0.9,0.2,1.3,-0.5,0.0,-85.4,GPSAtti,AutoFly,None,true,Already,14,5,Spark,true,false,Standby,Smart,false,true,false,None,true,MonitorError,false,false,false,false,false,false,false,false,false,false,0,YawFollow,-85.0,0.0,-85.6,false,false,false,false,false,false,false,,,,818,1024,1024,1024,88,11.375,0.0,0,0,3,false,3.766,3.816,3.804,0.05,0.053,0.0,0.0,0.0,14.15359954679567,121.26241599943363,14.885205,380.0,true,FixedHeight,false,false,false,false,,true,false,false,,40,,380.0,401,Android,4.3.62,Clinton Spark,0BMCE8B0112XGP,,,0C0AF8NB33038T,,,121.5,23.604368,11.5,1.9104973,2.0,2,0,Clinton Spark,0BMCE8B0112XGP,,,Android,4.3.62
2025-11-19T04:23:41.578Z,70.8,14.153569390404217,121.2624467974696,7.4,11.5,3.4,22.285206,0.0,0.1,0.0,0.9,0.4,1.3,-0.7,0.0,-85.3,GPSAtti,AutoFly,None,true,Already,14,5,Spark,true,false,Standby,Smart,false,true,false,None,true,MonitorError,false,false,false,false,false,false,false,false,false,false,0,YawFollow,-85.0,0.0,-85.6,false,false,false,false,false,false,false,,,,1024,1024,1024,1024,88,11.404,0.0,0,0,3,false,3.766,3.816,3.804,0.05,0.053,0.0,0.0,0.0,14.15359954679567,121.26241599943363,14.885205,380.0,true,FixedHeight,false,false,false,false,,true,false,false,,40,,380.0,401,Android,4.3.62,Clinton Spark,0BMCE8B0112XGP,,,0C0AF8NB33038T,,,121.5,23.604368,11.5,1.9104973,2.0,2,0,Clinton Spark,0BMCE8B0112XGP,,,Android,4.3.62
2025-11-19T04:23:41.680Z,70.9,14.153569344397416,121.26244669929764,7.3,11.5,3.4,22.185205,0.0,0.1,0.0,0.9,0.3,1.3,-0.6,0.0,-85.3,GPSAtti,AutoFly,None,true,Already,14,5,Spark,true,false,Standby,Smart,false,true,false,None,true,MonitorError,false,false,false,false,false,false,false,false,false,false,0,YawFollow,-85.0,0.0,-85.5,false,false,false,false,false,false,false,,,,1374,1024,1024,1024,88,11.404,0.0,0,0,3,false,3.766,3.816,3.804,0.05,0.053,0.0,0.0,0.0,14.15359954679567,121.26241599943363,14.885205,380.0,true,FixedHeight,false,false,false,false,,true,false,false,,40,,380.0,401,Android,4.3.62,Clinton Spark,0BMCE8B0112XGP,,,0C0AF8NB33038T,,,121.5,23.604368,11.5,1.9104973,2.0,2,0,Clinton Spark,0BMCE8B0112XGP,,,Android,4.3.62
2025-11-19T04:23:41.782Z,71.0,14.153569293401064,121.26244661830566,7.3,11.5,3.3,22.185205,0.0,0.1,0.0,0.9,0.2,1.3,-0.7,0.7,-85.3,GPSAtti,AutoFly,None,true,Already,14,5,Spark,true,false,Standby,Smart,false,true,false,None,true,MonitorError,false,false,false,false,false,false,false,false,false,false,0,YawFollow,-85.0,0.0,-85.5,false,false,false,false,false,false,false,,,,1374,1024,1024,1024,88,11.404,0.0,0,0,3,false,3.766,3.816,3.804,0.05,0.053,0.0,0.0,0.0,14.15359954679567,121.26241599943363,14.885205,380.0,true,FixedHeight,false,false,false,false,,true,false,false,,40,,380.0,401,Android,4.3.62,Clinton Spark,0BMCE8B0112XGP,,,0C0AF8NB33038T,,,121.5,23.604368,11.5,1.9104973,2.0,2,0,Clinton Spark,0BMCE8B0112XGP,,,Android,4.3.62
2025-11-19T04:23:41.885Z,71.1,14.153569250714662,121.26244659099616,7.3,11.5,3.2,22.185205,0.0,0.1,0.0,0.9,0.2,1.3,-1.1,0.8,-85.3,GPSAtti,AutoFly,None,true,Already,14,5,Spark,true,false,Standby,Smart,false,true,false,None,true,MonitorError,false,false,false,false,false,false,false,false,false,false,0,YawFollow,-85.0,0.0,-87.0,false,false,false,false,false,false,false,,,,1374,1024,1024,1024,88,11.404,0.0,0,0,3,false,3.766,3.816,3.804,0.05,0.053,0.0,0.0,0.0,14.15359954679567,121.26241599943363,14.885205,380.0,true,FixedHeight,false,false,false,false,,true,false,false,,40,,380.0,401,Android,4.3.62,Clinton Spark,0BMCE8B0112XGP,,,0C0AF8NB33038T,,,121.5,23.604368,11.5,1.9104973,2.0,2,0,Clinton Spark,0BMCE8B0112XGP,,,Android,4.3.62
2025-11-19T04:23:41.885Z,71.2,14.15356921327592,121.26244654604504,7.3,11.5,3.1,22.185205,0.0,0.1,0.0,0.9,0.1,1.3,-1.6,-0.5,-86.0,GPSAtti,AutoFly,None,true,Already,14,5,Spark,true,false,Standby,Smart,false,true,false,None,true,MonitorError,false,false,false,false,false,false,false,false,false,false,0,YawFollow,-85.0,0.0,-88.5,false,false,false,false,false,false,false,,,,1024,1024,1024,1024,88,11.404,0.0,0,0,3,false,3.766,3.816,3.804,0.05,0.053,0.0,0.0,0.0,14.15359954679567,121.26241599943363,14.885205,380.0,true,FixedHeight,false,false,false,false,,true,false,false,,40,,380.0,401,Android,4.3.62,Clinton Spark,0BMCE8B0112XGP,,,0C0AF8NB33038T,,,121.5,23.604368,11.5,1.9104973,2.0,2,0,Clinton Spark,0BMCE8B0112XGP,,,Android,4.3.62
2025-11-19T04:23:41.885Z,71.3,14.153569160954016,121.26244650523984,7.3,11.5,3.1,22.185205,0.0,0.1,0.0,0.9,0.1,1.3,-1.7,-0.6,-90.5,GPSAtti,AutoFly,None,true,Already,14,5,Spark,true,false,Standby,Smart,false,true,false,None,true,MonitorError,false,false,false,false,false,false,false,false,false,false,0,YawFollow,-85.0,0.0,-90.3,false,false,false,false,false,false,false,,,,1024,1024,1024,1024,88,11.404,0.0,0,0,3,false,3.766,3.816,3.804,0.05,0.053,0.0,0.0,0.0,14.15359954679567,121.26241599943363,14.885205,380.0,true,FixedHeight,false,false,false,false,,true,false,false,,40,,380.0,401,Android,4.3.62,Clinton Spark,0BMCE8B0112XGP,,,0C0AF8NB33038T,,,121.5,23.604368,11.5,1.9104973,2.0,2,0,Clinton Spark,0BMCE8B0112XGP,,,Android,4.3.62
2025-11-19T04:23:41.987Z,71.4,14.153569078515666,121.26244649872828,7.2,11.5,3.0,22.085205,0.0,0.1,0.0,0.9,0.1,1.3,-1.4,0.4,-90.8,GPSAtti,AutoFly,None,true,Already,14,5,Spark,true,false,Standby,Smart,false,true,false,None,true,MonitorError,false,false,false,false,false,false,false,false,false,false,0,YawFollow,-85.0,0.0,-90.3,false,false,false,false,false,false,false,,,,1024,1024,1024,1024,88,11.404,0.0,0,0,3,false,3.766,3.816,3.804,0.05,0.053,0.0,0.0,0.0,14.15359954679567,121.26241599943363,14.885205,380.0,true,FixedHeight,false,false,false,false,,true,false,false,,40,,380.0,401,Android,4.3.62,Clinton Spark,0BMCE8B0112XGP,,,0C0AF8NB33038T,,,121.5,23.604368,11.5,1.9104973,2.0,2,0,Clinton Spark,0BMCE8B0112XGP,,,Android,4.3.62
2025-11-19T04:23:42.190Z,71.5,14.153568992081116,121.2624465370398,7.2,11.5,2.9,22.085205,0.0,0.1,0.0,0.9,0.0,1.3,-1.5,1.3,-90.8,GPSAtti,AutoFly,None,true,Already,14,5,Spark,true,false,Standby,Smart,false,true,false,None,true,MonitorError,false,false,false,false,false,false,false,false,false,false,0,YawFollow,-85.0,0.0,-90.3,false,false,false,false,false,false,false,,,,1024,1024,1024,1024,88,11.404,0.0,0,0,3,false,3.766,3.816,3.804,0.05,0.053,0.0,0.0,0.0,14.15359954679567,121.26241599943363,14.885205,380.0,true,FixedHeight,false,false,false,false,,true,false,false,,40,,380.0,401,Android,4.3.62,Clinton Spark,0BMCE8B0112XGP,,,0C0AF8NB33038T,,,121.5,23.604368,11.5,1.9104973,2.0,2,0,Clinton Spark,0BMCE8B0112XGP,,,Android,4.3.62
2025-11-19T04:23:42.190Z,71.6,14.1535689134118,121.26244657951926,7.2,11.5,2.9,22.085205,0.0,0.1,0.0,0.9,0.0,1.3,-1.4,-0.4,-90.7,GPSAtti,AutoFly,None,true,Already,14,5,Spark,true,false,Standby,Smart,false,true,false,None,true,MonitorError,false,false,false,false,false,false,false,false,false,false,0,YawFollow,-85.0,0.0,-90.4,false,false,false,false,false,false,false,,,,1024,1024,1024,1024,88,11.404,0.0,0,0,3,false,3.766,3.816,3.804,0.05,0.053,0.0,0.0,0.0,14.15359954679567,121.26241599943363,14.885205,380.0,true,FixedHeight,false,false,false,false,,true,false,false,,40,,380.0,401,Android,4.3.62,Clinton Spark,0BMCE8B0112XGP,,,0C0AF8NB33038T,,,121.5,23.604368,11.5,1.9104973,2.0,2,0,Clinton Spark,0BMCE8B0112XGP,,,Android,4.3.62
2025-11-19T04:23:42.292Z,71.7,14.153568829428872,121.26244661282787,7.2,11.5,2.8,22.085205,-0.1,0.1,0.0,0.9,0.0,1.3,-1.5,-2.2,-90.7,GPSAtti,AutoFly,None,true,Already,14,5,Spark,true,false,Standby,Smart,false,true,false,None,true,MonitorError,false,false,false,false,false,false,false,false,false,false,0,YawFollow,-85.0,0.0,-90.3,false,false,false,false,false,false,false,,,,1024,1024,1024,982,88,11.404,0.0,0,0,3,false,3.766,3.816,3.804,0.05,0.053,0.0,0.0,0.0,14.15359954679567,121.26241599943363,14.885205,380.0,true,FixedHeight,false,false,false,false,,true,false,false,,40,,380.0,401,Android,4.3.62,Clinton Spark,0BMCE8B0112XGP,,,0C0AF8NB33038T,,,121.5,23.604368,11.5,1.9104973,2.0,2,0,Clinton Spark,0BMCE8B0112XGP,,,Android,4.3.62
2025-11-19T04:23:42.394Z,71.8,14.153568700074237,121.26244664600391,7.2,11.5,2.8,22.085205,-0.1,0.1,0.0,0.9,0.0,1.3,-1.6,-0.2,-90.8,GPSAtti,AutoFly,None,true,Already,14,5,Spark,true,false,Standby,Smart,false,true,false,None,true,MonitorError,false,false,false,false,false,false,false,false,false,false,0,YawFollow,-85.0,0.0,-90.2,false,false,false,false,false,false,false,,,,1024,1024,1024,612,88,11.321,0.0,0,0,3,false,3.766,3.816,3.804,0.05,0.053,0.0,0.0,0.0,14.15359954679567,121.26241599943363,14.885205,380.0,true,FixedHeight,false,false,false,false,,true,false,false,,40,,380.0,401,Android,4.3.62,Clinton Spark,0BMCE8B0112XGP,,,0C0AF8NB33038T,,,121.5,23.604368,11.5,1.9104973,2.0,2,0,Clinton Spark,0BMCE8B0112XGP,,,Android,4.3.62
2025-11-19T04:23:42.497Z,71.9,14.153568548882168,121.2624466728098,7.2,11.5,2.9,22.085205,-0.1,0.1,0.0,0.9,0.0,1.3,-1.6,1.3,-90.8,GPSAtti,AutoFly,None,true,Already,14,5,Spark,true,false,Standby,Smart,false,true,false,None,true,MonitorError,false,false,false,false,false,false,false,false,false,false,0,YawFollow,-85.0,0.0,-90.2,false,false,false,false,false,false,false,,,,1024,1024,1024,612,88,11.321,0.0,0,0,3,false,3.766,3.816,3.804,0.05,0.053,0.0,0.0,0.0,14.15359954679567,121.26241599943363,14.885205,380.0,true,FixedHeight,false,false,false,false,,true,false,false,,40,,380.0,401,Android,4.3.62,Clinton Spark,0BMCE8B0112XGP,,,0C0AF8NB33038T,,,121.5,23.604368,11.5,1.9104973,2.0,2,0,Clinton Spark,0BMCE8B0112XGP,,,Android,4.3.62
2025-11-19T04:23:42.700Z,72.0,14.153568392006017,121.26244664806471,7.2,11.5,2.9,22.085205,-0.1,0.1,0.0,0.9,0.0,1.3,-1.5,4.8,-90.8,GPSAtti,AutoFly,None,true,Already,14,5,Spark,true,false,Standby,Smart,false,true,false,None,true,MonitorError,false,false,false,false,false,false,false,false,false,false,0,YawFollow,-85.0,0.0,-89.8,false,false,false,false,false,false,false,,,,1024,1024,1024,1024,88,11.321,0.0,0,0,3,false,3.766,3.816,3.804,0.05,0.053,0.0,0.0,0.0,14.15359954679567,121.26241599943363,14.885205,380.0,true,FixedHeight,false,false,false,false,,true,false,false,,40,,380.0,401,Android,4.3.62,Clinton Spark,0BMCE8B0112XGP,,,0C0AF8NB33038T,,,121.5,23.604368,11.5,1.9104973,2.0,2,0,Clinton Spark,0BMCE8B0112XGP,,,Android,4.3.62
2025-11-19T04:23:42.700Z,72.1,14.153568277065554,121.26244659800908,7.2,11.5,2.9,22.085205,0.0,0.1,0.0,0.9,0.0,1.3,-1.4,7.7,-90.8,GPSAtti,AutoFly,None,true,Already,14,5,Spark,true,false,Standby,Smart,false,true,false,None,true,MonitorError,false,false,false,false,false,false,false,false,false,false,0,YawFollow,-85.0,0.0,-90.0,false,false,false,false,false,false,false,,,,1024,1024,1024,1024,88,11.321,0.0,0,0,3,false,3.766,3.816,3.804,0.05,0.053,0.0,0.0,0.0,14.15359954679567,121.26241599943363,14.885205,380.0,true,FixedHeight,false,false,false,false,,true,false,false,,40,,380.0,401,Android,4.3.62,Clinton Spark,0BMCE8B0112XGP,,,0C0AF8NB33038T,,,121.5,23.604368,11.5,1.9104973,2.0,2,0,Clinton Spark,0BMCE8B0112XGP,,,Android,4.3.62
2025-11-19T04:23:43.006Z,72.2,14.153568302250255,121.26244654393784,7.2,11.5,2.9,22.085205,0.0,0.1,0.0,0.9,0.0,1.3,-1.4,2.8,-90.8,GPSAtti,AutoFly,None,true,Already,14,5,Spark,true,false,Standby,Smart,false,true,false,None,true,MonitorError,false,false,false,false,false,false,false,false,false,false,0,YawFollow,-85.0,0.0,-90.2,false,false,false,false,false,false,false,,,,1024,1024,1014,1367,88,11.321,0.0,0,0,3,false,3.766,3.816,3.804,0.05,0.053,0.0,0.0,0.0,14.15359954679567,121.26241599943363,14.885205,380.0,true,FixedHeight,false,false,false,false,,true,false,false,,40,,380.0,401,Android,4.3.62,Clinton Spark,0BMCE8B0112XGP,,,0C0AF8NB33038T,,,121.5,23.604368,11.5,1.9104973,2.0,2,0,Clinton Spark,0BMCE8B0112XGP,,,Android,4.3.62
2025-11-19T04:23:43.006Z,72.3,14.15356841154083,121.26244652911686,7.2,11.5,2.9,22.085205,0.1,0.1,0.0,0.9,0.0,1.3,-1.2,0.0,-90.7,GPSAtti,AutoFly,None,true,Already,14,5,Spark,true,false,Standby,Smart,false,true,false,None,true,MonitorError,false,false,false,false,false,false,false,false,false,false,0,YawFollow,-85.0,0.0,-90.2,false,false,false,false,false,false,false,,,,1024,1024,1024,1615,88,11.321,0.0,0,0,3,false,3.766,3.816,3.804,0.05,0.053,0.0,0.0,0.0,14.15359954679567,121.26241599943363,14.885205,380.0,true,FixedHeight,false,false,false,false,,true,false,false,,40,,380.0,401,Android,4.3.62,Clinton Spark,0BMCE8B0112XGP,,,0C0AF8NB33038T,,,121.5,23.604368,11.5,1.9104973,2.0,2,0,Clinton Spark,0BMCE8B0112XGP,,,Android,4.3.62
2025-11-19T04:23:43.006Z,72.4,14.153568555853537,121.26244649750022,7.2,11.5,2.9,22.085205,0.0,0.1,0.0,0.9,0.0,1.3,-1.4,-0.9,-90.7,GPSAtti,AutoFly,None,true,Already,14,5,Spark,true,false,Standby,Smart,false,true,false,None,true,MonitorError,false,false,false,false,false,false,false,false,false,false,0,YawFollow,-85.0,0.0,-90.2,false,false,false,false,false,false,false,,,,1024,1024,1024,1615,88,11.321,0.0,0,0,3,false,3.766,3.816,3.804,0.05,0.053,0.0,0.0,0.0,14.15359954679567,121.26241599943363,14.885205,380.0,true,FixedHeight,false,false,false,false,,true,false,false,,40,,380.0,401,Android,4.3.62,Clinton Spark,0BMCE8B0112XGP,,,0C0AF8NB33038T,,,121.5,23.604368,11.5,1.9104973,2.0,2,0,Clinton Spark,0BMCE8B0112XGP,,,Android,4.3.62
2025-11-19T04:23:43.006Z,72.5,14.153568677719772,121.26244646771244,7.2,11.5,2.9,22.085205,0.0,0.1,0.0,0.9,0.0,1.3,-1.5,-0.9,-90.7,GPSAtti,AutoFly,None,true,Already,14,5,Spark,true,false,Standby,Smart,false,true,false,None,true,MonitorError,false,false,false,false,false,false,false,false,false,false,0,YawFollow,-85.0,0.0,-90.3,false,false,false,false,false,false,false,,,,1024,1024,1024,1633,88,11.321,0.0,0,0,3,false,3.766,3.816,3.804,0.05,0.053,0.0,0.0,0.0,14.15359954679567,121.26241599943363,14.885205,380.0,true,FixedHeight,false,false,false,false,,true,false,false,,40,,380.0,401,Android,4.3.62,Clinton Spark,0BMCE8B0112XGP,,,0C0AF8NB33038T,,,121.5,23.604368,11.5,1.9104973,2.0,2,0,Clinton Spark,0BMCE8B0112XGP,,,Android,4.3.62
2025-11-19T04:23:43.006Z,72.6,14.153568748946284,121.26244643469765,7.2,11.5,2.9,22.085205,0.0,0.1,0.0,0.9,0.0,1.3,-1.3,-0.4,-90.6,GPSAtti,AutoFly,None,true,Already,14,5,Spark,true,false,Standby,Smart,false,true,false,None,true,MonitorError,false,false,false,false,false,false,false,false,false,false,0,YawFollow,-85.0,0.0,-90.2,false,false,false,false,false,false,false,,,,1024,1024,1024,1633,88,11.321,0.0,0,0,3,false,3.766,3.816,3.804,0.05,0.053,0.0,0.0,0.0,14.15359954679567,121.26241599943363,14.885205,380.0,true,FixedHeight,false,false,false,false,,true,false,false,,40,,380.0,401,Android,4.3.62,Clinton Spark,0BMCE8B0112XGP,,,0C0AF8NB33038T,,,121.5,23.604368,11.5,1.9104973,2.0,2,0,Clinton Spark,0BMCE8B0112XGP,,,Android,4.3.62
2025-11-19T04:23:43.211Z,72.7,14.15356875685075,121.26244642733795,7.2,11.5,2.9,22.085205,0.0,0.1,0.0,0.9,0.0,1.3,-1.4,0.0,-90.7,GPSAtti,AutoFly,None,true,Already,14,5,Spark,true,false,Standby,Smart,false,true,false,None,true,MonitorError,false,false,false,false,false,false,false,false,false,false,0,YawFollow,-85.0,0.0,-91.3,false,false,false,false,false,false,false,,,,1024,1024,1024,1024,88,11.321,0.0,0,0,3,false,3.766,3.816,3.804,0.05,0.053,0.0,0.0,0.0,14.15359954679567,121.26241599943363,14.885205,380.0,true,FixedHeight,false,false,false,false,,true,false,false,,40,,380.0,401,Android,4.3.62,Clinton Spark,0BMCE8B0112XGP,,,0C0AF8NB33038T,,,121.5,23.604368,11.5,1.9104973,2.0,2,0,Clinton Spark,0BMCE8B0112XGP,,,Android,4.3.62
2025-11-19T04:23:43.417Z,72.8,14.153568744732686,121.2624464242589,7.2,11.5,2.9,22.085205,0.0,0.1,0.0,0.9,0.0,1.3,-1.5,0.4,-91.9,GPSAtti,AutoFly,None,true,Already,14,5,Spark,true,false,Standby,Smart,false,true,false,None,true,MonitorError,false,false,false,false,false,false,false,false,false,false,0,YawFollow,-85.0,0.0,-92.2,false,false,false,false,false,false,false,,,,1024,1024,1023,540,87,11.316,0.0,0,0,3,false,3.766,3.816,3.804,0.05,0.053,0.0,0.0,0.0,14.15359954679567,121.26241599943363,14.885205,380.0,true,FixedHeight,false,false,false,false,,true,false,false,,40,,380.0,401,Android,4.3.62,Clinton Spark,0BMCE8B0112XGP,,,0C0AF8NB33038T,,,121.5,23.604368,11.5,1.9104973,2.0,2,0,Clinton Spark,0BMCE8B0112XGP,,,Android,4.3.62
2025-11-19T04:23:43.519Z,72.9,14.153568727138977,121.26244643317801,7.2,11.5,2.9,22.085205,0.0,0.1,0.0,0.9,0.0,1.3,-1.5,0.7,-93.7,GPSAtti,AutoFly,None,true,Already,14,5,Spark,true,false,Standby,Smart,false,true,false,None,true,MonitorError,false,false,false,false,false,false,false,false,false,false,0,YawFollow,-85.0,0.0,-93.1,false,false,false,false,false,false,false,,,,1024,1024,1024,1024,87,11.316,0.0,0,0,3,false,3.766,3.816,3.804,0.05,0.053,0.0,0.0,0.0,14.15359954679567,121.26241599943363,14.885205,380.0,true,FixedHeight,false,false,false,false,,true,false,false,,40,,380.0,401,Android,4.3.62,Clinton Spark,0BMCE8B0112XGP,,,0C0AF8NB33038T,,,121.5,23.604368,11.5,1.9104973,2.0,2,0,Clinton Spark,0BMCE8B0112XGP,,,Android,4.3.62
2025-11-19T04:23:43.621Z,73.0,14.15356870036003,121.26244645828754,7.2,11.5,2.9,22.085205,0.0,0.1,0.0,0.9,0.0,1.3,-1.4,0.7,-93.7,GPSAtti,AutoFly,None,true,Already,14,5,Spark,true,false,Standby,Smart,false,true,false,None,true,MonitorError,false,false,false,false,false,false,false,false,false,false,0,YawFollow,-85.0,0.0,-91.8,false,false,false,false,false,false,false,,,,1024,1024,1024,1024,87,11.316,0.0,0,0,3,false,3.766,3.816,3.804,0.05,0.053,0.0,0.0,0.0,14.15359954679567,121.26241599943363,14.885205,380.0,true,FixedHeight,false,false,false,false,,true,false,false,,40,,380.0,401,Android,4.3.62,Clinton Spark,0BMCE8B0112XGP,,,0C0AF8NB33038T,,,121.5,23.604368,11.5,1.9104973,2.0,2,0,Clinton Spark,0BMCE8B0112XGP,,,Android,4.3.62
2025-11-19T04:23:43.723Z,73.1,14.153568679524902,121.26244649803034,7.2,11.5,3.0,22.085205,0.0,0.1,0.0,0.9,0.0,1.3,-1.6,0.4,-91.9,GPSAtti,AutoFly,None,true,Already,14,5,Spark,true,false,Standby,Smart,false,true,false,None,true,MonitorError,false,false,false,false,false,false,false,false,false,false,0,YawFollow,-85.0,0.0,-89.0,false,false,false,false,false,false,false,,,,1024,1024,1024,571,87,11.316,0.0,0,0,3,false,3.766,3.816,3.804,0.05,0.053,0.0,0.0,0.0,14.15359954679567,121.26241599943363,14.885205,380.0,true,FixedHeight,false,false,false,false,,true,false,false,,40,,380.0,401,Android,4.3.62,Clinton Spark,0BMCE8B0112XGP,,,0C0AF8NB33038T,,,121.5,23.604368,11.5,1.9104973,2.0,2,0,Clinton Spark,0BMCE8B0112XGP,,,Android,4.3.62
2025-11-19T04:23:43.723Z,73.2,14.153568634818415,121.26244655744019,7.2,11.5,3.0,22.085205,0.0,0.1,0.0,0.9,0.0,1.3,-1.7,0.3,-86.3,GPSAtti,AutoFly,None,true,Already,14,5,Spark,true,false,Standby,Smart,false,true,false,None,true,MonitorError,false,false,false,false,false,false,false,false,false,false,0,YawFollow,-85.0,0.0,-84.9,false,false,false,false,false,false,false,,,,1024,1024,1024,571,87,11.316,0.0,0,0,3,false,3.766,3.816,3.804,0.05,0.053,0.0,0.0,0.0,14.15359954679567,121.26241599943363,14.885205,380.0,true,FixedHeight,false,false,false,false,,true,false,false,,40,,380.0,401,Android,4.3.62,Clinton Spark,0BMCE8B0112XGP,,,0C0AF8NB33038T,,,121.5,23.604368,11.5,1.9104973,2.0,2,0,Clinton Spark,0BMCE8B0112XGP,,,Android,4.3.62
2025-11-19T04:23:43.826Z,73.3,14.15356858580388,121.26244661656072,7.2,11.5,3.0,22.085205,0.0,0.1,0.0,0.9,0.0,1.3,-1.6,0.1,-80.0,GPSAtti,AutoFly,None,true,Already,14,5,Spark,true,false,Standby,Smart,false,true,false,None,true,MonitorError,false,false,false,false,false,false,false,false,false,false,0,YawFollow,-85.0,0.0,-81.9,false,false,false,false,false,false,false,,,,1024,1024,1024,1024,87,11.316,0.0,0,0,3,false,3.766,3.816,3.804,0.05,0.053,0.0,0.0,0.0,14.15359954679567,121.26241599943363,14.885205,380.0,true,FixedHeight,false,false,false,false,,true,false,false,,40,,380.0,401,Android,4.3.62,Clinton Spark,0BMCE8B0112XGP,,,0C0AF8NB33038T,,,121.5,23.604368,11.5,1.9104973,2.0,2,0,Clinton Spark,0BMCE8B0112XGP,,,Android,4.3.62
2025-11-19T04:23:44.133Z,73.4,14.153568546452531,121.26244666358588,7.2,11.5,3.0,22.085205,0.0,0.1,0.0,0.9,0.0,1.3,-1.8,0.1,-76.1,GPSAtti,AutoFly,None,true,Already,14,5,Spark,true,false,Standby,Smart,false,true,false,None,true,MonitorError,false,false,false,false,false,false,false,false,false,false,0,YawFollow,-85.0,0.0,-78.6,false,false,false,false,false,false,false,,,,1024,1024,1024,1024,87,11.316,0.0,0,0,3,false,3.766,3.816,3.804,0.05,0.053,0.0,0.0,0.0,14.15359954679567,121.26241599943363,14.885205,380.0,true,FixedHeight,false,false,false,false,,true,false,false,,40,,380.0,401,Android,4.3.62,Clinton Spark,0BMCE8B0112XGP,,,0C0AF8NB33038T,,,121.5,23.604368,11.5,1.9104973,2.0,2,0,Clinton Spark,0BMCE8B0112XGP,,,Android,4.3.62
2025-11-19T04:23:44.236Z,73.5,14.153568524668021,121.26244668667218,7.2,11.5,3.0,22.085205,0.0,0.1,0.0,0.9,0.0,1.3,-1.6,0.5,-76.0,GPSAtti,AutoFly,None,true,Already,14,5,Spark,true,false,Standby,Smart,false,true,false,None,true,MonitorError,false,false,false,false,false,false,false,false,false,false,0,YawFollow,-85.0,0.0,-78.2,false,false,false,false,false,false,false,,,,1024,1024,1024,1024,87,11.316,0.0,0,0,3,false,3.766,3.816,3.804,0.05,0.053,0.0,0.0,0.0,14.15359954679567,121.26241599943363,14.885205,380.0,true,FixedHeight,false,false,false,false,,true,false,false,,40,,380.0,401,Android,4.3.62,Clinton Spark,0BMCE8B0112XGP,,,0C0AF8NB33038T,,,121.5,23.604368,11.5,1.9104973,2.0,2,0,Clinton Spark,0BMCE8B0112XGP,,,Android,4.3.62
2025-11-19T04:23:44.236Z,73.6,14.153568514926668,121.26244671351121,7.2,11.5,3.1,22.085205,0.0,0.1,0.0,0.9,0.0,1.3,-1.4,0.9,-75.8,GPSAtti,AutoFly,None,true,Already,14,5,Spark,true,false,Standby,Smart,false,true,false,None,true,MonitorError,false,false,false,false,false,false,false,false,false,false,0,YawFollow,-85.0,0.0,-79.2,false,false,false,false,false,false,false,,,,1024,1024,1024,1024,87,11.316,0.0,0,0,3,false,3.766,3.816,3.804,0.05,0.053,0.0,0.0,0.0,14.15359954679567,121.26241599943363,14.885205,380.0,true,FixedHeight,false,false,false,false,,true,false,false,,40,,380.0,401,Android,4.3.62,Clinton Spark,0BMCE8B0112XGP,,,0C0AF8NB33038T,,,121.5,23.604368,11.5,1.9104973,2.0,2,0,Clinton Spark,0BMCE8B0112XGP,,,Android,4.3.62
2025-11-19T04:23:44.339Z,73.7,14.153568518062238,121.2624467486575,7.2,11.5,3.1,22.085205,0.0,0.1,0.0,0.9,0.0,1.3,-1.1,1.2,-77.7,GPSAtti,AutoFly,None,true,Already,14,5,Spark,true,false,Standby,Smart,false,true,false,None,true,MonitorError,false,false,false,false,false,false,false,false,false,false,0,YawFollow,-85.0,0.0,-78.8,false,false,false,false,false,false,false,,,,1024,1024,1024,1024,87,11.316,0.0,0,0,3,false,3.766,3.816,3.804,0.05,0.053,0.0,0.0,0.0,14.15359954679567,121.26241599943363,14.885205,380.0,true,FixedHeight,false,false,false,false,,true,false,false,,40,,380.0,401,Android,4.3.62,Clinton Spark,0BMCE8B0112XGP,,,0C0AF8NB33038T,,,121.5,23.604368,11.5,1.9104973,2.0,2,0,Clinton Spark,0BMCE8B0112XGP,,,Android,4.3.62
2025-11-19T04:23:44.441Z,73.8,14.153568545952599,121.26244680022617,7.2,11.5,3.1,22.085205,0.0,0.1,0.0,0.9,0.0,1.3,-1.3,0.7,-79.3,GPSAtti,AutoFly,None,true,Already,14,5,Spark,true,false,Standby,Smart,false,true,false,None,true,MonitorError,false,false,false,false,false,false,false,false,false,false,0,YawFollow,-85.0,0.0,-80.3,false,false,false,false,false,false,false,,,,1024,1024,1024,1024,87,11.327,0.0,0,0,3,false,3.766,3.816,3.804,0.05,0.053,0.0,0.0,0.0,14.15359954679567,121.26241599943363,14.885205,380.0,true,FixedHeight,false,false,false,false,,true,false,false,,40,,380.0,401,Android,4.3.62,Clinton Spark,0BMCE8B0112XGP,,,0C0AF8NB33038T,,,121.5,23.604368,11.5,1.9104973,2.0,2,0,Clinton Spark,0BMCE8B0112XGP,,,Android,4.3.62
2025-11-19T04:23:44.543Z,73.9,14.15356859096279,121.26244686051072,7.2,11.5,3.1,22.085205,0.0,0.1,0.0,0.9,0.0,1.3,-1.7,0.1,-79.3,GPSAtti,AutoFly,None,true,Already,14,5,Spark,true,false,Standby,Smart,false,true,false,None,true,MonitorError,false,false,false,false,false,false,false,false,false,false,0,YawFollow,-85.0,0.0,-80.4,false,false,false,false,false,false,false,,,,1024,1024,1024,1024,87,11.327,0.0,0,0,3,false,3.766,3.816,3.804,0.05,0.053,0.0,0.0,0.0,14.15359954679567,121.26241599943363,14.885205,380.0,true,FixedHeight,false,false,false,false,,true,false,false,,40,,380.0,401,Android,4.3.62,Clinton Spark,0BMCE8B0112XGP,,,0C0AF8NB33038T,,,121.5,23.604368,11.5,1.9104973,2.0,2,0,Clinton Spark,0BMCE8B0112XGP,,,Android,4.3.62
2025-11-19T04:23:44.649Z,74.0,14.153568638146956,121.26244691256312,7.2,11.5,3.1,22.085205,0.0,0.1,0.0,0.9,0.0,1.3,-1.8,0.0,-79.4,GPSAtti,AutoFly,None,true,Already,14,5,Spark,true,false,Standby,Smart,false,true,false,None,true,MonitorError,false,false,false,false,false,false,false,false,false,false,0,YawFollow,-85.0,0.0,-81.9,false,false,false,false,false,false,false,,,,1024,1024,1024,1024,87,11.327,0.0,0,0,3,false,3.766,3.816,3.804,0.05,0.053,0.0,0.0,0.0,14.15359954679567,121.26241599943363,14.885205,380.0,true,FixedHeight,false,false,false,false,,true,false,false,,40,,380.0,401,Android,4.3.62,Clinton Spark,0BMCE8B0112XGP,,,0C0AF8NB33038T,,,121.5,23.604368,11.5,1.9104973,2.0,2,0,Clinton Spark,0BMCE8B0112XGP,,,Android,4.3.62
2025-11-19T04:23:44.649Z,74.1,14.15356868186579,121.2624469474068,7.2,11.5,3.1,22.085205,0.0,0.1,0.0,0.9,0.0,1.3,-1.7,0.0,-82.5,GPSAtti,AutoFly,None,true,Already,14,5,Spark,true,false,Standby,Smart,false,true,false,None,true,MonitorError,false,false,false,false,false,false,false,false,false,false,0,YawFollow,-85.0,0.0,-83.0,false,false,false,false,false,false,false,,,,1024,1024,1024,1024,87,11.327,0.0,0,0,3,false,3.766,3.816,3.804,0.05,0.053,0.0,0.0,0.0,14.15359954679567,121.26241599943363,14.885205,380.0,true,FixedHeight,false,false,false,false,,true,false,false,,40,,380.0,401,Android,4.3.62,Clinton Spark,0BMCE8B0112XGP,,,0C0AF8NB33038T,,,121.5,23.604368,11.5,1.9104973,2.0,2,0,Clinton Spark,0BMCE8B0112XGP,,,Android,4.3.62
2025-11-19T04:23:44.751Z,74.2,14.1535687388939,121.26244697876945,7.2,11.5,3.2,22.085205,0.0,0.1,0.0,0.9,0.0,1.3,-1.7,-0.5,-83.7,GPSAtti,AutoFly,None,true,Already,14,5,Spark,true,false,Standby,Smart,false,true,false,None,true,MonitorError,false,false,false,false,false,false,false,false,false,false,0,YawFollow,-85.0,0.0,-84.1,false,false,false,false,false,false,false,,,,1024,1024,1024,1024,87,11.327,0.0,0,0,3,false,3.766,3.816,3.804,0.05,0.053,0.0,0.0,0.0,14.15359954679567,121.26241599943363,14.885205,380.0,true,FixedHeight,false,false,false,false,,true,false,false,,40,,380.0,401,Android,4.3.62,Clinton Spark,0BMCE8B0112XGP,,,0C0AF8NB33038T,,,121.5,23.604368,11.5,1.9104973,2.0,2,0,Clinton Spark,0BMCE8B0112XGP,,,Android,4.3.62
2025-11-19T04:23:44.854Z,74.3,14.153568800877364,121.26244701643817,7.2,11.5,3.2,22.085205,0.0,0.1,0.0,0.9,0.0,1.3,-1.8,-0.8,-83.7,GPSAtti,AutoFly,None,true,Already,14,5,Spark,true,false,Standby,Smart,false,true,false,None,true,MonitorError,false,false,false,false,false,false,false,false,false,false,0,YawFollow,-85.0,0.0,-84.1,false,false,false,false,false,false,false,,,,1024,1024,1024,1024,87,11.327,0.0,0,0,3,false,3.766,3.816,3.804,0.05,0.053,0.0,0.0,0.0,14.15359954679567,121.26241599943363,14.885205,380.0,true,FixedHeight,false,false,false,false,,true,false,false,,40,,380.0,401,Android,4.3.62,Clinton Spark,0BMCE8B0112XGP,,,0C0AF8NB33038T,,,121.5,23.604368,11.5,1.9104973,2.0,2,0,Clinton Spark,0BMCE8B0112XGP,,,Android,4.3.62
2025-11-19T04:23:45.059Z,74.4,14.153568846591858,121.262447034135,7.2,11.5,3.3,22.085205,0.0,0.1,0.0,0.9,0.0,1.3,-1.8,-0.7,-83.7,GPSAtti,AutoFly,None,true,Already,14,5,Spark,true,false,Standby,Smart,false,true,false,None,true,MonitorError,false,false,false,false,false,false,false,false,false,false,0,YawFollow,-85.0,0.0,-84.2,false,false,false,false,false,false,false,,,,1024,1024,1024,1024,87,11.327,0.0,0,0,3,false,3.766,3.816,3.804,0.05,0.053,0.0,0.0,0.0,14.15359954679567,121.26241599943363,14.885205,380.0,true,FixedHeight,false,false,false,false,,true,false,false,,40,,380.0,401,Android,4.3.62,Clinton Spark,0BMCE8B0112XGP,,,0C0AF8NB33038T,,,121.5,23.604368,11.5,1.9104973,2.0,2,0,Clinton Spark,0BMCE8B0112XGP,,,Android,4.3.62
2025-11-19T04:23:45.366Z,74.5,14.153568877093427,121.26244703665523,7.2,11.5,3.3,22.085205,0.0,0.1,0.0,0.9,0.0,1.3,-1.8,-0.5,-83.6,GPSAtti,AutoFly,None,true,Already,14,5,Spark,true,false,Standby,Smart,false,true,false,None,true,MonitorError,false,false,false,false,false,false,false,false,false,false,0,YawFollow,-85.0,0.0,-84.2,false,false,false,false,false,false,false,,,,1024,1024,1024,1024,87,11.327,0.0,0,0,3,false,3.766,3.816,3.804,0.05,0.053,0.0,0.0,0.0,14.15359954679567,121.26241599943363,14.885205,380.0,true,FixedHeight,false,false,false,false,,true,false,false,,40,,380.0,401,Android,4.3.62,Clinton Spark,0BMCE8B0112XGP,,,0C0AF8NB33038T,,,121.5,23.604368,11.5,1.9104973,2.0,2,0,Clinton Spark,0BMCE8B0112XGP,,,Android,4.3.62
2025-11-19T04:23:45.571Z,74.6,14.153568907539631,121.26244701913731,7.2,11.5,3.4,22.085205,0.0,0.1,0.0,0.9,0.0,1.3,-1.7,-0.3,-83.6,GPSAtti,AutoFly,None,true,Already,14,5,Spark,true,false,Standby,Smart,false,true,false,None,true,MonitorError,false,false,false,false,false,false,false,false,false,false,0,YawFollow,-85.0,0.0,-84.1,false,false,false,false,false,false,false,,,,1024,1024,1024,1024,87,11.327,0.0,0,0,3,false,3.766,3.816,3.804,0.05,0.053,0.0,0.0,0.0,14.15359954679567,121.26241599943363,14.885205,380.0,true,FixedHeight,false,false,false,false,,true,false,false,,40,,380.0,401,Android,4.3.62,Clinton Spark,0BMCE8B0112XGP,,,0C0AF8NB33038T,,,121.5,23.604368,11.5,1.9104973,2.0,2,0,Clinton Spark,0BMCE8B0112XGP,,,Android,4.3.62
2025-11-19T04:23:45.571Z,74.7,14.153568940912962,121.26244700172761,7.2,11.5,3.4,22.085205,0.0,0.1,0.0,0.9,0.0,1.3,-1.8,-0.4,-83.7,GPSAtti,AutoFly,None,true,Already,14,5,Spark,true,false,Standby,Smart,false,true,false,None,true,MonitorError,false,false,false,false,false,false,false,false,false,false,0,YawFollow,-85.0,0.0,-84.1,false,false,false,false,false,false,false,,,,1024,1024,1024,1024,87,11.327,0.0,0,0,3,false,3.766,3.816,3.804,0.05,0.053,0.0,0.0,0.0,14.15359954679567,121.26241599943363,14.885205,380.0,true,FixedHeight,false,false,false,false,,true,false,false,,40,,380.0,401,Android,4.3.62,Clinton Spark,0BMCE8B0112XGP,,,0C0AF8NB33038T,,,121.5,23.604368,11.5,1.9104973,2.0,2,0,Clinton Spark,0BMCE8B0112XGP,,,Android,4.3.62
2025-11-19T04:23:45.675Z,74.8,14.153568980416571,121.26244696909711,7.2,11.5,3.4,22.085205,0.0,0.1,0.0,0.9,0.0,1.3,-1.9,-0.3,-83.7,GPSAtti,AutoFly,None,true,Already,14,5,Spark,true,false,Standby,Smart,false,true,false,None,true,MonitorError,false,false,false,false,false,false,false,false,false,false,0,YawFollow,-85.0,0.0,-84.2,false,false,false,false,false,false,false,,,,1024,1024,1024,1024,87,11.347,0.0,0,0,3,false,3.766,3.816,3.804,0.05,0.053,0.0,0.0,0.0,14.15359954679567,121.26241599943363,14.885205,380.0,true,FixedHeight,false,false,false,false,,true,false,false,,40,,380.0,401,Android,4.3.62,Clinton Spark,0BMCE8B0112XGP,,,0C0AF8NB33038T,,,121.5,23.604368,11.5,1.9104973,2.0,2,0,Clinton Spark,0BMCE8B0112XGP,,,Android,4.3.62
2025-11-19T04:23:45.777Z,74.9,14.153569032027661,121.26244693752906,7.2,11.5,3.4,22.085205,0.0,0.1,0.0,0.9,0.0,1.3,-1.8,-0.7,-83.7,GPSAtti,AutoFly,None,true,Already,14,5,Spark,true,false,Standby,Smart,false,true,false,None,true,MonitorError,false,false,false,false,false,false,false,false,false,false,0,YawFollow,-85.0,0.0,-84.2,false,false,false,false,false,false,false,,,,1024,1024,1024,1024,87,11.347,0.0,0,0,3,false,3.766,3.816,3.804,0.05,0.053,0.0,0.0,0.0,14.15359954679567,121.26241599943363,14.885205,380.0,true,FixedHeight,false,false,false,false,,true,false,false,,40,,380.0,401,Android,4.3.62,Clinton Spark,0BMCE8B0112XGP,,,0C0AF8NB33038T,,,121.5,23.604368,11.5,1.9104973,2.0,2,0,Clinton Spark,0BMCE8B0112XGP,,,Android,4.3.62
2025-11-19T04:23:45.879Z,75.0,14.153569091426784,121.26244689508935,7.2,11.5,3.4,22.085205,0.0,0.1,0.0,0.9,0.0,1.3,-1.8,-1.1,-83.7,GPSAtti,AutoFly,None,true,Already,14,5,Spark,true,false,Standby,Smart,false,true,false,None,true,MonitorError,false,false,false,false,false,false,false,false,false,false,0,YawFollow,-85.0,0.0,-84.2,false,false,false,false,false,false,false,,,,1024,1024,1024,1024,87,11.347,0.0,0,0,3,false,3.766,3.816,3.804,0.05,0.053,0.0,0.0,0.0,14.15359954679567,121.26241599943363,14.885205,380.0,true,FixedHeight,false,false,false,false,,true,false,false,,40,,380.0,401,Android,4.3.62,Clinton Spark,0BMCE8B0112XGP,,,0C0AF8NB33038T,,,121.5,23.604368,11.5,1.9104973,2.0,2,0,Clinton Spark,0BMCE8B0112XGP,,,Android,4.3.62
2025-11-19T04:23:45.879Z,75.1,14.153569139956858,121.26244685913463,7.2,11.5,3.4,22.085205,0.0,0.1,0.0,0.9,0.0,1.3,-1.9,-1.1,-83.7,GPSAtti,AutoFly,None,true,Already,14,5,Spark,true,false,Standby,Smart,false,true,false,None,true,MonitorError,false,false,false,false,false,false,false,false,false,false,0,YawFollow,-85.0,0.0,-84.2,false,false,false,false,false,false,false,,,,1024,1024,1024,1024,87,11.347,0.0,0,0,3,false,3.766,3.816,3.804,0.05,0.053,0.0,0.0,0.0,14.15359954679567,121.26241599943363,14.885205,380.0,true,FixedHeight,false,false,false,false,,true,false,false,,40,,380.0,401,Android,4.3.62,Clinton Spark,0BMCE8B0112XGP,,,0C0AF8NB33038T,,,121.5,23.604368,11.5,1.9104973,2.0,2,0,Clinton Spark,0BMCE8B0112XGP,,,Android,4.3.62
2025-11-19T04:23:45.981Z,75.2,14.153569182407136,121.26244679389796,7.2,11.5,3.4,22.085205,0.0,0.1,0.0,0.9,0.0,1.3,-1.7,-1.0,-83.8,GPSAtti,AutoFly,None,true,Already,14,5,Spark,true,false,Standby,Smart,false,true,false,None,true,MonitorError,false,false,false,false,false,false,false,false,false,false,0,YawFollow,-85.0,0.0,-84.2,false,false,false,false,false,false,false,,,,1024,1024,1024,1024,87,11.347,0.0,0,0,3,false,3.766,3.816,3.804,0.05,0.053,0.0,0.0,0.0,14.15359954679567,121.26241599943363,14.885205,380.0,true,FixedHeight,false,false,false,false,,true,false,false,,40,,380.0,401,Android,4.3.62,Clinton Spark,0BMCE8B0112XGP,,,0C0AF8NB33038T,,,121.5,23.604368,11.5,1.9104973,2.0,2,0,Clinton Spark,0BMCE8B0112XGP,,,Android,4.3.62
2025-11-19T04:23:45.981Z,75.3,14.153569212595231,121.26244672072733,7.2,11.5,3.4,22.085205,0.0,0.1,0.0,0.9,0.0,1.3,-1.5,-1.1,-83.9,GPSAtti,AutoFly,None,true,Already,14,5,Spark,true,false,Standby,Smart,false,true,false,None,true,MonitorError,false,false,false,false,false,false,false,false,false,false,0,YawFollow,-85.0,0.0,-84.2,false,false,false,false,false,false,false,,,,1024,1024,1024,1024,87,11.347,0.0,0,0,3,false,3.766,3.816,3.804,0.05,0.053,0.0,0.0,0.0,14.15359954679567,121.26241599943363,14.885205,380.0,true,FixedHeight,false,false,false,false,,true,false,false,,40,,380.0,401,Android,4.3.62,Clinton Spark,0BMCE8B0112XGP,,,0C0AF8NB33038T,,,121.5,23.604368,11.5,1.9104973,2.0,2,0,Clinton Spark,0BMCE8B0112XGP,,,Android,4.3.62
2025-11-19T04:23:46.082Z,75.4,14.153569216437544,121.26244665973597,7.2,11.5,3.3,22.085205,0.0,0.1,0.0,0.9,0.0,1.3,-1.5,-1.2,-83.8,GPSAtti,AutoFly,None,true,Already,14,5,Spark,true,false,Standby,Smart,false,true,false,None,true,MonitorError,false,false,false,false,false,false,false,false,false,false,0,YawFollow,-85.0,0.0,-84.3,false,false,false,false,false,false,false,,,,1024,988,1024,1024,87,11.347,0.0,0,0,3,false,3.766,3.816,3.804,0.05,0.053,0.0,0.0,0.0,14.15359954679567,121.26241599943363,14.885205,380.0,true,FixedHeight,false,false,false,false,,true,false,false,,40,,380.0,401,Android,4.3.62,Clinton Spark,0BMCE8B0112XGP,,,0C0AF8NB33038T,,,121.5,23.604368,11.5,1.9104973,2.0,2,0,Clinton Spark,0BMCE8B0112XGP,,,Android,4.3.62
2025-11-19T04:23:46.286Z,75.5,14.153569192173729,121.26244661994018,7.2,11.5,3.3,22.085205,0.0,0.1,0.0,0.9,0.0,1.3,-1.4,-1.1,-83.8,GPSAtti,AutoFly,None,true,Already,14,5,Spark,true,false,Standby,Smart,false,true,false,None,true,MonitorError,false,false,false,false,false,false,false,false,false,false,0,YawFollow,-85.0,0.0,-84.3,false,false,false,false,false,false,false,,,,1024,1024,1024,1024,87,11.347,0.0,0,0,3,false,3.766,3.816,3.804,0.05,0.053,0.0,0.0,0.0,14.15359954679567,121.26241599943363,14.885205,380.0,true,FixedHeight,false,false,false,false,,true,false,false,,40,,380.0,401,Android,4.3.62,Clinton Spark,0BMCE8B0112XGP,,,0C0AF8NB33038T,,,121.5,23.604368,11.5,1.9104973,2.0,2,0,Clinton Spark,0BMCE8B0112XGP,,,Android,4.3.62
2025-11-19T04:23:46.286Z,75.6,14.15356914156739,121.26244658093732,7.2,11.5,3.3,22.085205,0.0,0.1,0.0,0.9,0.0,1.3,-1.5,-0.9,-83.7,GPSAtti,AutoFly,None,true,Already,14,5,Spark,true,false,Standby,Smart,false,true,false,None,true,MonitorError,false,false,false,false,false,false,false,false,false,false,0,YawFollow,-85.0,0.0,-84.3,false,false,false,false,false,false,false,,,,1024,1024,1024,1024,87,11.347,0.0,0,0,3,false,3.766,3.816,3.804,0.05,0.053,0.0,0.0,0.0,14.15359954679567,121.26241599943363,14.885205,380.0,true,FixedHeight,false,false,false,false,,true,false,false,,40,,380.0,401,Android,4.3.62,Clinton Spark,0BMCE8B0112XGP,,,0C0AF8NB33038T,,,121.5,23.604368,11.5,1.9104973,2.0,2,0,Clinton Spark,0BMCE8B0112XGP,,,Android,4.3.62
2025-11-19T04:23:46.389Z,75.7,14.153569080603331,121.26244653909177,7.2,11.5,3.4,22.085205,0.0,0.1,0.0,0.9,0.0,1.3,-1.6,-0.7,-83.6,GPSAtti,AutoFly,None,true,Already,14,5,Spark,true,false,Standby,Smart,false,true,false,None,true,MonitorError,false,false,false,false,false,false,false,false,false,false,0,YawFollow,-85.0,0.0,-84.3,false,false,false,false,false,false,false,,,,1024,1024,1024,1024,87,11.347,0.0,0,0,3,false,3.766,3.816,3.804,0.05,0.053,0.0,0.0,0.0,14.15359954679567,121.26241599943363,14.885205,380.0,true,FixedHeight,false,false,false,false,,true,false,false,,40,,380.0,401,Android,4.3.62,Clinton Spark,0BMCE8B0112XGP,,,0C0AF8NB33038T,,,121.5,23.604368,11.5,1.9104973,2.0,2,0,Clinton Spark,0BMCE8B0112XGP,,,Android,4.3.62
2025-11-19T04:23:46.491Z,75.8,14.153568986266757,121.2624465144284,7.2,11.5,3.4,22.085205,0.0,0.1,0.0,0.9,0.0,1.3,-1.7,0.2,-83.6,GPSAtti,AutoFly,None,true,Already,14,5,Spark,true,false,Standby,Smart,false,true,false,None,true,MonitorError,false,false,false,false,false,false,false,false,false,false,0,YawFollow,-85.0,0.0,-84.2,false,false,false,false,false,false,false,,,,1024,1024,1024,1024,87,11.351,0.0,0,0,3,false,3.766,3.816,3.804,0.05,0.053,0.0,0.0,0.0,14.15359954679567,121.26241599943363,14.885205,380.0,true,FixedHeight,false,false,false,false,,true,false,false,,40,,380.0,401,Android,4.3.62,Clinton Spark,0BMCE8B0112XGP,,,0C0AF8NB33038T,,,121.5,23.604368,11.5,1.9104973,2.0,2,0,Clinton Spark,0BMCE8B0112XGP,,,Android,4.3.62
2025-11-19T04:23:46.695Z,75.9,14.15356888535534,121.26244649702974,7.2,11.5,3.4,22.085205,0.0,0.1,0.0,0.9,0.0,1.3,-1.6,1.1,-83.6,GPSAtti,AutoFly,None,true,Already,14,5,Spark,true,false,Standby,Smart,false,true,false,None,true,MonitorError,false,false,false,false,false,false,false,false,false,false,0,YawFollow,-85.0,0.0,-84.1,false,false,false,false,false,false,false,,,,1024,1024,1024,1024,87,11.351,0.0,0,0,3,false,3.766,3.816,3.804,0.05,0.053,0.0,0.0,0.0,14.15359954679567,121.26241599943363,14.885205,380.0,true,FixedHeight,false,false,false,false,,true,false,false,,40,,380.0,401,Android,4.3.62,Clinton Spark,0BMCE8B0112XGP,,,0C0AF8NB33038T,,,121.5,23.604368,11.5,1.9104973,2.0,2,0,Clinton Spark,0BMCE8B0112XGP,,,Android,4.3.62
2025-11-19T04:23:46.695Z,76.0,14.153568778549769,121.26244647879395,7.2,11.5,3.4,22.085205,0.0,0.1,0.0,0.9,0.0,1.3,-1.8,1.2,-83.7,GPSAtti,AutoFly,None,true,Already,14,5,Spark,true,false,Standby,Smart,false,true,false,None,true,MonitorError,false,false,false,false,false,false,false,false,false,false,0,YawFollow,-85.0,0.0,-84.1,false,false,false,false,false,false,false,,,,1024,1024,1024,1024,87,11.351,0.0,0,0,3,false,3.766,3.816,3.804,0.05,0.053,0.0,0.0,0.0,14.15359954679567,121.26241599943363,14.885205,380.0,true,FixedHeight,false,false,false,false,,true,false,false,,40,,380.0,401,Android,4.3.62,Clinton Spark,0BMCE8B0112XGP,,,0C0AF8NB33038T,,,121.5,23.604368,11.5,1.9104973,2.0,2,0,Clinton Spark,0BMCE8B0112XGP,,,Android,4.3.62
2025-11-19T04:23:46.898Z,76.1,14.153568697305069,121.26244644584763,7.2,11.5,3.4,22.085205,0.0,0.1,0.0,0.9,0.0,1.3,-1.7,0.8,-83.7,GPSAtti,AutoFly,None,true,Already,14,5,Spark,true,false,Standby,Smart,false,true,false,None,true,MonitorError,false,false,false,false,false,false,false,false,false,false,0,YawFollow,-85.0,0.0,-84.2,false,false,false,false,false,false,false,,,,1024,1024,1024,1024,87,11.351,0.0,0,0,3,false,3.766,3.816,3.804,0.05,0.053,0.0,0.0,0.0,14.15359954679567,121.26241599943363,14.885205,380.0,true,FixedHeight,false,false,false,false,,true,false,false,,40,,380.0,401,Android,4.3.62,Clinton Spark,0BMCE8B0112XGP,,,0C0AF8NB33038T,,,121.5,23.604368,11.5,1.9104973,2.0,2,0,Clinton Spark,0BMCE8B0112XGP,,,Android,4.3.62
2025-11-19T04:23:46.898Z,76.2,14.153568639221728,121.26244642844011,7.2,11.5,3.4,22.085205,0.0,0.1,0.0,0.9,0.0,1.3,-1.8,0.5,-83.7,GPSAtti,AutoFly,None,true,Already,14,5,Spark,true,false,Standby,Smart,false,true,false,None,true,MonitorError,false,false,false,false,false,false,false,false,false,false,0,YawFollow,-85.0,0.0,-84.2,false,false,false,false,false,false,false,,,,1024,1024,1024,1024,87,11.351,0.0,0,0,3,false,3.766,3.816,3.804,0.05,0.053,0.0,0.0,0.0,14.15359954679567,121.26241599943363,14.885205,380.0,true,FixedHeight,false,false,false,false,,true,false,false,,40,,380.0,401,Android,4.3.62,Clinton Spark,0BMCE8B0112XGP,,,0C0AF8NB33038T,,,121.5,23.604368,11.5,1.9104973,2.0,2,0,Clinton Spark,0BMCE8B0112XGP,,,Android,4.3.62
2025-11-19T04:23:47Z,76.3,14.15356861222457,121.26244641126014,7.2,11.5,3.4,22.085205,0.0,0.1,0.0,0.9,0.0,1.3,-1.8,0.0,-83.7,GPSAtti,AutoFly,None,true,Already,14,5,Spark,true,false,Standby,Smart,false,true,false,None,true,MonitorError,false,false,false,false,false,false,false,false,false,false,0,YawFollow,-85.0,0.0,-84.3,false,false,false,false,false,false,false,,,,1024,1024,1024,1024,87,11.351,0.0,0,0,3,false,3.766,3.816,3.804,0.05,0.053,0.0,0.0,0.0,14.15359954679567,121.26241599943363,14.885205,380.0,true,FixedHeight,false,false,false,false,,true,false,false,,40,,380.0,401,Android,4.3.62,Clinton Spark,0BMCE8B0112XGP,,,0C0AF8NB33038T,,,121.5,23.604368,11.5,1.9104973,2.0,2,0,Clinton Spark,0BMCE8B0112XGP,,,Android,4.3.62
2025-11-19T04:23:47.102Z,76.4,14.15356860902142,121.26244638296552,7.2,11.5,3.4,22.085205,0.0,0.1,0.0,0.9,0.0,1.3,-1.7,-0.8,-83.6,GPSAtti,AutoFly,None,true,Already,14,5,Spark,true,false,Standby,Smart,false,true,false,None,true,MonitorError,false,false,false,false,false,false,false,false,false,false,0,YawFollow,-85.0,0.0,-84.3,false,false,false,false,false,false,false,,,,1024,1024,1024,1024,87,11.351,0.0,0,0,3,false,3.766,3.816,3.804,0.05,0.053,0.0,0.0,0.0,14.15359954679567,121.26241599943363,14.885205,380.0,true,FixedHeight,false,false,false,false,,true,false,false,,40,,380.0,401,Android,4.3.62,Clinton Spark,0BMCE8B0112XGP,,,0C0AF8NB33038T,,,121.5,23.604368,11.5,1.9104973,2.0,2,0,Clinton Spark,0BMCE8B0112XGP,,,Android,4.3.62
2025-11-19T04:23:47.306Z,76.5,14.153568596685957,121.26244633800998,7.2,11.5,3.4,22.085205,0.0,0.1,0.0,0.9,0.0,1.3,1.0,-0.6,-83.6,GPSAtti,AutoFly,None,true,Already,14,5,Spark,true,false,Standby,Smart,false,true,false,None,true,MonitorError,false,false,false,false,false,false,false,false,false,false,0,YawFollow,-85.0,0.0,-84.4,false,false,false,false,false,false,false,,,,1024,1024,1024,1024,87,11.351,0.0,0,0,3,false,3.766,3.816,3.804,0.05,0.053,0.0,0.0,0.0,14.15359954679567,121.26241599943363,14.885205,380.0,true,FixedHeight,false,false,false,false,,true,false,false,,40,,380.0,401,Android,4.3.62,Clinton Spark,0BMCE8B0112XGP,,,0C0AF8NB33038T,,,121.5,23.604368,11.5,1.9104973,2.0,2,0,Clinton Spark,0BMCE8B0112XGP,,,Android,4.3.62
2025-11-19T04:23:47.306Z,76.6,14.153568550203651,121.26244631675699,7.2,11.5,3.3,22.085205,0.0,0.1,0.0,0.9,0.0,1.3,-0.9,-0.1,-83.5,GPSAtti,AutoFly,None,true,Already,14,5,Spark,true,false,Standby,Smart,false,true,false,None,true,MonitorError,false,false,false,false,false,false,false,false,false,false,0,YawFollow,-85.0,0.0,-84.2,false,false,false,false,false,false,false,,,,1024,1024,1024,1024,87,11.351,0.0,0,0,3,false,3.766,3.816,3.804,0.05,0.053,0.0,0.0,0.0,14.15359954679567,121.26241599943363,14.885205,380.0,true,FixedHeight,false,false,false,false,,true,false,false,,40,,380.0,401,Android,4.3.62,Clinton Spark,0BMCE8B0112XGP,,,0C0AF8NB33038T,,,121.5,23.604368,11.5,1.9104973,2.0,2,0,Clinton Spark,0BMCE8B0112XGP,,,Android,4.3.62
2025-11-19T04:23:47.408Z,76.7,14.153568473582919,121.2624463020619,7.2,11.5,3.3,22.085205,0.0,0.1,0.0,0.9,0.0,1.3,-1.7,0.7,-83.6,GPSAtti,AutoFly,None,true,Already,14,5,Spark,true,false,Standby,Smart,false,true,false,None,true,MonitorError,false,false,false,false,false,false,false,false,false,false,0,YawFollow,-85.0,0.0,-84.2,false,false,false,false,false,false,false,,,,1024,1024,1024,1024,87,11.351,0.0,0,0,3,false,3.766,3.816,3.804,0.05,0.053,0.0,0.0,0.0,14.15359954679567,121.26241599943363,14.885205,380.0,true,FixedHeight,false,false,false,false,,true,false,false,,40,,380.0,401,Android,4.3.62,Clinton Spark,0BMCE8B0112XGP,,,0C0AF8NB33038T,,,121.5,23.604368,11.5,1.9104973,2.0,2,0,Clinton Spark,0BMCE8B0112XGP,,,Android,4.3.62
2025-11-19T04:23:47.510Z,76.8,14.153568395025152,121.26244629920816,7.2,11.5,3.2,22.085205,0.0,0.1,0.0,0.9,0.0,1.3,-1.8,1.3,-83.7,GPSAtti,AutoFly,None,true,Already,14,5,Spark,true,false,Standby,Smart,false,true,false,None,true,MonitorError,false,false,false,false,false,false,false,false,false,false,0,YawFollow,-85.0,0.0,-84.1,false,false,false,false,false,false,false,,,,1024,1024,1024,1024,87,11.351,0.0,0,0,3,false,3.766,3.816,3.804,0.05,0.053,0.0,0.0,0.0,14.15359954679567,121.26241599943363,14.885205,380.0,true,FixedHeight,false,false,false,false,,true,false,false,,40,,380.0,401,Android,4.3.62,Clinton Spark,0BMCE8B0112XGP,,,0C0AF8NB33038T,,,121.5,23.604368,11.5,1.9104973,2.0,2,0,Clinton Spark,0BMCE8B0112XGP,,,Android,4.3.62
2025-11-19T04:23:47.612Z,76.9,14.153568330102347,121.26244630428836,7.2,11.5,3.2,22.085205,0.0,0.1,0.0,0.9,0.0,1.3,-1.6,1.4,-83.7,GPSAtti,AutoFly,None,true,Already,14,5,Spark,true,false,Standby,Smart,false,true,false,None,true,MonitorError,false,false,false,false,false,false,false,false,false,false,0,YawFollow,-85.0,0.0,-84.2,false,false,false,false,false,false,false,,,,1024,1024,1024,1024,87,11.351,0.0,0,0,3,false,3.766,3.816,3.804,0.05,0.053,0.0,0.0,0.0,14.15359954679567,121.26241599943363,14.885205,380.0,true,FixedHeight,false,false,false,false,,true,false,false,,40,,380.0,401,Android,4.3.62,Clinton Spark,0BMCE8B0112XGP,,,0C0AF8NB33038T,,,121.5,23.604368,11.5,1.9104973,2.0,2,0,Clinton Spark,0BMCE8B0112XGP,,,Android,4.3.62
2025-11-19T04:23:47.612Z,77.0,14.153568295795917,121.26244631377291,7.2,11.5,3.2,22.085205,0.0,0.1,0.0,0.9,0.0,1.3,-1.5,1.2,-83.7,GPSAtti,AutoFly,None,true,Already,14,5,Spark,true,false,Standby,Smart,false,true,false,None,true,MonitorError,false,false,false,false,false,false,false,false,false,false,0,YawFollow,-85.0,0.0,-84.1,false,false,false,false,false,false,false,,,,1024,1024,1024,1024,87,11.351,0.0,0,0,3,false,3.766,3.816,3.804,0.05,0.053,0.0,0.0,0.0,14.15359954679567,121.26241599943363,14.885205,380.0,true,FixedHeight,false,false,false,false,,true,false,false,,40,,380.0,401,Android,4.3.62,Clinton Spark,0BMCE8B0112XGP,,,0C0AF8NB33038T,,,121.5,23.604368,11.5,1.9104973,2.0,2,0,Clinton Spark,0BMCE8B0112XGP,,,Android,4.3.62
2025-11-19T04:23:47.715Z,77.1,14.153568289803243,121.26244631740197,7.3,11.5,3.2,22.185205,0.0,0.1,0.0,0.9,0.0,1.3,-1.7,0.7,-83.7,GPSAtti,AutoFly,None,true,Already,14,5,Spark,true,false,Standby,Smart,false,true,false,None,true,MonitorError,false,false,false,false,false,false,false,false,false,false,0,YawFollow,-85.0,0.0,-84.2,false,false,false,false,false,false,false,,,,1024,1024,1024,1024,87,11.351,0.0,0,0,3,false,3.766,3.816,3.804,0.05,0.053,0.0,0.0,0.0,14.15359954679567,121.26241599943363,14.885205,380.0,true,FixedHeight,false,false,false,false,,true,false,false,,40,,380.0,401,Android,4.3.62,Clinton Spark,0BMCE8B0112XGP,,,0C0AF8NB33038T,,,121.5,23.604368,11.5,1.9104973,2.0,2,0,Clinton Spark,0BMCE8B0112XGP,,,Android,4.3.62
2025-11-19T04:23:47.817Z,77.2,14.153568302342261,121.26244630164885,7.3,11.5,3.2,22.185205,0.0,0.1,0.0,0.9,0.0,1.3,-1.7,0.1,-83.7,GPSAtti,AutoFly,None,true,Already,14,5,Spark,true,false,Standby,Smart,false,true,false,None,true,MonitorError,false,false,false,false,false,false,false,false,false,false,0,YawFollow,-85.0,0.0,-84.2,false,false,false,false,false,false,false,,,,1024,1024,1024,1024,87,11.351,0.0,0,0,3,false,3.766,3.816,3.804,0.05,0.053,0.0,0.0,0.0,14.15359954679567,121.26241599943363,14.885205,380.0,true,FixedHeight,false,false,false,false,,true,false,false,,40,,380.0,401,Android,4.3.62,Clinton Spark,0BMCE8B0112XGP,,,0C0AF8NB33038T,,,121.5,23.604368,11.5,1.9104973,2.0,2,0,Clinton Spark,0BMCE8B0112XGP,,,Android,4.3.62
2025-11-19T04:23:47.919Z,77.3,14.15356831510682,121.26244626802003,7.3,11.5,3.2,22.185205,0.0,0.1,0.0,0.9,0.0,1.3,-1.6,0.0,-83.7,GPSAtti,AutoFly,None,true,Already,14,5,Spark,true,false,Standby,Smart,false,true,false,None,true,MonitorError,false,false,false,false,false,false,false,false,false,false,0,YawFollow,-85.0,0.0,-84.2,false,false,false,false,false,false,false,,,,1024,1024,1024,1024,87,11.351,0.0,0,0,3,false,3.766,3.816,3.804,0.05,0.053,0.0,0.0,0.0,14.15359954679567,121.26241599943363,14.885205,380.0,true,FixedHeight,false,false,false,false,,true,false,false,,40,,380.0,401,Android,4.3.62,Clinton Spark,0BMCE8B0112XGP,,,0C0AF8NB33038T,,,121.5,23.604368,11.5,1.9104973,2.0,2,0,Clinton Spark,0BMCE8B0112XGP,,,Android,4.3.62
2025-11-19T04:23:48.123Z,77.4,14.153568335469698,121.26244623242091,7.3,11.5,3.2,22.185205,0.0,0.1,0.0,0.9,0.0,1.3,-1.7,0.0,-83.7,GPSAtti,AutoFly,None,true,Already,14,5,Spark,true,false,Standby,Smart,false,true,false,None,true,MonitorError,false,false,false,false,false,false,false,false,false,false,0,YawFollow,-85.0,0.0,-84.2,false,false,false,false,false,false,false,,,,1024,1024,1024,1024,87,11.351,0.0,0,0,3,false,3.766,3.816,3.804,0.05,0.053,0.0,0.0,0.0,14.15359954679567,121.26241599943363,14.885205,380.0,true,FixedHeight,false,false,false,false,,true,false,false,,40,,380.0,401,Android,4.3.62,Clinton Spark,0BMCE8B0112XGP,,,0C0AF8NB33038T,,,121.5,23.604368,11.5,1.9104973,2.0,2,0,Clinton Spark,0BMCE8B0112XGP,,,Android,4.3.62
2025-11-19T04:23:48.123Z,77.5,14.153568353307673,121.26244620094121,7.3,11.5,3.3,22.185205,0.0,0.1,0.0,0.9,0.0,1.3,-1.7,-0.1,-83.7,GPSAtti,AutoFly,None,true,Already,14,5,Spark,true,false,Standby,Smart,false,true,false,None,true,MonitorError,false,false,false,false,false,false,false,false,false,false,0,YawFollow,-85.0,0.0,-84.2,false,false,false,false,false,false,false,,,,1024,1024,1024,1024,87,11.351,0.0,0,0,3,false,3.766,3.816,3.804,0.05,0.053,0.0,0.0,0.0,14.15359954679567,121.26241599943363,14.885205,380.0,true,FixedHeight,false,false,false,false,,true,false,false,,40,,380.0,401,Android,4.3.62,Clinton Spark,0BMCE8B0112XGP,,,0C0AF8NB33038T,,,121.5,23.604368,11.5,1.9104973,2.0,2,0,Clinton Spark,0BMCE8B0112XGP,,,Android,4.3.62
2025-11-19T04:23:48.225Z,77.6,14.153568357494402,121.26244617261345,7.3,11.5,3.3,22.185205,0.0,0.1,0.0,0.9,0.0,1.3,-1.4,0.1,-83.6,GPSAtti,AutoFly,None,true,Already,14,5,Spark,true,false,Standby,Smart,false,true,false,None,true,MonitorError,false,false,false,false,false,false,false,false,false,false,0,YawFollow,-85.0,0.0,-84.2,false,false,false,false,false,false,false,,,,1024,1024,1024,1024,87,11.351,0.0,0,0,3,false,3.766,3.816,3.804,0.05,0.053,0.0,0.0,0.0,14.15359954679567,121.26241599943363,14.885205,380.0,true,FixedHeight,false,false,false,false,,true,false,false,,40,,380.0,401,Android,4.3.62,Clinton Spark,0BMCE8B0112XGP,,,0C0AF8NB33038T,,,121.5,23.604368,11.5,1.9104973,2.0,2,0,Clinton Spark,0BMCE8B0112XGP,,,Android,4.3.62
2025-11-19T04:23:48.225Z,77.7,14.153568351143472,121.26244614549391,7.3,11.5,3.3,22.185205,0.0,0.1,0.0,0.9,0.0,1.3,-1.1,0.1,-83.6,GPSAtti,AutoFly,None,true,Already,14,5,Spark,true,false,Standby,Smart,false,true,false,None,true,MonitorError,false,false,false,false,false,false,false,false,false,false,0,YawFollow,-85.0,0.0,-84.1,false,false,false,false,false,false,false,,,,1024,1024,1024,1024,87,11.351,0.0,0,0,3,false,3.766,3.816,3.804,0.05,0.053,0.0,0.0,0.0,14.15359954679567,121.26241599943363,14.885205,380.0,true,FixedHeight,false,false,false,false,,true,false,false,,40,,380.0,401,Android,4.3.62,Clinton Spark,0BMCE8B0112XGP,,,0C0AF8NB33038T,,,121.5,23.604368,11.5,1.9104973,2.0,2,0,Clinton Spark,0BMCE8B0112XGP,,,Android,4.3.62
2025-11-19T04:23:48.433Z,77.8,14.153568336940182,121.26244613221023,7.3,11.5,3.3,22.185205,0.0,0.1,0.0,0.9,0.0,1.3,-1.1,0.2,-83.6,GPSAtti,AutoFly,None,true,Already,14,5,Spark,true,false,Standby,Smart,false,true,false,None,true,MonitorError,false,false,false,false,false,false,false,false,false,false,0,YawFollow,-85.0,0.0,-84.1,false,false,false,false,false,false,false,,,,1024,1024,1024,1024,87,11.364,0.0,0,0,3,false,3.766,3.816,3.804,0.05,0.053,0.0,0.0,0.0,14.15359954679567,121.26241599943363,14.885205,380.0,true,FixedHeight,false,false,false,false,,true,false,false,,40,,380.0,401,Android,4.3.62,Clinton Spark,0BMCE8B0112XGP,,,0C0AF8NB33038T,,,121.5,23.604368,11.5,1.9104973,2.0,2,0,Clinton Spark,0BMCE8B0112XGP,,,Android,4.3.62
2025-11-19T04:23:48.535Z,77.9,14.153568314026348,121.26244612097632,7.3,11.5,3.3,22.185205,0.0,0.1,0.0,0.9,0.0,1.3,-1.2,0.4,-83.7,GPSAtti,AutoFly,None,true,Already,14,5,Spark,true,false,Standby,Smart,false,true,false,None,true,MonitorError,false,false,false,false,false,false,false,false,false,false,0,YawFollow,-85.0,0.0,-84.1,false,false,false,false,false,false,false,,,,1024,1024,1024,1024,87,11.364,0.0,0,0,3,false,3.766,3.816,3.804,0.05,0.053,0.0,0.0,0.0,14.15359954679567,121.26241599943363,14.885205,380.0,true,FixedHeight,false,false,false,false,,true,false,false,,40,,380.0,401,Android,4.3.62,Clinton Spark,0BMCE8B0112XGP,,,0C0AF8NB33038T,,,121.5,23.604368,11.5,1.9104973,2.0,2,0,Clinton Spark,0BMCE8B0112XGP,,,Android,4.3.62
2025-11-19T04:23:48.637Z,78.0,14.153568270861182,121.26244612727139,7.3,11.5,3.4,22.185205,0.0,0.1,0.0,0.9,0.0,1.3,-1.3,0.6,-83.7,GPSAtti,AutoFly,None,true,Already,14,5,Spark,true,false,Standby,Smart,false,true,false,None,true,MonitorError,false,false,false,false,false,false,false,false,false,false,0,YawFollow,-85.0,0.0,-84.1,false,false,false,false,false,false,false,,,,1024,1024,1024,1024,87,11.364,0.0,0,0,3,false,3.766,3.816,3.804,0.05,0.053,0.0,0.0,0.0,14.15359954679567,121.26241599943363,14.885205,380.0,true,FixedHeight,false,false,false,false,,true,false,false,,40,,380.0,401,Android,4.3.62,Clinton Spark,0BMCE8B0112XGP,,,0C0AF8NB33038T,,,121.5,23.604368,11.5,1.9104973,2.0,2,0,Clinton Spark,0BMCE8B0112XGP,,,Android,4.3.62
2025-11-19T04:23:48.739Z,78.1,14.153568222574561,121.26244613277129,7.3,11.5,3.3,22.185205,0.0,0.1,0.0,0.9,0.0,1.3,-1.3,0.7,-83.7,GPSAtti,AutoFly,None,true,Already,14,5,Spark,true,false,Standby,Smart,false,true,false,None,true,MonitorError,false,false,false,false,false,false,false,false,false,false,0,YawFollow,-85.0,0.0,-84.1,false,false,false,false,false,false,false,,,,1024,1024,1024,1024,87,11.364,0.0,0,0,3,false,3.766,3.816,3.804,0.05,0.053,0.0,0.0,0.0,14.15359954679567,121.26241599943363,14.885205,380.0,true,FixedHeight,false,false,false,false,,true,false,false,,40,,380.0,401,Android,4.3.62,Clinton Spark,0BMCE8B0112XGP,,,0C0AF8NB33038T,,,121.5,23.604368,11.5,1.9104973,2.0,2,0,Clinton Spark,0BMCE8B0112XGP,,,Android,4.3.62
2025-11-19T04:23:48.842Z,78.2,14.153568184804431,121.26244613164037,7.3,11.5,3.3,22.185205,0.0,0.1,0.0,0.9,0.0,1.3,-1.2,0.7,-83.8,GPSAtti,AutoFly,None,true,Already,14,5,Spark,true,false,Standby,Smart,false,true,false,None,true,MonitorError,false,false,false,false,false,false,false,false,false,false,0,YawFollow,-85.0,0.0,-84.1,false,false,false,false,false,false,false,,,,1024,1024,1024,1024,87,11.364,0.0,0,0,3,false,3.766,3.816,3.804,0.05,0.053,0.0,0.0,0.0,14.15359954679567,121.26241599943363,14.885205,380.0,true,FixedHeight,false,false,false,false,,true,false,false,,40,,380.0,401,Android,4.3.62,Clinton Spark,0BMCE8B0112XGP,,,0C0AF8NB33038T,,,121.5,23.604368,11.5,1.9104973,2.0,2,0,Clinton Spark,0BMCE8B0112XGP,,,Android,4.3.62
2025-11-19T04:23:48.842Z,78.3,14.15356816799889,121.26244611241727,7.3,11.5,3.3,22.185205,0.0,0.1,0.0,0.9,0.0,1.3,-1.2,0.7,-83.7,GPSAtti,AutoFly,None,true,Already,14,5,Spark,true,false,Standby,Smart,false,true,false,None,true,MonitorError,false,false,false,false,false,false,false,false,false,false,0,YawFollow,-85.0,0.0,-84.1,false,false,false,false,false,false,false,,,,1024,1024,1024,1024,87,11.364,0.0,0,0,3,false,3.766,3.816,3.804,0.05,0.053,0.0,0.0,0.0,14.15359954679567,121.26241599943363,14.885205,380.0,true,FixedHeight,false,false,false,false,,true,false,false,,40,,380.0,401,Android,4.3.62,Clinton Spark,0BMCE8B0112XGP,,,0C0AF8NB33038T,,,121.5,23.604368,11.5,1.9104973,2.0,2,0,Clinton Spark,0BMCE8B0112XGP,,,Android,4.3.62
2025-11-19T04:23:49.046Z,78.4,14.153568148661115,121.2624461221735,7.3,11.5,3.3,22.185205,0.0,0.1,0.0,0.9,0.0,1.3,-1.3,0.7,-83.7,GPSAtti,AutoFly,None,true,Already,14,5,Spark,true,false,Standby,Smart,false,true,false,None,true,MonitorError,false,false,false,false,false,false,false,false,false,false,0,YawFollow,-85.0,0.0,-84.2,false,false,false,false,false,false,false,,,,1024,1024,1024,1024,87,11.364,0.0,0,0,3,false,3.766,3.816,3.804,0.05,0.053,0.0,0.0,0.0,14.15359954679567,121.26241599943363,14.885205,380.0,true,FixedHeight,false,false,false,false,,true,false,false,,40,,380.0,401,Android,4.3.62,Clinton Spark,0BMCE8B0112XGP,,,0C0AF8NB33038T,,,121.5,23.604368,11.5,1.9104973,2.0,2,0,Clinton Spark,0BMCE8B0112XGP,,,Android,4.3.62
2025-11-19T04:23:49.148Z,78.5,14.153568136345195,121.26244614434755,7.3,11.5,3.3,22.185205,0.0,0.1,0.0,0.9,0.0,1.3,-1.3,0.4,-83.7,GPSAtti,AutoFly,None,true,Already,14,5,Spark,true,false,Standby,Smart,false,true,false,None,true,MonitorError,false,false,false,false,false,false,false,false,false,false,0,YawFollow,-85.0,0.0,-84.1,false,false,false,false,false,false,false,,,,1024,1024,1024,1024,87,11.364,0.0,0,0,3,false,3.766,3.816,3.804,0.05,0.053,0.0,0.0,0.0,14.15359954679567,121.26241599943363,14.885205,380.0,true,FixedHeight,false,false,false,false,,true,false,false,,40,,380.0,401,Android,4.3.62,Clinton Spark,0BMCE8B0112XGP,,,0C0AF8NB33038T,,,121.5,23.604368,11.5,1.9104973,2.0,2,0,Clinton Spark,0BMCE8B0112XGP,,,Android,4.3.62
2025-11-19T04:23:49.251Z,78.6,14.153568135382784,121.26244617548932,7.3,11.5,3.3,22.185205,0.0,0.1,0.0,0.9,0.0,1.3,-1.2,0.2,-83.7,GPSAtti,AutoFly,None,true,Already,14,5,Spark,true,false,Standby,Smart,false,true,false,None,true,MonitorError,false,false,false,false,false,false,false,false,false,false,0,YawFollow,-85.0,0.0,-84.1,false,false,false,false,false,false,false,,,,1024,1024,1024,1024,87,11.364,0.0,0,0,3,false,3.766,3.816,3.804,0.05,0.053,0.0,0.0,0.0,14.15359954679567,121.26241599943363,14.885205,380.0,true,FixedHeight,false,false,false,false,,true,false,false,,40,,380.0,401,Android,4.3.62,Clinton Spark,0BMCE8B0112XGP,,,0C0AF8NB33038T,,,121.5,23.604368,11.5,1.9104973,2.0,2,0,Clinton Spark,0BMCE8B0112XGP,,,Android,4.3.62
2025-11-19T04:23:49.355Z,78.7,14.153568147962513,121.26244619015347,7.3,11.5,3.3,22.185205,0.0,0.1,0.0,0.9,0.0,1.3,-1.4,0.0,-83.7,GPSAtti,AutoFly,None,true,Already,14,5,Spark,true,false,Standby,Smart,false,true,false,None,true,MonitorError,false,false,false,false,false,false,false,false,false,false,0,YawFollow,-85.0,0.0,-84.2,false,false,false,false,false,false,false,,,,1024,1024,1024,1024,87,11.364,0.0,0,0,3,false,3.766,3.816,3.804,0.05,0.053,0.0,0.0,0.0,14.15359954679567,121.26241599943363,14.885205,380.0,true,FixedHeight,false,false,false,false,,true,false,false,,40,,380.0,401,Android,4.3.62,Clinton Spark,0BMCE8B0112XGP,,,0C0AF8NB33038T,,,121.5,23.604368,11.5,1.9104973,2.0,2,0,Clinton Spark,0BMCE8B0112XGP,,,Android,4.3.62
2025-11-19T04:23:49.456Z,78.8,14.153568159579834,121.26244620725835,7.2,11.5,3.3,22.085205,0.0,0.1,0.0,0.9,0.0,1.3,-1.4,-0.2,-83.8,GPSAtti,AutoFly,None,true,Already,14,5,Spark,true,false,Standby,Smart,false,true,false,None,true,MonitorError,false,false,false,false,false,false,false,false,false,false,0,YawFollow,-85.0,0.0,-84.1,false,false,false,false,false,false,false,,,,1024,1024,1024,1024,87,11.367,0.0,0,0,3,false,3.766,3.816,3.804,0.05,0.053,0.0,0.0,0.0,14.15359954679567,121.26241599943363,14.885205,380.0,true,FixedHeight,false,false,false,false,,true,false,false,,40,,380.0,401,Android,4.3.62,Clinton Spark,0BMCE8B0112XGP,,,0C0AF8NB33038T,,,121.5,23.604368,11.5,1.9104973,2.0,2,0,Clinton Spark,0BMCE8B0112XGP,,,Android,4.3.62
2025-11-19T04:23:49.559Z,78.9,14.153568158418752,121.26244621032858,7.2,11.5,3.3,22.085205,0.0,0.1,0.0,0.9,0.0,1.3,-1.4,0.0,-83.8,GPSAtti,AutoFly,None,true,Already,14,5,Spark,true,false,Standby,Smart,false,true,false,None,true,MonitorError,false,false,false,false,false,false,false,false,false,false,0,YawFollow,-85.0,0.0,-84.1,false,false,false,false,false,false,false,,,,1024,1024,1024,1024,87,11.367,0.0,0,0,3,false,3.766,3.816,3.804,0.05,0.053,0.0,0.0,0.0,14.15359954679567,121.26241599943363,14.885205,380.0,true,FixedHeight,false,false,false,false,,true,false,false,,40,,380.0,401,Android,4.3.62,Clinton Spark,0BMCE8B0112XGP,,,0C0AF8NB33038T,,,121.5,23.604368,11.5,1.9104973,2.0,2,0,Clinton Spark,0BMCE8B0112XGP,,,Android,4.3.62
2025-11-19T04:23:49.661Z,79.0,14.153568164758285,121.26244623253136,7.2,11.5,3.3,22.085205,0.0,0.1,0.0,0.9,0.0,1.3,-1.4,0.2,-83.9,GPSAtti,AutoFly,None,true,Already,14,5,Spark,true,false,Standby,Smart,false,true,false,None,true,MonitorError,false,false,false,false,false,false,false,false,false,false,0,YawFollow,-85.0,0.0,-84.1,false,false,false,false,false,false,false,,,,1024,1024,1024,1024,87,11.367,0.0,0,0,3,false,3.766,3.816,3.804,0.05,0.053,0.0,0.0,0.0,14.15359954679567,121.26241599943363,14.885205,380.0,true,FixedHeight,false,false,false,false,,true,false,false,,40,,380.0,401,Android,4.3.62,Clinton Spark,0BMCE8B0112XGP,,,0C0AF8NB33038T,,,121.5,23.604368,11.5,1.9104973,2.0,2,0,Clinton Spark,0BMCE8B0112XGP,,,Android,4.3.62
2025-11-19T04:23:49.661Z,79.1,14.153568173809177,121.26244625373575,7.2,11.5,3.4,22.085205,0.0,0.1,0.0,0.9,0.0,1.3,-1.5,0.3,-83.8,GPSAtti,AutoFly,None,true,Already,14,5,Spark,true,false,Standby,Smart,false,true,false,None,true,MonitorError,false,false,false,false,false,false,false,false,false,false,0,YawFollow,-85.0,0.0,-84.1,false,false,false,false,false,false,false,,,,1024,1024,1024,1024,87,11.367,0.0,0,0,3,false,3.766,3.816,3.804,0.05,0.053,0.0,0.0,0.0,14.15359954679567,121.26241599943363,14.885205,380.0,true,FixedHeight,false,false,false,false,,true,false,false,,40,,380.0,401,Android,4.3.62,Clinton Spark,0BMCE8B0112XGP,,,0C0AF8NB33038T,,,121.5,23.604368,11.5,1.9104973,2.0,2,0,Clinton Spark,0BMCE8B0112XGP,,,Android,4.3.62
2025-11-19T04:23:49.762Z,79.2,14.153568163336654,121.26244627586784,7.2,11.5,3.4,22.085205,0.0,0.1,0.0,0.9,0.0,1.3,-1.5,0.7,-83.8,GPSAtti,AutoFly,None,true,Already,14,5,Spark,true,false,Standby,Smart,false,true,false,None,true,MonitorError,false,false,false,false,false,false,false,false,false,false,0,YawFollow,-85.0,0.0,-84.1,false,false,false,false,false,false,false,,,,1024,1024,1024,1024,87,11.367,0.0,0,0,3,false,3.766,3.816,3.804,0.05,0.053,0.0,0.0,0.0,14.15359954679567,121.26241599943363,14.885205,380.0,true,FixedHeight,false,false,false,false,,true,false,false,,40,,380.0,401,Android,4.3.62,Clinton Spark,0BMCE8B0112XGP,,,0C0AF8NB33038T,,,121.5,23.604368,11.5,1.9104973,2.0,2,0,Clinton Spark,0BMCE8B0112XGP,,,Android,4.3.62
2025-11-19T04:23:49.864Z,79.3,14.153568136115585,121.26244627617707,7.2,11.5,3.4,22.085205,0.0,0.1,0.0,0.9,0.0,1.3,-1.4,0.9,-83.8,GPSAtti,AutoFly,None,true,Already,14,5,Spark,true,false,Standby,Smart,false,true,false,None,true,MonitorError,false,false,false,false,false,false,false,false,false,false,0,YawFollow,-85.0,0.0,-84.1,false,false,false,false,false,false,false,,,,1024,1024,1024,1024,87,11.367,0.0,0,0,3,false,3.766,3.816,3.804,0.05,0.053,0.0,0.0,0.0,14.15359954679567,121.26241599943363,14.885205,380.0,true,FixedHeight,false,false,false,false,,true,false,false,,40,,380.0,401,Android,4.3.62,Clinton Spark,0BMCE8B0112XGP,,,0C0AF8NB33038T,,,121.5,23.604368,11.5,1.9104973,2.0,2,0,Clinton Spark,0BMCE8B0112XGP,,,Android,4.3.62
2025-11-19T04:23:49.966Z,79.4,14.153568122003488,121.26244626217775,7.2,11.5,3.4,22.085205,0.0,0.1,0.0,0.9,0.0,1.3,-1.5,0.5,-83.8,GPSAtti,AutoFly,None,true,Already,14,5,Spark,true,false,Standby,Smart,false,true,false,None,true,MonitorError,false,false,false,false,false,false,false,false,false,false,0,YawFollow,-85.0,0.0,-84.1,false,false,false,false,false,false,false,,,,1024,1024,1024,1024,87,11.367,0.0,0,0,3,false,3.766,3.816,3.804,0.05,0.053,0.0,0.0,0.0,14.15359954679567,121.26241599943363,14.885205,380.0,true,FixedHeight,false,false,false,false,,true,false,false,,40,,380.0,401,Android,4.3.62,Clinton Spark,0BMCE8B0112XGP,,,0C0AF8NB33038T,,,121.5,23.604368,11.5,1.9104973,2.0,2,0,Clinton Spark,0BMCE8B0112XGP,,,Android,4.3.62
2025-11-19T04:23:50.069Z,79.5,14.153568118972954,121.26244622576581,7.2,11.5,3.4,22.085205,0.0,0.1,0.0,0.9,0.0,1.3,-1.4,0.5,-83.8,GPSAtti,AutoFly,None,true,Already,14,5,Spark,true,false,Standby,Smart,false,true,false,None,true,MonitorError,false,false,false,false,false,false,false,false,false,false,0,YawFollow,-85.0,0.0,-84.2,false,false,false,false,false,false,false,,,,1024,1024,1024,1024,87,11.367,0.0,0,0,3,false,3.766,3.816,3.804,0.05,0.053,0.0,0.0,0.0,14.15359954679567,121.26241599943363,14.885205,380.0,true,FixedHeight,false,false,false,false,,true,false,false,,40,,380.0,401,Android,4.3.62,Clinton Spark,0BMCE8B0112XGP,,,0C0AF8NB33038T,,,121.5,23.604368,11.5,1.9104973,2.0,2,0,Clinton Spark,0BMCE8B0112XGP,,,Android,4.3.62
2025-11-19T04:23:50.169Z,79.6,14.153568099187359,121.26244621314922,7.3,11.5,3.5,22.185205,0.0,0.1,0.0,0.9,0.0,1.3,-1.4,0.5,-83.8,GPSAtti,AutoFly,None,true,Already,14,5,Spark,true,false,Standby,Smart,false,true,false,None,true,MonitorError,false,false,false,false,false,false,false,false,false,false,0,YawFollow,-85.0,0.0,-84.1,false,false,false,false,false,false,false,,,,1024,1024,1024,1024,87,11.367,0.0,0,0,3,false,3.766,3.816,3.804,0.05,0.053,0.0,0.0,0.0,14.15359954679567,121.26241599943363,14.885205,380.0,true,FixedHeight,false,false,false,false,,true,false,false,,40,,380.0,401,Android,4.3.62,Clinton Spark,0BMCE8B0112XGP,,,0C0AF8NB33038T,,,121.5,23.604368,11.5,1.9104973,2.0,2,0,Clinton Spark,0BMCE8B0112XGP,,,Android,4.3.62
2025-11-19T04:23:50.476Z,79.7,14.153568065395518,121.26244621869547,7.3,11.5,3.5,22.185205,0.0,0.1,0.0,0.9,0.0,1.3,-1.4,0.6,-83.8,GPSAtti,AutoFly,None,true,Already,14,5,Spark,true,false,Standby,Smart,false,true,false,None,true,MonitorError,false,false,false,false,false,false,false,false,false,false,0,YawFollow,-85.0,0.0,-84.1,false,false,false,false,false,false,false,,,,1024,1024,1024,1024,87,11.367,0.0,0,0,3,false,3.766,3.816,3.804,0.05,0.053,0.0,0.0,0.0,14.15359954679567,121.26241599943363,14.885205,380.0,true,FixedHeight,false,false,false,false,,true,false,false,,40,,380.0,401,Android,4.3.62,Clinton Spark,0BMCE8B0112XGP,,,0C0AF8NB33038T,,,121.5,23.604368,11.5,1.9104973,2.0,2,0,Clinton Spark,0BMCE8B0112XGP,,,Android,4.3.62
2025-11-19T04:23:50.580Z,79.8,14.153568031111886,121.26244623645195,7.3,11.5,3.5,22.185205,0.0,0.1,0.0,0.9,0.0,1.3,-1.4,0.7,-83.8,GPSAtti,AutoFly,None,true,Already,14,5,Spark,true,false,Standby,Smart,false,true,false,None,true,MonitorError,false,false,false,false,false,false,false,false,false,false,0,YawFollow,-85.0,0.0,-84.2,false,false,false,false,false,false,false,,,,1024,1024,1024,1024,87,11.374,0.0,0,0,3,false,3.766,3.816,3.804,0.05,0.053,0.0,0.0,0.0,14.15359954679567,121.26241599943363,14.885205,380.0,true,FixedHeight,false,false,false,false,,true,false,false,,40,,380.0,401,Android,4.3.62,Clinton Spark,0BMCE8B0112XGP,,,0C0AF8NB33038T,,,121.5,23.604368,11.5,1.9104973,2.0,2,0,Clinton Spark,0BMCE8B0112XGP,,,Android,4.3.62
2025-11-19T04:23:50.785Z,79.9,14.153568008748465,121.26244624439036,7.3,11.5,3.5,22.185205,0.0,0.1,0.0,0.9,0.0,1.3,-1.6,0.7,-83.8,GPSAtti,AutoFly,None,true,Already,14,5,Spark,true,false,Standby,Smart,false,true,false,None,true,MonitorError,false,false,false,false,false,false,false,false,false,false,0,YawFollow,-85.0,0.0,-84.1,false,false,false,false,false,false,false,,,,1024,1024,1024,1024,87,11.374,0.0,0,0,3,false,3.766,3.816,3.804,0.05,0.053,0.0,0.0,0.0,14.15359954679567,121.26241599943363,14.885205,380.0,true,FixedHeight,false,false,false,false,,true,false,false,,40,,380.0,401,Android,4.3.62,Clinton Spark,0BMCE8B0112XGP,,,0C0AF8NB33038T,,,121.5,23.604368,11.5,1.9104973,2.0,2,0,Clinton Spark,0BMCE8B0112XGP,,,Android,4.3.62
2025-11-19T04:23:50.887Z,80.0,14.1535679918729,121.26244626032458,7.3,11.5,3.5,22.185205,0.0,0.1,0.0,0.9,0.0,1.3,-1.7,0.7,-83.8,GPSAtti,AutoFly,None,true,Already,14,5,Spark,true,false,Standby,Smart,false,true,false,None,true,MonitorError,false,false,false,false,false,false,false,false,false,false,0,YawFollow,-85.0,0.0,-84.1,false,false,false,false,false,false,false,,,,1024,1024,1024,1024,87,11.374,0.0,0,0,3,false,3.766,3.816,3.804,0.05,0.053,0.0,0.0,0.0,14.15359954679567,121.26241599943363,14.885205,380.0,true,FixedHeight,false,false,false,false,,true,false,false,,40,,380.0,401,Android,4.3.62,Clinton Spark,0BMCE8B0112XGP,,,0C0AF8NB33038T,,,121.5,23.604368,11.5,1.9104973,2.0,2,0,Clinton Spark,0BMCE8B0112XGP,,,Android,4.3.62
2025-11-19T04:23:50.887Z,80.1,14.153567981209848,121.262446261482,7.3,11.5,3.5,22.185205,0.0,0.1,0.0,0.9,0.0,1.3,-1.6,0.8,-83.7,GPSAtti,AutoFly,None,true,Already,14,5,Spark,true,false,Standby,Smart,false,true,false,None,true,MonitorError,false,false,false,false,false,false,false,false,false,false,0,YawFollow,-85.0,0.0,-84.1,false,false,false,false,false,false,false,,,,1024,1024,1024,1024,87,11.374,0.0,0,0,3,false,3.766,3.816,3.804,0.05,0.053,0.0,0.0,0.0,14.15359954679567,121.26241599943363,14.885205,380.0,true,FixedHeight,false,false,false,false,,true,false,false,,40,,380.0,401,Android,4.3.62,Clinton Spark,0BMCE8B0112XGP,,,0C0AF8NB33038T,,,121.5,23.604368,11.5,1.9104973,2.0,2,0,Clinton Spark,0BMCE8B0112XGP,,,Android,4.3.62
2025-11-19T04:23:51.090Z,80.2,14.153567959616682,121.26244628730495,7.3,11.5,3.5,22.185205,0.0,0.1,0.0,0.9,0.0,1.3,-1.5,1.1,-83.7,GPSAtti,AutoFly,None,true,Already,14,5,Spark,true,false,Standby,Smart,false,true,false,None,true,MonitorError,false,false,false,false,false,false,false,false,false,false,0,YawFollow,-85.0,0.0,-84.1,false,false,false,false,false,false,false,,,,1024,1024,1024,1024,87,11.374,0.0,0,0,3,false,3.766,3.816,3.804,0.05,0.053,0.0,0.0,0.0,14.15359954679567,121.26241599943363,14.885205,380.0,true,FixedHeight,false,false,false,false,,true,false,false,,40,,380.0,401,Android,4.3.62,Clinton Spark,0BMCE8B0112XGP,,,0C0AF8NB33038T,,,121.5,23.604368,11.5,1.9104973,2.0,2,0,Clinton Spark,0BMCE8B0112XGP,,,Android,4.3.62
2025-11-19T04:23:51.090Z,80.3,14.153567935789289,121.26244631279441,7.3,11.5,3.5,22.185205,0.0,0.1,0.0,0.9,0.0,1.3,-1.3,1.3,-83.6,GPSAtti,AutoFly,None,true,Already,14,5,Spark,true,false,Standby,Smart,false,true,false,None,true,MonitorError,false,false,false,false,false,false,false,false,false,false,0,YawFollow,-85.0,0.0,-84.1,false,false,false,false,false,false,false,,,,1024,1024,1024,1024,87,11.374,0.0,0,0,3,false,3.766,3.816,3.804,0.05,0.053,0.0,0.0,0.0,14.15359954679567,121.26241599943363,14.885205,380.0,true,FixedHeight,false,false,false,false,,true,false,false,,40,,380.0,401,Android,4.3.62,Clinton Spark,0BMCE8B0112XGP,,,0C0AF8NB33038T,,,121.5,23.604368,11.5,1.9104973,2.0,2,0,Clinton Spark,0BMCE8B0112XGP,,,Android,4.3.62
2025-11-19T04:23:51.191Z,80.4,14.153567933068159,121.26244635114567,7.3,11.5,3.5,22.185205,0.0,0.1,0.0,0.9,0.0,1.3,-1.4,1.0,-83.7,GPSAtti,AutoFly,None,true,Already,14,5,Spark,true,false,Standby,Smart,false,true,false,None,true,MonitorError,false,false,false,false,false,false,false,false,false,false,0,YawFollow,-85.0,0.0,-84.1,false,false,false,false,false,false,false,,,,1024,1024,1024,1024,87,11.374,0.0,0,0,3,false,3.766,3.816,3.804,0.05,0.053,0.0,0.0,0.0,14.15359954679567,121.26241599943363,14.885205,380.0,true,FixedHeight,false,false,false,false,,true,false,false,,40,,380.0,401,Android,4.3.62,Clinton Spark,0BMCE8B0112XGP,,,0C0AF8NB33038T,,,121.5,23.604368,11.5,1.9104973,2.0,2,0,Clinton Spark,0BMCE8B0112XGP,,,Android,4.3.62
2025-11-19T04:23:51.293Z,80.5,14.153567956915092,121.26244636908547,7.3,11.5,3.5,22.185205,0.0,0.1,0.0,0.9,0.0,1.3,-1.3,0.4,-83.7,GPSAtti,AutoFly,None,true,Already,14,5,Spark,true,false,Standby,Smart,false,true,false,None,true,MonitorError,false,false,false,false,false,false,false,false,false,false,0,YawFollow,-85.0,0.0,-84.1,false,false,false,false,false,false,false,,,,1024,1024,1024,1024,87,11.374,0.0,0,0,3,false,3.766,3.816,3.804,0.05,0.053,0.0,0.0,0.0,14.15359954679567,121.26241599943363,14.885205,380.0,true,FixedHeight,false,false,false,false,,true,false,false,,40,,380.0,401,Android,4.3.62,Clinton Spark,0BMCE8B0112XGP,,,0C0AF8NB33038T,,,121.5,23.604368,11.5,1.9104973,2.0,2,0,Clinton Spark,0BMCE8B0112XGP,,,Android,4.3.62
2025-11-19T04:23:51.394Z,80.6,14.153567988396173,121.26244639525966,7.3,11.5,3.5,22.185205,0.0,0.1,0.0,0.9,0.0,1.3,-1.2,-0.1,-83.7,GPSAtti,AutoFly,None,true,Already,14,5,Spark,true,false,Standby,Smart,false,true,false,None,true,MonitorError,false,false,false,false,false,false,false,false,false,false,0,YawFollow,-85.0,0.0,-84.2,false,false,false,false,false,false,false,,,,1024,1024,1024,1024,87,11.374,0.0,0,0,3,false,3.766,3.816,3.804,0.05,0.053,0.0,0.0,0.0,14.15359954679567,121.26241599943363,14.885205,380.0,true,FixedHeight,false,false,false,false,,true,false,false,,40,,380.0,401,Android,4.3.62,Clinton Spark,0BMCE8B0112XGP,,,0C0AF8NB33038T,,,121.5,23.604368,11.5,1.9104973,2.0,2,0,Clinton Spark,0BMCE8B0112XGP,,,Android,4.3.62
2025-11-19T04:23:51.598Z,80.7,14.15356801236524,121.26244641213484,7.3,11.5,3.5,22.185205,0.0,0.1,0.0,0.9,0.0,1.3,-1.4,0.1,-83.7,GPSAtti,AutoFly,None,true,Already,14,5,Spark,true,false,Standby,Smart,false,true,false,None,true,MonitorError,false,false,false,false,false,false,false,false,false,false,0,YawFollow,-85.0,0.0,-84.1,false,false,false,false,false,false,false,,,,1024,1024,1024,1024,87,11.374,0.0,0,0,3,false,3.766,3.816,3.804,0.05,0.053,0.0,0.0,0.0,14.15359954679567,121.26241599943363,14.885205,380.0,true,FixedHeight,false,false,false,false,,true,false,false,,40,,380.0,401,Android,4.3.62,Clinton Spark,0BMCE8B0112XGP,,,0C0AF8NB33038T,,,121.5,23.604368,11.5,1.9104973,2.0,2,0,Clinton Spark,0BMCE8B0112XGP,,,Android,4.3.62
2025-11-19T04:23:51.700Z,80.8,14.153568021246773,121.26244643524984,7.3,11.5,3.4,22.185205,0.0,0.1,0.0,0.9,0.0,1.3,-1.5,0.5,-83.7,GPSAtti,AutoFly,None,true,Already,14,5,Spark,true,false,Standby,Smart,false,true,false,None,true,MonitorError,false,false,false,false,false,false,false,false,false,false,0,YawFollow,-85.0,0.0,-84.1,false,false,false,false,false,false,false,,,,1024,1024,1024,1024,86,11.379,0.0,0,0,3,false,3.766,3.816,3.804,0.05,0.053,0.0,0.0,0.0,14.15359954679567,121.26241599943363,14.885205,380.0,true,FixedHeight,false,false,false,false,,true,false,false,,40,,380.0,401,Android,4.3.62,Clinton Spark,0BMCE8B0112XGP,,,0C0AF8NB33038T,,,121.5,23.604368,11.5,1.9104973,2.0,2,0,Clinton Spark,0BMCE8B0112XGP,,,Android,4.3.62
2025-11-19T04:23:51.903Z,80.9,14.15356802928803,121.26244644991843,7.3,11.5,3.4,22.185205,0.0,0.1,0.0,0.9,0.0,1.3,-1.6,0.5,-83.7,GPSAtti,AutoFly,None,true,Already,14,5,Spark,true,false,Standby,Smart,false,true,false,None,true,MonitorError,false,false,false,false,false,false,false,false,false,false,0,YawFollow,-85.0,0.0,-84.1,false,false,false,false,false,false,false,,,,1024,1024,1024,1024,86,11.379,0.0,0,0,3,false,3.766,3.816,3.804,0.05,0.053,0.0,0.0,0.0,14.15359954679567,121.26241599943363,14.885205,380.0,true,FixedHeight,false,false,false,false,,true,false,false,,40,,380.0,401,Android,4.3.62,Clinton Spark,0BMCE8B0112XGP,,,0C0AF8NB33038T,,,121.5,23.604368,11.5,1.9104973,2.0,2,0,Clinton Spark,0BMCE8B0112XGP,,,Android,4.3.62
2025-11-19T04:23:51.903Z,81.0,14.153568035533112,121.26244646733254,7.3,11.5,3.4,22.185205,0.0,0.1,0.0,0.9,0.0,1.3,-1.6,0.3,-83.7,GPSAtti,AutoFly,None,true,Already,14,5,Spark,true,false,Standby,Smart,false,true,false,None,true,MonitorError,false,false,false,false,false,false,false,false,false,false,0,YawFollow,-85.0,0.0,-84.1,false,false,false,false,false,false,false,,,,1024,1024,1024,1024,86,11.379,0.0,0,0,3,false,3.766,3.816,3.804,0.05,0.053,0.0,0.0,0.0,14.15359954679567,121.26241599943363,14.885205,380.0,true,FixedHeight,false,false,false,false,,true,false,false,,40,,380.0,401,Android,4.3.62,Clinton Spark,0BMCE8B0112XGP,,,0C0AF8NB33038T,,,121.5,23.604368,11.5,1.9104973,2.0,2,0,Clinton Spark,0BMCE8B0112XGP,,,Android,4.3.62
2025-11-19T04:23:51.903Z,81.1,14.153568052950948,121.26244647495287,7.3,11.5,3.5,22.185205,0.0,0.1,0.0,0.9,0.0,1.3,-1.4,0.1,-83.7,GPSAtti,AutoFly,None,true,Already,14,5,Spark,true,false,Standby,Smart,false,true,false,None,true,MonitorError,false,false,false,false,false,false,false,false,false,false,0,YawFollow,-85.0,0.0,-84.2,false,false,false,false,false,false,false,,,,1024,1024,1024,1024,86,11.379,0.0,0,0,3,false,3.766,3.816,3.804,0.05,0.053,0.0,0.0,0.0,14.15359954679567,121.26241599943363,14.885205,380.0,true,FixedHeight,false,false,false,false,,true,false,false,,40,,380.0,401,Android,4.3.62,Clinton Spark,0BMCE8B0112XGP,,,0C0AF8NB33038T,,,121.5,23.604368,11.5,1.9104973,2.0,2,0,Clinton Spark,0BMCE8B0112XGP,,,Android,4.3.62
2025-11-19T04:23:52.005Z,81.2,14.153568089022611,121.26244648056542,7.3,11.5,3.5,22.185205,0.0,0.1,0.0,0.9,0.0,1.3,-1.4,0.0,-83.6,GPSAtti,AutoFly,None,true,Already,14,5,Spark,true,false,Standby,Smart,false,true,false,None,true,MonitorError,false,false,false,false,false,false,false,false,false,false,0,YawFollow,-85.0,0.0,-84.1,false,false,false,false,false,false,false,,,,1024,1024,1024,1024,86,11.379,0.0,0,0,3,false,3.766,3.816,3.804,0.05,0.053,0.0,0.0,0.0,14.15359954679567,121.26241599943363,14.885205,380.0,true,FixedHeight,false,false,false,false,,true,false,false,,40,,380.0,401,Android,4.3.62,Clinton Spark,0BMCE8B0112XGP,,,0C0AF8NB33038T,,,121.5,23.604368,11.5,1.9104973,2.0,2,0,Clinton Spark,0BMCE8B0112XGP,,,Android,4.3.62
2025-11-19T04:23:52.107Z,81.3,14.153568143787183,121.26244648094753,7.3,11.5,3.5,22.185205,0.0,0.1,0.0,0.9,0.0,1.3,-1.3,0.0,-83.6,GPSAtti,AutoFly,None,true,Already,14,5,Spark,true,false,Standby,Smart,false,true,false,None,true,MonitorError,false,false,false,false,false,false,false,false,false,false,0,YawFollow,-85.0,0.0,-84.1,false,false,false,false,false,false,false,,,,1024,1024,1024,1024,86,11.379,0.0,0,0,3,false,3.766,3.816,3.804,0.05,0.053,0.0,0.0,0.0,14.15359954679567,121.26241599943363,14.885205,380.0,true,FixedHeight,false,false,false,false,,true,false,false,,40,,380.0,401,Android,4.3.62,Clinton Spark,0BMCE8B0112XGP,,,0C0AF8NB33038T,,,121.5,23.604368,11.5,1.9104973,2.0,2,0,Clinton Spark,0BMCE8B0112XGP,,,Android,4.3.62
2025-11-19T04:23:52.211Z,81.4,14.153568211312242,121.26244649903312,7.3,11.5,3.5,22.185205,0.0,0.1,0.0,0.9,0.0,1.3,-1.3,-0.2,-83.7,GPSAtti,AutoFly,None,true,Already,14,5,Spark,true,false,Standby,Smart,false,true,false,None,true,MonitorError,false,false,false,false,false,false,false,false,false,false,0,YawFollow,-85.0,0.0,-84.1,false,false,false,false,false,false,false,,,,1024,1024,1024,1024,86,11.379,0.0,0,0,3,false,3.766,3.816,3.804,0.05,0.053,0.0,0.0,0.0,14.15359954679567,121.26241599943363,14.885205,380.0,true,FixedHeight,false,false,false,false,,true,false,false,,40,,380.0,401,Android,4.3.62,Clinton Spark,0BMCE8B0112XGP,,,0C0AF8NB33038T,,,121.5,23.604368,11.5,1.9104973,2.0,2,0,Clinton Spark,0BMCE8B0112XGP,,,Android,4.3.62
2025-11-19T04:23:52.211Z,81.5,14.15356827934049,121.26244652632495,7.3,11.5,3.5,22.185205,0.0,0.1,0.0,0.9,0.0,1.3,-1.4,-0.4,-83.7,GPSAtti,AutoFly,None,true,Already,14,5,Spark,true,false,Standby,Smart,false,true,false,None,true,MonitorError,false,false,false,false,false,false,false,false,false,false,0,YawFollow,-85.0,0.0,-84.2,false,false,false,false,false,false,false,,,,1024,1024,1024,1024,86,11.379,0.0,0,0,3,false,3.766,3.816,3.804,0.05,0.053,0.0,0.0,0.0,14.15359954679567,121.26241599943363,14.885205,380.0,true,FixedHeight,false,false,false,false,,true,false,false,,40,,380.0,401,Android,4.3.62,Clinton Spark,0BMCE8B0112XGP,,,0C0AF8NB33038T,,,121.5,23.604368,11.5,1.9104973,2.0,2,0,Clinton Spark,0BMCE8B0112XGP,,,Android,4.3.62
2025-11-19T04:23:52.517Z,81.6,14.153568325095696,121.26244655076744,7.3,11.5,3.5,22.185205,0.0,0.1,0.0,0.9,0.0,1.3,-1.4,-0.7,-83.7,GPSAtti,AutoFly,None,true,Already,14,5,Spark,true,false,Standby,Smart,false,true,false,None,true,MonitorError,false,false,false,false,false,false,false,false,false,false,0,YawFollow,-85.0,0.0,-84.2,false,false,false,false,false,false,false,,,,1024,1024,1024,1024,86,11.379,0.0,0,0,3,false,3.766,3.816,3.804,0.05,0.053,0.0,0.0,0.0,14.15359954679567,121.26241599943363,14.885205,380.0,true,FixedHeight,false,false,false,false,,true,false,false,,40,,380.0,401,Android,4.3.62,Clinton Spark,0BMCE8B0112XGP,,,0C0AF8NB33038T,,,121.5,23.604368,11.5,1.9104973,2.0,2,0,Clinton Spark,0BMCE8B0112XGP,,,Android,4.3.62
2025-11-19T04:23:52.517Z,81.7,14.153568348950772,121.26244656157286,7.3,11.5,3.5,22.185205,0.0,0.1,0.0,0.9,0.0,1.3,-1.5,-0.7,-83.7,GPSAtti,AutoFly,None,true,Already,14,5,Spark,true,false,Standby,Smart,false,true,false,None,true,MonitorError,false,false,false,false,false,false,false,false,false,false,0,YawFollow,-85.0,0.0,-84.2,false,false,false,false,false,false,false,,,,1024,1024,1024,1024,86,11.379,0.0,0,0,3,false,3.766,3.816,3.804,0.05,0.053,0.0,0.0,0.0,14.15359954679567,121.26241599943363,14.885205,380.0,true,FixedHeight,false,false,false,false,,true,false,false,,40,,380.0,401,Android,4.3.62,Clinton Spark,0BMCE8B0112XGP,,,0C0AF8NB33038T,,,121.5,23.604368,11.5,1.9104973,2.0,2,0,Clinton Spark,0BMCE8B0112XGP,,,Android,4.3.62
2025-11-19T04:23:52.517Z,81.8,14.153568359490874,121.26244658853557,7.3,11.5,3.5,22.185205,0.0,0.1,0.0,0.9,0.0,1.3,-1.8,-0.4,-83.7,GPSAtti,AutoFly,None,true,Already,14,5,Spark,true,false,Standby,Smart,false,true,false,None,true,MonitorError,false,false,false,false,false,false,false,false,false,false,0,YawFollow,-85.0,0.0,-84.2,false,false,false,false,false,false,false,,,,1024,1024,1024,1024,86,11.38,0.0,0,0,3,false,3.766,3.816,3.804,0.05,0.053,0.0,0.0,0.0,14.15359954679567,121.26241599943363,14.885205,380.0,true,FixedHeight,false,false,false,false,,true,false,false,,40,,380.0,401,Android,4.3.62,Clinton Spark,0BMCE8B0112XGP,,,0C0AF8NB33038T,,,121.5,23.604368,11.5,1.9104973,2.0,2,0,Clinton Spark,0BMCE8B0112XGP,,,Android,4.3.62
2025-11-19T04:23:52.732Z,81.9,14.153568373244713,121.26244661214092,7.3,11.5,3.5,22.185205,0.0,0.1,0.0,0.9,0.0,1.3,-1.7,-0.2,-83.6,GPSAtti,AutoFly,None,true,Already,14,5,Spark,true,false,Standby,Smart,false,true,false,None,true,MonitorError,false,false,false,false,false,false,false,false,false,false,0,YawFollow,-85.0,0.0,-84.2,false,false,false,false,false,false,false,,,,1024,1024,1024,1024,86,11.38,0.0,0,0,3,false,3.766,3.816,3.804,0.05,0.053,0.0,0.0,0.0,14.15359954679567,121.26241599943363,14.885205,380.0,true,FixedHeight,false,false,false,false,,true,false,false,,40,,380.0,401,Android,4.3.62,Clinton Spark,0BMCE8B0112XGP,,,0C0AF8NB33038T,,,121.5,23.604368,11.5,1.9104973,2.0,2,0,Clinton Spark,0BMCE8B0112XGP,,,Android,4.3.62
2025-11-19T04:23:52.732Z,82.0,14.15356836672198,121.26244664786593,7.3,11.5,3.5,22.185205,0.0,0.1,0.0,0.9,0.0,1.3,-1.6,0.0,-83.5,GPSAtti,AutoFly,None,true,Already,14,5,Spark,true,false,Standby,Smart,false,true,false,None,true,MonitorError,false,false,false,false,false,false,false,false,false,false,0,YawFollow,-85.0,0.0,-84.1,false,false,false,false,false,false,false,,,,1024,1024,1024,1024,86,11.38,0.0,0,0,3,false,3.766,3.816,3.804,0.05,0.053,0.0,0.0,0.0,14.15359954679567,121.26241599943363,14.885205,380.0,true,FixedHeight,false,false,false,false,,true,false,false,,40,,380.0,401,Android,4.3.62,Clinton Spark,0BMCE8B0112XGP,,,0C0AF8NB33038T,,,121.5,23.604368,11.5,1.9104973,2.0,2,0,Clinton Spark,0BMCE8B0112XGP,,,Android,4.3.62
2025-11-19T04:23:52.937Z,82.1,14.15356835917333,121.26244667395174,7.3,11.5,3.6,22.185205,0.0,0.1,0.0,0.9,0.0,1.3,-1.6,0.0,-83.5,GPSAtti,AutoFly,None,true,Already,14,5,Spark,true,false,Standby,Smart,false,true,false,None,true,MonitorError,false,false,false,false,false,false,false,false,false,false,0,YawFollow,-85.0,0.0,-84.1,false,false,false,false,false,false,false,,,,1024,1024,1024,1024,86,11.38,0.0,0,0,3,false,3.766,3.816,3.804,0.05,0.053,0.0,0.0,0.0,14.15359954679567,121.26241599943363,14.885205,380.0,true,FixedHeight,false,false,false,false,,true,false,false,,40,,380.0,401,Android,4.3.62,Clinton Spark,0BMCE8B0112XGP,,,0C0AF8NB33038T,,,121.5,23.604368,11.5,1.9104973,2.0,2,0,Clinton Spark,0BMCE8B0112XGP,,,Android,4.3.62
2025-11-19T04:23:53.040Z,82.2,14.153568342982524,121.26244670043297,7.3,11.5,3.6,22.185205,0.0,0.1,0.0,0.9,0.0,1.3,-1.7,0.1,-83.5,GPSAtti,AutoFly,None,true,Already,14,5,Spark,true,false,Standby,Smart,false,true,false,None,true,MonitorError,false,false,false,false,false,false,false,false,false,false,0,YawFollow,-85.0,0.0,-84.1,false,false,false,false,false,false,false,,,,1024,1024,1024,1024,86,11.38,0.0,0,0,3,false,3.766,3.816,3.804,0.05,0.053,0.0,0.0,0.0,14.15359954679567,121.26241599943363,14.885205,380.0,true,FixedHeight,false,false,false,false,,true,false,false,,40,,380.0,401,Android,4.3.62,Clinton Spark,0BMCE8B0112XGP,,,0C0AF8NB33038T,,,121.5,23.604368,11.5,1.9104973,2.0,2,0,Clinton Spark,0BMCE8B0112XGP,,,Android,4.3.62
2025-11-19T04:23:53.244Z,82.3,14.153568340614767,121.26244670237448,7.3,11.5,3.5,22.185205,0.0,0.1,0.0,0.9,0.0,1.3,-1.6,0.1,-83.6,GPSAtti,AutoFly,None,true,Already,14,5,Spark,true,false,Standby,Smart,false,true,false,None,true,MonitorError,false,false,false,false,false,false,false,false,false,false,0,YawFollow,-85.0,0.0,-84.1,false,false,false,false,false,false,false,,,,1024,1024,1024,1024,86,11.38,0.0,0,0,3,false,3.766,3.816,3.804,0.05,0.053,0.0,0.0,0.0,14.15359954679567,121.26241599943363,14.885205,380.0,true,FixedHeight,false,false,false,false,,true,false,false,,40,,380.0,401,Android,4.3.62,Clinton Spark,0BMCE8B0112XGP,,,0C0AF8NB33038T,,,121.5,23.604368,11.5,1.9104973,2.0,2,0,Clinton Spark,0BMCE8B0112XGP,,,Android,4.3.62
2025-11-19T04:23:53.244Z,82.4,14.153568336635663,121.26244670602343,7.3,11.5,3.6,22.185205,0.0,0.1,0.0,0.9,0.0,1.3,-1.5,0.0,-83.7,GPSAtti,AutoFly,None,true,Already,14,5,Spark,true,false,Standby,Smart,false,true,false,None,true,MonitorError,false,false,false,false,false,false,false,false,false,false,0,YawFollow,-85.0,0.0,-84.1,false,false,false,false,false,false,false,,,,1024,1024,1024,1024,86,11.38,0.0,0,0,3,false,3.766,3.816,3.804,0.05,0.053,0.0,0.0,0.0,14.15359954679567,121.26241599943363,14.885205,380.0,true,FixedHeight,false,false,false,false,,true,false,false,,40,,380.0,401,Android,4.3.62,Clinton Spark,0BMCE8B0112XGP,,,0C0AF8NB33038T,,,121.5,23.604368,11.5,1.9104973,2.0,2,0,Clinton Spark,0BMCE8B0112XGP,,,Android,4.3.62
2025-11-19T04:23:53.346Z,82.5,14.153568346845192,121.26244669965325,7.3,11.5,3.6,22.185205,0.0,0.1,0.0,0.9,0.0,1.3,-1.5,-0.1,-83.7,GPSAtti,AutoFly,None,true,Already,14,5,Spark,true,false,Standby,Smart,false,true,false,None,true,MonitorError,false,false,false,false,false,false,false,false,false,false,0,YawFollow,-85.0,0.0,-84.1,false,false,false,false,false,false,false,,,,1024,1024,1024,1024,86,11.38,0.0,0,0,3,false,3.766,3.816,3.804,0.05,0.053,0.0,0.0,0.0,14.15359954679567,121.26241599943363,14.885205,380.0,true,FixedHeight,false,false,false,false,,true,false,false,,40,,380.0,401,Android,4.3.62,Clinton Spark,0BMCE8B0112XGP,,,0C0AF8NB33038T,,,121.5,23.604368,11.5,1.9104973,2.0,2,0,Clinton Spark,0BMCE8B0112XGP,,,Android,4.3.62
2025-11-19T04:23:53.446Z,82.6,14.153568349520727,121.26244669658746,7.3,11.5,3.5,22.185205,0.0,0.1,0.0,0.9,0.0,1.3,-1.6,-0.2,-83.8,GPSAtti,AutoFly,None,true,Already,14,5,Spark,true,false,Standby,Smart,false,true,false,None,true,MonitorError,false,false,false,false,false,false,false,false,false,false,0,YawFollow,-85.0,0.0,-84.1,false,false,false,false,false,false,false,,,,1024,1024,1024,1024,86,11.38,0.0,0,0,3,false,3.766,3.816,3.804,0.05,0.053,0.0,0.0,0.0,14.15359954679567,121.26241599943363,14.885205,380.0,true,FixedHeight,false,false,false,false,,true,false,false,,40,,380.0,401,Android,4.3.62,Clinton Spark,0BMCE8B0112XGP,,,0C0AF8NB33038T,,,121.5,23.604368,11.5,1.9104973,2.0,2,0,Clinton Spark,0BMCE8B0112XGP,,,Android,4.3.62
2025-11-19T04:23:53.548Z,82.7,14.153568358596045,121.2624466850686,7.3,11.5,3.5,22.185205,0.0,0.1,0.0,0.9,0.0,1.3,-1.5,-0.3,-83.9,GPSAtti,AutoFly,None,true,Already,14,5,Spark,true,false,Standby,Smart,false,true,false,None,true,MonitorError,false,false,false,false,false,false,false,false,false,false,0,YawFollow,-85.0,0.0,-84.2,false,false,false,false,false,false,false,,,,1024,1024,1024,1024,86,11.38,0.0,0,0,3,false,3.766,3.816,3.804,0.05,0.053,0.0,0.0,0.0,14.15359954679567,121.26241599943363,14.885205,380.0,true,FixedHeight,false,false,false,false,,true,false,false,,40,,380.0,401,Android,4.3.62,Clinton Spark,0BMCE8B0112XGP,,,0C0AF8NB33038T,,,121.5,23.604368,11.5,1.9104973,2.0,2,0,Clinton Spark,0BMCE8B0112XGP,,,Android,4.3.62
2025-11-19T04:23:53.752Z,82.8,14.153568371282438,121.26244668455617,7.3,11.5,3.5,22.185205,0.0,0.1,0.0,0.9,0.0,1.3,-1.6,-0.2,-83.8,GPSAtti,AutoFly,None,true,Already,14,5,Spark,true,false,Standby,Smart,false,true,false,None,true,MonitorError,false,false,false,false,false,false,false,false,false,false,0,YawFollow,-85.0,0.0,-84.2,false,false,false,false,false,false,false,,,,1024,1024,1024,1024,86,11.392,0.0,0,0,3,false,3.766,3.816,3.804,0.05,0.053,0.0,0.0,0.0,14.15359954679567,121.26241599943363,14.885205,380.0,true,FixedHeight,false,false,false,false,,true,false,false,,40,,380.0,401,Android,4.3.62,Clinton Spark,0BMCE8B0112XGP,,,0C0AF8NB33038T,,,121.5,23.604368,11.5,1.9104973,2.0,2,0,Clinton Spark,0BMCE8B0112XGP,,,Android,4.3.62
2025-11-19T04:23:53.853Z,82.9,14.153568395950922,121.26244668176426,7.3,11.5,3.5,22.185205,0.0,0.1,0.0,0.9,0.0,1.3,-1.8,0.0,-83.8,GPSAtti,AutoFly,None,true,Already,14,5,Spark,true,false,Standby,Smart,false,true,false,None,true,MonitorError,false,false,false,false,false,false,false,false,false,false,0,YawFollow,-85.0,0.0,-84.1,false,false,false,false,false,false,false,,,,1024,1024,1024,1024,86,11.392,0.0,0,0,3,false,3.766,3.816,3.804,0.05,0.053,0.0,0.0,0.0,14.15359954679567,121.26241599943363,14.885205,380.0,true,FixedHeight,false,false,false,false,,true,false,false,,40,,380.0,401,Android,4.3.62,Clinton Spark,0BMCE8B0112XGP,,,0C0AF8NB33038T,,,121.5,23.604368,11.5,1.9104973,2.0,2,0,Clinton Spark,0BMCE8B0112XGP,,,Android,4.3.62
2025-11-19T04:23:53.955Z,83.0,14.153568415054199,121.2624466816251,7.3,11.5,3.5,22.185205,0.0,0.1,0.0,0.9,0.0,1.3,-1.7,0.0,-83.8,GPSAtti,AutoFly,None,true,Already,14,5,Spark,true,false,Standby,Smart,false,true,false,None,true,MonitorError,false,false,false,false,false,false,false,false,false,false,0,YawFollow,-85.0,0.0,-84.1,false,false,false,false,false,false,false,,,,1024,1024,1024,1024,86,11.392,0.0,0,0,3,false,3.766,3.816,3.804,0.05,0.053,0.0,0.0,0.0,14.15359954679567,121.26241599943363,14.885205,380.0,true,FixedHeight,false,false,false,false,,true,false,false,,40,,380.0,401,Android,4.3.62,Clinton Spark,0BMCE8B0112XGP,,,0C0AF8NB33038T,,,121.5,23.604368,11.5,1.9104973,2.0,2,0,Clinton Spark,0BMCE8B0112XGP,,,Android,4.3.62
2025-11-19T04:23:54.057Z,83.1,14.153568436357503,121.2624466671067,7.3,11.5,3.5,22.185205,0.0,0.1,0.0,0.9,0.0,1.3,-1.4,0.0,-83.8,GPSAtti,AutoFly,None,true,Already,14,5,Spark,true,false,Standby,Smart,false,true,false,None,true,MonitorError,false,false,false,false,false,false,false,false,false,false,0,YawFollow,-85.0,0.0,-84.1,false,false,false,false,false,false,false,,,,1024,1024,1024,1024,86,11.392,0.0,0,0,3,false,3.766,3.816,3.804,0.05,0.053,0.0,0.0,0.0,14.15359954679567,121.26241599943363,14.885205,380.0,true,FixedHeight,false,false,false,false,,true,false,false,,40,,380.0,401,Android,4.3.62,Clinton Spark,0BMCE8B0112XGP,,,0C0AF8NB33038T,,,121.5,23.604368,11.5,1.9104973,2.0,2,0,Clinton Spark,0BMCE8B0112XGP,,,Android,4.3.62
2025-11-19T04:23:54.158Z,83.2,14.153568457248811,121.26244663496438,7.3,11.5,3.5,22.185205,0.0,0.1,0.0,0.9,0.0,1.3,-1.0,-0.3,-83.9,GPSAtti,AutoFly,None,true,Already,14,5,Spark,true,false,Standby,Smart,false,true,false,None,true,MonitorError,false,false,false,false,false,false,false,false,false,false,0,YawFollow,-85.0,0.0,-84.1,false,false,false,false,false,false,false,,,,1024,1024,1024,1024,86,11.392,0.0,0,0,3,false,3.766,3.816,3.804,0.05,0.053,0.0,0.0,0.0,14.15359954679567,121.26241599943363,14.885205,380.0,true,FixedHeight,false,false,false,false,,true,false,false,,40,,380.0,401,Android,4.3.62,Clinton Spark,0BMCE8B0112XGP,,,0C0AF8NB33038T,,,121.5,23.604368,11.5,1.9104973,2.0,2,0,Clinton Spark,0BMCE8B0112XGP,,,Android,4.3.62
2025-11-19T04:23:54.158Z,83.3,14.153568479651314,121.26244658841628,7.3,11.5,3.6,22.185205,0.0,0.1,0.0,0.9,0.0,1.3,-1.0,-0.7,-83.9,GPSAtti,AutoFly,None,true,Already,14,5,Spark,true,false,Standby,Smart,false,true,false,None,true,MonitorError,false,false,false,false,false,false,false,false,false,false,0,YawFollow,-85.0,0.0,-84.2,false,false,false,false,false,false,false,,,,1024,1024,1024,1024,86,11.392,0.0,0,0,3,false,3.766,3.816,3.804,0.05,0.053,0.0,0.0,0.0,14.15359954679567,121.26241599943363,14.885205,380.0,true,FixedHeight,false,false,false,false,,true,false,false,,40,,380.0,401,Android,4.3.62,Clinton Spark,0BMCE8B0112XGP,,,0C0AF8NB33038T,,,121.5,23.604368,11.5,1.9104973,2.0,2,0,Clinton Spark,0BMCE8B0112XGP,,,Android,4.3.62
2025-11-19T04:23:54.259Z,83.4,14.153568504919066,121.26244656137406,7.3,11.5,3.6,22.185205,0.0,0.1,0.0,0.9,0.0,1.3,-1.1,-0.8,-83.8,GPSAtti,AutoFly,None,true,Already,14,5,Spark,true,false,Standby,Smart,false,true,false,None,true,MonitorError,false,false,false,false,false,false,false,false,false,false,0,YawFollow,-85.0,0.0,-84.2,false,false,false,false,false,false,false,,,,1024,1024,1024,1024,86,11.392,0.0,0,0,3,false,3.766,3.816,3.804,0.05,0.053,0.0,0.0,0.0,14.15359954679567,121.26241599943363,14.885205,380.0,true,FixedHeight,false,false,false,false,,true,false,false,,40,,380.0,401,Android,4.3.62,Clinton Spark,0BMCE8B0112XGP,,,0C0AF8NB33038T,,,121.5,23.604368,11.5,1.9104973,2.0,2,0,Clinton Spark,0BMCE8B0112XGP,,,Android,4.3.62
2025-11-19T04:23:54.362Z,83.5,14.153568539321574,121.26244654687555,7.3,11.5,3.5,22.185205,0.0,0.1,0.0,0.9,0.0,1.3,-1.1,-0.8,-83.8,GPSAtti,AutoFly,None,true,Already,14,5,Spark,true,false,Standby,Smart,false,true,false,None,true,MonitorError,false,false,false,false,false,false,false,false,false,false,0,YawFollow,-85.0,0.0,-84.2,false,false,false,false,false,false,false,,,,1024,1024,1024,1024,86,11.392,0.0,0,0,3,false,3.766,3.816,3.804,0.05,0.053,0.0,0.0,0.0,14.15359954679567,121.26241599943363,14.885205,380.0,true,FixedHeight,false,false,false,false,,true,false,false,,40,,380.0,401,Android,4.3.62,Clinton Spark,0BMCE8B0112XGP,,,0C0AF8NB33038T,,,121.5,23.604368,11.5,1.9104973,2.0,2,0,Clinton Spark,0BMCE8B0112XGP,,,Android,4.3.62
2025-11-19T04:23:54.362Z,83.6,14.153568555608457,121.26244652898211,7.3,11.5,3.4,22.185205,0.0,0.1,0.0,0.9,0.0,1.3,-1.1,-0.7,-83.8,GPSAtti,AutoFly,None,true,Already,14,5,Spark,true,false,Standby,Smart,false,true,false,None,true,MonitorError,false,false,false,false,false,false,false,false,false,false,0,YawFollow,-85.0,0.0,-84.2,false,false,false,false,false,false,false,,,,1024,1024,1024,1024,86,11.392,0.0,0,0,3,false,3.766,3.816,3.804,0.05,0.053,0.0,0.0,0.0,14.15359954679567,121.26241599943363,14.885205,380.0,true,FixedHeight,false,false,false,false,,true,false,false,,40,,380.0,401,Android,4.3.62,Clinton Spark,0BMCE8B0112XGP,,,0C0AF8NB33038T,,,121.5,23.604368,11.5,1.9104973,2.0,2,0,Clinton Spark,0BMCE8B0112XGP,,,Android,4.3.62
2025-11-19T04:23:54.463Z,83.7,14.153568561105269,121.26244650418845,7.3,11.5,3.4,22.185205,0.0,0.1,0.0,0.9,0.0,1.3,-1.2,-0.7,-83.7,GPSAtti,AutoFly,None,true,Already,14,5,Spark,true,false,Standby,Smart,false,true,false,None,true,MonitorError,false,false,false,false,false,false,false,false,false,false,0,YawFollow,-85.0,0.0,-84.2,false,false,false,false,false,false,false,,,,1024,1024,1024,1024,86,11.392,0.0,0,0,3,false,3.766,3.816,3.804,0.05,0.053,0.0,0.0,0.0,14.15359954679567,121.26241599943363,14.885205,380.0,true,FixedHeight,false,false,false,false,,true,false,false,,40,,380.0,401,Android,4.3.62,Clinton Spark,0BMCE8B0112XGP,,,0C0AF8NB33038T,,,121.5,23.604368,11.5,1.9104973,2.0,2,0,Clinton Spark,0BMCE8B0112XGP,,,Android,4.3.62
2025-11-19T04:23:54.564Z,83.8,14.15356854980224,121.2624464940788,7.3,11.5,3.4,22.185205,0.0,0.1,0.0,0.9,0.0,1.3,-1.3,-0.6,-83.7,GPSAtti,AutoFly,None,true,Already,14,5,Spark,true,false,Standby,Smart,false,true,false,None,true,MonitorError,false,false,false,false,false,false,false,false,false,false,0,YawFollow,-85.0,0.0,-84.2,false,false,false,false,false,false,false,,,,1024,1024,1024,1024,86,11.395,0.0,0,0,3,false,3.766,3.816,3.804,0.05,0.053,0.0,0.0,0.0,14.15359954679567,121.26241599943363,14.885205,380.0,true,FixedHeight,false,false,false,false,,true,false,false,,40,,380.0,401,Android,4.3.62,Clinton Spark,0BMCE8B0112XGP,,,0C0AF8NB33038T,,,121.5,23.604368,11.5,1.9104973,2.0,2,0,Clinton Spark,0BMCE8B0112XGP,,,Android,4.3.62
2025-11-19T04:23:54.564Z,83.9,14.153568537382098,121.26244649272259,7.3,11.5,3.3,22.185205,0.0,0.1,0.0,0.9,0.0,1.3,-1.5,-0.6,-83.7,GPSAtti,AutoFly,None,true,Already,14,5,Spark,true,false,Standby,Smart,false,true,false,None,true,MonitorError,false,false,false,false,false,false,false,false,false,false,0,YawFollow,-85.0,0.0,-84.2,false,false,false,false,false,false,false,,,,1024,1024,1024,1024,86,11.395,0.0,0,0,3,false,3.766,3.816,3.804,0.05,0.053,0.0,0.0,0.0,14.15359954679567,121.26241599943363,14.885205,380.0,true,FixedHeight,false,false,false,false,,true,false,false,,40,,380.0,401,Android,4.3.62,Clinton Spark,0BMCE8B0112XGP,,,0C0AF8NB33038T,,,121.5,23.604368,11.5,1.9104973,2.0,2,0,Clinton Spark,0BMCE8B0112XGP,,,Android,4.3.62
2025-11-19T04:23:54.768Z,84.0,14.153568512611836,121.26244649477678,7.3,11.5,3.3,22.185205,0.0,0.1,0.0,0.9,0.0,1.3,-1.7,-0.6,-83.8,GPSAtti,AutoFly,None,true,Already,14,5,Spark,true,false,Standby,Smart,false,true,false,None,true,MonitorError,false,false,false,false,false,false,false,false,false,false,0,YawFollow,-85.0,0.0,-84.2,false,false,false,false,false,false,false,,,,1024,1024,1024,1024,86,11.395,0.0,0,0,3,false,3.766,3.816,3.804,0.05,0.053,0.0,0.0,0.0,14.15359954679567,121.26241599943363,14.885205,380.0,true,FixedHeight,false,false,false,false,,true,false,false,,40,,380.0,401,Android,4.3.62,Clinton Spark,0BMCE8B0112XGP,,,0C0AF8NB33038T,,,121.5,23.604368,11.5,1.9104973,2.0,2,0,Clinton Spark,0BMCE8B0112XGP,,,Android,4.3.62
2025-11-19T04:23:54.768Z,84.1,14.15356848999682,121.26244648886605,7.3,11.5,3.3,22.185205,0.0,0.1,0.0,0.9,0.0,1.3,-1.8,-0.6,-83.8,GPSAtti,AutoFly,None,true,Already,14,5,Spark,true,false,Standby,Smart,false,true,false,None,true,MonitorError,false,false,false,false,false,false,false,false,false,false,0,YawFollow,-85.0,0.0,-84.2,false,false,false,false,false,false,false,,,,1024,1024,1024,1024,86,11.395,0.0,0,0,3,false,3.766,3.816,3.804,0.05,0.053,0.0,0.0,0.0,14.15359954679567,121.26241599943363,14.885205,380.0,true,FixedHeight,false,false,false,false,,true,false,false,,40,,380.0,401,Android,4.3.62,Clinton Spark,0BMCE8B0112XGP,,,0C0AF8NB33038T,,,121.5,23.604368,11.5,1.9104973,2.0,2,0,Clinton Spark,0BMCE8B0112XGP,,,Android,4.3.62
2025-11-19T04:23:55.074Z,84.2,14.153568452927734,121.26244648631047,7.3,11.5,3.4,22.185205,0.0,0.1,0.0,0.9,0.0,1.3,-1.8,-0.3,-83.8,GPSAtti,AutoFly,None,true,Already,14,5,Spark,true,false,Standby,Smart,false,true,false,None,true,MonitorError,false,false,false,false,false,false,false,false,false,false,0,YawFollow,-85.0,0.0,-84.2,false,false,false,false,false,false,false,,,,1024,1024,1024,1024,86,11.395,0.0,0,0,3,false,3.766,3.816,3.804,0.05,0.053,0.0,0.0,0.0,14.15359954679567,121.26241599943363,14.885205,380.0,true,FixedHeight,false,false,false,false,,true,false,false,,40,,380.0,401,Android,4.3.62,Clinton Spark,0BMCE8B0112XGP,,,0C0AF8NB33038T,,,121.5,23.604368,11.5,1.9104973,2.0,2,0,Clinton Spark,0BMCE8B0112XGP,,,Android,4.3.62
2025-11-19T04:23:55.176Z,84.3,14.153568417206188,121.26244647246355,7.3,11.5,3.4,22.185205,0.0,0.1,0.0,0.9,0.0,1.3,-1.7,0.2,-83.7,GPSAtti,AutoFly,None,true,Already,14,5,Spark,true,false,Standby,Smart,false,true,false,None,true,MonitorError,false,false,false,false,false,false,false,false,false,false,0,YawFollow,-85.0,0.0,-84.2,false,false,false,false,false,false,false,,,,1024,1024,1024,1024,86,11.395,0.0,0,0,3,false,3.766,3.816,3.804,0.05,0.053,0.0,0.0,0.0,14.15359954679567,121.26241599943363,14.885205,380.0,true,FixedHeight,false,false,false,false,,true,false,false,,40,,380.0,401,Android,4.3.62,Clinton Spark,0BMCE8B0112XGP,,,0C0AF8NB33038T,,,121.5,23.604368,11.5,1.9104973,2.0,2,0,Clinton Spark,0BMCE8B0112XGP,,,Android,4.3.62
2025-11-19T04:23:55.176Z,84.4,14.153568366318126,121.26244646461573,7.3,11.5,3.4,22.185205,0.0,0.1,0.0,0.9,0.0,1.3,-1.6,0.5,-83.7,GPSAtti,AutoFly,None,true,Already,14,5,Spark,true,false,Standby,Smart,false,true,false,None,true,MonitorError,false,false,false,false,false,false,false,false,false,false,0,YawFollow,-85.0,0.0,-84.1,false,false,false,false,false,false,false,,,,1024,1024,1024,1024,86,11.395,0.0,0,0,3,false,3.766,3.816,3.804,0.05,0.053,0.0,0.0,0.0,14.15359954679567,121.26241599943363,14.885205,380.0,true,FixedHeight,false,false,false,false,,true,false,false,,40,,380.0,401,Android,4.3.62,Clinton Spark,0BMCE8B0112XGP,,,0C0AF8NB33038T,,,121.5,23.604368,11.5,1.9104973,2.0,2,0,Clinton Spark,0BMCE8B0112XGP,,,Android,4.3.62
2025-11-19T04:23:55.278Z,84.5,14.153568323003144,121.26244645330007,7.3,11.5,3.5,22.185205,0.0,0.1,0.0,0.9,0.0,1.3,-1.7,0.4,-83.7,GPSAtti,AutoFly,None,true,Already,14,5,Spark,true,false,Standby,Smart,false,true,false,None,true,MonitorError,false,false,false,false,false,false,false,false,false,false,0,YawFollow,-85.0,0.0,-84.1,false,false,false,false,false,false,false,,,,1024,1024,1024,1024,86,11.395,0.0,0,0,3,false,3.766,3.816,3.804,0.05,0.053,0.0,0.0,0.0,14.15359954679567,121.26241599943363,14.885205,380.0,true,FixedHeight,false,false,false,false,,true,false,false,,40,,380.0,401,Android,4.3.62,Clinton Spark,0BMCE8B0112XGP,,,0C0AF8NB33038T,,,121.5,23.604368,11.5,1.9104973,2.0,2,0,Clinton Spark,0BMCE8B0112XGP,,,Android,4.3.62
2025-11-19T04:23:55.382Z,84.6,14.153568281034072,121.26244644887588,7.3,11.5,3.5,22.185205,0.0,0.1,0.0,0.9,0.0,1.3,-1.7,0.2,-83.8,GPSAtti,AutoFly,None,true,Already,14,5,Spark,true,false,Standby,Smart,false,true,false,None,true,MonitorError,false,false,false,false,false,false,false,false,false,false,0,YawFollow,-85.0,0.0,-84.1,false,false,false,false,false,false,false,,,,1024,1024,1024,1024,86,11.395,0.0,0,0,3,false,3.766,3.816,3.804,0.05,0.053,0.0,0.0,0.0,14.15359954679567,121.26241599943363,14.885205,380.0,true,FixedHeight,false,false,false,false,,true,false,false,,40,,380.0,401,Android,4.3.62,Clinton Spark,0BMCE8B0112XGP,,,0C0AF8NB33038T,,,121.5,23.604368,11.5,1.9104973,2.0,2,0,Clinton Spark,0BMCE8B0112XGP,,,Android,4.3.62
2025-11-19T04:23:55.484Z,84.7,14.153568253306556,121.26244643900698,7.3,11.5,3.5,22.185205,0.0,0.1,0.0,0.9,0.0,1.3,-1.6,0.2,-83.7,GPSAtti,AutoFly,None,true,Already,14,5,Spark,true,false,Standby,Smart,false,true,false,None,true,MonitorError,false,false,false,false,false,false,false,false,false,false,0,YawFollow,-85.0,0.0,-84.1,false,false,false,false,false,false,false,,,,1024,1024,1024,1024,86,11.395,0.0,0,0,3,false,3.766,3.816,3.804,0.05,0.053,0.0,0.0,0.0,14.15359954679567,121.26241599943363,14.885205,380.0,true,FixedHeight,false,false,false,false,,true,false,false,,40,,380.0,401,Android,4.3.62,Clinton Spark,0BMCE8B0112XGP,,,0C0AF8NB33038T,,,121.5,23.604368,11.5,1.9104973,2.0,2,0,Clinton Spark,0BMCE8B0112XGP,,,Android,4.3.62
2025-11-19T04:23:55.586Z,84.8,14.153568219099462,121.26244641627632,7.3,11.5,3.6,22.185205,0.0,0.1,0.0,0.9,0.0,1.3,-1.5,0.0,-83.8,GPSAtti,AutoFly,None,true,Already,15,5,Spark,true,false,Standby,Smart,false,true,false,None,true,MonitorError,false,false,false,false,false,false,false,false,false,false,0,YawFollow,-85.0,0.0,-84.2,false,false,false,false,false,false,false,,,,1024,1024,1024,1024,86,11.395,0.0,0,0,3,false,3.766,3.816,3.804,0.05,0.053,0.0,0.0,0.0,14.15359954679567,121.26241599943363,14.885205,380.0,true,FixedHeight,false,false,false,false,,true,false,false,,40,,380.0,401,Android,4.3.62,Clinton Spark,0BMCE8B0112XGP,,,0C0AF8NB33038T,,,121.5,23.604368,11.5,1.9104973,2.0,2,0,Clinton Spark,0BMCE8B0112XGP,,,Android,4.3.62
2025-11-19T04:23:55.688Z,84.9,14.153568193475895,121.26244637225068,7.3,11.5,3.6,22.185205,0.0,0.1,0.0,0.9,0.0,1.3,-1.4,0.0,-83.8,GPSAtti,AutoFly,None,true,Already,15,5,Spark,true,false,Standby,Smart,false,true,false,None,true,MonitorError,false,false,false,false,false,false,false,false,false,false,0,YawFollow,-85.0,0.0,-84.2,false,false,false,false,false,false,false,,,,1024,1024,1024,1024,86,11.395,0.0,0,0,3,false,3.766,3.816,3.804,0.05,0.053,0.0,0.0,0.0,14.15359954679567,121.26241599943363,14.885205,380.0,true,FixedHeight,false,false,false,false,,true,false,false,,40,,380.0,401,Android,4.3.62,Clinton Spark,0BMCE8B0112XGP,,,0C0AF8NB33038T,,,121.5,23.604368,11.5,1.9104973,2.0,2,0,Clinton Spark,0BMCE8B0112XGP,,,Android,4.3.62
2025-11-19T04:23:55.688Z,85.0,14.153568165132826,121.26244633980575,7.3,11.5,3.6,22.185205,0.0,0.1,0.0,0.9,0.0,1.3,-1.5,0.2,-83.8,GPSAtti,AutoFly,None,true,Already,15,5,Spark,true,false,Standby,Smart,false,true,false,None,true,MonitorError,false,false,false,false,false,false,false,false,false,false,0,YawFollow,-85.0,0.0,-84.2,false,false,false,false,false,false,false,,,,1024,1024,1024,1024,86,11.395,0.0,0,0,3,false,3.766,3.816,3.804,0.05,0.053,0.0,0.0,0.0,14.15359954679567,121.26241599943363,14.885205,380.0,true,FixedHeight,false,false,false,false,,true,false,false,,40,,380.0,401,Android,4.3.62,Clinton Spark,0BMCE8B0112XGP,,,0C0AF8NB33038T,,,121.5,23.604368,11.5,1.9104973,2.0,2,0,Clinton Spark,0BMCE8B0112XGP,,,Android,4.3.62
2025-11-19T04:23:55.790Z,85.1,14.153568157212076,121.26244630731661,7.3,11.5,3.6,22.185205,0.0,0.1,0.0,0.9,0.0,1.3,-1.5,0.1,-83.7,GPSAtti,AutoFly,None,true,Already,15,5,Spark,true,false,Standby,Smart,false,true,false,None,true,MonitorError,false,false,false,false,false,false,false,false,false,false,0,YawFollow,-85.0,0.0,-84.2,false,false,false,false,false,false,false,,,,1024,1024,1016,1024,86,11.395,0.0,0,0,3,false,3.766,3.816,3.804,0.05,0.053,0.0,0.0,0.0,14.15359954679567,121.26241599943363,14.885205,380.0,true,FixedHeight,false,false,false,false,,true,false,false,,40,,380.0,401,Android,4.3.62,Clinton Spark,0BMCE8B0112XGP,,,0C0AF8NB33038T,,,121.5,23.604368,11.5,1.9104973,2.0,2,0,Clinton Spark,0BMCE8B0112XGP,,,Android,4.3.62
2025-11-19T04:23:55.790Z,85.2,14.153568153767917,121.26244626894109,7.3,11.5,3.6,22.185205,0.0,0.1,0.0,0.9,0.0,1.3,-1.3,0.1,-83.6,GPSAtti,AutoFly,None,true,Already,15,5,Spark,true,false,Standby,Smart,false,true,false,None,true,MonitorError,false,false,false,false,false,false,false,false,false,false,0,YawFollow,-85.0,0.0,-84.2,false,false,false,false,false,false,false,,,,1024,1024,913,1024,86,11.395,0.0,0,0,3,false,3.766,3.816,3.804,0.05,0.053,0.0,0.0,0.0,14.15359954679567,121.26241599943363,14.885205,380.0,true,FixedHeight,false,false,false,false,,true,false,false,,40,,380.0,401,Android,4.3.62,Clinton Spark,0BMCE8B0112XGP,,,0C0AF8NB33038T,,,121.5,23.604368,11.5,1.9104973,2.0,2,0,Clinton Spark,0BMCE8B0112XGP,,,Android,4.3.62
2025-11-19T04:23:55.893Z,85.3,14.15356816063018,121.26244621775453,7.3,11.5,3.6,22.185205,0.0,0.1,0.0,0.9,0.0,1.3,-1.1,0.2,-83.5,GPSAtti,AutoFly,None,true,Already,15,5,Spark,true,false,Standby,Smart,false,true,false,None,true,MonitorError,false,false,false,false,false,false,false,false,false,false,0,YawFollow,-85.0,0.0,-84.2,false,false,false,false,false,false,false,,,,1024,1024,882,1024,86,11.395,0.0,0,0,3,false,3.766,3.816,3.804,0.05,0.053,0.0,0.0,0.0,14.15359954679567,121.26241599943363,14.885205,380.0,true,FixedHeight,false,false,false,false,,true,false,false,,40,,380.0,401,Android,4.3.62,Clinton Spark,0BMCE8B0112XGP,,,0C0AF8NB33038T,,,121.5,23.604368,11.5,1.9104973,2.0,2,0,Clinton Spark,0BMCE8B0112XGP,,,Android,4.3.62
2025-11-19T04:23:56.097Z,85.4,14.15356819597067,121.26244616472145,7.3,11.5,3.6,22.185205,0.0,0.1,0.0,0.9,0.0,1.3,-1.0,0.5,-83.5,GPSAtti,AutoFly,None,true,Already,15,5,Spark,true,false,Standby,Smart,false,true,false,None,true,MonitorError,false,false,false,false,false,false,false,false,false,false,0,YawFollow,-85.0,0.0,-84.1,false,false,false,false,false,false,false,,,,1024,1024,1024,1024,86,11.395,0.0,0,0,3,false,3.766,3.816,3.804,0.05,0.053,0.0,0.0,0.0,14.15359954679567,121.26241599943363,14.885205,380.0,true,FixedHeight,false,false,false,false,,true,false,false,,40,,380.0,401,Android,4.3.62,Clinton Spark,0BMCE8B0112XGP,,,0C0AF8NB33038T,,,121.5,23.604368,11.5,1.9104973,2.0,2,0,Clinton Spark,0BMCE8B0112XGP,,,Android,4.3.62
2025-11-19T04:23:56.097Z,85.5,14.153568256752344,121.26244610883461,7.3,11.5,3.6,22.185205,0.0,0.1,0.0,0.9,0.0,1.3,-0.9,0.4,-83.6,GPSAtti,AutoFly,None,true,Already,15,5,Spark,true,false,Standby,Smart,false,true,false,None,true,MonitorError,false,false,false,false,false,false,false,false,false,false,0,YawFollow,-85.0,0.0,-84.1,false,false,false,false,false,false,false,,,,1024,1024,1024,1024,86,11.395,0.0,0,0,3,false,3.766,3.816,3.804,0.05,0.053,0.0,0.0,0.0,14.15359954679567,121.26241599943363,14.885205,380.0,true,FixedHeight,false,false,false,false,,true,false,false,,40,,380.0,401,Android,4.3.62,Clinton Spark,0BMCE8B0112XGP,,,0C0AF8NB33038T,,,121.5,23.604368,11.5,1.9104973,2.0,2,0,Clinton Spark,0BMCE8B0112XGP,,,Android,4.3.62
2025-11-19T04:23:56.199Z,85.6,14.153568310546362,121.26244605459992,7.3,11.5,3.6,22.185205,0.0,0.1,0.0,0.9,0.0,1.3,-0.7,-0.1,-83.7,GPSAtti,AutoFly,None,true,Already,15,5,Spark,true,false,Standby,Smart,false,true,false,None,true,MonitorError,false,false,false,false,false,false,false,false,false,false,0,YawFollow,-85.0,0.0,-84.2,false,false,false,false,false,false,false,,,,1024,1024,1024,1024,86,11.395,0.0,0,0,3,false,3.766,3.816,3.804,0.05,0.053,0.0,0.0,0.0,14.15359954679567,121.26241599943363,14.885205,380.0,true,FixedHeight,false,false,false,false,,true,false,false,,40,,380.0,401,Android,4.3.62,Clinton Spark,0BMCE8B0112XGP,,,0C0AF8NB33038T,,,121.5,23.604368,11.5,1.9104973,2.0,2,0,Clinton Spark,0BMCE8B0112XGP,,,Android,4.3.62
2025-11-19T04:23:56.301Z,85.7,14.153568348899475,121.26244600781993,7.3,11.5,3.6,22.185205,0.0,0.1,0.0,0.9,0.0,1.3,-0.5,-0.6,-83.7,GPSAtti,AutoFly,None,true,Already,15,5,Spark,true,false,Standby,Smart,false,true,false,None,true,MonitorError,false,false,false,false,false,false,false,false,false,false,0,YawFollow,-85.0,0.0,-84.2,false,false,false,false,false,false,false,,,,1024,1024,1027,1024,86,11.395,0.0,0,0,3,false,3.766,3.816,3.804,0.05,0.053,0.0,0.0,0.0,14.15359954679567,121.26241599943363,14.885205,380.0,true,FixedHeight,false,false,false,false,,true,false,false,,40,,380.0,401,Android,4.3.62,Clinton Spark,0BMCE8B0112XGP,,,0C0AF8NB33038T,,,121.5,23.604368,11.5,1.9104973,2.0,2,0,Clinton Spark,0BMCE8B0112XGP,,,Android,4.3.62
2025-11-19T04:23:56.403Z,85.8,14.153568384249738,121.26244597042948,7.3,11.5,3.3,22.185205,0.0,0.1,0.0,0.9,0.0,1.3,-0.7,-0.8,-83.8,GPSAtti,AutoFly,None,true,Already,15,5,Spark,false,false,Standby,Smart,false,true,false,None,true,MonitorError,false,false,false,false,false,false,false,false,false,false,0,YawFollow,-85.0,0.0,-84.2,false,false,false,false,false,false,false,,,,1024,1145,1024,1024,86,11.399,0.0,0,0,3,false,3.766,3.816,3.804,0.05,0.053,0.0,0.0,0.0,14.15359954679567,121.26241599943363,14.885205,380.0,true,FixedHeight,false,false,false,false,,true,false,false,,40,,380.0,401,Android,4.3.62,Clinton Spark,0BMCE8B0112XGP,,,0C0AF8NB33038T,,,121.5,23.604368,11.5,1.9104973,2.0,2,0,Clinton Spark,0BMCE8B0112XGP,,,Android,4.3.62
2025-11-19T04:23:56.607Z,85.9,14.153568423746833,121.26244593857872,7.3,11.5,3.3,22.185205,0.0,0.1,0.0,0.9,0.0,1.3,-0.8,-0.9,-83.7,GPSAtti,AutoFly,None,true,Already,15,5,Spark,true,false,Standby,Smart,false,true,false,None,true,MonitorError,false,false,false,false,false,false,false,false,false,false,0,YawFollow,-85.0,0.0,-84.2,false,false,false,false,false,false,false,,,,1024,1140,1024,1024,86,11.399,0.0,0,0,3,false,3.766,3.816,3.804,0.05,0.053,0.0,0.0,0.0,14.15359954679567,121.26241599943363,14.885205,380.0,true,FixedHeight,false,false,false,false,,true,false,false,,40,,380.0,401,Android,4.3.62,Clinton Spark,0BMCE8B0112XGP,,,0C0AF8NB33038T,,,121.5,23.604368,11.5,1.9104973,2.0,2,0,Clinton Spark,0BMCE8B0112XGP,,,Android,4.3.62
2025-11-19T04:23:56.607Z,86.0,14.153568450643842,121.26244592571692,7.3,11.5,3.2,22.185205,0.0,0.1,0.0,0.9,0.0,1.3,-0.9,-0.6,-83.7,GPSAtti,AutoFly,None,true,Already,15,5,Spark,true,false,Standby,Smart,false,true,false,None,true,MonitorError,false,false,false,false,false,false,false,false,false,false,0,YawFollow,-85.0,0.0,-84.2,false,false,false,false,false,false,false,,,,1024,1140,1024,1024,86,11.399,0.0,0,0,3,false,3.766,3.816,3.804,0.05,0.053,0.0,0.0,0.0,14.15359954679567,121.26241599943363,14.885205,380.0,true,FixedHeight,false,false,false,false,,true,false,false,,40,,380.0,401,Android,4.3.62,Clinton Spark,0BMCE8B0112XGP,,,0C0AF8NB33038T,,,121.5,23.604368,11.5,1.9104973,2.0,2,0,Clinton Spark,0BMCE8B0112XGP,,,Android,4.3.62
2025-11-19T04:23:56.710Z,86.1,14.153568476986367,121.26244591412741,7.3,11.5,3.2,22.185205,0.0,0.1,0.0,0.9,0.0,1.3,-0.8,-0.3,-83.7,GPSAtti,AutoFly,None,true,Already,15,5,Spark,true,false,Standby,Smart,false,true,false,None,true,MonitorError,false,false,false,false,false,false,false,false,false,false,0,YawFollow,-85.0,0.0,-84.2,false,false,false,false,false,false,false,,,,1024,1177,1024,1024,86,11.399,0.0,0,0,3,false,3.766,3.816,3.804,0.05,0.053,0.0,0.0,0.0,14.15359954679567,121.26241599943363,14.885205,380.0,true,FixedHeight,false,false,false,false,,true,false,false,,40,,380.0,401,Android,4.3.62,Clinton Spark,0BMCE8B0112XGP,,,0C0AF8NB33038T,,,121.5,23.604368,11.5,1.9104973,2.0,2,0,Clinton Spark,0BMCE8B0112XGP,,,Android,4.3.62
2025-11-19T04:23:56.812Z,86.2,14.15356851104853,121.26244588976444,7.3,11.5,3.2,22.185205,0.0,0.1,0.0,0.9,0.0,1.3,-0.7,-0.5,-83.7,GPSAtti,AutoFly,None,true,Already,15,5,Spark,true,false,Standby,Smart,false,true,false,None,true,MonitorError,false,false,false,false,false,false,false,false,false,false,0,YawFollow,-85.0,0.0,-84.2,false,false,false,false,false,false,false,,,,1024,1183,1024,1024,86,11.399,0.0,0,0,3,false,3.766,3.816,3.804,0.05,0.053,0.0,0.0,0.0,14.15359954679567,121.26241599943363,14.885205,380.0,true,FixedHeight,false,false,false,false,,true,false,false,,40,,380.0,401,Android,4.3.62,Clinton Spark,0BMCE8B0112XGP,,,0C0AF8NB33038T,,,121.5,23.604368,11.5,1.9104973,2.0,2,0,Clinton Spark,0BMCE8B0112XGP,,,Android,4.3.62
2025-11-19T04:23:56.914Z,86.3,14.153568555728148,121.26244584293363,7.3,11.5,3.1,22.185205,0.0,0.1,0.0,0.9,0.0,1.3,-0.3,-0.8,-83.7,GPSAtti,AutoFly,None,true,Already,15,5,Spark,true,false,Standby,Smart,false,true,false,None,true,MonitorError,false,false,false,false,false,false,false,false,false,false,0,YawFollow,-85.0,0.0,-84.3,false,false,false,false,false,false,false,,,,1024,1024,1024,1024,86,11.399,0.0,0,0,3,false,3.766,3.816,3.804,0.05,0.053,0.0,0.0,0.0,14.15359954679567,121.26241599943363,14.885205,380.0,true,FixedHeight,false,false,false,false,,true,false,false,,40,,380.0,401,Android,4.3.62,Clinton Spark,0BMCE8B0112XGP,,,0C0AF8NB33038T,,,121.5,23.604368,11.5,1.9104973,2.0,2,0,Clinton Spark,0BMCE8B0112XGP,,,Android,4.3.62
2025-11-19T04:23:57.118Z,86.4,14.153568585404097,121.26244577312916,7.3,11.5,3.1,22.185205,0.0,0.1,0.0,0.9,0.0,1.3,-0.2,-0.9,-83.7,GPSAtti,AutoFly,None,true,Already,15,5,Spark,true,false,Standby,Smart,false,true,false,None,true,MonitorError,false,false,false,false,false,false,false,false,false,false,0,YawFollow,-85.0,0.0,-84.3,false,false,false,false,false,false,false,,,,1024,1024,1024,1024,86,11.399,0.0,0,0,3,false,3.766,3.816,3.804,0.05,0.053,0.0,0.0,0.0,14.15359954679567,121.26241599943363,14.885205,380.0,true,FixedHeight,false,false,false,false,,true,false,false,,40,,380.0,401,Android,4.3.62,Clinton Spark,0BMCE8B0112XGP,,,0C0AF8NB33038T,,,121.5,23.604368,11.5,1.9104973,2.0,2,0,Clinton Spark,0BMCE8B0112XGP,,,Android,4.3.62
2025-11-19T04:23:57.221Z,86.5,14.153568601248857,121.26244570364501,7.3,11.5,3.1,22.185205,0.0,0.1,0.0,0.9,0.0,1.3,-0.5,-0.8,-83.7,GPSAtti,AutoFly,None,true,Already,15,5,Spark,true,false,Standby,Smart,false,true,false,None,true,MonitorError,false,false,false,false,false,false,false,false,false,false,0,YawFollow,-85.0,0.0,-84.2,false,false,false,false,false,false,false,,,,1024,1024,1024,1024,86,11.399,0.0,0,0,3,false,3.766,3.816,3.804,0.05,0.053,0.0,0.0,0.0,14.15359954679567,121.26241599943363,14.885205,380.0,true,FixedHeight,false,false,false,false,,true,false,false,,40,,380.0,401,Android,4.3.62,Clinton Spark,0BMCE8B0112XGP,,,0C0AF8NB33038T,,,121.5,23.604368,11.5,1.9104973,2.0,2,0,Clinton Spark,0BMCE8B0112XGP,,,Android,4.3.62
2025-11-19T04:23:57.221Z,86.6,14.153568612205842,121.26244564237754,7.3,11.5,3.0,22.185205,0.0,0.1,0.0,0.9,0.0,1.3,-0.9,-0.8,-83.6,GPSAtti,AutoFly,None,true,Already,15,5,Spark,true,false,Standby,Smart,false,true,false,None,true,MonitorError,false,false,false,false,false,false,false,false,false,false,0,YawFollow,-85.0,0.0,-84.3,false,false,false,false,false,false,false,,,,1024,1024,1024,1024,86,11.399,0.0,0,0,3,false,3.766,3.816,3.804,0.05,0.053,0.0,0.0,0.0,14.15359954679567,121.26241599943363,14.885205,380.0,true,FixedHeight,false,false,false,false,,true,false,false,,40,,380.0,401,Android,4.3.62,Clinton Spark,0BMCE8B0112XGP,,,0C0AF8NB33038T,,,121.5,23.604368,11.5,1.9104973,2.0,2,0,Clinton Spark,0BMCE8B0112XGP,,,Android,4.3.62
2025-11-19T04:23:57.323Z,86.7,14.153568630121983,121.26244560158999,7.3,11.5,3.0,22.185205,0.0,0.1,0.0,0.9,0.0,1.3,-1.3,-0.6,-83.6,GPSAtti,AutoFly,None,true,Already,15,5,Spark,true,false,Standby,Smart,false,true,false,None,true,MonitorError,false,false,false,false,false,false,false,false,false,false,0,YawFollow,-85.0,0.0,-84.3,false,false,false,false,false,false,false,,,,1024,1024,1024,1024,86,11.399,0.0,0,0,3,false,3.766,3.816,3.804,0.05,0.053,0.0,0.0,0.0,14.15359954679567,121.26241599943363,14.885205,380.0,true,FixedHeight,false,false,false,false,,true,false,false,,40,,380.0,401,Android,4.3.62,Clinton Spark,0BMCE8B0112XGP,,,0C0AF8NB33038T,,,121.5,23.604368,11.5,1.9104973,2.0,2,0,Clinton Spark,0BMCE8B0112XGP,,,Android,4.3.62
2025-11-19T04:23:57.425Z,86.8,14.153568659985202,121.26244554704168,7.3,11.5,3.0,22.185205,0.0,0.1,0.0,0.9,0.0,1.3,-2.7,-0.2,-83.5,GPSAtti,AutoFly,None,true,Already,15,5,Spark,true,false,Standby,Smart,false,true,false,None,true,MonitorError,false,false,false,false,false,false,false,false,false,false,0,YawFollow,-85.0,0.0,-84.2,false,false,false,false,false,false,false,,,,1024,1024,1024,1024,86,11.386,0.0,0,0,3,false,3.766,3.816,3.804,0.05,0.053,0.0,0.0,0.0,14.15359954679567,121.26241599943363,14.885205,380.0,true,FixedHeight,false,false,false,false,,true,false,false,,40,,380.0,401,Android,4.3.62,Clinton Spark,0BMCE8B0112XGP,,,0C0AF8NB33038T,,,121.5,23.604368,11.5,1.9104973,2.0,2,0,Clinton Spark,0BMCE8B0112XGP,,,Android,4.3.62
2025-11-19T04:23:57.526Z,86.9,14.153568716435215,121.2624454648702,7.3,11.5,3.1,22.185205,0.0,0.1,0.0,0.9,0.0,1.3,-2.8,-0.1,-83.5,GPSAtti,AutoFly,None,true,Already,15,5,Spark,true,false,Standby,Smart,false,true,false,None,true,MonitorError,false,false,false,false,false,false,false,false,false,false,0,YawFollow,-85.0,0.0,-84.2,false,false,false,false,false,false,false,,,,1024,1024,1024,1024,86,11.386,0.0,0,0,3,false,3.766,3.816,3.804,0.05,0.053,0.0,0.0,0.0,14.15359954679567,121.26241599943363,14.885205,380.0,true,FixedHeight,false,false,false,false,,true,false,false,,40,,380.0,401,Android,4.3.62,Clinton Spark,0BMCE8B0112XGP,,,0C0AF8NB33038T,,,121.5,23.604368,11.5,1.9104973,2.0,2,0,Clinton Spark,0BMCE8B0112XGP,,,Android,4.3.62
2025-11-19T04:23:57.526Z,87.0,14.153568781861209,121.26244534511393,7.3,11.5,3.1,22.185205,0.0,0.1,-0.1,0.9,0.0,1.3,-3.3,-0.4,-83.6,GPSAtti,AutoFly,None,true,Already,15,5,Spark,true,false,Standby,Smart,false,true,false,None,true,MonitorError,false,false,false,false,false,false,false,false,false,false,0,YawFollow,-85.0,0.0,-84.2,false,false,false,false,false,false,false,,,,1024,1024,1024,1024,86,11.386,0.0,0,0,3,false,3.766,3.816,3.804,0.05,0.053,0.0,0.0,0.0,14.15359954679567,121.26241599943363,14.885205,380.0,true,FixedHeight,false,false,false,false,,true,false,false,,40,,380.0,401,Android,4.3.62,Clinton Spark,0BMCE8B0112XGP,,,0C0AF8NB33038T,,,121.5,23.604368,11.5,1.9104973,2.0,2,0,Clinton Spark,0BMCE8B0112XGP,,,Android,4.3.62
2025-11-19T04:23:57.628Z,87.1,14.15356884715937,121.26244519639597,7.3,11.5,3.2,22.185205,0.0,0.1,-0.1,0.9,0.0,1.3,-3.8,-0.6,-83.7,GPSAtti,AutoFly,None,true,Already,15,5,Spark,true,false,Standby,Smart,false,true,false,None,true,MonitorError,false,false,false,false,false,false,false,false,false,false,0,YawFollow,-85.0,0.0,-84.2,false,false,false,false,false,false,false,,,,1024,569,1024,1024,86,11.386,0.0,0,0,3,false,3.766,3.816,3.804,0.05,0.053,0.0,0.0,0.0,14.15359954679567,121.26241599943363,14.885205,380.0,true,FixedHeight,false,false,false,false,,true,false,false,,40,,380.0,401,Android,4.3.62,Clinton Spark,0BMCE8B0112XGP,,,0C0AF8NB33038T,,,121.5,23.604368,11.5,1.9104973,2.0,2,0,Clinton Spark,0BMCE8B0112XGP,,,Android,4.3.62
2025-11-19T04:23:57.732Z,87.2,14.15356891311461,121.26244498140545,7.3,11.5,3.2,22.185205,0.0,0.1,-0.2,0.9,0.0,1.3,-2.2,-0.9,-83.8,GPSAtti,AutoFly,None,true,Already,15,5,Spark,true,false,Standby,Smart,false,true,false,None,true,MonitorError,false,false,false,false,false,false,false,false,false,false,0,YawFollow,-85.0,0.0,-84.3,false,false,false,false,false,false,false,,,,1024,364,1024,1024,86,11.386,0.0,0,0,3,false,3.766,3.816,3.804,0.05,0.053,0.0,0.0,0.0,14.15359954679567,121.26241599943363,14.885205,380.0,true,FixedHeight,false,false,false,false,,true,false,false,,40,,380.0,401,Android,4.3.62,Clinton Spark,0BMCE8B0112XGP,,,0C0AF8NB33038T,,,121.5,23.604368,11.5,1.9104973,2.0,2,0,Clinton Spark,0BMCE8B0112XGP,,,Android,4.3.62
2025-11-19T04:23:57.936Z,87.3,14.153568979205009,121.2624447416323,7.3,11.5,3.2,22.185205,0.0,0.1,-0.2,0.9,0.0,1.3,-0.2,-1.2,-83.8,GPSAtti,AutoFly,None,true,Already,15,5,Spark,true,false,Standby,Smart,false,true,false,None,true,MonitorError,false,false,false,false,false,false,false,false,false,false,0,YawFollow,-85.0,0.0,-84.2,false,false,false,false,false,false,false,,,,1024,364,1024,1024,86,11.386,0.0,0,0,3,false,3.766,3.816,3.804,0.05,0.053,0.0,0.0,0.0,14.15359954679567,121.26241599943363,14.885205,380.0,true,FixedHeight,false,false,false,false,,true,false,false,,40,,380.0,401,Android,4.3.62,Clinton Spark,0BMCE8B0112XGP,,,0C0AF8NB33038T,,,121.5,23.604368,11.5,1.9104973,2.0,2,0,Clinton Spark,0BMCE8B0112XGP,,,Android,4.3.62
2025-11-19T04:23:58.141Z,87.4,14.153569044115601,121.26244448877642,7.3,11.5,3.2,22.185205,0.0,0.1,-0.1,0.9,0.0,1.3,1.1,-1.4,-83.8,GPSAtti,AutoFly,None,true,Already,15,5,Spark,true,false,Standby,Smart,false,true,false,None,true,MonitorError,false,false,false,false,false,false,false,false,false,false,0,YawFollow,-85.0,0.0,-84.3,false,false,false,false,false,false,false,,,,1024,485,1024,1024,86,11.386,0.0,0,0,3,false,3.766,3.816,3.804,0.05,0.053,0.0,0.0,0.0,14.15359954679567,121.26241599943363,14.885205,380.0,true,FixedHeight,false,false,false,false,,true,false,false,,40,,380.0,401,Android,4.3.62,Clinton Spark,0BMCE8B0112XGP,,,0C0AF8NB33038T,,,121.5,23.604368,11.5,1.9104973,2.0,2,0,Clinton Spark,0BMCE8B0112XGP,,,Android,4.3.62
2025-11-19T04:23:58.141Z,87.5,14.153569101104626,121.26244427400013,7.3,11.5,3.2,22.185205,0.0,0.1,-0.1,0.9,0.0,1.3,1.2,-1.1,-83.7,GPSAtti,AutoFly,None,true,Already,15,5,Spark,true,false,Standby,Smart,false,true,false,None,true,MonitorError,false,false,false,false,false,false,false,false,false,false,0,YawFollow,-85.0,0.0,-84.3,false,false,false,false,false,false,false,,,,1024,485,1024,1024,86,11.386,0.0,0,0,3,false,3.766,3.816,3.804,0.05,0.053,0.0,0.0,0.0,14.15359954679567,121.26241599943363,14.885205,380.0,true,FixedHeight,false,false,false,false,,true,false,false,,40,,380.0,401,Android,4.3.62,Clinton Spark,0BMCE8B0112XGP,,,0C0AF8NB33038T,,,121.5,23.604368,11.5,1.9104973,2.0,2,0,Clinton Spark,0BMCE8B0112XGP,,,Android,4.3.62
2025-11-19T04:23:58.345Z,87.6,14.153569119930253,121.26244409073229,7.3,11.5,3.2,22.185205,0.0,0.1,-0.1,0.9,0.0,1.3,0.8,-0.6,-83.7,GPSAtti,AutoFly,None,true,Already,15,5,Spark,true,false,Standby,Smart,false,true,false,None,true,MonitorError,false,false,false,false,false,false,false,false,false,false,0,YawFollow,-85.0,0.0,-84.2,false,false,false,false,false,false,false,,,,1024,1024,1024,1024,86,11.386,0.0,0,0,3,false,3.766,3.816,3.804,0.05,0.053,0.0,0.0,0.0,14.15359954679567,121.26241599943363,14.885205,380.0,true,FixedHeight,false,false,false,false,,true,false,false,,40,,380.0,401,Android,4.3.62,Clinton Spark,0BMCE8B0112XGP,,,0C0AF8NB33038T,,,121.5,23.604368,11.5,1.9104973,2.0,2,0,Clinton Spark,0BMCE8B0112XGP,,,Android,4.3.62
2025-11-19T04:23:58.446Z,87.7,14.153569115102732,121.26244395832403,7.3,11.5,3.2,22.185205,0.0,0.1,-0.1,0.9,0.0,1.3,0.4,-0.4,-83.6,GPSAtti,AutoFly,None,true,Already,15,5,Spark,true,false,Standby,Smart,false,true,false,None,true,MonitorError,false,false,false,false,false,false,false,false,false,false,0,YawFollow,-85.0,0.0,-84.2,false,false,false,false,false,false,false,,,,1024,1024,1024,1024,86,11.386,0.0,0,0,3,false,3.766,3.816,3.804,0.05,0.053,0.0,0.0,0.0,14.15359954679567,121.26241599943363,14.885205,380.0,true,FixedHeight,false,false,false,false,,true,false,false,,40,,380.0,401,Android,4.3.62,Clinton Spark,0BMCE8B0112XGP,,,0C0AF8NB33038T,,,121.5,23.604368,11.5,1.9104973,2.0,2,0,Clinton Spark,0BMCE8B0112XGP,,,Android,4.3.62
2025-11-19T04:23:58.549Z,87.8,14.153569093348349,121.26244387260304,7.3,11.5,3.2,22.185205,0.0,0.1,0.0,0.9,0.0,1.3,0.3,-0.5,-83.6,GPSAtti,AutoFly,None,true,Already,15,5,Spark,true,false,Standby,Smart,false,true,false,None,true,MonitorError,false,false,false,false,false,false,false,false,false,false,0,YawFollow,-85.0,0.0,-84.2,false,false,false,false,false,false,false,,,,1024,1024,1024,1024,86,11.386,0.0,0,0,3,false,3.766,3.816,3.804,0.05,0.053,0.0,0.0,0.0,14.15359954679567,121.26241599943363,14.885205,380.0,true,FixedHeight,false,false,false,false,,true,false,false,,40,,380.0,401,Android,4.3.62,Clinton Spark,0BMCE8B0112XGP,,,0C0AF8NB33038T,,,121.5,23.604368,11.5,1.9104973,2.0,2,0,Clinton Spark,0BMCE8B0112XGP,,,Android,4.3.62
2025-11-19T04:23:58.651Z,87.9,14.153569083594784,121.26244382664915,7.3,11.5,3.2,22.185205,0.0,0.1,0.0,0.9,0.0,1.3,2.2,-0.5,-83.6,GPSAtti,AutoFly,None,true,Already,15,5,Spark,true,false,Standby,Smart,false,true,false,None,true,MonitorError,false,false,false,false,false,false,false,false,false,false,0,YawFollow,-85.0,0.0,-84.1,false,false,false,false,false,false,false,,,,1024,1024,1024,1024,86,11.386,0.0,0,0,3,false,3.766,3.816,3.804,0.05,0.053,0.0,0.0,0.0,14.15359954679567,121.26241599943363,14.885205,380.0,true,FixedHeight,false,false,false,false,,true,false,false,,40,,380.0,401,Android,4.3.62,Clinton Spark,0BMCE8B0112XGP,,,0C0AF8NB33038T,,,121.5,23.604368,11.5,1.9104973,2.0,2,0,Clinton Spark,0BMCE8B0112XGP,,,Android,4.3.62
2025-11-19T04:23:58.855Z,88.0,14.153569075383354,121.26244383431586,7.3,11.5,3.2,22.185205,0.0,0.1,0.0,0.9,0.0,1.3,14.9,-0.6,-83.7,GPSAtti,AutoFly,None,true,Already,15,5,Spark,true,false,Standby,Smart,false,true,false,None,true,MonitorError,false,false,false,false,false,false,false,false,false,false,0,YawFollow,-85.0,0.0,-84.2,false,false,false,false,false,false,false,,,,1024,626,1024,1024,86,11.386,0.0,0,0,3,false,3.766,3.816,3.804,0.05,0.053,0.0,0.0,0.0,14.15359954679567,121.26241599943363,14.885205,380.0,true,FixedHeight,false,false,false,false,,true,false,false,,40,,380.0,401,Android,4.3.62,Clinton Spark,0BMCE8B0112XGP,,,0C0AF8NB33038T,,,121.5,23.604368,11.5,1.9104973,2.0,2,0,Clinton Spark,0BMCE8B0112XGP,,,Android,4.3.62
2025-11-19T04:23:58.855Z,88.2,14.153569051034859,121.26244459329423,7.2,11.5,3.2,22.085205,0.0,0.1,0.7,0.9,0.0,1.3,22.4,0.1,-83.6,GPSAtti,AutoFly,None,true,Already,15,5,Spark,true,false,Standby,Smart,false,true,false,None,true,MonitorError,false,false,false,false,false,false,false,false,false,false,0,YawFollow,-85.0,0.0,-84.2,false,false,false,false,false,false,false,,,,1024,626,1024,1024,86,11.386,0.0,0,0,3,false,3.766,3.816,3.804,0.05,0.053,0.0,0.0,0.0,14.15359954679567,121.26241599943363,14.885205,380.0,true,FixedHeight,false,false,false,false,,true,false,false,,40,,380.0,401,Android,4.3.62,Clinton Spark,0BMCE8B0112XGP,,,0C0AF8NB33038T,,,121.5,23.604368,11.5,1.9104973,2.0,2,0,Clinton Spark,0BMCE8B0112XGP,,,Android,4.3.62
2025-11-19T04:23:59.059Z,88.3,14.153569013416174,121.26244555617282,7.2,11.5,3.2,22.085205,0.0,0.1,1.2,1.2,0.0,1.3,21.0,-0.1,-83.4,GPSAtti,AutoFly,None,true,Already,15,5,Spark,true,false,Standby,Smart,false,true,false,None,true,MonitorError,false,false,false,false,false,false,false,false,false,false,0,YawFollow,-85.0,0.0,-84.2,false,false,false,false,false,false,false,,,,1024,652,1024,1024,86,11.386,0.0,0,0,3,false,3.766,3.816,3.804,0.05,0.053,0.0,0.0,0.0,14.15359954679567,121.26241599943363,14.885205,380.0,true,FixedHeight,false,false,false,false,,true,false,false,,40,,380.0,401,Android,4.3.62,Clinton Spark,0BMCE8B0112XGP,,,0C0AF8NB33038T,,,121.5,23.604368,11.5,1.9104973,2.0,2,0,Clinton Spark,0BMCE8B0112XGP,,,Android,4.3.62
2025-11-19T04:23:59.364Z,88.4,14.15356895057452,121.26244701302338,7.2,11.5,3.2,22.085205,0.0,0.1,1.5,1.5,0.0,1.3,16.9,-0.5,-83.3,GPSAtti,AutoFly,None,true,Already,15,5,Spark,true,false,Standby,Smart,false,true,false,None,true,MonitorError,false,false,false,false,false,false,false,false,false,false,0,YawFollow,-85.0,0.0,-84.0,false,false,false,false,false,false,false,,,,1024,622,1024,1022,86,11.386,0.0,0,0,3,false,3.766,3.816,3.804,0.05,0.053,0.0,0.0,0.0,14.15359954679567,121.26241599943363,14.885205,380.0,true,FixedHeight,false,false,false,false,,true,false,false,,40,,380.0,401,Android,4.3.62,Clinton Spark,0BMCE8B0112XGP,,,0C0AF8NB33038T,,,121.5,23.604368,11.5,1.9104973,2.0,2,0,Clinton Spark,0BMCE8B0112XGP,,,Android,4.3.62
2025-11-19T04:23:59.364Z,88.5,14.15356885148126,121.26244881121177,7.2,11.5,3.2,22.085205,-0.1,0.1,1.8,1.8,0.0,1.3,10.3,-1.7,-83.1,GPSAtti,AutoFly,None,true,Already,15,5,Spark,true,false,Standby,Smart,false,true,false,None,true,MonitorError,false,false,false,false,false,false,false,false,false,false,0,YawFollow,-85.0,0.0,-83.7,false,false,false,false,false,false,false,,,,1024,622,1024,1022,86,11.386,0.0,0,0,3,false,3.766,3.816,3.804,0.05,0.053,0.0,0.0,0.0,14.15359954679567,121.26241599943363,14.885205,380.0,true,FixedHeight,false,false,false,false,,true,false,false,,40,,380.0,401,Android,4.3.62,Clinton Spark,0BMCE8B0112XGP,,,0C0AF8NB33038T,,,121.5,23.604368,11.5,1.9104973,2.0,2,0,Clinton Spark,0BMCE8B0112XGP,,,Android,4.3.62
2025-11-19T04:23:59.364Z,88.6,14.153568734361127,121.26245091615051,7.2,11.5,3.2,22.085205,-0.1,0.1,1.9,1.9,0.0,1.3,3.3,-1.5,-83.3,GPSAtti,AutoFly,None,true,Already,15,5,Spark,true,false,Standby,Smart,false,true,false,None,true,MonitorError,false,false,false,false,false,false,false,false,false,false,0,YawFollow,-85.0,0.0,-84.0,false,false,false,false,false,false,false,,,,1024,1024,1024,1015,86,11.386,0.0,0,0,3,false,3.766,3.816,3.804,0.05,0.053,0.0,0.0,0.0,14.15359954679567,121.26241599943363,14.885205,380.0,true,FixedHeight,false,false,false,false,,true,false,false,,40,,380.0,401,Android,4.3.62,Clinton Spark,0BMCE8B0112XGP,,,0C0AF8NB33038T,,,121.5,23.604368,11.5,1.9104973,2.0,2,0,Clinton Spark,0BMCE8B0112XGP,,,Android,4.3.62
2025-11-19T04:23:59.467Z,88.7,14.15356858798518,121.26245303958349,7.2,11.5,3.2,22.085205,-0.2,0.1,1.9,1.9,0.0,1.3,-10.0,-1.4,-83.3,GPSAtti,AutoFly,None,true,Already,15,5,Spark,true,false,Standby,Smart,false,true,false,None,true,MonitorError,false,false,false,false,false,false,false,false,false,false,0,YawFollow,-85.0,0.0,-84.2,false,false,false,false,false,false,false,,,,1024,1024,1024,1015,86,11.386,0.0,0,0,3,false,3.766,3.816,3.804,0.05,0.053,0.0,0.0,0.0,14.15359954679567,121.26241599943363,14.885205,380.0,true,FixedHeight,false,false,false,false,,true,false,false,,40,,380.0,401,Android,4.3.62,Clinton Spark,0BMCE8B0112XGP,,,0C0AF8NB33038T,,,121.5,23.604368,11.5,1.9104973,2.0,2,0,Clinton Spark,0BMCE8B0112XGP,,,Android,4.3.62
2025-11-19T04:23:59.568Z,88.8,14.153568465703692,121.26245506362305,7.2,11.5,3.2,22.085205,-0.2,0.1,1.6,1.9,0.0,1.3,-13.4,-0.9,-83.6,GPSAtti,AutoFly,None,true,Already,15,5,Spark,true,false,Standby,Smart,false,true,false,None,true,MonitorError,false,false,false,false,false,false,false,false,false,false,0,YawFollow,-85.0,0.0,-84.2,false,false,false,false,false,false,false,,,,1024,1024,1024,830,85,11.384,0.0,0,0,3,false,3.766,3.816,3.804,0.05,0.053,0.0,0.0,0.0,14.15359954679567,121.26241599943363,14.885205,380.0,true,FixedHeight,false,false,false,false,,true,false,false,,40,,380.0,401,Android,4.3.62,Clinton Spark,0BMCE8B0112XGP,,,0C0AF8NB33038T,,,121.5,23.604368,11.5,1.9104973,2.0,2,0,Clinton Spark,0BMCE8B0112XGP,,,Android,4.3.62
2025-11-19T04:23:59.670Z,88.9,14.153568343911552,121.2624567692145,7.2,11.5,3.2,22.085205,-0.2,0.1,1.4,1.9,0.0,1.3,-14.5,-0.3,-83.6,GPSAtti,AutoFly,None,true,Already,15,5,Spark,true,false,Standby,Smart,false,true,false,None,true,MonitorError,false,false,false,false,false,false,false,false,false,false,0,YawFollow,-85.0,0.0,-84.1,false,false,false,false,false,false,false,,,,1024,1024,1024,629,85,11.384,0.0,0,0,3,false,3.766,3.816,3.804,0.05,0.053,0.0,0.0,0.0,14.15359954679567,121.26241599943363,14.885205,380.0,true,FixedHeight,false,false,false,false,,true,false,false,,40,,380.0,401,Android,4.3.62,Clinton Spark,0BMCE8B0112XGP,,,0C0AF8NB33038T,,,121.5,23.604368,11.5,1.9104973,2.0,2,0,Clinton Spark,0BMCE8B0112XGP,,,Android,4.3.62
2025-11-19T04:23:59.670Z,89.0,14.15356829264732,121.26245812902619,7.3,11.5,3.2,22.185205,-0.1,0.1,1.1,1.9,0.0,1.3,-7.6,-0.3,-83.8,GPSAtti,AutoFly,None,true,Already,15,5,Spark,true,false,Standby,Smart,false,true,false,None,true,MonitorError,false,false,false,false,false,false,false,false,false,false,0,YawFollow,-85.0,0.0,-84.2,false,false,false,false,false,false,false,,,,1024,1024,1024,629,85,11.384,0.0,0,0,3,false,3.766,3.816,3.804,0.05,0.053,0.0,0.0,0.0,14.15359954679567,121.26241599943363,14.885205,380.0,true,FixedHeight,false,false,false,false,,true,false,false,,40,,380.0,401,Android,4.3.62,Clinton Spark,0BMCE8B0112XGP,,,0C0AF8NB33038T,,,121.5,23.604368,11.5,1.9104973,2.0,2,0,Clinton Spark,0BMCE8B0112XGP,,,Android,4.3.62
2025-11-19T04:23:59.775Z,89.1,14.153568245595874,121.26245920932855,7.3,11.5,3.3,22.185205,-0.1,0.1,1.1,1.9,0.0,1.3,1.1,-0.3,-83.9,GPSAtti,AutoFly,None,true,Already,15,5,Spark,true,false,Standby,Smart,false,true,false,None,true,MonitorError,false,false,false,false,false,false,false,false,false,false,0,YawFollow,-85.0,0.0,-84.2,false,false,false,false,false,false,false,,,,1024,1024,1024,630,85,11.384,0.0,0,0,3,false,3.766,3.816,3.804,0.05,0.053,0.0,0.0,0.0,14.15359954679567,121.26241599943363,14.885205,380.0,true,FixedHeight,false,false,false,false,,true,false,false,,40,,380.0,401,Android,4.3.62,Clinton Spark,0BMCE8B0112XGP,,,0C0AF8NB33038T,,,121.5,23.604368,11.5,1.9104973,2.0,2,0,Clinton Spark,0BMCE8B0112XGP,,,Android,4.3.62
2025-11-19T04:23:59.876Z,89.2,14.153568218171248,121.26246012243419,7.3,11.5,3.3,22.185205,-0.2,0.1,1.1,1.9,0.0,1.3,3.1,0.2,-83.9,GPSAtti,AutoFly,None,true,Already,15,5,Spark,true,false,Standby,Smart,false,true,false,None,true,MonitorError,false,false,false,false,false,false,false,false,false,false,0,YawFollow,-85.0,0.0,-84.2,false,false,false,false,false,false,false,,,,1024,1024,1024,630,85,11.384,0.0,0,0,3,false,3.766,3.816,3.804,0.05,0.053,0.0,0.0,0.0,14.15359954679567,121.26241599943363,14.885205,380.0,true,FixedHeight,false,false,false,false,,true,false,false,,40,,380.0,401,Android,4.3.62,Clinton Spark,0BMCE8B0112XGP,,,0C0AF8NB33038T,,,121.5,23.604368,11.5,1.9104973,2.0,2,0,Clinton Spark,0BMCE8B0112XGP,,,Android,4.3.62
2025-11-19T04:23:59.979Z,89.3,14.153568147565174,121.26246104861592,7.3,11.5,3.3,22.185205,-0.2,0.1,1.1,1.9,0.0,1.3,2.1,0.5,-83.8,GPSAtti,AutoFly,None,true,Already,15,5,Spark,true,false,Standby,Smart,false,true,false,None,true,MonitorError,false,false,false,false,false,false,false,false,false,false,0,YawFollow,-85.0,0.0,-84.2,false,false,false,false,false,false,false,,,,1024,1024,1024,785,85,11.384,0.0,0,0,3,false,3.766,3.816,3.804,0.05,0.053,0.0,0.0,0.0,14.15359954679567,121.26241599943363,14.885205,380.0,true,FixedHeight,false,false,false,false,,true,false,false,,40,,380.0,401,Android,4.3.62,Clinton Spark,0BMCE8B0112XGP,,,0C0AF8NB33038T,,,121.5,23.604368,11.5,1.9104973,2.0,2,0,Clinton Spark,0BMCE8B0112XGP,,,Android,4.3.62
2025-11-19T04:23:59.979Z,89.4,14.15356806218097,121.26246196489782,7.3,11.5,3.3,22.185205,-0.1,0.1,1.2,1.9,0.0,1.3,2.2,0.3,-83.7,GPSAtti,AutoFly,None,true,Already,14,5,Spark,true,false,Standby,Smart,false,true,false,None,true,MonitorError,false,false,false,false,false,false,false,false,false,false,0,YawFollow,-85.0,0.0,-84.1,false,false,false,false,false,false,false,,,,1024,1024,1024,1024,85,11.384,0.0,0,0,3,false,3.766,3.816,3.804,0.05,0.053,0.0,0.0,0.0,14.15359954679567,121.26241599943363,14.885205,380.0,true,FixedHeight,false,false,false,false,,true,false,false,,40,,380.0,401,Android,4.3.62,Clinton Spark,0BMCE8B0112XGP,,,0C0AF8NB33038T,,,121.5,23.604368,11.5,1.9104973,2.0,2,0,Clinton Spark,0BMCE8B0112XGP,,,Android,4.3.62
2025-11-19T04:24:00.183Z,89.5,14.153567927625899,121.26246303101533,7.3,11.5,3.3,22.185205,-0.1,0.1,1.2,1.9,0.0,1.3,3.7,0.2,-83.7,GPSAtti,AutoFly,None,true,Already,14,5,Spark,true,false,Standby,Smart,false,true,false,None,true,MonitorError,false,false,false,false,false,false,false,false,false,false,0,YawFollow,-85.0,0.0,-84.1,false,false,false,false,false,false,false,,,,1024,1024,1024,1024,85,11.384,0.0,0,0,3,false,3.766,3.816,3.804,0.05,0.053,0.0,0.0,0.0,14.15359954679567,121.26241599943363,14.885205,380.0,true,FixedHeight,false,false,false,false,,true,false,false,,40,,380.0,401,Android,4.3.62,Clinton Spark,0BMCE8B0112XGP,,,0C0AF8NB33038T,,,121.5,23.604368,11.5,1.9104973,2.0,2,0,Clinton Spark,0BMCE8B0112XGP,,,Android,4.3.62
2025-11-19T04:24:00.183Z,89.6,14.153567788836874,121.26246410682059,7.3,11.5,0.0,22.185205,-0.1,0.1,1.2,1.9,0.0,1.3,4.2,0.1,-83.8,GPSAtti,AutoFly,None,true,Already,15,5,Spark,false,false,Standby,Smart,false,true,false,None,true,MonitorError,false,false,false,false,false,false,false,false,false,false,0,YawFollow,-85.0,0.0,-84.1,false,false,false,false,false,false,false,,,,1024,1024,1024,1024,85,11.384,0.0,0,0,3,false,3.766,3.816,3.804,0.05,0.053,0.0,0.0,0.0,14.15359954679567,121.26241599943363,14.885205,380.0,true,FixedHeight,false,false,false,false,,true,false,false,,40,,380.0,401,Android,4.3.62,Clinton Spark,0BMCE8B0112XGP,,,0C0AF8NB33038T,,,121.5,23.604368,11.5,1.9104973,2.0,2,0,Clinton Spark,0BMCE8B0112XGP,,,Android,4.3.62
2025-11-19T04:24:00.387Z,89.7,14.153567645936027,121.2624652787083,7.3,11.5,4.6,22.185205,-0.1,0.1,1.2,1.9,0.0,1.3,0.5,0.3,-83.8,GPSAtti,AutoFly,None,true,Already,15,5,Spark,false,false,Standby,Smart,false,true,false,None,true,MonitorError,false,false,false,false,false,false,false,false,false,false,0,YawFollow,-85.0,0.0,-84.1,false,false,false,false,false,false,false,,,,1024,1024,1024,1024,85,11.384,0.0,0,0,3,false,3.766,3.816,3.804,0.05,0.053,0.0,0.0,0.0,14.15359954679567,121.26241599943363,14.885205,380.0,true,FixedHeight,false,false,false,false,,true,false,false,,40,,380.0,401,Android,4.3.62,Clinton Spark,0BMCE8B0112XGP,,,0C0AF8NB33038T,,,121.5,23.604368,11.5,1.9104973,2.0,2,0,Clinton Spark,0BMCE8B0112XGP,,,Android,4.3.62
2025-11-19T04:24:00.493Z,89.8,14.153567521752517,121.26246645644487,7.3,11.5,4.6,22.185205,-0.1,0.1,1.2,1.9,0.0,1.3,-6.9,0.3,-83.9,GPSAtti,AutoFly,None,true,Already,15,5,Spark,true,false,Standby,Smart,false,true,false,None,true,MonitorError,false,false,false,false,false,false,false,false,false,false,0,YawFollow,-85.0,0.0,-84.8,false,false,false,false,false,false,false,,,,1024,1024,1024,1024,85,11.388,0.0,0,0,3,false,3.766,3.816,3.804,0.05,0.053,0.0,0.0,0.0,14.15359954679567,121.26241599943363,14.885205,380.0,true,FixedHeight,false,false,false,false,,true,false,false,,40,,380.0,401,Android,4.3.62,Clinton Spark,0BMCE8B0112XGP,,,0C0AF8NB33038T,,,121.5,23.604368,11.5,1.9104973,2.0,2,0,Clinton Spark,0BMCE8B0112XGP,,,Android,4.3.62
2025-11-19T04:24:00.593Z,89.9,14.153567423541059,121.26246760260462,7.3,11.5,4.6,22.185205,0.0,0.1,1.0,1.9,0.0,1.3,-12.5,0.4,-85.1,GPSAtti,AutoFly,None,true,Already,15,5,Spark,true,false,Standby,Smart,false,true,false,None,true,MonitorError,false,false,false,false,false,false,false,false,false,false,0,YawFollow,-85.0,0.0,-86.8,false,false,false,false,false,false,false,,,,1024,1024,1024,1163,85,11.388,0.0,0,0,3,false,3.766,3.816,3.804,0.05,0.053,0.0,0.0,0.0,14.15359954679567,121.26241599943363,14.885205,380.0,true,FixedHeight,false,false,false,false,,true,false,false,,40,,380.0,401,Android,4.3.62,Clinton Spark,0BMCE8B0112XGP,,,0C0AF8NB33038T,,,121.5,23.604368,11.5,1.9104973,2.0,2,0,Clinton Spark,0BMCE8B0112XGP,,,Android,4.3.62
2025-11-19T04:24:00.796Z,90.0,14.153567346137859,121.26246852454099,7.2,11.5,4.6,22.085205,0.0,0.1,0.7,1.9,0.0,1.3,-13.3,1.0,-88.3,GPSAtti,AutoFly,None,true,Already,15,5,Spark,true,false,Standby,Smart,false,true,false,None,true,MonitorError,false,false,false,false,false,false,false,false,false,false,0,YawFollow,-85.0,0.0,-89.2,false,false,false,false,false,false,false,,,,1024,1024,1024,1684,85,11.388,0.0,0,0,3,false,3.766,3.816,3.804,0.05,0.053,0.0,0.0,0.0,14.15359954679567,121.26241599943363,14.885205,380.0,true,FixedHeight,false,false,false,false,,true,false,false,,40,,380.0,401,Android,4.3.62,Clinton Spark,0BMCE8B0112XGP,,,0C0AF8NB33038T,,,121.5,23.604368,11.5,1.9104973,2.0,2,0,Clinton Spark,0BMCE8B0112XGP,,,Android,4.3.62
2025-11-19T04:24:00.796Z,90.1,14.153567282923293,121.2624692384269,7.2,11.5,4.6,22.085205,0.0,0.1,0.5,1.9,0.0,1.3,-10.3,1.2,-91.7,GPSAtti,AutoFly,None,true,Already,15,5,Spark,true,false,Standby,Smart,false,true,false,None,true,MonitorError,false,false,false,false,false,false,false,false,false,false,0,YawFollow,-85.0,0.0,-91.0,false,false,false,false,false,false,false,,,,1024,1024,1024,1684,85,11.388,0.0,0,0,3,false,3.766,3.816,3.804,0.05,0.053,0.0,0.0,0.0,14.15359954679567,121.26241599943363,14.885205,380.0,true,FixedHeight,false,false,false,false,,true,false,false,,40,,380.0,401,Android,4.3.62,Clinton Spark,0BMCE8B0112XGP,,,0C0AF8NB33038T,,,121.5,23.604368,11.5,1.9104973,2.0,2,0,Clinton Spark,0BMCE8B0112XGP,,,Android,4.3.62
2025-11-19T04:24:00.796Z,90.2,14.153567254533,121.26246970834735,7.2,11.5,4.6,22.085205,0.0,0.1,0.4,1.9,0.0,1.3,-7.3,0.9,-94.1,GPSAtti,AutoFly,None,true,Already,15,5,Spark,true,false,Standby,Smart,false,true,false,None,true,MonitorError,false,false,false,false,false,false,false,false,false,false,0,YawFollow,-85.0,0.0,-92.3,false,false,false,false,false,false,false,,,,1024,1024,1024,1684,85,11.388,0.0,0,0,3,false,3.766,3.816,3.804,0.05,0.053,0.0,0.0,0.0,14.15359954679567,121.26241599943363,14.885205,380.0,true,FixedHeight,false,false,false,false,,true,false,false,,40,,380.0,401,Android,4.3.62,Clinton Spark,0BMCE8B0112XGP,,,0C0AF8NB33038T,,,121.5,23.604368,11.5,1.9104973,2.0,2,0,Clinton Spark,0BMCE8B0112XGP,,,Android,4.3.62
2025-11-19T04:24:01.009Z,90.3,14.15356724789709,121.2624700535771,7.2,11.5,4.6,22.085205,0.0,0.1,0.3,1.9,0.0,1.3,-5.2,0.3,-94.9,GPSAtti,AutoFly,None,true,Already,15,5,Spark,true,false,Standby,Smart,false,true,false,None,true,MonitorError,false,false,false,false,false,false,false,false,false,false,0,YawFollow,-85.0,0.0,-92.9,false,false,false,false,false,false,false,,,,1024,1024,1024,1464,85,11.388,0.0,0,0,3,false,3.766,3.816,3.804,0.05,0.053,0.0,0.0,0.0,14.15359954679567,121.26241599943363,14.885205,380.0,true,FixedHeight,false,false,false,false,,true,false,false,,40,,380.0,401,Android,4.3.62,Clinton Spark,0BMCE8B0112XGP,,,0C0AF8NB33038T,,,121.5,23.604368,11.5,1.9104973,2.0,2,0,Clinton Spark,0BMCE8B0112XGP,,,Android,4.3.62
2025-11-19T04:24:01.107Z,90.4,14.153567221153153,121.26247025588033,7.3,11.5,4.6,22.185205,0.0,0.1,0.2,1.9,0.0,1.3,-4.2,0.1,-95.2,GPSAtti,AutoFly,None,true,Already,15,5,Spark,true,false,Standby,Smart,false,true,false,None,true,MonitorError,false,false,false,false,false,false,false,false,false,false,0,YawFollow,-85.0,0.0,-93.0,false,false,false,false,false,false,false,,,,1024,1024,792,1024,85,11.388,0.0,0,0,3,false,3.766,3.816,3.804,0.05,0.053,0.0,0.0,0.0,14.15359954679567,121.26241599943363,14.885205,380.0,true,FixedHeight,false,false,false,false,,true,false,false,,40,,380.0,401,Android,4.3.62,Clinton Spark,0BMCE8B0112XGP,,,0C0AF8NB33038T,,,121.5,23.604368,11.5,1.9104973,2.0,2,0,Clinton Spark,0BMCE8B0112XGP,,,Android,4.3.62
2025-11-19T04:24:01.208Z,90.5,14.153567174183944,121.2624704243051,7.3,11.5,4.6,22.185205,0.0,0.1,0.2,1.9,0.0,1.3,-3.5,0.0,-95.3,GPSAtti,AutoFly,None,true,Already,15,5,Spark,true,false,Standby,Smart,false,true,false,None,true,MonitorError,false,false,false,false,false,false,false,false,false,false,0,YawFollow,-85.0,0.0,-93.2,false,false,false,false,false,false,false,,,,1024,1024,364,1024,85,11.388,0.0,0,0,3,false,3.766,3.816,3.804,0.05,0.053,0.0,0.0,0.0,14.15359954679567,121.26241599943363,14.885205,380.0,true,FixedHeight,false,false,false,false,,true,false,false,,40,,380.0,401,Android,4.3.62,Clinton Spark,0BMCE8B0112XGP,,,0C0AF8NB33038T,,,121.5,23.604368,11.5,1.9104973,2.0,2,0,Clinton Spark,0BMCE8B0112XGP,,,Android,4.3.62
2025-11-19T04:24:01.310Z,90.6,14.153567110365223,121.26247051111062,7.3,11.5,4.6,22.185205,0.0,0.1,0.1,1.9,0.0,1.3,-3.1,0.2,-95.6,GPSAtti,AutoFly,None,true,Already,15,5,Spark,true,false,Standby,Smart,false,true,false,None,true,MonitorError,false,false,false,false,false,false,false,false,false,false,0,YawFollow,-85.0,0.0,-93.2,false,false,false,false,false,false,false,,,,1024,1024,364,1024,85,11.388,0.0,0,0,3,false,3.766,3.816,3.804,0.05,0.053,0.0,0.0,0.0,14.15359954679567,121.26241599943363,14.885205,380.0,true,FixedHeight,false,false,false,false,,true,false,false,,40,,380.0,401,Android,4.3.62,Clinton Spark,0BMCE8B0112XGP,,,0C0AF8NB33038T,,,121.5,23.604368,11.5,1.9104973,2.0,2,0,Clinton Spark,0BMCE8B0112XGP,,,Android,4.3.62
2025-11-19T04:24:01.413Z,90.7,14.153567059769468,121.26247060516097,7.3,11.5,4.6,22.185205,0.0,0.1,0.1,1.9,0.0,1.3,-2.6,0.2,-95.7,GPSAtti,AutoFly,None,true,Already,15,5,Spark,true,false,Standby,Smart,false,true,false,None,true,MonitorError,false,false,false,false,false,false,false,false,false,false,0,YawFollow,-85.0,0.0,-93.3,false,false,false,false,false,false,false,,,,1024,1024,364,1024,85,11.388,0.0,0,0,3,false,3.766,3.816,3.804,0.05,0.053,0.0,0.0,0.0,14.15359954679567,121.26241599943363,14.885205,380.0,true,FixedHeight,false,false,false,false,,true,false,false,,40,,380.0,401,Android,4.3.62,Clinton Spark,0BMCE8B0112XGP,,,0C0AF8NB33038T,,,121.5,23.604368,11.5,1.9104973,2.0,2,0,Clinton Spark,0BMCE8B0112XGP,,,Android,4.3.62
2025-11-19T04:24:01.514Z,90.8,14.153566985479854,121.26247066489995,7.3,11.5,0.0,22.185205,0.0,0.1,0.1,1.9,0.0,1.3,-2.5,0.2,-95.7,GPSAtti,AutoFly,None,true,Already,15,5,Spark,false,false,Standby,Smart,false,true,false,None,true,MonitorError,false,false,false,false,false,false,false,false,false,false,0,YawFollow,-85.0,0.0,-92.3,false,false,false,false,false,false,false,,,,1024,1024,364,1024,85,11.387,0.0,0,0,3,false,3.766,3.816,3.804,0.05,0.053,0.0,0.0,0.0,14.15359954679567,121.26241599943363,14.885205,380.0,true,FixedHeight,false,false,false,false,,true,false,false,,40,,380.0,401,Android,4.3.62,Clinton Spark,0BMCE8B0112XGP,,,0C0AF8NB33038T,,,121.5,23.604368,11.5,1.9104973,2.0,2,0,Clinton Spark,0BMCE8B0112XGP,,,Android,4.3.62
2025-11-19T04:24:01.617Z,90.9,14.1535669193292,121.2624707445578,7.3,11.5,0.0,22.185205,0.0,0.1,0.1,1.9,0.0,1.3,-2.5,0.0,-92.5,GPSAtti,AutoFly,None,true,Already,15,5,Spark,false,false,Standby,Smart,false,true,false,None,true,MonitorError,false,false,false,false,false,false,false,false,false,false,0,YawFollow,-85.0,0.0,-90.1,false,false,false,false,false,false,false,,,,1024,1024,364,1024,85,11.387,0.0,0,0,3,false,3.766,3.816,3.804,0.05,0.053,0.0,0.0,0.0,14.15359954679567,121.26241599943363,14.885205,380.0,true,FixedHeight,false,false,false,false,,true,false,false,,40,,380.0,401,Android,4.3.62,Clinton Spark,0BMCE8B0112XGP,,,0C0AF8NB33038T,,,121.5,23.604368,11.5,1.9104973,2.0,2,0,Clinton Spark,0BMCE8B0112XGP,,,Android,4.3.62
2025-11-19T04:24:01.617Z,91.0,14.153566825126973,121.26247080225147,7.3,11.5,0.0,22.185205,0.0,0.1,0.0,1.9,0.0,1.3,-2.8,-0.1,-85.8,GPSAtti,AutoFly,None,true,Already,15,5,Spark,false,false,Standby,Smart,false,true,false,None,true,MonitorError,false,false,false,false,false,false,false,false,false,false,0,YawFollow,-85.0,0.0,-85.5,false,false,false,false,false,false,false,,,,1024,1024,364,1024,85,11.387,0.0,0,0,3,false,3.766,3.816,3.804,0.05,0.053,0.0,0.0,0.0,14.15359954679567,121.26241599943363,14.885205,380.0,true,FixedHeight,false,false,false,false,,true,false,false,,40,,380.0,401,Android,4.3.62,Clinton Spark,0BMCE8B0112XGP,,,0C0AF8NB33038T,,,121.5,23.604368,11.5,1.9104973,2.0,2,0,Clinton Spark,0BMCE8B0112XGP,,,Android,4.3.62
2025-11-19T04:24:01.719Z,91.1,14.153566748173224,121.26247084910878,7.3,11.5,0.0,22.185205,0.0,0.1,0.0,1.9,0.0,1.3,-2.9,-0.2,-78.8,GPSAtti,AutoFly,None,true,Already,15,5,Spark,false,false,Standby,Smart,false,true,false,None,true,MonitorError,false,false,false,false,false,false,false,false,false,false,0,YawFollow,-85.0,0.0,-80.9,false,false,false,false,false,false,false,,,,1024,1024,364,1024,85,11.387,0.0,0,0,3,false,3.766,3.816,3.804,0.05,0.053,0.0,0.0,0.0,14.15359954679567,121.26241599943363,14.885205,380.0,true,FixedHeight,false,false,false,false,,true,false,false,,40,,380.0,401,Android,4.3.62,Clinton Spark,0BMCE8B0112XGP,,,0C0AF8NB33038T,,,121.5,23.604368,11.5,1.9104973,2.0,2,0,Clinton Spark,0BMCE8B0112XGP,,,Android,4.3.62
2025-11-19T04:24:01.922Z,91.2,14.153566653469435,121.26247091082682,7.3,11.5,0.0,22.185205,0.0,0.1,0.0,1.9,0.0,1.3,-2.8,-0.1,-73.2,GPSAtti,AutoFly,None,true,Already,15,5,Spark,false,false,Standby,Smart,false,true,false,None,true,MonitorError,false,false,false,false,false,false,false,false,false,false,0,YawFollow,-85.0,0.0,-76.1,false,false,false,false,false,false,false,,,,1024,1024,364,1024,85,11.387,0.0,0,0,3,false,3.766,3.816,3.804,0.05,0.053,0.0,0.0,0.0,14.15359954679567,121.26241599943363,14.885205,380.0,true,FixedHeight,false,false,false,false,,true,false,false,,40,,380.0,401,Android,4.3.62,Clinton Spark,0BMCE8B0112XGP,,,0C0AF8NB33038T,,,121.5,23.604368,11.5,1.9104973,2.0,2,0,Clinton Spark,0BMCE8B0112XGP,,,Android,4.3.62
2025-11-19T04:24:02.024Z,91.3,14.153566593407534,121.26247097520428,7.3,11.5,0.0,22.185205,0.0,0.1,0.0,1.9,0.0,1.3,-2.5,0.1,-73.1,GPSAtti,AutoFly,None,true,Already,15,5,Spark,false,false,Standby,Smart,false,true,false,None,true,MonitorError,false,false,false,false,false,false,false,false,false,false,0,YawFollow,-85.0,0.0,-75.3,false,false,false,false,false,false,false,,,,1024,1024,364,1024,85,11.387,0.0,0,0,3,false,3.766,3.816,3.804,0.05,0.053,0.0,0.0,0.0,14.15359954679567,121.26241599943363,14.885205,380.0,true,FixedHeight,false,false,false,false,,true,false,false,,40,,380.0,401,Android,4.3.62,Clinton Spark,0BMCE8B0112XGP,,,0C0AF8NB33038T,,,121.5,23.604368,11.5,1.9104973,2.0,2,0,Clinton Spark,0BMCE8B0112XGP,,,Android,4.3.62
2025-11-19T04:24:02.024Z,91.4,14.153566554329764,121.2624710253085,7.3,11.5,0.0,22.185205,0.0,0.1,0.0,1.9,0.0,1.3,-2.0,0.0,-73.2,GPSAtti,AutoFly,None,true,Already,15,5,Spark,false,false,Standby,Smart,false,true,false,None,true,MonitorError,false,false,false,false,false,false,false,false,false,false,0,YawFollow,-85.0,0.0,-75.1,false,false,false,false,false,false,false,,,,1024,1024,364,1024,85,11.387,0.0,0,0,3,false,3.766,3.816,3.804,0.05,0.053,0.0,0.0,0.0,14.15359954679567,121.26241599943363,14.885205,380.0,true,FixedHeight,false,false,false,false,,true,false,false,,40,,380.0,401,Android,4.3.62,Clinton Spark,0BMCE8B0112XGP,,,0C0AF8NB33038T,,,121.5,23.604368,11.5,1.9104973,2.0,2,0,Clinton Spark,0BMCE8B0112XGP,,,Android,4.3.62
2025-11-19T04:24:02.125Z,91.5,14.15356656099987,121.2624710426652,7.3,11.5,0.0,22.185205,0.0,0.1,0.0,1.9,0.0,1.3,-1.8,-0.6,-73.3,GPSAtti,AutoFly,None,true,Already,15,5,Spark,false,false,Standby,Smart,false,true,false,None,true,MonitorError,false,false,false,false,false,false,false,false,false,false,0,YawFollow,-85.0,0.0,-75.0,false,false,false,false,false,false,false,,,,1024,1024,364,1024,85,11.387,0.0,0,0,3,false,3.766,3.816,3.804,0.05,0.053,0.0,0.0,0.0,14.15359954679567,121.26241599943363,14.885205,380.0,true,FixedHeight,false,false,false,false,,true,false,false,,40,,380.0,401,Android,4.3.62,Clinton Spark,0BMCE8B0112XGP,,,0C0AF8NB33038T,,,121.5,23.604368,11.5,1.9104973,2.0,2,0,Clinton Spark,0BMCE8B0112XGP,,,Android,4.3.62
2025-11-19T04:24:02.227Z,91.6,14.153566557611079,121.26247109022046,7.3,11.5,0.0,22.185205,0.0,0.1,0.0,1.9,0.4,1.3,-1.7,-0.9,-73.3,GPSAtti,AutoFly,None,true,Already,15,5,Spark,false,false,Standby,Smart,false,true,false,None,true,MonitorError,false,false,false,false,false,false,false,false,false,false,0,YawFollow,-85.0,0.0,-74.9,false,false,false,false,false,false,false,,,,1024,1024,364,1024,85,11.387,0.0,0,0,3,false,3.766,3.816,3.804,0.05,0.053,0.0,0.0,0.0,14.15359954679567,121.26241599943363,14.885205,380.0,true,FixedHeight,false,false,false,false,,true,false,false,,40,,380.0,401,Android,4.3.62,Clinton Spark,0BMCE8B0112XGP,,,0C0AF8NB33038T,,,121.5,23.604368,11.5,1.9104973,2.0,2,0,Clinton Spark,0BMCE8B0112XGP,,,Android,4.3.62
2025-11-19T04:24:02.227Z,91.7,14.153566549240876,121.26247113505453,7.2,11.5,0.0,22.085205,0.0,0.1,0.0,1.9,0.7,1.3,-1.8,-1.1,-73.3,GPSAtti,AutoFly,None,true,Already,15,5,Spark,false,false,Standby,Smart,false,true,false,None,true,MonitorError,false,false,false,false,false,false,false,false,false,false,0,YawFollow,-85.0,0.0,-74.8,false,false,false,false,false,false,false,,,,1024,1024,364,1024,85,11.387,0.0,0,0,3,false,3.766,3.816,3.804,0.05,0.053,0.0,0.0,0.0,14.15359954679567,121.26241599943363,14.885205,380.0,true,FixedHeight,false,false,false,false,,true,false,false,,40,,380.0,401,Android,4.3.62,Clinton Spark,0BMCE8B0112XGP,,,0C0AF8NB33038T,,,121.5,23.604368,11.5,1.9104973,2.0,2,0,Clinton Spark,0BMCE8B0112XGP,,,Android,4.3.62
2025-11-19T04:24:02.329Z,91.8,14.153566528877185,121.26247119640594,7.1,11.5,0.0,21.985205,0.0,0.1,0.0,1.9,0.9,1.3,-1.7,-0.8,-73.3,GPSAtti,AutoFly,None,true,Already,15,5,Spark,false,false,Standby,Smart,false,true,false,None,true,MonitorError,false,false,false,false,false,false,false,false,false,false,0,YawFollow,-85.0,0.0,-74.7,false,false,false,false,false,false,false,,,,1024,1024,364,1023,85,11.489,0.0,0,0,3,false,3.766,3.816,3.804,0.05,0.053,0.0,0.0,0.0,14.15359954679567,121.26241599943363,14.885205,380.0,true,FixedHeight,false,false,false,false,,true,false,false,,40,,380.0,401,Android,4.3.62,Clinton Spark,0BMCE8B0112XGP,,,0C0AF8NB33038T,,,121.5,23.604368,11.5,1.9104973,2.0,2,0,Clinton Spark,0BMCE8B0112XGP,,,Android,4.3.62
2025-11-19T04:24:02.535Z,91.9,14.153566517595324,121.26247123042133,7.0,11.5,0.0,21.885204,0.0,0.1,0.0,1.9,1.0,1.3,-1.7,-0.5,-73.2,GPSAtti,AutoFly,None,true,Already,15,5,Spark,false,false,Standby,Smart,false,true,false,None,true,MonitorError,false,false,false,false,false,false,false,false,false,false,0,YawFollow,-85.0,0.0,-74.7,false,false,false,false,false,false,false,,,,1024,1024,364,1008,85,11.489,0.0,0,0,3,false,3.766,3.816,3.804,0.05,0.053,0.0,0.0,0.0,14.15359954679567,121.26241599943363,14.885205,380.0,true,FixedHeight,false,false,false,false,,true,false,false,,40,,380.0,401,Android,4.3.62,Clinton Spark,0BMCE8B0112XGP,,,0C0AF8NB33038T,,,121.5,23.604368,11.5,1.9104973,2.0,2,0,Clinton Spark,0BMCE8B0112XGP,,,Android,4.3.62
2025-11-19T04:24:02.535Z,92.0,14.153566483834423,121.26247128964344,6.9,11.5,0.0,21.785206,0.0,0.1,0.0,1.9,1.1,1.3,-1.8,0.0,-73.2,GPSAtti,AutoFly,None,true,Already,15,5,Spark,false,false,Standby,Smart,false,true,false,None,true,MonitorError,false,false,false,false,false,false,false,false,false,false,0,YawFollow,-85.0,0.0,-74.6,false,false,false,false,false,false,false,,,,1024,1024,364,1008,85,11.489,0.0,0,0,3,false,3.766,3.816,3.804,0.05,0.053,0.0,0.0,0.0,14.15359954679567,121.26241599943363,14.885205,380.0,true,FixedHeight,false,false,false,false,,true,false,false,,40,,380.0,401,Android,4.3.62,Clinton Spark,0BMCE8B0112XGP,,,0C0AF8NB33038T,,,121.5,23.604368,11.5,1.9104973,2.0,2,0,Clinton Spark,0BMCE8B0112XGP,,,Android,4.3.62
2025-11-19T04:24:02.638Z,92.1,14.153566455929408,121.26247133366908,6.8,11.5,6.0,21.685205,0.0,0.1,0.0,1.9,1.2,1.3,-1.7,0.0,-73.1,GPSAtti,AutoFly,None,true,Already,15,5,Spark,false,false,Standby,Smart,false,true,false,None,true,MonitorError,false,false,false,false,false,false,false,false,false,false,0,YawFollow,-85.0,0.0,-74.5,false,false,false,false,false,false,false,,,,1024,1024,364,1008,85,11.489,0.0,0,0,3,false,3.766,3.816,3.804,0.05,0.053,0.0,0.0,0.0,14.15359954679567,121.26241599943363,14.885205,380.0,true,FixedHeight,false,false,false,false,,true,false,false,,40,,380.0,401,Android,4.3.62,Clinton Spark,0BMCE8B0112XGP,,,0C0AF8NB33038T,,,121.5,23.604368,11.5,1.9104973,2.0,2,0,Clinton Spark,0BMCE8B0112XGP,,,Android,4.3.62
2025-11-19T04:24:02.841Z,92.2,14.153566433981238,121.26247141204144,6.7,11.5,5.9,21.585205,0.0,0.1,0.0,1.9,1.2,1.3,-1.8,0.3,-73.3,GPSAtti,AutoFly,None,true,Already,15,5,Spark,true,false,Standby,Smart,false,true,false,None,true,MonitorError,false,false,false,false,false,false,false,false,false,false,0,YawFollow,-85.0,0.0,-74.3,false,false,false,false,false,false,false,,,,1024,1024,364,1008,85,11.489,0.0,0,0,3,false,3.766,3.816,3.804,0.05,0.053,0.0,0.0,0.0,14.15359954679567,121.26241599943363,14.885205,380.0,true,FixedHeight,false,false,false,false,,true,false,false,,40,,380.0,401,Android,4.3.62,Clinton Spark,0BMCE8B0112XGP,,,0C0AF8NB33038T,,,121.5,23.604368,11.5,1.9104973,2.0,2,0,Clinton Spark,0BMCE8B0112XGP,,,Android,4.3.62
2025-11-19T04:24:02.944Z,92.3,14.153566447725307,121.26247147716545,6.5,11.5,5.7,21.385204,0.0,0.1,0.0,1.9,1.2,1.3,-2.4,0.5,-73.4,GPSAtti,AutoFly,None,true,Already,15,5,Spark,true,false,Standby,Smart,false,true,false,None,true,MonitorError,false,false,false,false,false,false,false,false,false,false,0,YawFollow,-85.0,0.0,-74.3,false,false,false,false,false,false,false,,,,1024,1024,364,1008,85,11.489,0.0,0,0,3,false,3.766,3.816,3.804,0.05,0.053,0.0,0.0,0.0,14.15359954679567,121.26241599943363,14.885205,380.0,true,FixedHeight,false,false,false,false,,true,false,false,,40,,380.0,401,Android,4.3.62,Clinton Spark,0BMCE8B0112XGP,,,0C0AF8NB33038T,,,121.5,23.604368,11.5,1.9104973,2.0,2,0,Clinton Spark,0BMCE8B0112XGP,,,Android,4.3.62
2025-11-19T04:24:03.045Z,92.4,14.153566482574007,121.2624715438356,6.4,11.5,5.6,21.285206,0.0,0.1,0.0,1.9,1.2,1.3,-3.2,0.9,-73.6,GPSAtti,AutoFly,None,true,Already,15,5,Spark,true,false,Standby,Smart,false,true,false,None,true,MonitorError,false,false,false,false,false,false,false,false,false,false,0,YawFollow,-85.0,0.0,-74.2,false,false,false,false,false,false,false,,,,1024,1024,364,1008,85,11.489,0.0,0,0,3,false,3.766,3.816,3.804,0.05,0.053,0.0,0.0,0.0,14.15359954679567,121.26241599943363,14.885205,380.0,true,FixedHeight,false,false,false,false,,true,false,false,,40,,380.0,401,Android,4.3.62,Clinton Spark,0BMCE8B0112XGP,,,0C0AF8NB33038T,,,121.5,23.604368,11.5,1.9104973,2.0,2,0,Clinton Spark,0BMCE8B0112XGP,,,Android,4.3.62
2025-11-19T04:24:03.148Z,92.5,14.153566560967302,121.26247156798212,6.2,11.5,5.5,21.085205,0.0,0.1,0.0,1.9,1.2,1.3,-3.7,0.5,-73.8,GPSAtti,AutoFly,None,true,Already,15,5,Spark,true,false,Standby,Smart,false,true,false,None,true,MonitorError,false,false,false,false,false,false,false,false,false,false,0,YawFollow,-85.0,0.0,-74.4,false,false,false,false,false,false,false,,,,1024,1024,364,1008,85,11.489,0.0,0,0,3,false,3.766,3.816,3.804,0.05,0.053,0.0,0.0,0.0,14.15359954679567,121.26241599943363,14.885205,380.0,true,FixedHeight,false,false,false,false,,true,false,false,,40,,380.0,401,Android,4.3.62,Clinton Spark,0BMCE8B0112XGP,,,0C0AF8NB33038T,,,121.5,23.604368,11.5,1.9104973,2.0,2,0,Clinton Spark,0BMCE8B0112XGP,,,Android,4.3.62
2025-11-19T04:24:03.250Z,92.6,14.153566678653322,121.26247158912909,6.1,11.5,5.4,20.985205,0.1,0.1,0.0,1.9,1.2,1.3,-4.2,0.1,-73.8,GPSAtti,AutoFly,None,true,Already,15,5,Spark,true,false,Standby,Smart,false,true,false,None,true,MonitorError,false,false,false,false,false,false,false,false,false,false,0,YawFollow,-85.0,0.0,-74.4,false,false,false,false,false,false,false,,,,1024,1024,364,1008,85,11.489,0.0,0,0,3,false,3.766,3.816,3.804,0.05,0.053,0.0,0.0,0.0,14.15359954679567,121.26241599943363,14.885205,380.0,true,FixedHeight,false,false,false,false,,true,false,false,,40,,380.0,401,Android,4.3.62,Clinton Spark,0BMCE8B0112XGP,,,0C0AF8NB33038T,,,121.5,23.604368,11.5,1.9104973,2.0,2,0,Clinton Spark,0BMCE8B0112XGP,,,Android,4.3.62
2025-11-19T04:24:03.352Z,92.7,14.153566844621077,121.26247157962247,6.0,11.5,5.5,20.885204,0.1,0.1,0.0,1.9,1.2,1.3,-3.6,-0.8,-74.1,GPSAtti,AutoFly,None,true,Already,15,5,Spark,true,false,Standby,Smart,false,true,false,None,true,MonitorError,false,false,false,false,false,false,false,false,false,false,0,YawFollow,-85.0,0.0,-74.4,false,false,false,false,false,false,false,,,,1024,1024,364,1008,85,11.489,0.0,0,0,3,false,3.766,3.816,3.804,0.05,0.053,0.0,0.0,0.0,14.15359954679567,121.26241599943363,14.885205,380.0,true,FixedHeight,false,false,false,false,,true,false,false,,40,,380.0,401,Android,4.3.62,Clinton Spark,0BMCE8B0112XGP,,,0C0AF8NB33038T,,,121.5,23.604368,11.5,1.9104973,2.0,2,0,Clinton Spark,0BMCE8B0112XGP,,,Android,4.3.62
2025-11-19T04:24:03.454Z,92.8,14.153567060202635,121.26247154611067,5.9,11.5,5.4,20.785206,0.1,0.1,0.0,1.9,1.2,1.3,-2.1,-2.9,-74.0,GPSAtti,AutoFly,None,true,Already,15,5,Spark,true,false,Standby,Smart,false,true,false,None,true,MonitorError,false,false,false,false,false,false,false,false,false,false,0,YawFollow,-85.0,0.0,-74.9,false,false,false,false,false,false,false,,,,1024,1024,364,1008,85,11.422,0.0,0,0,3,false,3.766,3.816,3.804,0.05,0.053,0.0,0.0,0.0,14.15359954679567,121.26241599943363,14.885205,380.0,true,FixedHeight,false,false,false,false,,true,false,false,,40,,380.0,401,Android,4.3.62,Clinton Spark,0BMCE8B0112XGP,,,0C0AF8NB33038T,,,121.5,23.604368,11.5,1.9104973,2.0,2,0,Clinton Spark,0BMCE8B0112XGP,,,Android,4.3.62
2025-11-19T04:24:03.556Z,92.9,14.153567267282087,121.26247148525847,5.8,11.5,5.4,20.685205,0.1,0.1,0.0,1.9,1.2,1.3,-1.6,-2.9,-73.5,GPSAtti,AutoFly,None,true,Already,15,5,Spark,true,false,Standby,Smart,false,true,false,None,true,MonitorError,false,false,false,false,false,false,false,false,false,false,0,YawFollow,-85.0,0.0,-74.9,false,false,false,false,false,false,false,,,,1024,1024,364,1008,85,11.422,0.0,0,0,3,false,3.766,3.816,3.804,0.05,0.053,0.0,0.0,0.0,14.15359954679567,121.26241599943363,14.885205,380.0,true,FixedHeight,false,false,false,false,,true,false,false,,40,,380.0,401,Android,4.3.62,Clinton Spark,0BMCE8B0112XGP,,,0C0AF8NB33038T,,,121.5,23.604368,11.5,1.9104973,2.0,2,0,Clinton Spark,0BMCE8B0112XGP,,,Android,4.3.62
2025-11-19T04:24:03.658Z,93.0,14.153567451229494,121.26247141849994,5.6,11.5,5.4,20.485205,0.0,0.1,0.0,1.9,1.1,1.3,-1.7,-2.1,-73.3,GPSAtti,AutoFly,None,true,Already,15,5,Spark,true,false,Standby,Smart,false,true,false,None,true,MonitorError,false,false,false,false,false,false,false,false,false,false,0,YawFollow,-85.0,0.0,-74.8,false,false,false,false,false,false,false,,,,1024,1024,364,1008,85,11.422,0.0,0,0,3,false,3.766,3.816,3.804,0.05,0.053,0.0,0.0,0.0,14.15359954679567,121.26241599943363,14.885205,380.0,true,FixedHeight,false,false,false,false,,true,false,false,,40,,380.0,401,Android,4.3.62,Clinton Spark,0BMCE8B0112XGP,,,0C0AF8NB33038T,,,121.5,23.604368,11.5,1.9104973,2.0,2,0,Clinton Spark,0BMCE8B0112XGP,,,Android,4.3.62
2025-11-19T04:24:03.760Z,93.1,14.153567601189643,121.26247132991413,5.5,11.5,5.4,20.385204,0.0,0.1,0.0,1.9,1.1,1.3,-1.5,-1.5,-73.1,GPSAtti,AutoFly,None,true,Already,15,5,Spark,true,false,Standby,Smart,false,true,false,None,true,MonitorError,false,false,false,false,false,false,false,false,false,false,0,YawFollow,-85.0,0.0,-74.7,false,false,false,false,false,false,false,,,,1024,1024,364,1008,85,11.422,0.0,0,0,3,false,3.766,3.816,3.804,0.05,0.053,0.0,0.0,0.0,14.15359954679567,121.26241599943363,14.885205,380.0,true,FixedHeight,false,false,false,false,,true,false,false,,40,,380.0,401,Android,4.3.62,Clinton Spark,0BMCE8B0112XGP,,,0C0AF8NB33038T,,,121.5,23.604368,11.5,1.9104973,2.0,2,0,Clinton Spark,0BMCE8B0112XGP,,,Android,4.3.62
2025-11-19T04:24:03.760Z,93.2,14.15356770912454,121.26247124564429,5.4,11.5,5.4,20.285206,0.0,0.1,0.0,1.9,1.1,1.3,-0.9,-1.1,-73.2,GPSAtti,AutoFly,None,true,Already,15,5,Spark,true,false,Standby,Smart,false,true,false,None,true,MonitorError,false,false,false,false,false,false,false,false,false,false,0,YawFollow,-85.0,0.0,-74.7,false,false,false,false,false,false,false,,,,1024,1024,364,1008,85,11.422,0.0,0,0,3,false,3.766,3.816,3.804,0.05,0.053,0.0,0.0,0.0,14.15359954679567,121.26241599943363,14.885205,380.0,true,FixedHeight,false,false,false,false,,true,false,false,,40,,380.0,401,Android,4.3.62,Clinton Spark,0BMCE8B0112XGP,,,0C0AF8NB33038T,,,121.5,23.604368,11.5,1.9104973,2.0,2,0,Clinton Spark,0BMCE8B0112XGP,,,Android,4.3.62
2025-11-19T04:24:03.862Z,93.3,14.153567782407777,121.26247116516477,5.3,11.5,5.3,20.185205,0.0,0.1,0.0,1.9,1.1,1.3,-1.0,-0.9,-73.1,GPSAtti,AutoFly,None,true,Already,15,5,Spark,true,false,Standby,Smart,false,true,false,None,true,MonitorError,false,false,false,false,false,false,false,false,false,false,0,YawFollow,-85.0,0.0,-74.7,false,false,false,false,false,false,false,,,,1024,1024,364,1008,85,11.422,0.0,0,0,3,false,3.766,3.816,3.804,0.05,0.053,0.0,0.0,0.0,14.15359954679567,121.26241599943363,14.885205,380.0,true,FixedHeight,false,false,false,false,,true,false,false,,40,,380.0,401,Android,4.3.62,Clinton Spark,0BMCE8B0112XGP,,,0C0AF8NB33038T,,,121.5,23.604368,11.5,1.9104973,2.0,2,0,Clinton Spark,0BMCE8B0112XGP,,,Android,4.3.62
2025-11-19T04:24:03.965Z,93.4,14.153567824113857,121.2624711076125,5.2,11.5,5.2,20.085205,0.0,0.1,0.0,1.9,1.1,1.3,-0.6,-1.0,-72.9,GPSAtti,AutoFly,None,true,Already,15,5,Spark,true,false,Standby,Smart,false,true,false,None,true,MonitorError,false,false,false,false,false,false,false,false,false,false,0,YawFollow,-85.0,0.0,-74.6,false,false,false,false,false,false,false,,,,1024,1024,364,1009,85,11.422,0.0,0,0,3,false,3.766,3.816,3.804,0.05,0.053,0.0,0.0,0.0,14.15359954679567,121.26241599943363,14.885205,380.0,true,FixedHeight,false,false,false,false,,true,false,false,,40,,380.0,401,Android,4.3.62,Clinton Spark,0BMCE8B0112XGP,,,0C0AF8NB33038T,,,121.5,23.604368,11.5,1.9104973,2.0,2,0,Clinton Spark,0BMCE8B0112XGP,,,Android,4.3.62
2025-11-19T04:24:04.169Z,93.5,14.15356787735909,121.26247105122205,5.0,11.5,5.1,19.885204,0.0,0.1,0.0,1.9,1.2,1.3,-0.3,-1.3,-73.0,GPSAtti,AutoFly,None,true,Already,15,5,Spark,true,false,Standby,Smart,false,true,false,None,true,MonitorError,false,false,false,false,false,false,false,false,false,false,0,YawFollow,-85.0,0.0,-74.7,false,false,false,false,false,false,false,,,,1024,1024,364,1009,85,11.422,0.0,0,0,3,false,3.766,3.816,3.804,0.05,0.053,0.0,0.0,0.0,14.15359954679567,121.26241599943363,14.885205,380.0,true,FixedHeight,false,false,false,false,,true,false,false,,40,,380.0,401,Android,4.3.62,Clinton Spark,0BMCE8B0112XGP,,,0C0AF8NB33038T,,,121.5,23.604368,11.5,1.9104973,2.0,2,0,Clinton Spark,0BMCE8B0112XGP,,,Android,4.3.62
2025-11-19T04:24:04.374Z,93.6,14.153567903070591,121.2624710207849,4.9,11.5,5.0,19.785206,0.0,0.1,0.0,1.9,1.2,1.3,-0.1,-1.2,-72.9,GPSAtti,AutoFly,None,true,Already,15,5,Spark,true,false,Standby,Smart,false,true,false,None,true,MonitorError,false,false,false,false,false,false,false,false,false,false,0,YawFollow,-85.0,0.0,-74.8,false,false,false,false,false,false,false,,,,1024,1024,364,1009,85,11.422,0.0,0,0,3,false,3.766,3.816,3.804,0.05,0.053,0.0,0.0,0.0,14.15359954679567,121.26241599943363,14.885205,380.0,true,FixedHeight,false,false,false,false,,true,false,false,,40,,380.0,401,Android,4.3.62,Clinton Spark,0BMCE8B0112XGP,,,0C0AF8NB33038T,,,121.5,23.604368,11.5,1.9104973,2.0,2,0,Clinton Spark,0BMCE8B0112XGP,,,Android,4.3.62
2025-11-19T04:24:04.481Z,93.7,14.153567939246475,121.26247099542798,4.8,11.5,5.0,19.685205,0.0,0.1,0.0,1.9,1.2,1.3,-0.2,-1.2,-72.9,GPSAtti,AutoFly,None,true,Already,15,5,Spark,true,false,Standby,Smart,false,true,false,None,true,MonitorError,false,false,false,false,false,false,false,false,false,false,0,YawFollow,-85.0,0.0,-74.7,false,false,false,false,false,false,false,,,,1024,1024,364,1010,85,11.422,0.0,0,0,3,false,3.766,3.816,3.804,0.05,0.053,0.0,0.0,0.0,14.15359954679567,121.26241599943363,14.885205,380.0,true,FixedHeight,false,false,false,false,,true,false,false,,40,,380.0,401,Android,4.3.62,Clinton Spark,0BMCE8B0112XGP,,,0C0AF8NB33038T,,,121.5,23.604368,11.5,1.9104973,2.0,2,0,Clinton Spark,0BMCE8B0112XGP,,,Android,4.3.62
2025-11-19T04:24:04.585Z,93.8,14.153567990008332,121.26247101407459,4.7,11.5,4.9,19.585205,0.0,0.1,0.0,1.9,1.1,1.3,-0.3,-1.4,-72.9,GPSAtti,AutoFly,None,true,Already,15,5,Spark,true,false,Standby,Smart,false,true,false,None,true,MonitorError,false,false,false,false,false,false,false,false,false,false,0,YawFollow,-85.0,0.0,-74.7,false,false,false,false,false,false,false,,,,1024,1024,364,1010,85,11.439,0.0,0,0,3,false,3.766,3.816,3.804,0.05,0.053,0.0,0.0,0.0,14.15359954679567,121.26241599943363,14.885205,380.0,true,FixedHeight,false,false,false,false,,true,false,false,,40,,380.0,401,Android,4.3.62,Clinton Spark,0BMCE8B0112XGP,,,0C0AF8NB33038T,,,121.5,23.604368,11.5,1.9104973,2.0,2,0,Clinton Spark,0BMCE8B0112XGP,,,Android,4.3.62
2025-11-19T04:24:04.585Z,93.9,14.153568075820816,121.26247103872468,4.6,11.5,4.2,19.485205,0.0,0.1,0.0,1.9,1.1,1.3,-0.7,-1.6,-72.9,GPSAtti,AutoFly,None,true,Already,15,5,Spark,false,false,Standby,Smart,false,true,false,None,true,MonitorError,false,false,false,false,false,false,false,false,false,false,0,YawFollow,-85.0,0.0,-74.8,false,false,false,false,false,false,false,,,,1024,1024,364,1010,85,11.439,0.0,0,0,3,false,3.766,3.816,3.804,0.05,0.053,0.0,0.0,0.0,14.15359954679567,121.26241599943363,14.885205,380.0,true,FixedHeight,false,false,false,false,,true,false,false,,40,,380.0,401,Android,4.3.62,Clinton Spark,0BMCE8B0112XGP,,,0C0AF8NB33038T,,,121.5,23.604368,11.5,1.9104973,2.0,2,0,Clinton Spark,0BMCE8B0112XGP,,,Android,4.3.62
2025-11-19T04:24:04.689Z,94.0,14.153568127232422,121.26247109056504,4.4,11.5,4.0,19.285206,0.0,0.1,0.0,1.9,1.2,1.3,-0.9,-2.0,-72.9,GPSAtti,AutoFly,None,true,Already,14,5,Spark,true,false,Standby,Smart,false,true,false,None,true,MonitorError,false,false,false,false,false,false,false,false,false,false,0,YawFollow,-85.0,0.0,-74.8,false,false,false,false,false,false,false,,,,1024,1024,364,1010,85,11.439,0.0,0,0,3,false,3.766,3.816,3.804,0.05,0.053,0.0,0.0,0.0,14.15359954679567,121.26241599943363,14.885205,380.0,true,FixedHeight,false,false,false,false,,true,false,false,,40,,380.0,401,Android,4.3.62,Clinton Spark,0BMCE8B0112XGP,,,0C0AF8NB33038T,,,121.5,23.604368,11.5,1.9104973,2.0,2,0,Clinton Spark,0BMCE8B0112XGP,,,Android,4.3.62
2025-11-19T04:24:04.689Z,94.1,14.153568153580645,121.26247112267204,4.3,11.5,3.9,19.185205,0.0,0.1,0.0,1.9,1.2,1.3,-0.5,-1.9,-72.9,GPSAtti,AutoFly,None,true,Already,14,5,Spark,true,false,Standby,Smart,false,true,false,None,true,MonitorError,false,false,false,false,false,false,false,false,false,false,0,YawFollow,-85.0,0.0,-74.7,false,false,false,false,false,false,false,,,,1024,1024,364,1010,85,11.439,0.0,0,0,3,false,3.766,3.816,3.804,0.05,0.053,0.0,0.0,0.0,14.15359954679567,121.26241599943363,14.885205,380.0,true,FixedHeight,false,false,false,false,,true,false,false,,40,,380.0,401,Android,4.3.62,Clinton Spark,0BMCE8B0112XGP,,,0C0AF8NB33038T,,,121.5,23.604368,11.5,1.9104973,2.0,2,0,Clinton Spark,0BMCE8B0112XGP,,,Android,4.3.62
2025-11-19T04:24:04.798Z,94.2,14.153568191596671,121.26247117583324,4.2,11.5,3.8,19.085205,0.0,0.1,0.0,1.9,1.1,1.3,-0.4,-2.0,-72.9,GPSAtti,AutoFly,None,true,Already,14,5,Spark,true,false,Standby,Smart,false,true,false,None,true,MonitorError,false,false,false,false,false,false,false,false,false,false,0,YawFollow,-85.0,0.0,-74.8,false,false,false,false,false,false,false,,,,1024,1024,364,1010,85,11.439,0.0,0,0,3,false,3.766,3.816,3.804,0.05,0.053,0.0,0.0,0.0,14.15359954679567,121.26241599943363,14.885205,380.0,true,FixedHeight,false,false,false,false,,true,false,false,,40,,380.0,401,Android,4.3.62,Clinton Spark,0BMCE8B0112XGP,,,0C0AF8NB33038T,,,121.5,23.604368,11.5,1.9104973,2.0,2,0,Clinton Spark,0BMCE8B0112XGP,,,Android,4.3.62
2025-11-19T04:24:05.106Z,94.3,14.15356825045515,121.26247121996491,4.1,11.5,3.7,18.985205,0.0,0.1,0.0,1.9,1.1,1.3,-1.0,-2.3,-72.9,GPSAtti,AutoFly,None,true,Already,14,5,Spark,true,false,Standby,Smart,false,true,false,None,true,MonitorError,false,false,false,false,false,false,false,false,false,false,0,YawFollow,-85.0,0.0,-74.9,false,false,false,false,false,false,false,,,,1024,1024,364,1010,85,11.439,0.0,0,0,3,false,3.766,3.816,3.804,0.05,0.053,0.0,0.0,0.0,14.15359954679567,121.26241599943363,14.885205,380.0,true,FixedHeight,false,false,false,false,,true,false,false,,40,,380.0,401,Android,4.3.62,Clinton Spark,0BMCE8B0112XGP,,,0C0AF8NB33038T,,,121.5,23.604368,11.5,1.9104973,2.0,2,0,Clinton Spark,0BMCE8B0112XGP,,,Android,4.3.62
2025-11-19T04:24:05.217Z,94.4,14.153568313471862,121.26247128907357,4.0,11.5,3.5,18.885204,0.0,0.1,0.0,1.9,1.1,1.3,-1.3,-2.2,-72.9,GPSAtti,AutoFly,None,true,Already,14,5,Spark,true,false,Standby,Smart,false,true,false,None,true,MonitorError,false,false,false,false,false,false,false,false,false,false,0,YawFollow,-85.0,0.0,-74.9,false,false,false,false,false,false,false,,,,1024,1024,364,1010,85,11.439,0.0,0,0,3,false,3.766,3.816,3.804,0.05,0.053,0.0,0.0,0.0,14.15359954679567,121.26241599943363,14.885205,380.0,true,FixedHeight,false,false,false,false,,true,false,false,,40,,380.0,401,Android,4.3.62,Clinton Spark,0BMCE8B0112XGP,,,0C0AF8NB33038T,,,121.5,23.604368,11.5,1.9104973,2.0,2,0,Clinton Spark,0BMCE8B0112XGP,,,Android,4.3.62
2025-11-19T04:24:05.323Z,94.5,14.153568363247695,121.26247134730616,3.8,11.5,3.4,18.685205,0.0,0.1,0.0,1.9,1.1,1.3,-1.1,-2.0,-72.9,GPSAtti,AutoFly,None,true,Already,14,5,Spark,true,false,Standby,Smart,false,true,false,None,true,MonitorError,false,false,false,false,false,false,false,false,false,false,0,YawFollow,-85.0,0.0,-74.8,false,false,false,false,false,false,false,,,,1024,1024,364,1010,85,11.439,0.0,0,0,3,false,3.766,3.816,3.804,0.05,0.053,0.0,0.0,0.0,14.15359954679567,121.26241599943363,14.885205,380.0,true,FixedHeight,false,false,false,false,,true,false,false,,40,,380.0,401,Android,4.3.62,Clinton Spark,0BMCE8B0112XGP,,,0C0AF8NB33038T,,,121.5,23.604368,11.5,1.9104973,2.0,2,0,Clinton Spark,0BMCE8B0112XGP,,,Android,4.3.62
2025-11-19T04:24:05.323Z,94.6,14.153568391545981,121.26247139764894,3.7,11.5,3.3,18.585205,0.0,0.1,0.0,1.9,1.0,1.3,-1.5,-2.0,-73.0,GPSAtti,AutoFly,None,true,Already,14,5,Spark,true,false,Standby,Smart,false,true,false,None,true,MonitorError,false,false,false,false,false,false,false,false,false,false,0,YawFollow,-85.0,0.0,-75.0,false,false,false,false,false,false,false,,,,1024,1024,668,1015,85,11.439,0.0,0,0,3,false,3.766,3.816,3.804,0.05,0.053,0.0,0.0,0.0,14.15359954679567,121.26241599943363,14.885205,380.0,true,FixedHeight,false,false,false,false,,true,false,false,,40,,380.0,401,Android,4.3.62,Clinton Spark,0BMCE8B0112XGP,,,0C0AF8NB33038T,,,121.5,23.604368,11.5,1.9104973,2.0,2,0,Clinton Spark,0BMCE8B0112XGP,,,Android,4.3.62
2025-11-19T04:24:05.427Z,94.7,14.153568388054596,121.26247141728066,3.6,11.5,3.2,18.485205,0.0,0.1,0.0,1.9,1.0,1.3,-1.3,-2.3,-72.9,GPSAtti,AutoFly,None,true,Already,14,5,Spark,true,false,Standby,Smart,false,true,false,None,true,MonitorError,false,false,false,false,false,false,false,false,false,false,0,YawFollow,-85.0,0.0,-74.8,false,false,false,false,false,false,false,,,,1024,1024,1024,1024,85,11.439,0.0,0,0,3,false,3.766,3.816,3.804,0.05,0.053,0.0,0.0,0.0,14.15359954679567,121.26241599943363,14.885205,380.0,true,FixedHeight,false,false,false,false,,true,false,false,,40,,380.0,401,Android,4.3.62,Clinton Spark,0BMCE8B0112XGP,,,0C0AF8NB33038T,,,121.5,23.604368,11.5,1.9104973,2.0,2,0,Clinton Spark,0BMCE8B0112XGP,,,Android,4.3.62
2025-11-19T04:24:05.427Z,94.8,14.1535683967798,121.26247138434319,3.5,11.5,3.1,18.385204,0.0,0.1,0.0,1.9,1.0,1.3,-0.9,-1.7,-72.9,GPSAtti,AutoFly,None,true,Already,14,5,Spark,true,false,Standby,Smart,false,true,false,None,true,MonitorError,false,false,false,false,false,false,false,false,false,false,0,YawFollow,-85.0,0.0,-74.9,false,false,false,false,false,false,false,,,,1024,1024,1024,1024,85,11.416,0.0,0,0,3,false,3.766,3.816,3.804,0.05,0.053,0.0,0.0,0.0,14.15359954679567,121.26241599943363,14.885205,380.0,true,FixedHeight,false,false,false,false,,true,false,false,,40,,380.0,401,Android,4.3.62,Clinton Spark,0BMCE8B0112XGP,,,0C0AF8NB33038T,,,121.5,23.604368,11.5,1.9104973,2.0,2,0,Clinton Spark,0BMCE8B0112XGP,,,Android,4.3.62
2025-11-19T04:24:05.534Z,94.9,14.15356841149849,121.26247131337028,3.4,11.5,3.0,18.285206,0.0,0.1,0.0,1.9,1.0,1.3,-1.0,-1.6,-73.0,GPSAtti,AutoFly,None,true,Already,14,5,Spark,true,false,Standby,Smart,false,true,false,None,true,MonitorError,false,false,false,false,false,false,false,false,false,false,0,YawFollow,-85.0,0.0,-74.8,false,false,false,false,false,false,false,,,,1024,1024,1024,1024,85,11.416,0.0,0,0,3,false,3.766,3.816,3.804,0.05,0.053,0.0,0.0,0.0,14.15359954679567,121.26241599943363,14.885205,380.0,true,FixedHeight,false,false,false,false,,true,false,false,,40,,380.0,401,Android,4.3.62,Clinton Spark,0BMCE8B0112XGP,,,0C0AF8NB33038T,,,121.5,23.604368,11.5,1.9104973,2.0,2,0,Clinton Spark,0BMCE8B0112XGP,,,Android,4.3.62
2025-11-19T04:24:05.641Z,95.0,14.15356842260448,121.26247120881494,3.3,11.5,2.8,18.185205,0.0,0.1,0.0,1.9,1.0,1.3,-0.7,-1.2,-73.1,GPSAtti,AutoFly,None,true,Already,14,5,Spark,true,false,Standby,Smart,false,true,false,None,true,MonitorError,false,false,false,false,false,false,false,false,false,false,0,YawFollow,-85.0,0.0,-74.8,false,false,false,false,false,false,false,,,,1024,1024,1024,1024,85,11.416,0.0,0,0,3,false,3.766,3.816,3.804,0.05,0.053,0.0,0.0,0.0,14.15359954679567,121.26241599943363,14.885205,380.0,true,FixedHeight,false,false,false,false,,true,false,false,,40,,380.0,401,Android,4.3.62,Clinton Spark,0BMCE8B0112XGP,,,0C0AF8NB33038T,,,121.5,23.604368,11.5,1.9104973,2.0,2,0,Clinton Spark,0BMCE8B0112XGP,,,Android,4.3.62
2025-11-19T04:24:05.641Z,95.1,14.153568408954047,121.26247112134678,3.2,11.5,2.7,18.085205,0.0,0.1,0.0,1.9,1.0,1.3,-0.8,-1.2,-73.0,GPSAtti,AutoFly,None,true,Already,14,5,Spark,true,false,Standby,Smart,false,true,false,None,true,MonitorError,false,false,false,false,false,false,false,false,false,false,0,YawFollow,-85.0,0.0,-74.9,false,false,false,false,false,false,false,,,,1024,1024,1024,1024,85,11.416,0.0,0,0,3,false,3.766,3.816,3.804,0.05,0.053,0.0,0.0,0.0,14.15359954679567,121.26241599943363,14.885205,380.0,true,FixedHeight,false,false,false,false,,true,false,false,,40,,380.0,401,Android,4.3.62,Clinton Spark,0BMCE8B0112XGP,,,0C0AF8NB33038T,,,121.5,23.604368,11.5,1.9104973,2.0,2,0,Clinton Spark,0BMCE8B0112XGP,,,Android,4.3.62
2025-11-19T04:24:05.746Z,95.2,14.1535683998885,121.26247102525107,3.1,11.5,2.6,17.985205,0.0,0.1,0.0,1.9,1.0,1.3,-0.9,-1.4,-73.0,GPSAtti,AutoFly,None,true,Already,14,5,Spark,true,false,Standby,Smart,false,true,false,None,true,MonitorError,false,false,false,false,false,false,false,false,false,false,0,YawFollow,-85.0,0.0,-74.9,false,false,false,false,false,false,false,,,,1024,1024,1024,1024,85,11.416,0.0,0,0,3,false,3.766,3.816,3.804,0.05,0.053,0.0,0.0,0.0,14.15359954679567,121.26241599943363,14.885205,380.0,true,FixedHeight,false,false,false,false,,true,false,false,,40,,380.0,401,Android,4.3.62,Clinton Spark,0BMCE8B0112XGP,,,0C0AF8NB33038T,,,121.5,23.604368,11.5,1.9104973,2.0,2,0,Clinton Spark,0BMCE8B0112XGP,,,Android,4.3.62
2025-11-19T04:24:05.855Z,95.3,14.153568374571082,121.26247094718795,3.0,11.5,2.6,17.885204,0.0,0.1,0.0,1.9,1.0,1.3,-1.1,-1.3,-72.9,GPSAtti,AutoFly,None,true,Already,14,5,Spark,true,false,Standby,Smart,false,true,false,None,true,MonitorError,false,false,false,false,false,false,false,false,false,false,0,YawFollow,-85.0,0.0,-74.8,false,false,false,false,false,false,false,,,,1024,1024,1024,1024,85,11.416,0.0,0,0,3,false,3.766,3.816,3.804,0.05,0.053,0.0,0.0,0.0,14.15359954679567,121.26241599943363,14.885205,380.0,true,FixedHeight,false,false,false,false,,true,false,false,,40,,380.0,401,Android,4.3.62,Clinton Spark,0BMCE8B0112XGP,,,0C0AF8NB33038T,,,121.5,23.604368,11.5,1.9104973,2.0,2,0,Clinton Spark,0BMCE8B0112XGP,,,Android,4.3.62
2025-11-19T04:24:05.960Z,95.4,14.153568331523164,121.26247091891541,2.9,11.5,2.5,17.785206,0.0,0.1,0.0,1.9,1.0,1.3,-1.0,-0.6,-72.9,GPSAtti,AutoFly,None,true,Already,14,5,Spark,true,false,Standby,Smart,false,true,false,None,true,MonitorError,false,false,false,false,false,false,false,false,false,false,0,YawFollow,-85.0,0.0,-74.8,false,false,false,false,false,false,false,,,,1024,1039,1024,1024,85,11.416,0.0,0,0,3,false,3.766,3.816,3.804,0.05,0.053,0.0,0.0,0.0,14.15359954679567,121.26241599943363,14.885205,380.0,true,FixedHeight,false,false,false,false,,true,false,false,,40,,380.0,401,Android,4.3.62,Clinton Spark,0BMCE8B0112XGP,,,0C0AF8NB33038T,,,121.5,23.604368,11.5,1.9104973,2.0,2,0,Clinton Spark,0BMCE8B0112XGP,,,Android,4.3.62
2025-11-19T04:24:06.063Z,95.5,14.15356827037102,121.2624709375753,2.8,11.5,2.4,17.685205,0.0,0.1,0.0,1.9,1.0,1.3,-0.5,-0.1,-72.9,GPSAtti,AutoFly,None,true,Already,14,5,Spark,true,false,Standby,Smart,false,true,false,None,true,MonitorError,false,false,false,false,false,false,false,false,false,false,0,YawFollow,-85.0,0.0,-74.8,false,false,false,false,false,false,false,,,,1024,1024,1024,892,85,11.416,0.0,0,0,3,false,3.766,3.816,3.804,0.05,0.053,0.0,0.0,0.0,14.15359954679567,121.26241599943363,14.885205,380.0,true,FixedHeight,false,false,false,false,,true,false,false,,40,,380.0,401,Android,4.3.62,Clinton Spark,0BMCE8B0112XGP,,,0C0AF8NB33038T,,,121.5,23.604368,11.5,1.9104973,2.0,2,0,Clinton Spark,0BMCE8B0112XGP,,,Android,4.3.62
2025-11-19T04:24:06.063Z,95.6,14.153568178064301,121.26247096823774,2.7,11.5,2.3,17.585205,0.0,0.1,0.0,1.9,1.0,1.3,-0.4,0.1,-72.9,GPSAtti,AutoFly,None,true,Already,14,5,Spark,true,false,Standby,Smart,false,true,false,None,true,MonitorError,false,false,false,false,false,false,false,false,false,false,0,YawFollow,-85.0,0.0,-74.8,false,false,false,false,false,false,false,,,,1024,1024,1024,892,85,11.416,0.0,0,0,3,false,3.766,3.816,3.804,0.05,0.053,0.0,0.0,0.0,14.15359954679567,121.26241599943363,14.885205,380.0,true,FixedHeight,false,false,false,false,,true,false,false,,40,,380.0,401,Android,4.3.62,Clinton Spark,0BMCE8B0112XGP,,,0C0AF8NB33038T,,,121.5,23.604368,11.5,1.9104973,2.0,2,0,Clinton Spark,0BMCE8B0112XGP,,,Android,4.3.62
2025-11-19T04:24:06.171Z,95.7,14.153568078455638,121.26247098174228,2.6,11.5,2.2,17.485205,0.0,0.1,0.0,1.9,0.9,1.3,-0.2,0.1,-72.8,GPSAtti,AutoFly,None,true,Already,14,5,Spark,true,false,Standby,Smart,false,true,false,None,true,MonitorError,false,false,false,false,false,false,false,false,false,false,0,YawFollow,-85.0,0.0,-74.7,false,false,false,false,false,false,false,,,,1024,1024,1024,800,85,11.416,0.0,0,0,3,false,3.766,3.816,3.804,0.05,0.053,0.0,0.0,0.0,14.15359954679567,121.26241599943363,14.885205,380.0,true,FixedHeight,false,false,false,false,,true,false,false,,40,,380.0,401,Android,4.3.62,Clinton Spark,0BMCE8B0112XGP,,,0C0AF8NB33038T,,,121.5,23.604368,11.5,1.9104973,2.0,2,0,Clinton Spark,0BMCE8B0112XGP,,,Android,4.3.62
2025-11-19T04:24:06.485Z,95.8,14.153568010946865,121.26247101677373,2.5,11.5,2.1,17.385204,0.0,0.1,0.0,1.9,0.6,1.3,-0.7,-0.1,-73.0,GPSAtti,AutoFly,None,true,Already,14,5,Spark,true,false,Standby,Smart,false,true,false,None,true,MonitorError,false,false,false,false,false,false,false,false,false,false,0,YawFollow,-85.0,0.0,-74.8,false,false,false,false,false,false,false,,,,1024,1024,1024,937,85,11.348,0.0,0,0,3,false,3.766,3.816,3.804,0.05,0.053,0.0,0.0,0.0,14.15359954679567,121.26241599943363,14.885205,380.0,true,FixedHeight,false,false,false,false,,true,false,false,,40,,380.0,401,Android,4.3.62,Clinton Spark,0BMCE8B0112XGP,,,0C0AF8NB33038T,,,121.5,23.604368,11.5,1.9104973,2.0,2,0,Clinton Spark,0BMCE8B0112XGP,,,Android,4.3.62
2025-11-19T04:24:06.485Z,95.9,14.153567994118523,121.26247104365912,2.4,11.5,2.0,17.285206,0.0,0.1,0.0,1.9,0.4,1.3,-1.4,-1.1,-73.2,GPSAtti,AutoFly,None,true,Already,14,5,Spark,true,false,Standby,Smart,false,true,false,None,true,MonitorError,false,false,false,false,false,false,false,false,false,false,0,YawFollow,-85.0,0.0,-74.9,false,false,false,false,false,false,false,,,,1024,1024,1024,1024,85,11.348,0.0,0,0,3,false,3.766,3.816,3.804,0.05,0.053,0.0,0.0,0.0,14.15359954679567,121.26241599943363,14.885205,380.0,true,FixedHeight,false,false,false,false,,true,false,false,,40,,380.0,401,Android,4.3.62,Clinton Spark,0BMCE8B0112XGP,,,0C0AF8NB33038T,,,121.5,23.604368,11.5,1.9104973,2.0,2,0,Clinton Spark,0BMCE8B0112XGP,,,Android,4.3.62
2025-11-19T04:24:06.485Z,96.0,14.153567973793914,121.26247110325234,2.4,11.5,2.0,17.285206,0.0,0.1,0.0,1.9,0.2,1.3,-1.8,-1.5,-73.3,GPSAtti,AutoFly,None,true,Already,14,5,Spark,true,false,Standby,Smart,false,true,false,None,true,MonitorError,false,false,false,false,false,false,false,false,false,false,0,YawFollow,-85.0,0.0,-74.9,false,false,false,false,false,false,false,,,,1024,1024,1024,1024,85,11.348,0.0,0,0,3,false,3.766,3.816,3.804,0.05,0.053,0.0,0.0,0.0,14.15359954679567,121.26241599943363,14.885205,380.0,true,FixedHeight,false,false,false,false,,true,false,false,,40,,380.0,401,Android,4.3.62,Clinton Spark,0BMCE8B0112XGP,,,0C0AF8NB33038T,,,121.5,23.604368,11.5,1.9104973,2.0,2,0,Clinton Spark,0BMCE8B0112XGP,,,Android,4.3.62
2025-11-19T04:24:06.595Z,96.1,14.153567933594147,121.26247117400878,2.4,11.5,2.0,17.285206,0.0,0.1,0.0,1.9,0.1,1.3,-1.9,-1.3,-73.3,GPSAtti,AutoFly,None,true,Already,14,5,Spark,true,false,Standby,Smart,false,true,false,None,true,MonitorError,false,false,false,false,false,false,false,false,false,false,0,YawFollow,-85.0,0.0,-74.9,false,false,false,false,false,false,false,,,,1024,1024,1024,1024,85,11.348,0.0,0,0,3,false,3.766,3.816,3.804,0.05,0.053,0.0,0.0,0.0,14.15359954679567,121.26241599943363,14.885205,380.0,true,FixedHeight,false,false,false,false,,true,false,false,,40,,380.0,401,Android,4.3.62,Clinton Spark,0BMCE8B0112XGP,,,0C0AF8NB33038T,,,121.5,23.604368,11.5,1.9104973,2.0,2,0,Clinton Spark,0BMCE8B0112XGP,,,Android,4.3.62
2025-11-19T04:24:06.698Z,96.2,14.153567910089185,121.26247124867919,2.3,11.5,2.0,17.185205,0.0,0.1,0.0,1.9,0.1,1.3,-1.7,-1.1,-73.3,GPSAtti,AutoFly,None,true,Already,14,5,Spark,true,false,Standby,Smart,false,true,false,None,true,MonitorError,false,false,false,false,false,false,false,false,false,false,0,YawFollow,-85.0,0.0,-74.9,false,false,false,false,false,false,false,,,,1024,1024,1024,1024,85,11.348,0.0,0,0,3,false,3.766,3.816,3.804,0.05,0.053,0.0,0.0,0.0,14.15359954679567,121.26241599943363,14.885205,380.0,true,FixedHeight,false,false,false,false,,true,false,false,,40,,380.0,401,Android,4.3.62,Clinton Spark,0BMCE8B0112XGP,,,0C0AF8NB33038T,,,121.5,23.604368,11.5,1.9104973,2.0,2,0,Clinton Spark,0BMCE8B0112XGP,,,Android,4.3.62
2025-11-19T04:24:06.800Z,96.3,14.153567891554236,121.26247129262973,2.3,11.5,2.0,17.185205,0.0,0.1,0.0,1.9,0.0,1.3,-1.2,-0.8,-73.3,GPSAtti,AutoFly,None,true,Already,14,5,Spark,true,false,Standby,Smart,false,true,false,None,true,MonitorError,false,false,false,false,false,false,false,false,false,false,0,YawFollow,-85.0,0.0,-75.1,false,false,false,false,false,false,false,,,,1024,1024,1024,688,85,11.348,0.0,0,0,3,false,3.766,3.816,3.804,0.05,0.053,0.0,0.0,0.0,14.15359954679567,121.26241599943363,14.885205,380.0,true,FixedHeight,false,false,false,false,,true,false,false,,40,,380.0,401,Android,4.3.62,Clinton Spark,0BMCE8B0112XGP,,,0C0AF8NB33038T,,,121.5,23.604368,11.5,1.9104973,2.0,2,0,Clinton Spark,0BMCE8B0112XGP,,,Android,4.3.62
2025-11-19T04:24:06.902Z,96.4,14.153567877282553,121.26247133930592,2.3,11.5,1.9,17.185205,0.0,0.1,0.0,1.9,0.0,1.3,-0.9,-0.6,-73.7,GPSAtti,AutoFly,None,true,Already,13,5,Spark,true,false,Standby,Smart,false,true,false,None,true,MonitorError,false,false,false,false,false,false,false,false,false,false,0,YawFollow,-85.0,0.0,-76.2,false,false,false,false,false,false,false,,,,1024,1024,1024,688,85,11.348,0.0,0,0,3,false,3.766,3.816,3.804,0.05,0.053,0.0,0.0,0.0,14.15359954679567,121.26241599943363,14.885205,380.0,true,FixedHeight,false,false,false,false,,true,false,false,,40,,380.0,401,Android,4.3.62,Clinton Spark,0BMCE8B0112XGP,,,0C0AF8NB33038T,,,121.5,23.604368,11.5,1.9104973,2.0,2,0,Clinton Spark,0BMCE8B0112XGP,,,Android,4.3.62
2025-11-19T04:24:07.004Z,96.5,14.153567840061209,121.2624713757289,2.3,11.5,1.9,17.185205,0.0,0.1,0.0,1.9,0.0,1.3,-0.9,-0.4,-74.9,GPSAtti,AutoFly,None,true,Already,13,5,Spark,true,false,Standby,Smart,false,true,false,None,true,MonitorError,false,false,false,false,false,false,false,false,false,false,0,YawFollow,-85.0,0.0,-76.9,false,false,false,false,false,false,false,,,,1024,1024,1024,486,85,11.348,0.0,0,0,3,false,3.766,3.816,3.804,0.05,0.053,0.0,0.0,0.0,14.15359954679567,121.26241599943363,14.885205,380.0,true,FixedHeight,false,false,false,false,,true,false,false,,40,,380.0,401,Android,4.3.62,Clinton Spark,0BMCE8B0112XGP,,,0C0AF8NB33038T,,,121.5,23.604368,11.5,1.9104973,2.0,2,0,Clinton Spark,0BMCE8B0112XGP,,,Android,4.3.62
2025-11-19T04:24:07.106Z,96.6,14.153567825455694,121.26247141086635,2.3,11.5,1.9,17.185205,0.0,0.1,0.0,1.9,0.0,1.3,-0.6,-0.4,-75.9,GPSAtti,AutoFly,None,true,Already,13,5,Spark,true,false,Standby,Smart,false,true,false,None,true,MonitorError,false,false,false,false,false,false,false,false,false,false,0,YawFollow,-85.0,0.0,-77.5,false,false,false,false,false,false,false,,,,1024,1024,1024,1271,85,11.348,0.0,0,0,3,false,3.766,3.816,3.804,0.05,0.053,0.0,0.0,0.0,14.15359954679567,121.26241599943363,14.885205,380.0,true,FixedHeight,false,false,false,false,,true,false,false,,40,,380.0,401,Android,4.3.62,Clinton Spark,0BMCE8B0112XGP,,,0C0AF8NB33038T,,,121.5,23.604368,11.5,1.9104973,2.0,2,0,Clinton Spark,0BMCE8B0112XGP,,,Android,4.3.62
2025-11-19T04:24:07.106Z,96.7,14.153567813615277,121.26247144158181,2.3,11.5,1.9,17.185205,0.0,0.1,0.0,1.9,0.0,1.3,-0.6,-0.5,-76.4,GPSAtti,AutoFly,None,true,Already,13,5,Spark,true,false,Standby,Smart,false,true,false,None,true,MonitorError,false,false,false,false,false,false,false,false,false,false,0,YawFollow,-85.0,0.0,-77.7,false,false,false,false,false,false,false,,,,1024,1024,1024,1412,85,11.348,0.0,0,0,3,false,3.766,3.816,3.804,0.05,0.053,0.0,0.0,0.0,14.15359954679567,121.26241599943363,14.885205,380.0,true,FixedHeight,false,false,false,false,,true,false,false,,40,,380.0,401,Android,4.3.62,Clinton Spark,0BMCE8B0112XGP,,,0C0AF8NB33038T,,,121.5,23.604368,11.5,1.9104973,2.0,2,0,Clinton Spark,0BMCE8B0112XGP,,,Android,4.3.62
2025-11-19T04:24:07.208Z,96.8,14.153567818612972,121.26247147587992,2.3,11.5,1.9,17.185205,0.0,0.1,0.0,1.9,0.0,1.3,-0.8,-0.6,-76.4,GPSAtti,AutoFly,None,true,Already,13,5,Spark,true,false,Standby,Smart,false,true,false,None,true,MonitorError,false,false,false,false,false,false,false,false,false,false,0,YawFollow,-85.0,0.0,-77.8,false,false,false,false,false,false,false,,,,1024,1024,1024,1481,84,11.371,0.0,0,0,3,false,3.766,3.816,3.804,0.05,0.053,0.0,0.0,0.0,14.15359954679567,121.26241599943363,14.885205,380.0,true,FixedHeight,false,false,false,false,,true,false,false,,40,,380.0,401,Android,4.3.62,Clinton Spark,0BMCE8B0112XGP,,,0C0AF8NB33038T,,,121.5,23.604368,11.5,1.9104973,2.0,2,0,Clinton Spark,0BMCE8B0112XGP,,,Android,4.3.62
2025-11-19T04:24:07.309Z,96.9,14.153567809472516,121.26247151271816,2.3,11.5,2.0,17.185205,0.0,0.1,0.0,1.9,0.0,1.3,-1.0,-0.8,-76.4,GPSAtti,AutoFly,None,true,Already,13,5,Spark,true,false,Standby,Smart,false,true,false,None,true,MonitorError,false,false,false,false,false,false,false,false,false,false,0,YawFollow,-85.0,0.0,-77.7,false,false,false,false,false,false,false,,,,1024,1024,1024,1496,84,11.371,0.0,0,0,3,false,3.766,3.816,3.804,0.05,0.053,0.0,0.0,0.0,14.15359954679567,121.26241599943363,14.885205,380.0,true,FixedHeight,false,false,false,false,,true,false,false,,40,,380.0,401,Android,4.3.62,Clinton Spark,0BMCE8B0112XGP,,,0C0AF8NB33038T,,,121.5,23.604368,11.5,1.9104973,2.0,2,0,Clinton Spark,0BMCE8B0112XGP,,,Android,4.3.62
2025-11-19T04:24:07.412Z,97.0,14.15356781238906,121.26247151143704,2.3,11.5,2.0,17.185205,0.0,0.1,0.0,1.9,0.0,1.3,-0.8,-0.7,-76.3,GPSAtti,AutoFly,None,true,Already,13,5,Spark,true,false,Standby,Smart,false,true,false,None,true,MonitorError,false,false,false,false,false,false,false,false,false,false,0,YawFollow,-85.0,0.0,-78.8,false,false,false,false,false,false,false,,,,1024,1024,1024,1448,84,11.371,0.0,0,0,3,false,3.766,3.816,3.804,0.05,0.053,0.0,0.0,0.0,14.15359954679567,121.26241599943363,14.885205,380.0,true,FixedHeight,false,false,false,false,,true,false,false,,40,,380.0,401,Android,4.3.62,Clinton Spark,0BMCE8B0112XGP,,,0C0AF8NB33038T,,,121.5,23.604368,11.5,1.9104973,2.0,2,0,Clinton Spark,0BMCE8B0112XGP,,,Android,4.3.62
2025-11-19T04:24:07.615Z,97.1,14.153567802725872,121.2624714953924,2.3,11.5,2.0,17.185205,0.0,0.1,0.0,1.9,0.0,1.3,-0.5,-0.3,-76.9,GPSAtti,AutoFly,None,true,Already,13,5,Spark,true,false,Standby,Smart,false,true,false,None,true,MonitorError,false,false,false,false,false,false,false,false,false,false,0,YawFollow,-85.0,0.0,-80.5,false,false,false,false,false,false,false,,,,1024,1024,1024,1222,84,11.371,0.0,0,0,3,false,3.766,3.816,3.804,0.05,0.053,0.0,0.0,0.0,14.15359954679567,121.26241599943363,14.885205,380.0,true,FixedHeight,false,false,false,false,,true,false,false,,40,,380.0,401,Android,4.3.62,Clinton Spark,0BMCE8B0112XGP,,,0C0AF8NB33038T,,,121.5,23.604368,11.5,1.9104973,2.0,2,0,Clinton Spark,0BMCE8B0112XGP,,,Android,4.3.62
2025-11-19T04:24:07.615Z,97.2,14.153567816455285,121.26247144070713,2.3,11.5,2.0,17.185205,0.0,0.1,0.0,1.9,0.0,1.3,-0.5,-0.1,-80.5,GPSAtti,AutoFly,None,true,Already,13,5,Spark,true,false,Standby,Smart,false,true,false,None,true,MonitorError,false,false,false,false,false,false,false,false,false,false,0,YawFollow,-85.0,0.0,-81.7,false,false,false,false,false,false,false,,,,1024,1024,1024,1024,84,11.371,0.0,0,0,3,false,3.766,3.816,3.804,0.05,0.053,0.0,0.0,0.0,14.15359954679567,121.26241599943363,14.885205,380.0,true,FixedHeight,false,false,false,false,,true,false,false,,40,,380.0,401,Android,4.3.62,Clinton Spark,0BMCE8B0112XGP,,,0C0AF8NB33038T,,,121.5,23.604368,11.5,1.9104973,2.0,2,0,Clinton Spark,0BMCE8B0112XGP,,,Android,4.3.62
2025-11-19T04:24:07.718Z,97.3,14.153567826354594,121.26247139792282,2.3,11.5,2.0,17.185205,0.0,0.1,0.0,1.9,0.0,1.3,-0.2,-0.6,-81.9,GPSAtti,AutoFly,None,true,Already,13,5,Spark,true,false,Standby,Smart,false,true,false,None,true,MonitorError,false,false,false,false,false,false,false,false,false,false,0,YawFollow,-85.0,0.0,-80.8,false,false,false,false,false,false,false,,,,1024,1024,1024,1024,84,11.371,0.0,0,0,3,false,3.766,3.816,3.804,0.05,0.053,0.0,0.0,0.0,14.15359954679567,121.26241599943363,14.885205,380.0,true,FixedHeight,false,false,false,false,,true,false,false,,40,,380.0,401,Android,4.3.62,Clinton Spark,0BMCE8B0112XGP,,,0C0AF8NB33038T,,,121.5,23.604368,11.5,1.9104973,2.0,2,0,Clinton Spark,0BMCE8B0112XGP,,,Android,4.3.62
2025-11-19T04:24:07.718Z,97.4,14.153567850704718,121.26247133041774,2.3,11.5,2.0,17.185205,0.0,0.1,0.0,1.9,0.0,1.3,-0.4,-0.9,-79.5,GPSAtti,AutoFly,None,true,Already,13,5,Spark,true,false,Standby,Smart,false,true,false,None,true,MonitorError,false,false,false,false,false,false,false,false,false,false,0,YawFollow,-85.0,0.0,-78.4,false,false,false,false,false,false,false,,,,1024,1024,1024,1024,84,11.371,0.0,0,0,3,false,3.766,3.816,3.804,0.05,0.053,0.0,0.0,0.0,14.15359954679567,121.26241599943363,14.885205,380.0,true,FixedHeight,false,false,false,false,,true,false,false,,40,,380.0,401,Android,4.3.62,Clinton Spark,0BMCE8B0112XGP,,,0C0AF8NB33038T,,,121.5,23.604368,11.5,1.9104973,2.0,2,0,Clinton Spark,0BMCE8B0112XGP,,,Android,4.3.62
2025-11-19T04:24:07.921Z,97.5,14.153567855635647,121.2624712879736,2.3,11.5,2.0,17.185205,0.0,0.1,0.0,1.9,0.0,1.3,-0.3,-0.8,-75.4,GPSAtti,AutoFly,None,true,Already,13,5,Spark,true,false,Standby,Smart,false,true,false,None,true,MonitorError,false,false,false,false,false,false,false,false,false,false,0,YawFollow,-85.0,0.0,-75.3,false,false,false,false,false,false,false,,,,1024,1024,1024,1024,84,11.371,0.0,0,0,3,false,3.766,3.816,3.804,0.05,0.053,0.0,0.0,0.0,14.15359954679567,121.26241599943363,14.885205,380.0,true,FixedHeight,false,false,false,false,,true,false,false,,40,,380.0,401,Android,4.3.62,Clinton Spark,0BMCE8B0112XGP,,,0C0AF8NB33038T,,,121.5,23.604368,11.5,1.9104973,2.0,2,0,Clinton Spark,0BMCE8B0112XGP,,,Android,4.3.62
2025-11-19T04:24:08.023Z,97.6,14.15356786385766,121.26247121153173,2.3,11.5,2.0,17.185205,0.0,0.1,0.0,1.9,0.0,1.3,0.0,-0.8,-71.0,GPSAtti,AutoFly,None,true,Already,13,5,Spark,true,false,Standby,Smart,false,true,false,None,true,MonitorError,false,false,false,false,false,false,false,false,false,false,0,YawFollow,-85.0,0.0,-72.1,false,false,false,false,false,false,false,,,,1024,1194,1024,1024,84,11.371,0.0,0,0,3,false,3.766,3.816,3.804,0.05,0.053,0.0,0.0,0.0,14.15359954679567,121.26241599943363,14.885205,380.0,true,FixedHeight,false,false,false,false,,true,false,false,,40,,380.0,401,Android,4.3.62,Clinton Spark,0BMCE8B0112XGP,,,0C0AF8NB33038T,,,121.5,23.604368,11.5,1.9104973,2.0,2,0,Clinton Spark,0BMCE8B0112XGP,,,Android,4.3.62
2025-11-19T04:24:08.023Z,97.7,14.153567849274944,121.26247115975765,2.3,11.5,2.0,17.185205,0.0,0.1,0.0,1.9,0.0,1.3,0.0,-0.4,-66.6,GPSAtti,AutoFly,None,true,Already,13,5,Spark,true,false,Standby,Smart,false,true,false,None,true,MonitorError,false,false,false,false,false,false,false,false,false,false,0,YawFollow,-85.0,0.0,-68.9,false,false,false,false,false,false,false,,,,1024,1225,1024,1024,84,11.371,0.0,0,0,3,false,3.766,3.816,3.804,0.05,0.053,0.0,0.0,0.0,14.15359954679567,121.26241599943363,14.885205,380.0,true,FixedHeight,false,false,false,false,,true,false,false,,40,,380.0,401,Android,4.3.62,Clinton Spark,0BMCE8B0112XGP,,,0C0AF8NB33038T,,,121.5,23.604368,11.5,1.9104973,2.0,2,0,Clinton Spark,0BMCE8B0112XGP,,,Android,4.3.62
2025-11-19T04:24:08.228Z,97.8,14.15356783477365,121.2624710899024,2.3,11.5,2.0,17.185205,0.0,0.1,0.0,1.9,0.0,1.3,0.0,-0.1,-63.1,GPSAtti,AutoFly,None,true,Already,13,5,Spark,true,false,Standby,Smart,false,true,false,None,true,MonitorError,false,false,false,false,false,false,false,false,false,false,0,YawFollow,-85.0,0.0,-65.8,false,false,false,false,false,false,false,,,,1024,1204,1024,1024,84,11.345,0.0,0,0,3,false,3.766,3.816,3.804,0.05,0.053,0.0,0.0,0.0,14.15359954679567,121.26241599943363,14.885205,380.0,true,FixedHeight,false,false,false,false,,true,false,false,,40,,380.0,401,Android,4.3.62,Clinton Spark,0BMCE8B0112XGP,,,0C0AF8NB33038T,,,121.5,23.604368,11.5,1.9104973,2.0,2,0,Clinton Spark,0BMCE8B0112XGP,,,Android,4.3.62
2025-11-19T04:24:08.329Z,97.9,14.1535678122311,121.26247104856266,2.3,11.5,2.0,17.185205,0.0,0.1,0.0,1.9,0.0,1.3,-0.1,0.0,-62.4,GPSAtti,AutoFly,None,true,Already,13,5,Spark,true,false,Standby,Smart,false,true,false,None,true,MonitorError,false,false,false,false,false,false,false,false,false,false,0,YawFollow,-85.0,0.0,-64.7,false,false,false,false,false,false,false,,,,1024,1084,1024,1024,84,11.345,0.0,0,0,3,false,3.766,3.816,3.804,0.05,0.053,0.0,0.0,0.0,14.15359954679567,121.26241599943363,14.885205,380.0,true,FixedHeight,false,false,false,false,,true,false,false,,40,,380.0,401,Android,4.3.62,Clinton Spark,0BMCE8B0112XGP,,,0C0AF8NB33038T,,,121.5,23.604368,11.5,1.9104973,2.0,2,0,Clinton Spark,0BMCE8B0112XGP,,,Android,4.3.62
2025-11-19T04:24:08.536Z,98.0,14.153567822062017,121.26247101432199,2.3,11.5,2.0,17.185205,0.0,0.1,0.0,1.9,0.0,1.3,0.0,-0.1,-62.3,GPSAtti,AutoFly,None,true,Already,13,5,Spark,true,false,Standby,Smart,false,true,false,None,true,MonitorError,false,false,false,false,false,false,false,false,false,false,0,YawFollow,-85.0,0.0,-64.4,false,false,false,false,false,false,false,,,,1024,1469,1024,1024,84,11.345,0.0,0,0,3,false,3.766,3.816,3.804,0.05,0.053,0.0,0.0,0.0,14.15359954679567,121.26241599943363,14.885205,380.0,true,FixedHeight,false,false,false,false,,true,false,false,,40,,380.0,401,Android,4.3.62,Clinton Spark,0BMCE8B0112XGP,,,0C0AF8NB33038T,,,121.5,23.604368,11.5,1.9104973,2.0,2,0,Clinton Spark,0BMCE8B0112XGP,,,Android,4.3.62
2025-11-19T04:24:08.536Z,98.1,14.153567838958752,121.26247101980418,2.3,11.5,2.0,17.185205,0.0,0.1,0.0,1.9,0.0,1.3,-0.1,-0.4,-62.2,GPSAtti,AutoFly,None,true,Already,13,5,Spark,true,false,Standby,Smart,false,true,false,None,true,MonitorError,false,false,false,false,false,false,false,false,false,false,0,YawFollow,-79.5,0.0,-64.1,false,false,false,false,false,false,false,,,,1024,1469,1024,1024,84,11.345,0.0,0,0,3,false,3.766,3.816,3.804,0.05,0.053,0.0,0.0,0.0,14.15359954679567,121.26241599943363,14.885205,380.0,true,FixedHeight,false,false,false,false,,true,false,false,,40,,380.0,401,Android,4.3.62,Clinton Spark,0BMCE8B0112XGP,,,0C0AF8NB33038T,,,121.5,23.604368,11.5,1.9104973,2.0,2,0,Clinton Spark,0BMCE8B0112XGP,,,Android,4.3.62
2025-11-19T04:24:08.741Z,98.2,14.153567869433452,121.26247102919156,2.3,11.5,2.0,17.185205,0.0,0.1,0.0,1.9,0.0,1.3,-1.2,-0.5,-62.1,GPSAtti,AutoFly,None,true,Already,13,5,Spark,true,false,Standby,Smart,false,true,false,None,true,MonitorError,false,false,false,false,false,false,false,false,false,false,0,YawFollow,-72.7,0.0,-63.8,false,false,false,false,false,false,false,,,,1024,1580,1024,1024,84,11.345,0.0,0,0,3,false,3.766,3.816,3.804,0.05,0.053,0.0,0.0,0.0,14.15359954679567,121.26241599943363,14.885205,380.0,true,FixedHeight,false,false,false,false,,true,false,false,,40,,380.0,401,Android,4.3.62,Clinton Spark,0BMCE8B0112XGP,,,0C0AF8NB33038T,,,121.5,23.604368,11.5,1.9104973,2.0,2,0,Clinton Spark,0BMCE8B0112XGP,,,Android,4.3.62
2025-11-19T04:24:08.945Z,98.3,14.153567887170464,121.26247104627876,2.3,11.5,2.0,17.185205,0.0,0.1,0.0,1.9,0.0,1.3,-2.7,-0.6,-62.0,GPSAtti,AutoFly,None,true,Already,13,5,Spark,true,false,Standby,Smart,false,true,false,None,true,MonitorError,false,false,false,false,false,false,false,false,false,false,0,YawFollow,-65.9,0.0,-63.6,false,false,false,false,false,false,false,,,,1024,1024,1024,1024,84,11.345,0.0,0,0,3,false,3.766,3.816,3.804,0.05,0.053,0.0,0.0,0.0,14.15359954679567,121.26241599943363,14.885205,380.0,true,FixedHeight,false,false,false,false,,true,false,false,,40,,380.0,401,Android,4.3.62,Clinton Spark,0BMCE8B0112XGP,,,0C0AF8NB33038T,,,121.5,23.604368,11.5,1.9104973,2.0,2,0,Clinton Spark,0BMCE8B0112XGP,,,Android,4.3.62
2025-11-19T04:24:09.047Z,98.4,14.153567928630649,121.26247102994255,2.3,11.5,2.0,17.185205,0.0,0.1,0.0,1.9,0.0,1.3,-3.7,-0.7,-62.0,GPSAtti,AutoFly,None,true,Already,13,5,Spark,true,false,Standby,Smart,false,true,false,None,true,MonitorError,false,false,false,false,false,false,false,false,false,false,0,YawFollow,-59.1,0.0,-63.4,false,false,false,false,false,false,false,,,,1024,1024,1024,1024,84,11.345,0.0,0,0,3,false,3.766,3.816,3.804,0.05,0.053,0.0,0.0,0.0,14.15359954679567,121.26241599943363,14.885205,380.0,true,FixedHeight,false,false,false,false,,true,false,false,,40,,380.0,401,Android,4.3.62,Clinton Spark,0BMCE8B0112XGP,,,0C0AF8NB33038T,,,121.5,23.604368,11.5,1.9104973,2.0,2,0,Clinton Spark,0BMCE8B0112XGP,,,Android,4.3.62
2025-11-19T04:24:09.149Z,98.5,14.153567974844261,121.26247097784157,2.3,11.5,2.0,17.185205,0.0,0.1,0.0,1.9,0.0,1.3,-4.0,-0.8,-62.1,GPSAtti,AutoFly,None,true,Already,13,5,Spark,true,false,Standby,Smart,false,true,false,None,true,MonitorError,false,false,false,false,false,false,false,false,false,false,0,YawFollow,-52.4,0.0,-63.4,false,false,false,false,false,false,false,,,,1024,1024,1024,1024,84,11.345,0.0,0,0,3,false,3.766,3.816,3.804,0.05,0.053,0.0,0.0,0.0,14.15359954679567,121.26241599943363,14.885205,380.0,true,FixedHeight,false,false,false,false,,true,false,false,,40,,380.0,401,Android,4.3.62,Clinton Spark,0BMCE8B0112XGP,,,0C0AF8NB33038T,,,121.5,23.604368,11.5,1.9104973,2.0,2,0,Clinton Spark,0BMCE8B0112XGP,,,Android,4.3.62
2025-11-19T04:24:09.352Z,98.6,14.15356804596004,121.26247086920877,2.3,11.5,2.0,17.185205,0.0,0.1,-0.1,1.9,0.0,1.3,-3.9,-0.9,-62.2,GPSAtti,AutoFly,None,true,Already,13,5,Spark,true,false,Standby,Smart,false,true,false,None,true,MonitorError,false,false,false,false,false,false,false,false,false,false,0,YawFollow,-52.1,0.0,-63.4,false,false,false,false,false,false,false,,,,1024,1024,1024,1024,84,11.345,0.0,0,0,3,false,3.766,3.816,3.804,0.05,0.053,0.0,0.0,0.0,14.15359954679567,121.26241599943363,14.885205,380.0,true,FixedHeight,false,false,false,false,,true,false,false,,40,,380.0,401,Android,4.3.62,Clinton Spark,0BMCE8B0112XGP,,,0C0AF8NB33038T,,,121.5,23.604368,11.5,1.9104973,2.0,2,0,Clinton Spark,0BMCE8B0112XGP,,,Android,4.3.62
2025-11-19T04:24:09.454Z,98.7,14.153568120176374,121.26247071895351,2.3,11.5,1.9,17.185205,0.0,0.1,-0.1,1.9,0.0,1.3,-3.4,-0.7,-62.3,GPSAtti,AutoFly,None,true,Already,13,5,Spark,true,false,Standby,Smart,false,true,false,None,true,MonitorError,false,false,false,false,false,false,false,false,false,false,0,YawFollow,-52.1,0.0,-63.1,false,false,false,false,false,false,false,,,,1024,1024,1024,1024,84,11.345,0.0,0,0,3,false,3.766,3.816,3.804,0.05,0.053,0.0,0.0,0.0,14.15359954679567,121.26241599943363,14.885205,380.0,true,FixedHeight,false,false,false,false,,true,false,false,,40,,380.0,401,Android,4.3.62,Clinton Spark,0BMCE8B0112XGP,,,0C0AF8NB33038T,,,121.5,23.604368,11.5,1.9104973,2.0,2,0,Clinton Spark,0BMCE8B0112XGP,,,Android,4.3.62
2025-11-19T04:24:09.556Z,98.8,14.153568237546475,121.26247050383486,2.3,11.5,1.9,17.185205,0.1,0.1,-0.2,1.9,0.0,1.3,-12.8,-0.6,-62.4,GPSAtti,AutoFly,None,true,Already,13,5,Spark,true,false,Standby,Smart,false,true,false,None,true,MonitorError,false,false,false,false,false,false,false,false,false,false,0,YawFollow,-52.1,0.0,-63.3,false,false,false,false,false,false,false,,,,1024,1024,1024,1024,84,11.359,0.0,0,0,3,false,3.766,3.816,3.804,0.05,0.053,0.0,0.0,0.0,14.15359954679567,121.26241599943363,14.885205,380.0,true,FixedHeight,false,false,false,false,,true,false,false,,40,,380.0,401,Android,4.3.62,Clinton Spark,0BMCE8B0112XGP,,,0C0AF8NB33038T,,,121.5,23.604368,11.5,1.9104973,2.0,2,0,Clinton Spark,0BMCE8B0112XGP,,,Android,4.3.62
2025-11-19T04:24:09.658Z,98.9,14.153568428622394,121.26247014963745,2.3,11.5,1.9,17.185205,0.2,0.2,-0.4,1.9,0.0,1.3,-18.3,-0.7,-62.5,GPSAtti,AutoFly,None,true,Already,13,5,Spark,true,false,Standby,Smart,false,true,false,None,true,MonitorError,false,false,false,false,false,false,false,false,false,false,0,YawFollow,-52.1,0.0,-63.5,false,false,false,false,false,false,false,,,,1024,1024,1024,1024,84,11.359,0.0,0,0,3,false,3.766,3.816,3.804,0.05,0.053,0.0,0.0,0.0,14.15359954679567,121.26241599943363,14.885205,380.0,true,FixedHeight,false,false,false,false,,true,false,false,,40,,380.0,401,Android,4.3.62,Clinton Spark,0BMCE8B0112XGP,,,0C0AF8NB33038T,,,121.5,23.604368,11.5,1.9104973,2.0,2,0,Clinton Spark,0BMCE8B0112XGP,,,Android,4.3.62
2025-11-19T04:24:09.658Z,99.0,14.15356874268736,121.26246951411504,2.3,11.5,1.9,17.185205,0.3,0.3,-0.7,1.9,0.0,1.3,-18.2,-1.0,-62.5,GPSAtti,AutoFly,None,true,Already,13,5,Spark,true,false,Standby,Smart,false,true,false,None,true,MonitorError,false,false,false,false,false,false,false,false,false,false,0,YawFollow,-52.1,0.0,-63.7,false,false,false,false,false,false,false,,,,1024,1024,1024,1024,84,11.359,0.0,0,0,3,false,3.766,3.816,3.804,0.05,0.053,0.0,0.0,0.0,14.15359954679567,121.26241599943363,14.885205,380.0,true,FixedHeight,false,false,false,false,,true,false,false,,40,,380.0,401,Android,4.3.62,Clinton Spark,0BMCE8B0112XGP,,,0C0AF8NB33038T,,,121.5,23.604368,11.5,1.9104973,2.0,2,0,Clinton Spark,0BMCE8B0112XGP,,,Android,4.3.62
2025-11-19T04:24:09.761Z,99.1,14.153569149228403,121.262468631663,2.3,11.5,1.9,17.185205,0.4,0.4,-0.9,1.9,0.0,1.3,-14.9,-1.2,-62.4,GPSAtti,AutoFly,None,true,Already,13,5,Spark,true,false,Standby,Smart,false,true,false,None,true,MonitorError,false,false,false,false,false,false,false,false,false,false,0,YawFollow,-52.1,0.0,-63.7,false,false,false,false,false,false,false,,,,1024,1024,1024,1024,84,11.359,0.0,0,0,3,false,3.766,3.816,3.804,0.05,0.053,0.0,0.0,0.0,14.15359954679567,121.26241599943363,14.885205,380.0,true,FixedHeight,false,false,false,false,,true,false,false,,40,,380.0,401,Android,4.3.62,Clinton Spark,0BMCE8B0112XGP,,,0C0AF8NB33038T,,,121.5,23.604368,11.5,1.9104973,2.0,2,0,Clinton Spark,0BMCE8B0112XGP,,,Android,4.3.62
2025-11-19T04:24:09.761Z,99.2,14.153569656080784,121.2624674402098,2.3,11.5,1.9,17.185205,0.5,0.5,-1.1,1.9,0.0,1.3,-4.8,-0.4,-62.5,GPSAtti,AutoFly,None,true,Already,13,5,Spark,true,false,Standby,Smart,false,true,false,None,true,MonitorError,false,false,false,false,false,false,false,false,false,false,0,YawFollow,-52.1,0.0,-63.5,false,false,false,false,false,false,false,,,,1024,1024,1024,1024,84,11.359,0.0,0,0,3,false,3.766,3.816,3.804,0.05,0.053,0.0,0.0,0.0,14.15359954679567,121.26241599943363,14.885205,380.0,true,FixedHeight,false,false,false,false,,true,false,false,,40,,380.0,401,Android,4.3.62,Clinton Spark,0BMCE8B0112XGP,,,0C0AF8NB33038T,,,121.5,23.604368,11.5,1.9104973,2.0,2,0,Clinton Spark,0BMCE8B0112XGP,,,Android,4.3.62
2025-11-19T04:24:09.863Z,99.3,14.153570187569892,121.26246617396694,2.3,11.5,1.9,17.185205,0.5,0.5,-1.0,1.9,0.0,1.3,7.4,-0.2,-62.6,GPSAtti,AutoFly,None,true,Already,13,5,Spark,true,false,Standby,Smart,false,true,false,None,true,MonitorError,false,false,false,false,false,false,false,false,false,false,0,YawFollow,-52.1,0.0,-63.5,false,false,false,false,false,false,false,,,,1024,1024,1024,1024,84,11.359,0.0,0,0,3,false,3.766,3.816,3.804,0.05,0.053,0.0,0.0,0.0,14.15359954679567,121.26241599943363,14.885205,380.0,true,FixedHeight,false,false,false,false,,true,false,false,,40,,380.0,401,Android,4.3.62,Clinton Spark,0BMCE8B0112XGP,,,0C0AF8NB33038T,,,121.5,23.604368,11.5,1.9104973,2.0,2,0,Clinton Spark,0BMCE8B0112XGP,,,Android,4.3.62
2025-11-19T04:24:09.964Z,99.4,14.15357066438888,121.26246498589761,2.3,11.5,2.0,17.185205,0.4,0.5,-0.8,1.9,0.0,1.3,13.1,-0.2,-62.6,GPSAtti,AutoFly,None,true,Already,13,5,Spark,true,false,Standby,Smart,false,true,false,None,true,MonitorError,false,false,false,false,false,false,false,false,false,false,0,YawFollow,-52.1,0.0,-63.4,false,false,false,false,false,false,false,,,,1024,1024,1024,1024,84,11.359,0.0,0,0,3,false,3.766,3.816,3.804,0.05,0.053,0.0,0.0,0.0,14.15359954679567,121.26241599943363,14.885205,380.0,true,FixedHeight,false,false,false,false,,true,false,false,,40,,380.0,401,Android,4.3.62,Clinton Spark,0BMCE8B0112XGP,,,0C0AF8NB33038T,,,121.5,23.604368,11.5,1.9104973,2.0,2,0,Clinton Spark,0BMCE8B0112XGP,,,Android,4.3.62
2025-11-19T04:24:10.066Z,99.5,14.153571030489145,121.2624640688029,2.3,11.5,2.0,17.185205,0.3,0.5,-0.6,1.9,0.0,1.3,11.5,-0.4,-62.6,GPSAtti,AutoFly,None,true,Already,13,5,Spark,true,false,Standby,Smart,false,true,false,None,true,MonitorError,false,false,false,false,false,false,false,false,false,false,0,YawFollow,-52.1,0.0,-63.4,false,false,false,false,false,false,false,,,,1024,1024,991,1024,84,11.359,0.0,0,0,3,false,3.766,3.816,3.804,0.05,0.053,0.0,0.0,0.0,14.15359954679567,121.26241599943363,14.885205,380.0,true,FixedHeight,false,false,false,false,,true,false,false,,40,,380.0,401,Android,4.3.62,Clinton Spark,0BMCE8B0112XGP,,,0C0AF8NB33038T,,,121.5,23.604368,11.5,1.9104973,2.0,2,0,Clinton Spark,0BMCE8B0112XGP,,,Android,4.3.62
2025-11-19T04:24:10.168Z,99.6,14.153571292201265,121.26246336390233,2.3,11.5,2.0,17.185205,0.2,0.5,-0.5,1.9,0.0,1.3,7.8,-0.5,-62.5,GPSAtti,AutoFly,None,true,Already,13,5,Spark,true,false,Standby,Smart,false,true,false,None,true,MonitorError,false,false,false,false,false,false,false,false,false,false,0,YawFollow,-52.1,0.0,-63.4,false,false,false,false,false,false,false,,,,1024,1024,533,1024,84,11.359,0.0,0,0,3,false,3.766,3.816,3.804,0.05,0.053,0.0,0.0,0.0,14.15359954679567,121.26241599943363,14.885205,380.0,true,FixedHeight,false,false,false,false,,true,false,false,,40,,380.0,401,Android,4.3.62,Clinton Spark,0BMCE8B0112XGP,,,0C0AF8NB33038T,,,121.5,23.604368,11.5,1.9104973,2.0,2,0,Clinton Spark,0BMCE8B0112XGP,,,Android,4.3.62
2025-11-19T04:24:10.373Z,99.7,14.153571479888393,121.26246285538548,2.3,11.5,2.0,17.185205,0.1,0.5,-0.3,1.9,0.0,1.3,5.2,-0.4,-62.4,GPSAtti,AutoFly,None,true,Already,13,5,Spark,true,false,Standby,Smart,false,true,false,None,true,MonitorError,false,false,false,false,false,false,false,false,false,false,0,YawFollow,-52.1,0.0,-63.3,false,false,false,false,false,false,false,,,,1024,1024,1024,1024,84,11.359,0.0,0,0,3,false,3.766,3.816,3.804,0.05,0.053,0.0,0.0,0.0,14.15359954679567,121.26241599943363,14.885205,380.0,true,FixedHeight,false,false,false,false,,true,false,false,,40,,380.0,401,Android,4.3.62,Clinton Spark,0BMCE8B0112XGP,,,0C0AF8NB33038T,,,121.5,23.604368,11.5,1.9104973,2.0,2,0,Clinton Spark,0BMCE8B0112XGP,,,Android,4.3.62
2025-11-19T04:24:10.475Z,99.8,14.15357159151823,121.26246252389001,2.3,11.5,2.1,17.185205,0.1,0.5,-0.3,1.9,0.0,1.3,3.8,-0.5,-62.4,GPSAtti,AutoFly,None,true,Already,13,5,Spark,true,false,Standby,Smart,false,true,false,None,true,MonitorError,false,false,false,false,false,false,false,false,false,false,0,YawFollow,-52.1,0.0,-63.3,false,false,false,false,false,false,false,,,,1024,1024,1024,1024,84,11.361,0.0,0,0,3,false,3.766,3.816,3.804,0.05,0.053,0.0,0.0,0.0,14.15359954679567,121.26241599943363,14.885205,380.0,true,FixedHeight,false,false,false,false,,true,false,false,,40,,380.0,401,Android,4.3.62,Clinton Spark,0BMCE8B0112XGP,,,0C0AF8NB33038T,,,121.5,23.604368,11.5,1.9104973,2.0,2,0,Clinton Spark,0BMCE8B0112XGP,,,Android,4.3.62
2025-11-19T04:24:10.577Z,99.9,14.153571665473198,121.2624622993619,2.3,11.5,2.1,17.185205,0.1,0.5,-0.2,1.9,0.0,1.3,3.1,-0.6,-62.3,GPSAtti,AutoFly,None,true,Already,13,5,Spark,true,false,Standby,Smart,false,true,false,None,true,MonitorError,false,false,false,false,false,false,false,false,false,false,0,YawFollow,-52.1,0.0,-63.3,false,false,false,false,false,false,false,,,,1024,1024,1024,1024,84,11.361,0.0,0,0,3,false,3.766,3.816,3.804,0.05,0.053,0.0,0.0,0.0,14.15359954679567,121.26241599943363,14.885205,380.0,true,FixedHeight,false,false,false,false,,true,false,false,,40,,380.0,401,Android,4.3.62,Clinton Spark,0BMCE8B0112XGP,,,0C0AF8NB33038T,,,121.5,23.604368,11.5,1.9104973,2.0,2,0,Clinton Spark,0BMCE8B0112XGP,,,Android,4.3.62
2025-11-19T04:24:10.577Z,100.0,14.153571714520304,121.2624621847212,2.3,11.5,2.1,17.185205,0.1,0.5,-0.2,1.9,0.0,1.3,2.4,-0.4,-62.3,GPSAtti,AutoFly,None,true,Already,13,5,Spark,true,false,Standby,Smart,false,true,false,None,true,MonitorError,false,false,false,false,false,false,false,false,false,false,0,YawFollow,-52.1,0.0,-63.3,false,false,false,false,false,false,false,,,,1024,1024,1024,1024,84,11.361,0.0,0,0,3,false,3.766,3.816,3.804,0.05,0.053,0.0,0.0,0.0,14.15359954679567,121.26241599943363,14.885205,380.0,true,FixedHeight,false,false,false,false,,true,false,false,,40,,380.0,401,Android,4.3.62,Clinton Spark,0BMCE8B0112XGP,,,0C0AF8NB33038T,,,121.5,23.604368,11.5,1.9104973,2.0,2,0,Clinton Spark,0BMCE8B0112XGP,,,Android,4.3.62
2025-11-19T04:24:10.681Z,100.1,14.153571766673664,121.262462090101,2.3,11.5,2.1,17.185205,0.0,0.5,-0.1,1.9,0.0,1.3,1.9,-0.5,-62.4,GPSAtti,AutoFly,None,true,Already,13,5,Spark,true,false,Standby,Smart,false,true,false,None,true,MonitorError,false,false,false,false,false,false,false,false,false,false,0,YawFollow,-52.1,0.0,-63.2,false,false,false,false,false,false,false,,,,1024,1024,1024,1024,84,11.361,0.0,0,0,3,false,3.766,3.816,3.804,0.05,0.053,0.0,0.0,0.0,14.15359954679567,121.26241599943363,14.885205,380.0,true,FixedHeight,false,false,false,false,,true,false,false,,40,,380.0,401,Android,4.3.62,Clinton Spark,0BMCE8B0112XGP,,,0C0AF8NB33038T,,,121.5,23.604368,11.5,1.9104973,2.0,2,0,Clinton Spark,0BMCE8B0112XGP,,,Android,4.3.62
2025-11-19T04:24:10.681Z,100.2,14.153571799343508,121.26246207279291,2.3,11.5,2.1,17.185205,0.0,0.5,-0.1,1.9,0.0,1.3,1.4,-0.7,-62.3,GPSAtti,AutoFly,None,true,Already,14,5,Spark,true,false,Standby,Smart,false,true,false,None,true,MonitorError,false,false,false,false,false,false,false,false,false,false,0,YawFollow,-52.1,0.0,-63.2,false,false,false,false,false,false,false,,,,1024,1024,1024,1024,84,11.361,0.0,0,0,3,false,3.766,3.816,3.804,0.05,0.053,0.0,0.0,0.0,14.15359954679567,121.26241599943363,14.885205,380.0,true,FixedHeight,false,false,false,false,,true,false,false,,40,,380.0,401,Android,4.3.62,Clinton Spark,0BMCE8B0112XGP,,,0C0AF8NB33038T,,,121.5,23.604368,11.5,1.9104973,2.0,2,0,Clinton Spark,0BMCE8B0112XGP,,,Android,4.3.62
2025-11-19T04:24:10.885Z,100.3,14.153571818400374,121.26246205640365,2.3,11.5,2.1,17.185205,0.0,0.5,0.0,1.9,0.0,1.3,1.1,-0.9,-62.2,GPSAtti,AutoFly,None,true,Already,14,5,Spark,true,false,Standby,Smart,false,true,false,None,true,MonitorError,false,false,false,false,false,false,false,false,false,false,0,YawFollow,-52.1,0.0,-63.2,false,false,false,false,false,false,false,,,,1024,1024,1024,1024,84,11.361,0.0,0,0,3,false,3.766,3.816,3.804,0.05,0.053,0.0,0.0,0.0,14.15359954679567,121.26241599943363,14.885205,380.0,true,FixedHeight,false,false,false,false,,true,false,false,,40,,380.0,401,Android,4.3.62,Clinton Spark,0BMCE8B0112XGP,,,0C0AF8NB33038T,,,121.5,23.604368,11.5,1.9104973,2.0,2,0,Clinton Spark,0BMCE8B0112XGP,,,Android,4.3.62
2025-11-19T04:24:10.987Z,100.4,14.15357183930878,121.26246202976562,2.3,11.5,2.1,17.185205,0.0,0.5,0.0,1.9,0.0,1.3,0.6,-1.2,-62.2,GPSAtti,AutoFly,None,true,Already,14,5,Spark,true,false,Standby,Smart,false,true,false,None,true,MonitorError,false,false,false,false,false,false,false,false,false,false,0,YawFollow,-52.1,0.0,-63.1,false,false,false,false,false,false,false,,,,1024,1024,1024,1024,84,11.361,0.0,0,0,3,false,3.766,3.816,3.804,0.05,0.053,0.0,0.0,0.0,14.15359954679567,121.26241599943363,14.885205,380.0,true,FixedHeight,false,false,false,false,,true,false,false,,40,,380.0,401,Android,4.3.62,Clinton Spark,0BMCE8B0112XGP,,,0C0AF8NB33038T,,,121.5,23.604368,11.5,1.9104973,2.0,2,0,Clinton Spark,0BMCE8B0112XGP,,,Android,4.3.62
2025-11-19T04:24:11.090Z,100.5,14.153571852963283,121.26246194810217,2.3,11.5,2.1,17.185205,0.0,0.5,0.0,1.9,0.1,1.3,0.3,-1.2,-62.3,GPSAtti,AutoFly,None,true,Already,14,5,Spark,true,false,Standby,Smart,false,true,false,None,true,MonitorError,false,false,false,false,false,false,false,false,false,false,0,YawFollow,-52.1,0.0,-63.1,false,false,false,false,false,false,false,,,,1024,1024,1024,1024,84,11.361,0.0,0,0,3,false,3.766,3.816,3.804,0.05,0.053,0.0,0.0,0.0,14.15359954679567,121.26241599943363,14.885205,380.0,true,FixedHeight,false,false,false,false,,true,false,false,,40,,380.0,401,Android,4.3.62,Clinton Spark,0BMCE8B0112XGP,,,0C0AF8NB33038T,,,121.5,23.604368,11.5,1.9104973,2.0,2,0,Clinton Spark,0BMCE8B0112XGP,,,Android,4.3.62
2025-11-19T04:24:11.090Z,100.6,14.153571870964917,121.26246185560241,2.3,11.5,2.1,17.185205,0.0,0.5,0.0,1.9,0.4,1.3,0.2,-1.0,-62.2,GPSAtti,AutoFly,None,true,Already,13,5,Spark,true,false,Standby,Smart,false,true,false,None,true,MonitorError,false,false,false,false,false,false,false,false,false,false,0,YawFollow,-52.1,0.0,-63.2,false,false,false,false,false,false,false,,,,1024,1024,1024,1024,84,11.361,0.0,0,0,3,false,3.766,3.816,3.804,0.05,0.053,0.0,0.0,0.0,14.15359954679567,121.26241599943363,14.885205,380.0,true,FixedHeight,false,false,false,false,,true,false,false,,40,,380.0,401,Android,4.3.62,Clinton Spark,0BMCE8B0112XGP,,,0C0AF8NB33038T,,,121.5,23.604368,11.5,1.9104973,2.0,2,0,Clinton Spark,0BMCE8B0112XGP,,,Android,4.3.62
2025-11-19T04:24:11.192Z,100.7,14.153571871760413,121.26246176600057,2.3,11.5,2.1,17.185205,0.0,0.5,0.0,1.9,0.4,1.3,0.2,-0.7,-62.1,GPSAtti,AutoFly,None,true,Already,13,5,Spark,true,false,Standby,Smart,false,true,false,None,true,MonitorError,false,false,false,false,false,false,false,false,false,false,0,YawFollow,-52.1,0.0,-63.1,false,false,false,false,false,false,false,,,,1024,1024,1024,1024,84,11.361,0.0,0,0,3,false,3.766,3.816,3.804,0.05,0.053,0.0,0.0,0.0,14.15359954679567,121.26241599943363,14.885205,380.0,true,FixedHeight,false,false,false,false,,true,false,false,,40,,380.0,401,Android,4.3.62,Clinton Spark,0BMCE8B0112XGP,,,0C0AF8NB33038T,,,121.5,23.604368,11.5,1.9104973,2.0,2,0,Clinton Spark,0BMCE8B0112XGP,,,Android,4.3.62
2025-11-19T04:24:11.294Z,100.8,14.153571844231568,121.26246171144783,2.2,11.5,2.0,17.085205,0.0,0.5,0.0,1.9,0.2,1.3,0.3,-0.1,-62.0,GPSAtti,AutoFly,None,true,Already,14,5,Spark,true,false,Standby,Smart,false,true,false,None,true,MonitorError,false,false,false,false,false,false,false,false,false,false,0,YawFollow,-52.1,0.0,-63.0,false,false,false,false,false,false,false,,,,1024,1024,1024,1024,84,11.356,0.0,0,0,3,false,3.766,3.816,3.804,0.05,0.053,0.0,0.0,0.0,14.15359954679567,121.26241599943363,14.885205,380.0,true,FixedHeight,false,false,false,false,,true,false,false,,40,,380.0,401,Android,4.3.62,Clinton Spark,0BMCE8B0112XGP,,,0C0AF8NB33038T,,,121.5,23.604368,11.5,1.9104973,2.0,2,0,Clinton Spark,0BMCE8B0112XGP,,,Android,4.3.62
2025-11-19T04:24:11.402Z,100.9,14.15357178537146,121.2624617033548,2.2,11.5,2.0,17.085205,0.0,0.5,0.0,1.9,0.1,1.3,0.1,0.0,-61.9,GPSAtti,AutoFly,None,true,Already,14,5,Spark,true,false,Standby,Smart,false,true,false,None,true,MonitorError,false,false,false,false,false,false,false,false,false,false,0,YawFollow,-52.1,0.0,-62.9,false,false,false,false,false,false,false,,,,1024,1024,1024,1024,84,11.356,0.0,0,0,3,false,3.766,3.816,3.804,0.05,0.053,0.0,0.0,0.0,14.15359954679567,121.26241599943363,14.885205,380.0,true,FixedHeight,false,false,false,false,,true,false,false,,40,,380.0,401,Android,4.3.62,Clinton Spark,0BMCE8B0112XGP,,,0C0AF8NB33038T,,,121.5,23.604368,11.5,1.9104973,2.0,2,0,Clinton Spark,0BMCE8B0112XGP,,,Android,4.3.62
2025-11-19T04:24:11.402Z,101.0,14.15357176307806,121.26246172756316,2.2,11.5,2.0,17.085205,0.0,0.5,0.0,1.9,0.1,1.3,-0.3,0.0,-61.9,GPSAtti,AutoFly,None,true,Already,13,5,Spark,true,false,Standby,Smart,false,true,false,None,true,MonitorError,false,false,false,false,false,false,false,false,false,false,0,YawFollow,-52.1,0.0,-62.9,false,false,false,false,false,false,false,,,,1024,1024,1024,1024,84,11.356,0.0,0,0,3,false,3.766,3.816,3.804,0.05,0.053,0.0,0.0,0.0,14.15359954679567,121.26241599943363,14.885205,380.0,true,FixedHeight,false,false,false,false,,true,false,false,,40,,380.0,401,Android,4.3.62,Clinton Spark,0BMCE8B0112XGP,,,0C0AF8NB33038T,,,121.5,23.604368,11.5,1.9104973,2.0,2,0,Clinton Spark,0BMCE8B0112XGP,,,Android,4.3.62
2025-11-19T04:24:11.504Z,101.1,14.153571763144827,121.26246175386989,2.2,11.5,1.9,17.085205,0.0,0.5,0.0,1.9,0.1,1.3,-0.6,-0.1,-62.1,GPSAtti,AutoFly,None,true,Already,13,5,Spark,true,false,Standby,Smart,false,true,false,None,true,MonitorError,false,false,false,false,false,false,false,false,false,false,0,YawFollow,-52.1,0.0,-62.9,false,false,false,false,false,false,false,,,,1024,1024,1024,1024,84,11.356,0.0,0,0,3,false,3.766,3.816,3.804,0.05,0.053,0.0,0.0,0.0,14.15359954679567,121.26241599943363,14.885205,380.0,true,FixedHeight,false,false,false,false,,true,false,false,,40,,380.0,401,Android,4.3.62,Clinton Spark,0BMCE8B0112XGP,,,0C0AF8NB33038T,,,121.5,23.604368,11.5,1.9104973,2.0,2,0,Clinton Spark,0BMCE8B0112XGP,,,Android,4.3.62
2025-11-19T04:24:11.607Z,101.2,14.153571751208332,121.26246183566143,2.2,11.5,1.9,17.085205,0.0,0.5,0.0,1.9,0.0,1.3,-0.9,-0.2,-62.1,GPSAtti,AutoFly,None,true,Already,13,5,Spark,true,false,Standby,Smart,false,true,false,None,true,MonitorError,false,false,false,false,false,false,false,false,false,false,0,YawFollow,-52.1,0.0,-63.0,false,false,false,false,false,false,false,,,,1024,1024,1024,1024,84,11.356,0.0,0,0,3,false,3.766,3.816,3.804,0.05,0.053,0.0,0.0,0.0,14.15359954679567,121.26241599943363,14.885205,380.0,true,FixedHeight,false,false,false,false,,true,false,false,,40,,380.0,401,Android,4.3.62,Clinton Spark,0BMCE8B0112XGP,,,0C0AF8NB33038T,,,121.5,23.604368,11.5,1.9104973,2.0,2,0,Clinton Spark,0BMCE8B0112XGP,,,Android,4.3.62
2025-11-19T04:24:11.812Z,101.3,14.15357171929653,121.2624619299724,2.2,11.5,1.9,17.085205,0.0,0.5,0.0,1.9,0.0,1.3,-1.3,-0.3,-62.1,GPSAtti,AutoFly,None,true,Already,13,5,Spark,true,false,Standby,Smart,false,true,false,None,true,MonitorError,false,false,false,false,false,false,false,false,false,false,0,YawFollow,-52.1,0.0,-62.9,false,false,false,false,false,false,false,,,,1024,1024,1024,1024,84,11.356,0.0,0,0,3,false,3.766,3.816,3.804,0.05,0.053,0.0,0.0,0.0,14.15359954679567,121.26241599943363,14.885205,380.0,true,FixedHeight,false,false,false,false,,true,false,false,,40,,380.0,401,Android,4.3.62,Clinton Spark,0BMCE8B0112XGP,,,0C0AF8NB33038T,,,121.5,23.604368,11.5,1.9104973,2.0,2,0,Clinton Spark,0BMCE8B0112XGP,,,Android,4.3.62
2025-11-19T04:24:11.812Z,101.4,14.153571733321504,121.2624620408626,2.2,11.5,1.9,17.085205,0.0,0.5,0.0,1.9,0.0,1.3,-1.3,-0.4,-62.1,GPSAtti,AutoFly,None,true,Already,13,5,Spark,true,false,Standby,Smart,false,true,false,None,true,MonitorError,false,false,false,false,false,false,false,false,false,false,0,YawFollow,-52.1,0.0,-62.9,false,false,false,false,false,false,false,,,,1024,1024,1024,1024,84,11.356,0.0,0,0,3,false,3.766,3.816,3.804,0.05,0.053,0.0,0.0,0.0,14.15359954679567,121.26241599943363,14.885205,380.0,true,FixedHeight,false,false,false,false,,true,false,false,,40,,380.0,401,Android,4.3.62,Clinton Spark,0BMCE8B0112XGP,,,0C0AF8NB33038T,,,121.5,23.604368,11.5,1.9104973,2.0,2,0,Clinton Spark,0BMCE8B0112XGP,,,Android,4.3.62
2025-11-19T04:24:11.913Z,101.5,14.15357177598185,121.26246211997709,2.1,11.5,1.9,16.985205,0.0,0.5,0.0,1.9,0.0,1.3,-1.2,-0.9,-62.2,GPSAtti,AutoFly,None,true,Already,13,5,Spark,true,false,Standby,Smart,false,true,false,None,true,MonitorError,false,false,false,false,false,false,false,false,false,false,0,YawFollow,-52.1,0.0,-62.9,false,false,false,false,false,false,false,,,,1024,1024,1024,1024,84,11.356,0.0,0,0,3,false,3.766,3.816,3.804,0.05,0.053,0.0,0.0,0.0,14.15359954679567,121.26241599943363,14.885205,380.0,true,FixedHeight,false,false,false,false,,true,false,false,,40,,380.0,401,Android,4.3.62,Clinton Spark,0BMCE8B0112XGP,,,0C0AF8NB33038T,,,121.5,23.604368,11.5,1.9104973,2.0,2,0,Clinton Spark,0BMCE8B0112XGP,,,Android,4.3.62
2025-11-19T04:24:11.913Z,101.6,14.15357183443729,121.26246220268752,2.1,11.5,1.9,16.985205,0.0,0.5,0.0,1.9,0.0,1.3,-1.1,-1.2,-62.2,GPSAtti,AutoFly,None,true,Already,13,5,Spark,true,false,Standby,Smart,false,true,false,None,true,MonitorError,false,false,false,false,false,false,false,false,false,false,0,YawFollow,-52.1,0.0,-62.9,false,false,false,false,false,false,false,,,,1024,1024,1024,1024,84,11.356,0.0,0,0,3,false,3.766,3.816,3.804,0.05,0.053,0.0,0.0,0.0,14.15359954679567,121.26241599943363,14.885205,380.0,true,FixedHeight,false,false,false,false,,true,false,false,,40,,380.0,401,Android,4.3.62,Clinton Spark,0BMCE8B0112XGP,,,0C0AF8NB33038T,,,121.5,23.604368,11.5,1.9104973,2.0,2,0,Clinton Spark,0BMCE8B0112XGP,,,Android,4.3.62
2025-11-19T04:24:12.118Z,101.7,14.153571873157619,121.26246225234117,2.1,11.5,1.9,16.985205,0.0,0.5,0.0,1.9,0.0,1.3,-0.8,-1.3,-62.4,GPSAtti,AutoFly,None,true,Already,13,5,Spark,true,false,Standby,Smart,false,true,false,None,true,MonitorError,false,false,false,false,false,false,false,false,false,false,0,YawFollow,-52.1,0.0,-63.0,false,false,false,false,false,false,false,,,,1024,1024,1024,1024,84,11.356,0.0,0,0,3,false,3.766,3.816,3.804,0.05,0.053,0.0,0.0,0.0,14.15359954679567,121.26241599943363,14.885205,380.0,true,FixedHeight,false,false,false,false,,true,false,false,,40,,380.0,401,Android,4.3.62,Clinton Spark,0BMCE8B0112XGP,,,0C0AF8NB33038T,,,121.5,23.604368,11.5,1.9104973,2.0,2,0,Clinton Spark,0BMCE8B0112XGP,,,Android,4.3.62
2025-11-19T04:24:12.220Z,101.8,14.153571919189659,121.26246228670114,2.2,11.5,1.9,17.085205,0.0,0.5,0.0,1.9,0.0,1.3,-0.8,-1.3,-62.4,GPSAtti,AutoFly,None,true,Already,13,5,Spark,true,false,Standby,Smart,false,true,false,None,true,MonitorError,false,false,false,false,false,false,false,false,false,false,0,YawFollow,-52.1,0.0,-63.0,false,false,false,false,false,false,false,,,,1024,1024,1024,1024,84,11.367,0.0,0,0,3,false,3.766,3.816,3.804,0.05,0.053,0.0,0.0,0.0,14.15359954679567,121.26241599943363,14.885205,380.0,true,FixedHeight,false,false,false,false,,true,false,false,,40,,380.0,401,Android,4.3.62,Clinton Spark,0BMCE8B0112XGP,,,0C0AF8NB33038T,,,121.5,23.604368,11.5,1.9104973,2.0,2,0,Clinton Spark,0BMCE8B0112XGP,,,Android,4.3.62
2025-11-19T04:24:12.321Z,101.9,14.15357195024897,121.26246229286366,2.2,11.5,1.9,17.085205,0.0,0.5,0.0,1.9,0.0,1.3,-0.6,-1.3,-62.3,GPSAtti,AutoFly,None,true,Already,13,5,Spark,true,false,Standby,Smart,false,true,false,None,true,MonitorError,false,false,false,false,false,false,false,false,false,false,0,YawFollow,-52.1,0.0,-63.0,false,false,false,false,false,false,false,,,,1024,1024,1024,1024,84,11.367,0.0,0,0,3,false,3.766,3.816,3.804,0.05,0.053,0.0,0.0,0.0,14.15359954679567,121.26241599943363,14.885205,380.0,true,FixedHeight,false,false,false,false,,true,false,false,,40,,380.0,401,Android,4.3.62,Clinton Spark,0BMCE8B0112XGP,,,0C0AF8NB33038T,,,121.5,23.604368,11.5,1.9104973,2.0,2,0,Clinton Spark,0BMCE8B0112XGP,,,Android,4.3.62
2025-11-19T04:24:12.423Z,102.0,14.15357199137044,121.26246228483689,2.2,11.5,1.9,17.085205,0.0,0.5,0.0,1.9,0.0,1.3,-0.5,-1.2,-62.3,GPSAtti,AutoFly,None,true,Already,13,5,Spark,true,false,Standby,Smart,false,true,false,None,true,MonitorError,false,false,false,false,false,false,false,false,false,false,0,YawFollow,-52.1,0.0,-63.0,false,false,false,false,false,false,false,,,,1024,1024,1024,1024,84,11.367,0.0,0,0,3,false,3.766,3.816,3.804,0.05,0.053,0.0,0.0,0.0,14.15359954679567,121.26241599943363,14.885205,380.0,true,FixedHeight,false,false,false,false,,true,false,false,,40,,380.0,401,Android,4.3.62,Clinton Spark,0BMCE8B0112XGP,,,0C0AF8NB33038T,,,121.5,23.604368,11.5,1.9104973,2.0,2,0,Clinton Spark,0BMCE8B0112XGP,,,Android,4.3.62
2025-11-19T04:24:12.423Z,102.1,14.153572017813113,121.26246227296244,2.2,11.5,1.9,17.085205,0.0,0.5,0.0,1.9,0.0,1.3,-0.2,-1.2,-62.3,GPSAtti,AutoFly,None,true,Already,13,5,Spark,true,false,Standby,Smart,false,true,false,None,true,MonitorError,false,false,false,false,false,false,false,false,false,false,0,YawFollow,-52.1,0.0,-63.0,false,false,false,false,false,false,false,,,,1024,1024,1024,1024,84,11.367,0.0,0,0,3,false,3.766,3.816,3.804,0.05,0.053,0.0,0.0,0.0,14.15359954679567,121.26241599943363,14.885205,380.0,true,FixedHeight,false,false,false,false,,true,false,false,,40,,380.0,401,Android,4.3.62,Clinton Spark,0BMCE8B0112XGP,,,0C0AF8NB33038T,,,121.5,23.604368,11.5,1.9104973,2.0,2,0,Clinton Spark,0BMCE8B0112XGP,,,Android,4.3.62
2025-11-19T04:24:12.627Z,102.2,14.153572061787614,121.26246223776754,2.2,11.5,1.9,17.085205,0.0,0.5,0.0,1.9,0.0,1.3,0.0,-1.1,-62.3,GPSAtti,AutoFly,None,true,Already,13,5,Spark,true,false,Standby,Smart,false,true,false,None,true,MonitorError,false,false,false,false,false,false,false,false,false,false,0,YawFollow,-52.1,0.0,-62.9,false,false,false,false,false,false,false,,,,1024,1024,1024,1024,84,11.367,0.0,0,0,3,false,3.766,3.816,3.804,0.05,0.053,0.0,0.0,0.0,14.15359954679567,121.26241599943363,14.885205,380.0,true,FixedHeight,false,false,false,false,,true,false,false,,40,,380.0,401,Android,4.3.62,Clinton Spark,0BMCE8B0112XGP,,,0C0AF8NB33038T,,,121.5,23.604368,11.5,1.9104973,2.0,2,0,Clinton Spark,0BMCE8B0112XGP,,,Android,4.3.62
2025-11-19T04:24:12.832Z,102.3,14.153572091867417,121.26246220378752,2.2,11.5,1.9,17.085205,0.0,0.5,0.0,1.9,0.0,1.3,-0.1,-1.0,-62.3,GPSAtti,AutoFly,None,true,Already,13,5,Spark,true,false,Standby,Smart,false,true,false,None,true,MonitorError,false,false,false,false,false,false,false,false,false,false,0,YawFollow,-52.1,0.0,-62.9,false,false,false,false,false,false,false,,,,1024,1024,1024,1024,84,11.367,0.0,0,0,3,false,3.766,3.816,3.804,0.05,0.053,0.0,0.0,0.0,14.15359954679567,121.26241599943363,14.885205,380.0,true,FixedHeight,false,false,false,false,,true,false,false,,40,,380.0,401,Android,4.3.62,Clinton Spark,0BMCE8B0112XGP,,,0C0AF8NB33038T,,,121.5,23.604368,11.5,1.9104973,2.0,2,0,Clinton Spark,0BMCE8B0112XGP,,,Android,4.3.62
2025-11-19T04:24:12.934Z,102.4,14.153572119583535,121.26246217418084,2.2,11.5,1.9,17.085205,0.0,0.5,0.0,1.9,0.0,1.3,-0.1,-0.9,-62.4,GPSAtti,AutoFly,None,true,Already,13,5,Spark,true,false,Standby,Smart,false,true,false,None,true,MonitorError,false,false,false,false,false,false,false,false,false,false,0,YawFollow,-52.1,0.0,-62.9,false,false,false,false,false,false,false,,,,1024,1024,1024,1024,84,11.367,0.0,0,0,3,false,3.766,3.816,3.804,0.05,0.053,0.0,0.0,0.0,14.15359954679567,121.26241599943363,14.885205,380.0,true,FixedHeight,false,false,false,false,,true,false,false,,40,,380.0,401,Android,4.3.62,Clinton Spark,0BMCE8B0112XGP,,,0C0AF8NB33038T,,,121.5,23.604368,11.5,1.9104973,2.0,2,0,Clinton Spark,0BMCE8B0112XGP,,,Android,4.3.62
2025-11-19T04:24:13.036Z,102.5,14.153572119355552,121.26246217339894,2.2,11.5,1.9,17.085205,0.0,0.5,0.0,1.9,0.0,1.3,-0.3,-0.9,-62.5,GPSAtti,AutoFly,None,true,Already,13,5,Spark,true,false,Standby,Smart,false,true,false,None,true,MonitorError,false,false,false,false,false,false,false,false,false,false,0,YawFollow,-52.1,0.0,-62.9,false,false,false,false,false,false,false,,,,1024,1024,1024,1024,84,11.367,0.0,0,0,3,false,3.766,3.816,3.804,0.05,0.053,0.0,0.0,0.0,14.15359954679567,121.26241599943363,14.885205,380.0,true,FixedHeight,false,false,false,false,,true,false,false,,40,,380.0,401,Android,4.3.62,Clinton Spark,0BMCE8B0112XGP,,,0C0AF8NB33038T,,,121.5,23.604368,11.5,1.9104973,2.0,2,0,Clinton Spark,0BMCE8B0112XGP,,,Android,4.3.62
2025-11-19T04:24:13.138Z,102.6,14.15357211241838,121.26246218008272,2.2,11.5,2.0,17.085205,0.0,0.5,0.0,1.9,0.0,1.3,-0.4,-0.8,-62.6,GPSAtti,AutoFly,None,true,Already,13,5,Spark,true,false,Standby,Smart,false,true,false,None,true,MonitorError,false,false,false,false,false,false,false,false,false,false,0,YawFollow,-52.1,0.0,-62.9,false,false,false,false,false,false,false,,,,1024,1024,1024,1024,84,11.367,0.0,0,0,3,false,3.766,3.816,3.804,0.05,0.053,0.0,0.0,0.0,14.15359954679567,121.26241599943363,14.885205,380.0,true,FixedHeight,false,false,false,false,,true,false,false,,40,,380.0,401,Android,4.3.62,Clinton Spark,0BMCE8B0112XGP,,,0C0AF8NB33038T,,,121.5,23.604368,11.5,1.9104973,2.0,2,0,Clinton Spark,0BMCE8B0112XGP,,,Android,4.3.62
2025-11-19T04:24:13.138Z,102.7,14.153572091245351,121.26246219458125,2.2,11.5,2.0,17.085205,0.0,0.5,0.0,1.9,0.0,1.3,-0.3,-0.6,-62.6,GPSAtti,AutoFly,None,true,Already,13,5,Spark,true,false,Standby,Smart,false,true,false,None,true,MonitorError,false,false,false,false,false,false,false,false,false,false,0,YawFollow,-52.1,0.0,-63.0,false,false,false,false,false,false,false,,,,1024,1024,1024,1024,84,11.367,0.0,0,0,3,false,3.766,3.816,3.804,0.05,0.053,0.0,0.0,0.0,14.15359954679567,121.26241599943363,14.885205,380.0,true,FixedHeight,false,false,false,false,,true,false,false,,40,,380.0,401,Android,4.3.62,Clinton Spark,0BMCE8B0112XGP,,,0C0AF8NB33038T,,,121.5,23.604368,11.5,1.9104973,2.0,2,0,Clinton Spark,0BMCE8B0112XGP,,,Android,4.3.62
2025-11-19T04:24:13.343Z,102.8,14.153572058693571,121.26246220369472,2.2,11.5,2.0,17.085205,0.0,0.5,0.0,1.9,0.0,1.3,-0.1,-0.7,-62.6,GPSAtti,AutoFly,None,true,Already,13,5,Spark,true,false,Standby,Smart,false,true,false,None,true,MonitorError,false,false,false,false,false,false,false,false,false,false,0,YawFollow,-52.1,0.0,-62.9,false,false,false,false,false,false,false,,,,1024,1024,1024,1024,84,11.379,0.0,0,0,3,false,3.766,3.816,3.804,0.05,0.053,0.0,0.0,0.0,14.15359954679567,121.26241599943363,14.885205,380.0,true,FixedHeight,false,false,false,false,,true,false,false,,40,,380.0,401,Android,4.3.62,Clinton Spark,0BMCE8B0112XGP,,,0C0AF8NB33038T,,,121.5,23.604368,11.5,1.9104973,2.0,2,0,Clinton Spark,0BMCE8B0112XGP,,,Android,4.3.62
2025-11-19T04:24:13.444Z,102.9,14.15357201382668,121.26246221489772,2.2,11.5,2.0,17.085205,0.0,0.5,0.0,1.9,0.0,1.3,-0.1,-0.7,-62.7,GPSAtti,AutoFly,None,true,Already,13,5,Spark,true,false,Standby,Smart,false,true,false,None,true,MonitorError,false,false,false,false,false,false,false,false,false,false,0,YawFollow,-52.1,0.0,-63.0,false,false,false,false,false,false,false,,,,1024,1024,1024,1024,84,11.379,0.0,0,0,3,false,3.766,3.816,3.804,0.05,0.053,0.0,0.0,0.0,14.15359954679567,121.26241599943363,14.885205,380.0,true,FixedHeight,false,false,false,false,,true,false,false,,40,,380.0,401,Android,4.3.62,Clinton Spark,0BMCE8B0112XGP,,,0C0AF8NB33038T,,,121.5,23.604368,11.5,1.9104973,2.0,2,0,Clinton Spark,0BMCE8B0112XGP,,,Android,4.3.62
2025-11-19T04:24:13.547Z,103.0,14.153571981063202,121.26246222019441,2.2,11.5,2.0,17.085205,0.0,0.5,0.0,1.9,0.0,1.3,0.0,-0.6,-62.7,GPSAtti,AutoFly,None,true,Already,13,5,Spark,true,false,Standby,Smart,false,true,false,None,true,MonitorError,false,false,false,false,false,false,false,false,false,false,0,YawFollow,-52.1,0.0,-63.0,false,false,false,false,false,false,false,,,,1024,1024,1024,1024,84,11.379,0.0,0,0,3,false,3.766,3.816,3.804,0.05,0.053,0.0,0.0,0.0,14.15359954679567,121.26241599943363,14.885205,380.0,true,FixedHeight,false,false,false,false,,true,false,false,,40,,380.0,401,Android,4.3.62,Clinton Spark,0BMCE8B0112XGP,,,0C0AF8NB33038T,,,121.5,23.604368,11.5,1.9104973,2.0,2,0,Clinton Spark,0BMCE8B0112XGP,,,Android,4.3.62
2025-11-19T04:24:13.649Z,103.1,14.153571955473833,121.26246223317325,2.2,11.5,2.0,17.085205,0.0,0.5,0.0,1.9,0.0,1.3,-0.1,-0.6,-62.6,GPSAtti,AutoFly,None,true,Already,13,5,Spark,true,false,Standby,Smart,false,true,false,None,true,MonitorError,false,false,false,false,false,false,false,false,false,false,0,YawFollow,-52.1,0.0,-63.0,false,false,false,false,false,false,false,,,,1024,1024,1024,1024,84,11.379,0.0,0,0,3,false,3.766,3.816,3.804,0.05,0.053,0.0,0.0,0.0,14.15359954679567,121.26241599943363,14.885205,380.0,true,FixedHeight,false,false,false,false,,true,false,false,,40,,380.0,401,Android,4.3.62,Clinton Spark,0BMCE8B0112XGP,,,0C0AF8NB33038T,,,121.5,23.604368,11.5,1.9104973,2.0,2,0,Clinton Spark,0BMCE8B0112XGP,,,Android,4.3.62
2025-11-19T04:24:13.750Z,103.2,14.153571923842122,121.26246226918097,2.2,11.5,2.0,17.085205,0.0,0.5,0.0,1.9,0.0,1.3,-0.3,-0.7,-62.5,GPSAtti,AutoFly,None,true,Already,13,5,Spark,true,false,Standby,Smart,false,true,false,None,true,MonitorError,false,false,false,false,false,false,false,false,false,false,0,YawFollow,-52.1,0.0,-63.0,false,false,false,false,false,false,false,,,,1024,1024,1024,1024,84,11.379,0.0,0,0,3,false,3.766,3.816,3.804,0.05,0.053,0.0,0.0,0.0,14.15359954679567,121.26241599943363,14.885205,380.0,true,FixedHeight,false,false,false,false,,true,false,false,,40,,380.0,401,Android,4.3.62,Clinton Spark,0BMCE8B0112XGP,,,0C0AF8NB33038T,,,121.5,23.604368,11.5,1.9104973,2.0,2,0,Clinton Spark,0BMCE8B0112XGP,,,Android,4.3.62
2025-11-19T04:24:13.956Z,103.3,14.15357188346811,121.26246232175025,2.2,11.5,2.0,17.085205,0.0,0.5,0.0,1.9,0.0,1.3,-0.3,-0.8,-62.5,GPSAtti,AutoFly,None,true,Already,13,5,Spark,true,false,Standby,Smart,false,true,false,None,true,MonitorError,false,false,false,false,false,false,false,false,false,false,0,YawFollow,-52.1,0.0,-63.0,false,false,false,false,false,false,false,,,,1024,1024,1024,1024,84,11.379,0.0,0,0,3,false,3.766,3.816,3.804,0.05,0.053,0.0,0.0,0.0,14.15359954679567,121.26241599943363,14.885205,380.0,true,FixedHeight,false,false,false,false,,true,false,false,,40,,380.0,401,Android,4.3.62,Clinton Spark,0BMCE8B0112XGP,,,0C0AF8NB33038T,,,121.5,23.604368,11.5,1.9104973,2.0,2,0,Clinton Spark,0BMCE8B0112XGP,,,Android,4.3.62
2025-11-19T04:24:13.956Z,103.4,14.15357186238709,121.26246238330926,2.2,11.5,2.0,17.085205,0.0,0.5,0.0,1.9,0.0,1.3,-0.2,-0.9,-62.6,GPSAtti,AutoFly,None,true,Already,13,5,Spark,true,false,Standby,Smart,false,true,false,None,true,MonitorError,false,false,false,false,false,false,false,false,false,false,0,YawFollow,-52.1,0.0,-62.9,false,false,false,false,false,false,false,,,,1024,1024,1024,1024,84,11.379,0.0,0,0,3,false,3.766,3.816,3.804,0.05,0.053,0.0,0.0,0.0,14.15359954679567,121.26241599943363,14.885205,380.0,true,FixedHeight,false,false,false,false,,true,false,false,,40,,380.0,401,Android,4.3.62,Clinton Spark,0BMCE8B0112XGP,,,0C0AF8NB33038T,,,121.5,23.604368,11.5,1.9104973,2.0,2,0,Clinton Spark,0BMCE8B0112XGP,,,Android,4.3.62
2025-11-19T04:24:14.059Z,103.5,14.153571849962876,121.26246244425423,2.2,11.5,2.0,17.085205,0.0,0.5,0.0,1.9,0.0,1.3,-0.1,-0.7,-62.5,GPSAtti,AutoFly,None,true,Already,13,5,Spark,true,false,Standby,Smart,false,true,false,None,true,MonitorError,false,false,false,false,false,false,false,false,false,false,0,YawFollow,-52.1,0.0,-62.9,false,false,false,false,false,false,false,,,,1024,1024,1024,1024,84,11.379,0.0,0,0,3,false,3.766,3.816,3.804,0.05,0.053,0.0,0.0,0.0,14.15359954679567,121.26241599943363,14.885205,380.0,true,FixedHeight,false,false,false,false,,true,false,false,,40,,380.0,401,Android,4.3.62,Clinton Spark,0BMCE8B0112XGP,,,0C0AF8NB33038T,,,121.5,23.604368,11.5,1.9104973,2.0,2,0,Clinton Spark,0BMCE8B0112XGP,,,Android,4.3.62
2025-11-19T04:24:14.161Z,103.6,14.15357183217131,121.26246250733733,2.2,11.5,2.0,17.085205,0.0,0.5,0.0,1.9,0.0,1.3,-0.3,-0.6,-62.6,GPSAtti,AutoFly,None,true,Already,13,5,Spark,true,false,Standby,Smart,false,true,false,None,true,MonitorError,false,false,false,false,false,false,false,false,false,false,0,YawFollow,-52.1,0.0,-62.9,false,false,false,false,false,false,false,,,,1024,1024,1024,1024,84,11.379,0.0,0,0,3,false,3.766,3.816,3.804,0.05,0.053,0.0,0.0,0.0,14.15359954679567,121.26241599943363,14.885205,380.0,true,FixedHeight,false,false,false,false,,true,false,false,,40,,380.0,401,Android,4.3.62,Clinton Spark,0BMCE8B0112XGP,,,0C0AF8NB33038T,,,121.5,23.604368,11.5,1.9104973,2.0,2,0,Clinton Spark,0BMCE8B0112XGP,,,Android,4.3.62
2025-11-19T04:24:14.161Z,103.7,14.153571804751572,121.26246256323743,2.2,11.5,2.0,17.085205,0.0,0.5,0.0,1.9,0.0,1.3,-0.5,-0.7,-62.6,GPSAtti,AutoFly,None,true,Already,13,5,Spark,true,false,Standby,Smart,false,true,false,None,true,MonitorError,false,false,false,false,false,false,false,false,false,false,0,YawFollow,-52.1,0.0,-63.0,false,false,false,false,false,false,false,,,,1024,1024,1024,1024,84,11.379,0.0,0,0,3,false,3.766,3.816,3.804,0.05,0.053,0.0,0.0,0.0,14.15359954679567,121.26241599943363,14.885205,380.0,true,FixedHeight,false,false,false,false,,true,false,false,,40,,380.0,401,Android,4.3.62,Clinton Spark,0BMCE8B0112XGP,,,0C0AF8NB33038T,,,121.5,23.604368,11.5,1.9104973,2.0,2,0,Clinton Spark,0BMCE8B0112XGP,,,Android,4.3.62
2025-11-19T04:24:14.263Z,103.8,14.153571769490872,121.26246263951585,2.2,11.5,2.0,17.085205,0.0,0.5,0.0,1.9,0.0,1.3,-0.6,-0.8,-62.5,GPSAtti,AutoFly,None,true,Already,13,5,Spark,true,false,Standby,Smart,false,true,false,None,true,MonitorError,false,false,false,false,false,false,false,false,false,false,0,YawFollow,-52.1,0.0,-63.0,false,false,false,false,false,false,false,,,,1024,1024,1024,1024,84,11.383,0.0,0,0,3,false,3.766,3.816,3.804,0.05,0.053,0.0,0.0,0.0,14.15359954679567,121.26241599943363,14.885205,380.0,true,FixedHeight,false,false,false,false,,true,false,false,,40,,380.0,401,Android,4.3.62,Clinton Spark,0BMCE8B0112XGP,,,0C0AF8NB33038T,,,121.5,23.604368,11.5,1.9104973,2.0,2,0,Clinton Spark,0BMCE8B0112XGP,,,Android,4.3.62
2025-11-19T04:24:14.365Z,103.9,14.153571724518136,121.26246272737274,2.2,11.5,1.9,17.085205,0.0,0.5,0.0,1.9,0.0,1.3,-0.9,-1.0,-62.5,GPSAtti,AutoFly,None,true,Already,13,5,Spark,true,false,Standby,Smart,false,true,false,None,true,MonitorError,false,false,false,false,false,false,false,false,false,false,0,YawFollow,-52.1,0.0,-63.0,false,false,false,false,false,false,false,,,,1024,1024,1024,1024,84,11.383,0.0,0,0,3,false,3.766,3.816,3.804,0.05,0.053,0.0,0.0,0.0,14.15359954679567,121.26241599943363,14.885205,380.0,true,FixedHeight,false,false,false,false,,true,false,false,,40,,380.0,401,Android,4.3.62,Clinton Spark,0BMCE8B0112XGP,,,0C0AF8NB33038T,,,121.5,23.604368,11.5,1.9104973,2.0,2,0,Clinton Spark,0BMCE8B0112XGP,,,Android,4.3.62
2025-11-19T04:24:14.467Z,104.0,14.153571685320674,121.26246281675813,2.2,11.5,1.9,17.085205,0.0,0.5,0.0,1.9,0.0,1.3,-1.1,-1.1,-62.5,GPSAtti,AutoFly,None,true,Already,13,5,Spark,true,false,Standby,Smart,false,true,false,None,true,MonitorError,false,false,false,false,false,false,false,false,false,false,0,YawFollow,-52.1,0.0,-63.0,false,false,false,false,false,false,false,,,,1024,1024,1024,1024,84,11.383,0.0,0,0,3,false,3.766,3.816,3.804,0.05,0.053,0.0,0.0,0.0,14.15359954679567,121.26241599943363,14.885205,380.0,true,FixedHeight,false,false,false,false,,true,false,false,,40,,380.0,401,Android,4.3.62,Clinton Spark,0BMCE8B0112XGP,,,0C0AF8NB33038T,,,121.5,23.604368,11.5,1.9104973,2.0,2,0,Clinton Spark,0BMCE8B0112XGP,,,Android,4.3.62
2025-11-19T04:24:14.570Z,104.1,14.15357165310028,121.26246288293353,2.2,11.5,2.0,17.085205,0.0,0.5,0.0,1.9,0.0,1.3,-1.4,-1.0,-62.5,GPSAtti,AutoFly,None,true,Already,13,5,Spark,true,false,Standby,Smart,false,true,false,None,true,MonitorError,false,false,false,false,false,false,false,false,false,false,0,YawFollow,-52.1,0.0,-63.1,false,false,false,false,false,false,false,,,,1024,1024,1024,1024,84,11.383,0.0,0,0,3,false,3.766,3.816,3.804,0.05,0.053,0.0,0.0,0.0,14.15359954679567,121.26241599943363,14.885205,380.0,true,FixedHeight,false,false,false,false,,true,false,false,,40,,380.0,401,Android,4.3.62,Clinton Spark,0BMCE8B0112XGP,,,0C0AF8NB33038T,,,121.5,23.604368,11.5,1.9104973,2.0,2,0,Clinton Spark,0BMCE8B0112XGP,,,Android,4.3.62
2025-11-19T04:24:14.774Z,104.2,14.153571619617844,121.26246293062574,2.2,11.5,2.0,17.085205,0.0,0.5,0.0,1.9,0.0,1.3,-1.3,-0.8,-62.5,GPSAtti,AutoFly,None,true,Already,13,5,Spark,true,false,Standby,Smart,false,true,false,None,true,MonitorError,false,false,false,false,false,false,false,false,false,false,0,YawFollow,-52.1,0.0,-63.0,false,false,false,false,false,false,false,,,,1024,1024,1024,1024,84,11.383,0.0,0,0,3,false,3.766,3.816,3.804,0.05,0.053,0.0,0.0,0.0,14.15359954679567,121.26241599943363,14.885205,380.0,true,FixedHeight,false,false,false,false,,true,false,false,,40,,380.0,401,Android,4.3.62,Clinton Spark,0BMCE8B0112XGP,,,0C0AF8NB33038T,,,121.5,23.604368,11.5,1.9104973,2.0,2,0,Clinton Spark,0BMCE8B0112XGP,,,Android,4.3.62
2025-11-19T04:24:14.876Z,104.3,14.153571585737252,121.2624629570959,2.2,11.5,1.9,17.085205,0.0,0.5,0.0,1.9,0.0,1.3,-0.8,-0.7,-62.5,GPSAtti,AutoFly,None,true,Already,13,5,Spark,true,false,Standby,Smart,false,true,false,None,true,MonitorError,false,false,false,false,false,false,false,false,false,false,0,YawFollow,-52.1,0.0,-63.0,false,false,false,false,false,false,false,,,,1024,1024,1024,1024,84,11.383,0.0,0,0,3,false,3.766,3.816,3.804,0.05,0.053,0.0,0.0,0.0,14.15359954679567,121.26241599943363,14.885205,380.0,true,FixedHeight,false,false,false,false,,true,false,false,,40,,380.0,401,Android,4.3.62,Clinton Spark,0BMCE8B0112XGP,,,0C0AF8NB33038T,,,121.5,23.604368,11.5,1.9104973,2.0,2,0,Clinton Spark,0BMCE8B0112XGP,,,Android,4.3.62
2025-11-19T04:24:14.978Z,104.4,14.153571552619587,121.26246299796297,2.2,11.5,1.9,17.085205,0.0,0.5,0.0,1.9,0.0,1.3,-0.5,-0.6,-62.5,GPSAtti,AutoFly,None,true,Already,13,5,Spark,true,false,Standby,Smart,false,true,false,None,true,MonitorError,false,false,false,false,false,false,false,false,false,false,0,YawFollow,-52.1,0.0,-63.0,false,false,false,false,false,false,false,,,,1024,1024,1024,1024,84,11.383,0.0,0,0,3,false,3.766,3.816,3.804,0.05,0.053,0.0,0.0,0.0,14.15359954679567,121.26241599943363,14.885205,380.0,true,FixedHeight,false,false,false,false,,true,false,false,,40,,380.0,401,Android,4.3.62,Clinton Spark,0BMCE8B0112XGP,,,0C0AF8NB33038T,,,121.5,23.604368,11.5,1.9104973,2.0,2,0,Clinton Spark,0BMCE8B0112XGP,,,Android,4.3.62
2025-11-19T04:24:15.080Z,104.5,14.153571522023567,121.26246304715278,2.2,11.5,1.9,17.085205,0.0,0.5,0.0,1.9,0.0,1.3,-0.4,-0.7,-62.5,GPSAtti,AutoFly,None,true,Already,13,5,Spark,true,false,Standby,Smart,false,true,false,None,true,MonitorError,false,false,false,false,false,false,false,false,false,false,0,YawFollow,-52.1,0.0,-63.0,false,false,false,false,false,false,false,,,,1024,1024,1024,1024,84,11.383,0.0,0,0,3,false,3.766,3.816,3.804,0.05,0.053,0.0,0.0,0.0,14.15359954679567,121.26241599943363,14.885205,380.0,true,FixedHeight,false,false,false,false,,true,false,false,,40,,380.0,401,Android,4.3.62,Clinton Spark,0BMCE8B0112XGP,,,0C0AF8NB33038T,,,121.5,23.604368,11.5,1.9104973,2.0,2,0,Clinton Spark,0BMCE8B0112XGP,,,Android,4.3.62
2025-11-19T04:24:15.182Z,104.6,14.153571507073638,121.26246308782989,2.2,11.5,1.9,17.085205,0.0,0.5,0.0,1.9,0.0,1.3,-0.5,-0.8,-62.4,GPSAtti,AutoFly,None,true,Already,13,5,Spark,true,false,Standby,Smart,false,true,false,None,true,MonitorError,false,false,false,false,false,false,false,false,false,false,0,YawFollow,-52.1,0.0,-63.0,false,false,false,false,false,false,false,,,,1024,1024,1024,1024,84,11.383,0.0,0,0,3,false,3.766,3.816,3.804,0.05,0.053,0.0,0.0,0.0,14.15359954679567,121.26241599943363,14.885205,380.0,true,FixedHeight,false,false,false,false,,true,false,false,,40,,380.0,401,Android,4.3.62,Clinton Spark,0BMCE8B0112XGP,,,0C0AF8NB33038T,,,121.5,23.604368,11.5,1.9104973,2.0,2,0,Clinton Spark,0BMCE8B0112XGP,,,Android,4.3.62
2025-11-19T04:24:15.284Z,104.7,14.153571501889486,121.2624631150422,2.2,11.5,2.0,17.085205,0.0,0.5,0.0,1.9,0.0,1.3,-0.9,-0.9,-62.4,GPSAtti,AutoFly,None,true,Already,13,5,Spark,true,false,Standby,Smart,false,true,false,None,true,MonitorError,false,false,false,false,false,false,false,false,false,false,0,YawFollow,-52.1,0.0,-62.9,false,false,false,false,false,false,false,,,,1024,1024,1024,1024,84,11.383,0.0,0,0,3,false,3.766,3.816,3.804,0.05,0.053,0.0,0.0,0.0,14.15359954679567,121.26241599943363,14.885205,380.0,true,FixedHeight,false,false,false,false,,true,false,false,,40,,380.0,401,Android,4.3.62,Clinton Spark,0BMCE8B0112XGP,,,0C0AF8NB33038T,,,121.5,23.604368,11.5,1.9104973,2.0,2,0,Clinton Spark,0BMCE8B0112XGP,,,Android,4.3.62
2025-11-19T04:24:15.389Z,104.8,14.15357148559446,121.26246313659118,2.2,11.5,1.9,17.085205,0.0,0.5,0.0,1.9,0.0,1.3,-1.1,-0.9,-62.4,GPSAtti,AutoFly,None,true,Already,13,5,Spark,true,false,Standby,Smart,false,true,false,None,true,MonitorError,false,false,false,false,false,false,false,false,false,false,0,YawFollow,-52.1,0.0,-63.0,false,false,false,false,false,false,false,,,,1024,1024,1024,1024,83,11.39,0.0,0,0,3,false,3.766,3.816,3.804,0.05,0.053,0.0,0.0,0.0,14.15359954679567,121.26241599943363,14.885205,380.0,true,FixedHeight,false,false,false,false,,true,false,false,,40,,380.0,401,Android,4.3.62,Clinton Spark,0BMCE8B0112XGP,,,0C0AF8NB33038T,,,121.5,23.604368,11.5,1.9104973,2.0,2,0,Clinton Spark,0BMCE8B0112XGP,,,Android,4.3.62
2025-11-19T04:24:15.490Z,104.9,14.15357145571577,121.2624631442645,2.2,11.5,1.9,17.085205,0.0,0.5,0.0,1.9,0.0,1.3,-1.0,-0.7,-62.3,GPSAtti,AutoFly,None,true,Already,13,5,Spark,true,false,Standby,Smart,false,true,false,None,true,MonitorError,false,false,false,false,false,false,false,false,false,false,0,YawFollow,-52.1,0.0,-63.0,false,false,false,false,false,false,false,,,,1024,1024,1024,1024,83,11.39,0.0,0,0,3,false,3.766,3.816,3.804,0.05,0.053,0.0,0.0,0.0,14.15359954679567,121.26241599943363,14.885205,380.0,true,FixedHeight,false,false,false,false,,true,false,false,,40,,380.0,401,Android,4.3.62,Clinton Spark,0BMCE8B0112XGP,,,0C0AF8NB33038T,,,121.5,23.604368,11.5,1.9104973,2.0,2,0,Clinton Spark,0BMCE8B0112XGP,,,Android,4.3.62
2025-11-19T04:24:15.593Z,105.0,14.153571438247452,121.26246315071862,2.2,11.5,1.9,17.085205,0.0,0.5,0.0,1.9,0.0,1.3,-1.0,-0.8,-62.3,GPSAtti,AutoFly,None,true,Already,13,5,Spark,true,false,Standby,Smart,false,true,false,None,true,MonitorError,false,false,false,false,false,false,false,false,false,false,0,YawFollow,-52.1,0.0,-63.0,false,false,false,false,false,false,false,,,,1024,1024,1024,1024,83,11.39,0.0,0,0,3,false,3.766,3.816,3.804,0.05,0.053,0.0,0.0,0.0,14.15359954679567,121.26241599943363,14.885205,380.0,true,FixedHeight,false,false,false,false,,true,false,false,,40,,380.0,401,Android,4.3.62,Clinton Spark,0BMCE8B0112XGP,,,0C0AF8NB33038T,,,121.5,23.604368,11.5,1.9104973,2.0,2,0,Clinton Spark,0BMCE8B0112XGP,,,Android,4.3.62
2025-11-19T04:24:15.898Z,105.1,14.153571429405,121.26246316791182,2.2,11.5,1.9,17.085205,0.0,0.5,0.0,1.9,0.0,1.3,-0.8,-0.8,-62.3,GPSAtti,AutoFly,None,true,Already,13,5,Spark,true,false,Standby,Smart,false,true,false,None,true,MonitorError,false,false,false,false,false,false,false,false,false,false,0,YawFollow,-52.1,0.0,-62.9,false,false,false,false,false,false,false,,,,1024,1024,1024,1024,83,11.39,0.0,0,0,3,false,3.766,3.816,3.804,0.05,0.053,0.0,0.0,0.0,14.15359954679567,121.26241599943363,14.885205,380.0,true,FixedHeight,false,false,false,false,,true,false,false,,40,,380.0,401,Android,4.3.62,Clinton Spark,0BMCE8B0112XGP,,,0C0AF8NB33038T,,,121.5,23.604368,11.5,1.9104973,2.0,2,0,Clinton Spark,0BMCE8B0112XGP,,,Android,4.3.62
2025-11-19T04:24:15.999Z,105.2,14.15357141150433,121.26246315562211,2.2,11.5,1.9,17.085205,0.0,0.5,0.0,1.9,0.0,1.3,-0.9,-0.7,-62.3,GPSAtti,AutoFly,None,true,Already,13,5,Spark,true,false,Standby,Smart,false,true,false,None,true,MonitorError,false,false,false,false,false,false,false,false,false,false,0,YawFollow,-52.1,0.0,-62.9,false,false,false,false,false,false,false,,,,1024,1024,1024,1024,83,11.39,0.0,0,0,3,false,3.766,3.816,3.804,0.05,0.053,0.0,0.0,0.0,14.15359954679567,121.26241599943363,14.885205,380.0,true,FixedHeight,false,false,false,false,,true,false,false,,40,,380.0,401,Android,4.3.62,Clinton Spark,0BMCE8B0112XGP,,,0C0AF8NB33038T,,,121.5,23.604368,11.5,1.9104973,2.0,2,0,Clinton Spark,0BMCE8B0112XGP,,,Android,4.3.62
2025-11-19T04:24:16.203Z,105.3,14.15357138404225,121.26246312515406,2.2,11.5,1.9,17.085205,0.0,0.5,0.0,1.9,0.0,1.3,-1.1,-0.6,-62.3,GPSAtti,AutoFly,None,true,Already,13,5,Spark,true,false,Standby,Smart,false,true,false,None,true,MonitorError,false,false,false,false,false,false,false,false,false,false,0,YawFollow,-52.1,0.0,-62.9,false,false,false,false,false,false,false,,,,1024,1024,1024,1024,83,11.39,0.0,0,0,3,false,3.766,3.816,3.804,0.05,0.053,0.0,0.0,0.0,14.15359954679567,121.26241599943363,14.885205,380.0,true,FixedHeight,false,false,false,false,,true,false,false,,40,,380.0,401,Android,4.3.62,Clinton Spark,0BMCE8B0112XGP,,,0C0AF8NB33038T,,,121.5,23.604368,11.5,1.9104973,2.0,2,0,Clinton Spark,0BMCE8B0112XGP,,,Android,4.3.62
2025-11-19T04:24:16.203Z,105.4,14.153571346465904,121.26246308644718,2.2,11.5,1.9,17.085205,0.0,0.5,0.0,1.9,0.0,1.3,-1.1,-0.8,-62.2,GPSAtti,AutoFly,None,true,Already,13,5,Spark,true,false,Standby,Smart,false,true,false,None,true,MonitorError,false,false,false,false,false,false,false,false,false,false,0,YawFollow,-52.1,0.0,-62.9,false,false,false,false,false,false,false,,,,1024,1024,1024,1024,83,11.39,0.0,0,0,3,false,3.766,3.816,3.804,0.05,0.053,0.0,0.0,0.0,14.15359954679567,121.26241599943363,14.885205,380.0,true,FixedHeight,false,false,false,false,,true,false,false,,40,,380.0,401,Android,4.3.62,Clinton Spark,0BMCE8B0112XGP,,,0C0AF8NB33038T,,,121.5,23.604368,11.5,1.9104973,2.0,2,0,Clinton Spark,0BMCE8B0112XGP,,,Android,4.3.62
2025-11-19T04:24:16.306Z,105.5,14.153571311635115,121.26246305612045,2.2,11.5,1.9,17.085205,0.0,0.5,0.0,1.9,0.0,1.3,-0.9,-0.7,-62.2,GPSAtti,AutoFly,None,true,Already,13,5,Spark,true,false,Standby,Smart,false,true,false,None,true,MonitorError,false,false,false,false,false,false,false,false,false,false,0,YawFollow,-52.1,0.0,-62.9,false,false,false,false,false,false,false,,,,1024,1024,1024,1024,83,11.39,0.0,0,0,3,false,3.766,3.816,3.804,0.05,0.053,0.0,0.0,0.0,14.15359954679567,121.26241599943363,14.885205,380.0,true,FixedHeight,false,false,false,false,,true,false,false,,40,,380.0,401,Android,4.3.62,Clinton Spark,0BMCE8B0112XGP,,,0C0AF8NB33038T,,,121.5,23.604368,11.5,1.9104973,2.0,2,0,Clinton Spark,0BMCE8B0112XGP,,,Android,4.3.62
2025-11-19T04:24:16.306Z,105.6,14.153571281556127,121.26246300462911,2.2,11.5,1.9,17.085205,0.0,0.5,0.0,1.9,0.0,1.3,-0.8,-0.4,-62.2,GPSAtti,AutoFly,None,true,Already,13,5,Spark,true,false,Standby,Smart,false,true,false,None,true,MonitorError,false,false,false,false,false,false,false,false,false,false,0,YawFollow,-52.1,0.0,-62.9,false,false,false,false,false,false,false,,,,1024,1024,1024,1024,83,11.39,0.0,0,0,3,false,3.766,3.816,3.804,0.05,0.053,0.0,0.0,0.0,14.15359954679567,121.26241599943363,14.885205,380.0,true,FixedHeight,false,false,false,false,,true,false,false,,40,,380.0,401,Android,4.3.62,Clinton Spark,0BMCE8B0112XGP,,,0C0AF8NB33038T,,,121.5,23.604368,11.5,1.9104973,2.0,2,0,Clinton Spark,0BMCE8B0112XGP,,,Android,4.3.62
2025-11-19T04:24:16.409Z,105.7,14.153571268625468,121.26246295578831,2.2,11.5,1.9,17.085205,0.0,0.5,0.0,1.9,0.0,1.3,-0.7,-0.1,-62.2,GPSAtti,AutoFly,None,true,Already,13,5,Spark,true,false,Standby,Smart,false,true,false,None,true,MonitorError,false,false,false,false,false,false,false,false,false,false,0,YawFollow,-52.1,0.0,-62.8,false,false,false,false,false,false,false,,,,1024,1024,1024,1024,83,11.39,0.0,0,0,3,false,3.766,3.816,3.804,0.05,0.053,0.0,0.0,0.0,14.15359954679567,121.26241599943363,14.885205,380.0,true,FixedHeight,false,false,false,false,,true,false,false,,40,,380.0,401,Android,4.3.62,Clinton Spark,0BMCE8B0112XGP,,,0C0AF8NB33038T,,,121.5,23.604368,11.5,1.9104973,2.0,2,0,Clinton Spark,0BMCE8B0112XGP,,,Android,4.3.62
2025-11-19T04:24:16.511Z,105.8,14.153571248147784,121.26246291648947,2.2,11.5,1.9,17.085205,0.0,0.5,0.0,1.9,0.0,1.3,-0.7,-0.2,-62.3,GPSAtti,AutoFly,None,true,Already,13,5,Spark,true,false,Standby,Smart,false,true,false,None,true,MonitorError,false,false,false,false,false,false,false,false,false,false,0,YawFollow,-52.1,0.0,-62.9,false,false,false,false,false,false,false,,,,1024,1024,1024,1024,83,11.384,0.0,0,0,3,false,3.766,3.816,3.804,0.05,0.053,0.0,0.0,0.0,14.15359954679567,121.26241599943363,14.885205,380.0,true,FixedHeight,false,false,false,false,,true,false,false,,40,,380.0,401,Android,4.3.62,Clinton Spark,0BMCE8B0112XGP,,,0C0AF8NB33038T,,,121.5,23.604368,11.5,1.9104973,2.0,2,0,Clinton Spark,0BMCE8B0112XGP,,,Android,4.3.62
2025-11-19T04:24:16.613Z,105.9,14.153571228827925,121.2624628983244,2.2,11.5,1.9,17.085205,0.0,0.5,0.0,1.9,0.0,1.3,-0.9,-0.4,-62.2,GPSAtti,AutoFly,None,true,Already,13,5,Spark,true,false,Standby,Smart,false,true,false,None,true,MonitorError,false,false,false,false,false,false,false,false,false,false,0,YawFollow,-52.1,0.0,-62.8,false,false,false,false,false,false,false,,,,1024,1024,1024,1024,83,11.384,0.0,0,0,3,false,3.766,3.816,3.804,0.05,0.053,0.0,0.0,0.0,14.15359954679567,121.26241599943363,14.885205,380.0,true,FixedHeight,false,false,false,false,,true,false,false,,40,,380.0,401,Android,4.3.62,Clinton Spark,0BMCE8B0112XGP,,,0C0AF8NB33038T,,,121.5,23.604368,11.5,1.9104973,2.0,2,0,Clinton Spark,0BMCE8B0112XGP,,,Android,4.3.62
2025-11-19T04:24:16.613Z,106.0,14.153571216699273,121.26246286134037,2.2,11.5,1.9,17.085205,0.0,0.5,0.0,1.9,0.0,1.3,-0.7,-0.3,-62.3,GPSAtti,AutoFly,None,true,Already,13,5,Spark,true,false,Standby,Smart,false,true,false,None,true,MonitorError,false,false,false,false,false,false,false,false,false,false,0,YawFollow,-52.1,0.0,-62.8,false,false,false,false,false,false,false,,,,1024,1024,1024,1024,83,11.384,0.0,0,0,3,false,3.766,3.816,3.804,0.05,0.053,0.0,0.0,0.0,14.15359954679567,121.26241599943363,14.885205,380.0,true,FixedHeight,false,false,false,false,,true,false,false,,40,,380.0,401,Android,4.3.62,Clinton Spark,0BMCE8B0112XGP,,,0C0AF8NB33038T,,,121.5,23.604368,11.5,1.9104973,2.0,2,0,Clinton Spark,0BMCE8B0112XGP,,,Android,4.3.62
2025-11-19T04:24:16.716Z,106.1,14.153571222218885,121.26246282600854,2.2,11.5,2.0,17.085205,0.0,0.5,0.0,1.9,0.0,1.3,-0.5,-0.4,-62.3,GPSAtti,AutoFly,None,true,Already,13,5,Spark,true,false,Standby,Smart,false,true,false,None,true,MonitorError,false,false,false,false,false,false,false,false,false,false,0,YawFollow,-52.1,0.0,-62.8,false,false,false,false,false,false,false,,,,1024,1024,1024,1024,83,11.384,0.0,0,0,3,false,3.766,3.816,3.804,0.05,0.053,0.0,0.0,0.0,14.15359954679567,121.26241599943363,14.885205,380.0,true,FixedHeight,false,false,false,false,,true,false,false,,40,,380.0,401,Android,4.3.62,Clinton Spark,0BMCE8B0112XGP,,,0C0AF8NB33038T,,,121.5,23.604368,11.5,1.9104973,2.0,2,0,Clinton Spark,0BMCE8B0112XGP,,,Android,4.3.62
2025-11-19T04:24:16.920Z,106.2,14.153571234836884,121.26246279784645,2.2,11.5,1.9,17.085205,0.0,0.5,0.0,1.9,0.0,1.3,-0.4,-0.5,-62.4,GPSAtti,AutoFly,None,true,Already,13,5,Spark,true,false,Standby,Smart,false,true,false,None,true,MonitorError,false,false,false,false,false,false,false,false,false,false,0,YawFollow,-52.1,0.0,-62.8,false,false,false,false,false,false,false,,,,1024,1024,1024,1024,83,11.384,0.0,0,0,3,false,3.766,3.816,3.804,0.05,0.053,0.0,0.0,0.0,14.15359954679567,121.26241599943363,14.885205,380.0,true,FixedHeight,false,false,false,false,,true,false,false,,40,,380.0,401,Android,4.3.62,Clinton Spark,0BMCE8B0112XGP,,,0C0AF8NB33038T,,,121.5,23.604368,11.5,1.9104973,2.0,2,0,Clinton Spark,0BMCE8B0112XGP,,,Android,4.3.62
2025-11-19T04:24:17.023Z,106.3,14.153571253952373,121.26246278219054,2.2,11.5,1.9,17.085205,0.0,0.5,0.0,1.9,0.0,1.3,-0.4,-0.7,-62.4,GPSAtti,AutoFly,None,true,Already,13,5,Spark,true,false,Standby,Smart,false,true,false,None,true,MonitorError,false,false,false,false,false,false,false,false,false,false,0,YawFollow,-52.1,0.0,-62.8,false,false,false,false,false,false,false,,,,1024,1024,1024,1024,83,11.384,0.0,0,0,3,false,3.766,3.816,3.804,0.05,0.053,0.0,0.0,0.0,14.15359954679567,121.26241599943363,14.885205,380.0,true,FixedHeight,false,false,false,false,,true,false,false,,40,,380.0,401,Android,4.3.62,Clinton Spark,0BMCE8B0112XGP,,,0C0AF8NB33038T,,,121.5,23.604368,11.5,1.9104973,2.0,2,0,Clinton Spark,0BMCE8B0112XGP,,,Android,4.3.62
2025-11-19T04:24:17.124Z,106.4,14.153571285414726,121.2624627852696,2.2,11.5,1.9,17.085205,0.0,0.5,0.0,1.9,0.0,1.3,-0.4,-0.7,-62.3,GPSAtti,AutoFly,None,true,Already,13,5,Spark,true,false,Standby,Smart,false,true,false,None,true,MonitorError,false,false,false,false,false,false,false,false,false,false,0,YawFollow,-52.1,0.0,-62.8,false,false,false,false,false,false,false,,,,1024,1024,1024,1024,83,11.384,0.0,0,0,3,false,3.766,3.816,3.804,0.05,0.053,0.0,0.0,0.0,14.15359954679567,121.26241599943363,14.885205,380.0,true,FixedHeight,false,false,false,false,,true,false,false,,40,,380.0,401,Android,4.3.62,Clinton Spark,0BMCE8B0112XGP,,,0C0AF8NB33038T,,,121.5,23.604368,11.5,1.9104973,2.0,2,0,Clinton Spark,0BMCE8B0112XGP,,,Android,4.3.62
2025-11-19T04:24:17.124Z,106.5,14.15357132127062,121.26246279524007,2.2,11.5,1.9,17.085205,0.0,0.5,0.0,1.9,0.0,1.3,-0.3,-0.8,-62.3,GPSAtti,AutoFly,None,true,Already,13,5,Spark,true,false,Standby,Smart,false,true,false,None,true,MonitorError,false,false,false,false,false,false,false,false,false,false,0,YawFollow,-52.1,0.0,-62.8,false,false,false,false,false,false,false,,,,1024,1024,1024,1024,83,11.384,0.0,0,0,3,false,3.766,3.816,3.804,0.05,0.053,0.0,0.0,0.0,14.15359954679567,121.26241599943363,14.885205,380.0,true,FixedHeight,false,false,false,false,,true,false,false,,40,,380.0,401,Android,4.3.62,Clinton Spark,0BMCE8B0112XGP,,,0C0AF8NB33038T,,,121.5,23.604368,11.5,1.9104973,2.0,2,0,Clinton Spark,0BMCE8B0112XGP,,,Android,4.3.62
2025-11-19T04:24:17.226Z,106.6,14.15357134663852,121.26246279550071,2.2,11.5,1.9,17.085205,0.0,0.5,0.0,1.9,0.0,1.3,-0.2,-1.0,-62.3,GPSAtti,AutoFly,None,true,Already,13,5,Spark,true,false,Standby,Smart,false,true,false,None,true,MonitorError,false,false,false,false,false,false,false,false,false,false,0,YawFollow,-52.1,0.0,-62.8,false,false,false,false,false,false,false,,,,1024,1024,1024,1024,83,11.384,0.0,0,0,3,false,3.766,3.816,3.804,0.05,0.053,0.0,0.0,0.0,14.15359954679567,121.26241599943363,14.885205,380.0,true,FixedHeight,false,false,false,false,,true,false,false,,40,,380.0,401,Android,4.3.62,Clinton Spark,0BMCE8B0112XGP,,,0C0AF8NB33038T,,,121.5,23.604368,11.5,1.9104973,2.0,2,0,Clinton Spark,0BMCE8B0112XGP,,,Android,4.3.62
2025-11-19T04:24:17.531Z,106.7,14.153571349570534,121.26246279176344,2.2,11.5,1.9,17.085205,0.0,0.5,0.0,1.9,0.0,1.3,-0.2,-0.9,-62.3,GPSAtti,AutoFly,None,true,Already,13,5,Spark,true,false,Standby,Smart,false,true,false,None,true,MonitorError,false,false,false,false,false,false,false,false,false,false,0,YawFollow,-52.1,0.0,-62.7,false,false,false,false,false,false,false,,,,1024,1024,1024,1024,83,11.384,0.0,0,0,3,false,3.766,3.816,3.804,0.05,0.053,0.0,0.0,0.0,14.15359954679567,121.26241599943363,14.885205,380.0,true,FixedHeight,false,false,false,false,,true,false,false,,40,,380.0,401,Android,4.3.62,Clinton Spark,0BMCE8B0112XGP,,,0C0AF8NB33038T,,,121.5,23.604368,11.5,1.9104973,2.0,2,0,Clinton Spark,0BMCE8B0112XGP,,,Android,4.3.62
2025-11-19T04:24:17.633Z,106.8,14.15357134039588,121.26246278912613,2.2,11.5,1.9,17.085205,0.0,0.5,0.0,1.9,0.0,1.3,-0.4,-1.0,-62.3,GPSAtti,AutoFly,None,true,Already,13,5,Spark,true,false,Standby,Smart,false,true,false,None,true,MonitorError,false,false,false,false,false,false,false,false,false,false,0,YawFollow,-52.1,0.0,-62.7,false,false,false,false,false,false,false,,,,1024,1024,1024,1024,83,11.383,0.0,0,0,3,false,3.766,3.816,3.804,0.05,0.053,0.0,0.0,0.0,14.15359954679567,121.26241599943363,14.885205,380.0,true,FixedHeight,false,false,false,false,,true,false,false,,40,,380.0,401,Android,4.3.62,Clinton Spark,0BMCE8B0112XGP,,,0C0AF8NB33038T,,,121.5,23.604368,11.5,1.9104973,2.0,2,0,Clinton Spark,0BMCE8B0112XGP,,,Android,4.3.62
2025-11-19T04:24:17.735Z,106.9,14.153571321911413,121.26246279258953,2.2,11.5,1.9,17.085205,0.0,0.5,0.0,1.9,0.0,1.3,-0.6,-0.8,-62.3,GPSAtti,AutoFly,None,true,Already,13,5,Spark,true,false,Standby,Smart,false,true,false,None,true,MonitorError,false,false,false,false,false,false,false,false,false,false,0,YawFollow,-52.1,0.0,-62.7,false,false,false,false,false,false,false,,,,1024,1024,1024,1024,83,11.383,0.0,0,0,3,false,3.766,3.816,3.804,0.05,0.053,0.0,0.0,0.0,14.15359954679567,121.26241599943363,14.885205,380.0,true,FixedHeight,false,false,false,false,,true,false,false,,40,,380.0,401,Android,4.3.62,Clinton Spark,0BMCE8B0112XGP,,,0C0AF8NB33038T,,,121.5,23.604368,11.5,1.9104973,2.0,2,0,Clinton Spark,0BMCE8B0112XGP,,,Android,4.3.62
2025-11-19T04:24:17.837Z,107.0,14.153571318216473,121.26246278729727,2.2,11.5,1.9,17.085205,0.0,0.5,0.0,1.9,0.0,1.3,-0.7,-0.6,-62.3,GPSAtti,AutoFly,None,true,Already,13,5,Spark,true,false,Standby,Smart,false,true,false,None,true,MonitorError,false,false,false,false,false,false,false,false,false,false,0,YawFollow,-52.1,0.0,-62.7,false,false,false,false,false,false,false,,,,1024,1024,1024,1024,83,11.383,0.0,0,0,3,false,3.766,3.816,3.804,0.05,0.053,0.0,0.0,0.0,14.15359954679567,121.26241599943363,14.885205,380.0,true,FixedHeight,false,false,false,false,,true,false,false,,40,,380.0,401,Android,4.3.62,Clinton Spark,0BMCE8B0112XGP,,,0C0AF8NB33038T,,,121.5,23.604368,11.5,1.9104973,2.0,2,0,Clinton Spark,0BMCE8B0112XGP,,,Android,4.3.62
2025-11-19T04:24:17.939Z,107.1,14.15357132660296,121.26246278916148,2.2,11.5,1.9,17.085205,0.0,0.5,0.0,1.9,0.0,1.3,-0.6,-0.7,-62.4,GPSAtti,AutoFly,None,true,Already,13,5,Spark,true,false,Standby,Smart,false,true,false,None,true,MonitorError,false,false,false,false,false,false,false,false,false,false,0,YawFollow,-52.1,0.0,-62.7,false,false,false,false,false,false,false,,,,1024,1024,1024,1024,83,11.383,0.0,0,0,3,false,3.766,3.816,3.804,0.05,0.053,0.0,0.0,0.0,14.15359954679567,121.26241599943363,14.885205,380.0,true,FixedHeight,false,false,false,false,,true,false,false,,40,,380.0,401,Android,4.3.62,Clinton Spark,0BMCE8B0112XGP,,,0C0AF8NB33038T,,,121.5,23.604368,11.5,1.9104973,2.0,2,0,Clinton Spark,0BMCE8B0112XGP,,,Android,4.3.62
2025-11-19T04:24:17.939Z,107.2,14.15357132145952,121.2624627661768,2.2,11.5,1.9,17.085205,0.0,0.5,0.0,1.9,0.0,1.3,-0.5,-0.7,-62.3,GPSAtti,AutoFly,None,true,Already,13,5,Spark,true,false,Standby,Smart,false,true,false,None,true,MonitorError,false,false,false,false,false,false,false,false,false,false,0,YawFollow,-52.1,0.0,-62.7,false,false,false,false,false,false,false,,,,1024,1024,1024,1024,83,11.383,0.0,0,0,3,false,3.766,3.816,3.804,0.05,0.053,0.0,0.0,0.0,14.15359954679567,121.26241599943363,14.885205,380.0,true,FixedHeight,false,false,false,false,,true,false,false,,40,,380.0,401,Android,4.3.62,Clinton Spark,0BMCE8B0112XGP,,,0C0AF8NB33038T,,,121.5,23.604368,11.5,1.9104973,2.0,2,0,Clinton Spark,0BMCE8B0112XGP,,,Android,4.3.62
2025-11-19T04:24:18.041Z,107.3,14.15357130246209,121.26246273688822,2.2,11.5,1.9,17.085205,0.0,0.5,0.0,1.9,0.0,1.3,-0.4,-0.8,-62.3,GPSAtti,AutoFly,None,true,Already,13,5,Spark,true,false,Standby,Smart,false,true,false,None,true,MonitorError,false,false,false,false,false,false,false,false,false,false,0,YawFollow,-52.1,0.0,-62.6,false,false,false,false,false,false,false,,,,1024,1024,1024,1024,83,11.383,0.0,0,0,3,false,3.766,3.816,3.804,0.05,0.053,0.0,0.0,0.0,14.15359954679567,121.26241599943363,14.885205,380.0,true,FixedHeight,false,false,false,false,,true,false,false,,40,,380.0,401,Android,4.3.62,Clinton Spark,0BMCE8B0112XGP,,,0C0AF8NB33038T,,,121.5,23.604368,11.5,1.9104973,2.0,2,0,Clinton Spark,0BMCE8B0112XGP,,,Android,4.3.62
2025-11-19T04:24:18.142Z,107.4,14.153571280210219,121.26246271312604,2.2,11.5,1.9,17.085205,0.0,0.5,0.0,1.9,0.0,1.3,-0.6,-0.9,-62.4,GPSAtti,AutoFly,None,true,Already,13,5,Spark,true,false,Standby,Smart,false,true,false,None,true,MonitorError,false,false,false,false,false,false,false,false,false,false,0,YawFollow,-52.1,0.0,-62.5,false,false,false,false,false,false,false,,,,1024,1024,1024,1024,83,11.383,0.0,0,0,3,false,3.766,3.816,3.804,0.05,0.053,0.0,0.0,0.0,14.15359954679567,121.26241599943363,14.885205,380.0,true,FixedHeight,false,false,false,false,,true,false,false,,40,,380.0,401,Android,4.3.62,Clinton Spark,0BMCE8B0112XGP,,,0C0AF8NB33038T,,,121.5,23.604368,11.5,1.9104973,2.0,2,0,Clinton Spark,0BMCE8B0112XGP,,,Android,4.3.62
2025-11-19T04:24:18.142Z,107.5,14.153571257950203,121.26246270612417,2.2,11.5,1.9,17.085205,0.0,0.5,0.0,1.9,0.0,1.3,-0.3,-0.7,-62.6,GPSAtti,AutoFly,None,true,Already,13,5,Spark,true,false,Standby,Smart,false,true,false,None,true,MonitorError,false,false,false,false,false,false,false,false,false,false,0,YawFollow,-52.1,0.0,-62.6,false,false,false,false,false,false,false,,,,1024,1024,1024,1024,83,11.383,0.0,0,0,3,false,3.766,3.816,3.804,0.05,0.053,0.0,0.0,0.0,14.15359954679567,121.26241599943363,14.885205,380.0,true,FixedHeight,false,false,false,false,,true,false,false,,40,,380.0,401,Android,4.3.62,Clinton Spark,0BMCE8B0112XGP,,,0C0AF8NB33038T,,,121.5,23.604368,11.5,1.9104973,2.0,2,0,Clinton Spark,0BMCE8B0112XGP,,,Android,4.3.62
2025-11-19T04:24:18.244Z,107.6,14.153571232783415,121.26246269762915,2.2,11.5,1.9,17.085205,0.0,0.5,0.0,1.9,0.0,1.3,-0.6,-0.3,-62.6,GPSAtti,AutoFly,None,true,Already,13,5,Spark,true,false,Standby,Smart,false,true,false,None,true,MonitorError,false,false,false,false,false,false,false,false,false,false,0,YawFollow,-52.1,0.0,-62.5,false,false,false,false,false,false,false,,,,1024,1024,1024,1024,83,11.383,0.0,0,0,3,false,3.766,3.816,3.804,0.05,0.053,0.0,0.0,0.0,14.15359954679567,121.26241599943363,14.885205,380.0,true,FixedHeight,false,false,false,false,,true,false,false,,40,,380.0,401,Android,4.3.62,Clinton Spark,0BMCE8B0112XGP,,,0C0AF8NB33038T,,,121.5,23.604368,11.5,1.9104973,2.0,2,0,Clinton Spark,0BMCE8B0112XGP,,,Android,4.3.62
2025-11-19T04:24:18.346Z,107.7,14.153571211386476,121.26246270395954,2.2,11.5,1.9,17.085205,0.0,0.5,0.0,1.9,0.0,1.3,-0.6,-0.4,-62.6,GPSAtti,AutoFly,None,true,Already,13,5,Spark,true,false,Standby,Smart,false,true,false,None,true,MonitorError,false,false,false,false,false,false,false,false,false,false,0,YawFollow,-52.1,0.0,-62.5,false,false,false,false,false,false,false,,,,1024,1024,1024,1024,83,11.383,0.0,0,0,3,false,3.766,3.816,3.804,0.05,0.053,0.0,0.0,0.0,14.15359954679567,121.26241599943363,14.885205,380.0,true,FixedHeight,false,false,false,false,,true,false,false,,40,,380.0,401,Android,4.3.62,Clinton Spark,0BMCE8B0112XGP,,,0C0AF8NB33038T,,,121.5,23.604368,11.5,1.9104973,2.0,2,0,Clinton Spark,0BMCE8B0112XGP,,,Android,4.3.62
2025-11-19T04:24:18.551Z,107.8,14.15357120459505,121.2624627072153,2.2,11.5,1.9,17.085205,0.0,0.5,0.0,1.9,0.0,1.3,-0.6,-0.5,-62.5,GPSAtti,AutoFly,None,true,Already,13,5,Spark,true,false,Standby,Smart,false,true,false,None,true,MonitorError,false,false,false,false,false,false,false,false,false,false,0,YawFollow,-52.1,0.0,-62.5,false,false,false,false,false,false,false,,,,1024,1024,1024,1024,83,11.385,0.0,0,0,3,false,3.766,3.816,3.804,0.05,0.053,0.0,0.0,0.0,14.15359954679567,121.26241599943363,14.885205,380.0,true,FixedHeight,false,false,false,false,,true,false,false,,40,,380.0,401,Android,4.3.62,Clinton Spark,0BMCE8B0112XGP,,,0C0AF8NB33038T,,,121.5,23.604368,11.5,1.9104973,2.0,2,0,Clinton Spark,0BMCE8B0112XGP,,,Android,4.3.62
2025-11-19T04:24:18.755Z,107.9,14.153571200986418,121.2624627207552,2.2,11.5,1.9,17.085205,0.0,0.5,0.0,1.9,0.0,1.3,-0.6,-0.8,-62.5,GPSAtti,AutoFly,None,true,Already,13,5,Spark,true,false,Standby,Smart,false,true,false,None,true,MonitorError,false,false,false,false,false,false,false,false,false,false,0,YawFollow,-52.1,0.0,-62.6,false,false,false,false,false,false,false,,,,1024,1024,1024,1024,83,11.385,0.0,0,0,3,false,3.766,3.816,3.804,0.05,0.053,0.0,0.0,0.0,14.15359954679567,121.26241599943363,14.885205,380.0,true,FixedHeight,false,false,false,false,,true,false,false,,40,,380.0,401,Android,4.3.62,Clinton Spark,0BMCE8B0112XGP,,,0C0AF8NB33038T,,,121.5,23.604368,11.5,1.9104973,2.0,2,0,Clinton Spark,0BMCE8B0112XGP,,,Android,4.3.62
2025-11-19T04:24:18.755Z,108.0,14.153571206435192,121.26246271076262,2.2,11.5,1.9,17.085205,0.0,0.5,0.0,1.9,0.0,1.3,-0.8,-0.9,-62.4,GPSAtti,AutoFly,None,true,Already,13,5,Spark,true,false,Standby,Smart,false,true,false,None,true,MonitorError,false,false,false,false,false,false,false,false,false,false,0,YawFollow,-52.1,0.0,-62.6,false,false,false,false,false,false,false,,,,1024,1024,1024,1024,83,11.385,0.0,0,0,3,false,3.766,3.816,3.804,0.05,0.053,0.0,0.0,0.0,14.15359954679567,121.26241599943363,14.885205,380.0,true,FixedHeight,false,false,false,false,,true,false,false,,40,,380.0,401,Android,4.3.62,Clinton Spark,0BMCE8B0112XGP,,,0C0AF8NB33038T,,,121.5,23.604368,11.5,1.9104973,2.0,2,0,Clinton Spark,0BMCE8B0112XGP,,,Android,4.3.62
2025-11-19T04:24:18.857Z,108.1,14.153571200922094,121.26246269896768,2.2,11.5,1.9,17.085205,0.0,0.5,0.0,1.9,0.0,1.3,-0.9,-0.9,-62.4,GPSAtti,AutoFly,None,true,Already,13,5,Spark,true,false,Standby,Smart,false,true,false,None,true,MonitorError,false,false,false,false,false,false,false,false,false,false,0,YawFollow,-52.1,0.0,-62.6,false,false,false,false,false,false,false,,,,1024,1024,1024,1024,83,11.385,0.0,0,0,3,false,3.766,3.816,3.804,0.05,0.053,0.0,0.0,0.0,14.15359954679567,121.26241599943363,14.885205,380.0,true,FixedHeight,false,false,false,false,,true,false,false,,40,,380.0,401,Android,4.3.62,Clinton Spark,0BMCE8B0112XGP,,,0C0AF8NB33038T,,,121.5,23.604368,11.5,1.9104973,2.0,2,0,Clinton Spark,0BMCE8B0112XGP,,,Android,4.3.62
2025-11-19T04:24:18.959Z,108.2,14.153571183177755,121.26246268463704,2.2,11.5,1.9,17.085205,0.0,0.5,0.0,1.9,0.0,1.3,-0.9,-0.7,-62.4,GPSAtti,AutoFly,None,true,Already,13,5,Spark,true,false,Standby,Smart,false,true,false,None,true,MonitorError,false,false,false,false,false,false,false,false,false,false,0,YawFollow,-52.1,0.0,-62.6,false,false,false,false,false,false,false,,,,1024,1024,1024,1024,83,11.385,0.0,0,0,3,false,3.766,3.816,3.804,0.05,0.053,0.0,0.0,0.0,14.15359954679567,121.26241599943363,14.885205,380.0,true,FixedHeight,false,false,false,false,,true,false,false,,40,,380.0,401,Android,4.3.62,Clinton Spark,0BMCE8B0112XGP,,,0C0AF8NB33038T,,,121.5,23.604368,11.5,1.9104973,2.0,2,0,Clinton Spark,0BMCE8B0112XGP,,,Android,4.3.62
2025-11-19T04:24:19.061Z,108.3,14.153571146377363,121.2624626950537,2.2,11.5,1.9,17.085205,0.0,0.5,0.0,1.9,0.0,1.3,-1.0,-0.7,-62.3,GPSAtti,AutoFly,None,true,Already,13,5,Spark,true,false,Standby,Smart,false,true,false,None,true,MonitorError,false,false,false,false,false,false,false,false,false,false,0,YawFollow,-52.1,0.0,-62.6,false,false,false,false,false,false,false,,,,1024,1498,1024,1024,83,11.385,0.0,0,0,3,false,3.766,3.816,3.804,0.05,0.053,0.0,0.0,0.0,14.15359954679567,121.26241599943363,14.885205,380.0,true,FixedHeight,false,false,false,false,,true,false,false,,40,,380.0,401,Android,4.3.62,Clinton Spark,0BMCE8B0112XGP,,,0C0AF8NB33038T,,,121.5,23.604368,11.5,1.9104973,2.0,2,0,Clinton Spark,0BMCE8B0112XGP,,,Android,4.3.62
2025-11-19T04:24:19.163Z,108.4,14.153571117228216,121.2624626939979,2.2,11.5,1.9,17.085205,0.0,0.5,0.0,1.9,0.0,1.3,-0.8,-0.4,-62.3,GPSAtti,AutoFly,None,true,Already,13,5,Spark,true,false,Standby,Smart,false,true,false,None,true,MonitorError,false,false,false,false,false,false,false,false,false,false,0,YawFollow,-52.1,0.0,-62.5,false,false,false,false,false,false,false,,,,1024,1641,1024,1024,83,11.385,0.0,0,0,3,false,3.766,3.816,3.804,0.05,0.053,0.0,0.0,0.0,14.15359954679567,121.26241599943363,14.885205,380.0,true,FixedHeight,false,false,false,false,,true,false,false,,40,,380.0,401,Android,4.3.62,Clinton Spark,0BMCE8B0112XGP,,,0C0AF8NB33038T,,,121.5,23.604368,11.5,1.9104973,2.0,2,0,Clinton Spark,0BMCE8B0112XGP,,,Android,4.3.62
2025-11-19T04:24:19.163Z,108.5,14.15357109997648,121.26246269132967,2.2,11.5,1.9,17.085205,0.0,0.5,0.0,1.9,0.0,1.3,-0.7,-0.2,-62.2,GPSAtti,AutoFly,None,true,Already,13,5,Spark,true,false,Standby,Smart,false,true,false,None,true,MonitorError,false,false,false,false,false,false,false,false,false,false,0,YawFollow,-52.1,0.0,-62.5,false,false,false,false,false,false,false,,,,1024,1641,1024,1024,83,11.385,0.0,0,0,3,false,3.766,3.816,3.804,0.05,0.053,0.0,0.0,0.0,14.15359954679567,121.26241599943363,14.885205,380.0,true,FixedHeight,false,false,false,false,,true,false,false,,40,,380.0,401,Android,4.3.62,Clinton Spark,0BMCE8B0112XGP,,,0C0AF8NB33038T,,,121.5,23.604368,11.5,1.9104973,2.0,2,0,Clinton Spark,0BMCE8B0112XGP,,,Android,4.3.62
2025-11-19T04:24:19.163Z,108.6,14.153571082591212,121.26246268611253,2.2,11.5,1.9,17.085205,0.0,0.5,0.0,1.9,0.0,1.3,-0.5,-0.3,-62.2,GPSAtti,AutoFly,None,true,Already,13,5,Spark,true,false,Standby,Smart,false,true,false,None,true,MonitorError,false,false,false,false,false,false,false,false,false,false,0,YawFollow,-52.1,0.0,-62.5,false,false,false,false,false,false,false,,,,1024,1623,1024,1024,83,11.385,0.0,0,0,3,false,3.766,3.816,3.804,0.05,0.053,0.0,0.0,0.0,14.15359954679567,121.26241599943363,14.885205,380.0,true,FixedHeight,false,false,false,false,,true,false,false,,40,,380.0,401,Android,4.3.62,Clinton Spark,0BMCE8B0112XGP,,,0C0AF8NB33038T,,,121.5,23.604368,11.5,1.9104973,2.0,2,0,Clinton Spark,0BMCE8B0112XGP,,,Android,4.3.62
2025-11-19T04:24:19.265Z,108.7,14.153571061182872,121.26246268811809,2.2,11.5,1.9,17.085205,0.0,0.5,0.0,1.9,0.0,1.3,-0.5,-0.4,-62.2,GPSAtti,AutoFly,None,true,Already,13,5,Spark,true,false,Standby,Smart,false,true,false,None,true,MonitorError,false,false,false,false,false,false,false,false,false,false,0,YawFollow,-52.1,0.0,-62.5,false,false,false,false,false,false,false,,,,1024,1623,1024,1024,83,11.385,0.0,0,0,3,false,3.766,3.816,3.804,0.05,0.053,0.0,0.0,0.0,14.15359954679567,121.26241599943363,14.885205,380.0,true,FixedHeight,false,false,false,false,,true,false,false,,40,,380.0,401,Android,4.3.62,Clinton Spark,0BMCE8B0112XGP,,,0C0AF8NB33038T,,,121.5,23.604368,11.5,1.9104973,2.0,2,0,Clinton Spark,0BMCE8B0112XGP,,,Android,4.3.62
2025-11-19T04:24:19.366Z,108.8,14.153571048051914,121.26246266815946,2.2,11.5,1.9,17.085205,0.0,0.5,0.0,1.9,0.0,1.3,-0.6,-0.3,-62.3,GPSAtti,AutoFly,None,true,Already,13,5,Spark,true,false,Standby,Smart,false,true,false,None,true,MonitorError,false,false,false,false,false,false,false,false,false,false,0,YawFollow,-52.1,0.0,-62.5,false,false,false,false,false,false,false,,,,1024,1572,1024,1024,83,11.386,0.0,0,0,3,false,3.766,3.816,3.804,0.05,0.053,0.0,0.0,0.0,14.15359954679567,121.26241599943363,14.885205,380.0,true,FixedHeight,false,false,false,false,,true,false,false,,40,,380.0,401,Android,4.3.62,Clinton Spark,0BMCE8B0112XGP,,,0C0AF8NB33038T,,,121.5,23.604368,11.5,1.9104973,2.0,2,0,Clinton Spark,0BMCE8B0112XGP,,,Android,4.3.62
2025-11-19T04:24:19.366Z,108.9,14.153571043040378,121.26246263979415,2.2,11.5,1.9,17.085205,0.0,0.5,0.0,1.9,0.0,1.3,-0.7,-0.3,-62.2,GPSAtti,AutoFly,None,true,Already,13,5,Spark,true,false,Standby,Smart,false,true,false,None,true,MonitorError,false,false,false,false,false,false,false,false,false,false,0,YawFollow,-52.1,0.0,-62.5,false,false,false,false,false,false,false,,,,1024,1521,1024,1024,83,11.386,0.0,0,0,3,false,3.766,3.816,3.804,0.05,0.053,0.0,0.0,0.0,14.15359954679567,121.26241599943363,14.885205,380.0,true,FixedHeight,false,false,false,false,,true,false,false,,40,,380.0,401,Android,4.3.62,Clinton Spark,0BMCE8B0112XGP,,,0C0AF8NB33038T,,,121.5,23.604368,11.5,1.9104973,2.0,2,0,Clinton Spark,0BMCE8B0112XGP,,,Android,4.3.62
2025-11-19T04:24:19.571Z,109.0,14.153571048223714,121.26246260237721,2.2,11.5,1.9,17.085205,0.0,0.5,0.0,1.9,0.0,1.3,-0.6,-0.2,-62.2,GPSAtti,AutoFly,None,true,Already,13,5,Spark,true,false,Standby,Smart,false,true,false,None,true,MonitorError,false,false,false,false,false,false,false,false,false,false,0,YawFollow,-52.1,0.0,-62.5,false,false,false,false,false,false,false,,,,1024,1509,1024,1024,83,11.386,0.0,0,0,3,false,3.766,3.816,3.804,0.05,0.053,0.0,0.0,0.0,14.15359954679567,121.26241599943363,14.885205,380.0,true,FixedHeight,false,false,false,false,,true,false,false,,40,,380.0,401,Android,4.3.62,Clinton Spark,0BMCE8B0112XGP,,,0C0AF8NB33038T,,,121.5,23.604368,11.5,1.9104973,2.0,2,0,Clinton Spark,0BMCE8B0112XGP,,,Android,4.3.62
2025-11-19T04:24:19.571Z,109.1,14.153571050519007,121.26246257837207,2.2,11.5,1.9,17.085205,0.0,0.5,0.0,1.9,0.0,1.3,-0.7,0.0,-62.3,GPSAtti,AutoFly,None,true,Already,13,5,Spark,true,false,Standby,Smart,false,true,false,None,true,MonitorError,false,false,false,false,false,false,false,false,false,false,0,YawFollow,-52.1,0.0,-62.5,false,false,false,false,false,false,false,,,,1024,1472,1024,1024,83,11.386,0.0,0,0,3,false,3.766,3.816,3.804,0.05,0.053,0.0,0.0,0.0,14.15359954679567,121.26241599943363,14.885205,380.0,true,FixedHeight,false,false,false,false,,true,false,false,,40,,380.0,401,Android,4.3.62,Clinton Spark,0BMCE8B0112XGP,,,0C0AF8NB33038T,,,121.5,23.604368,11.5,1.9104973,2.0,2,0,Clinton Spark,0BMCE8B0112XGP,,,Android,4.3.62
2025-11-19T04:24:19.673Z,109.2,14.153571059567456,121.26246252504741,2.2,11.5,1.9,17.085205,0.0,0.5,0.0,1.9,0.0,1.3,-0.7,0.1,-62.3,GPSAtti,AutoFly,None,true,Already,13,5,Spark,true,false,Standby,Smart,false,true,false,None,true,MonitorError,false,false,false,false,false,false,false,false,false,false,0,YawFollow,-52.1,0.0,-62.5,false,false,false,false,false,false,false,,,,1024,1418,1024,1024,83,11.386,0.0,0,0,3,false,3.766,3.816,3.804,0.05,0.053,0.0,0.0,0.0,14.15359954679567,121.26241599943363,14.885205,380.0,true,FixedHeight,false,false,false,false,,true,false,false,,40,,380.0,401,Android,4.3.62,Clinton Spark,0BMCE8B0112XGP,,,0C0AF8NB33038T,,,121.5,23.604368,11.5,1.9104973,2.0,2,0,Clinton Spark,0BMCE8B0112XGP,,,Android,4.3.62
2025-11-19T04:24:19.877Z,109.3,14.153571070694614,121.26246246762325,2.2,11.5,1.9,17.085205,0.0,0.5,0.0,1.9,0.0,1.3,-2.1,-0.2,-62.3,GPSAtti,AutoFly,None,true,Already,13,5,Spark,true,false,Standby,Smart,false,true,false,None,true,MonitorError,false,false,false,false,false,false,false,false,false,false,0,YawFollow,-52.1,0.0,-62.5,false,false,false,false,false,false,false,,,,1024,1024,1024,1024,83,11.386,0.0,0,0,3,false,3.766,3.816,3.804,0.05,0.053,0.0,0.0,0.0,14.15359954679567,121.26241599943363,14.885205,380.0,true,FixedHeight,false,false,false,false,,true,false,false,,40,,380.0,401,Android,4.3.62,Clinton Spark,0BMCE8B0112XGP,,,0C0AF8NB33038T,,,121.5,23.604368,11.5,1.9104973,2.0,2,0,Clinton Spark,0BMCE8B0112XGP,,,Android,4.3.62
2025-11-19T04:24:20.080Z,109.4,14.153571076941326,121.26246238865012,2.2,11.5,1.9,17.085205,0.0,0.5,0.0,1.9,0.0,1.3,-12.4,-0.3,-62.2,GPSAtti,AutoFly,None,true,Already,13,5,Spark,true,false,Standby,Smart,false,true,false,None,true,MonitorError,false,false,false,false,false,false,false,false,false,false,0,YawFollow,-52.1,0.0,-62.5,false,false,false,false,false,false,false,,,,1024,1024,1024,1024,83,11.386,0.0,0,0,3,false,3.766,3.816,3.804,0.05,0.053,0.0,0.0,0.0,14.15359954679567,121.26241599943363,14.885205,380.0,true,FixedHeight,false,false,false,false,,true,false,false,,40,,380.0,401,Android,4.3.62,Clinton Spark,0BMCE8B0112XGP,,,0C0AF8NB33038T,,,121.5,23.604368,11.5,1.9104973,2.0,2,0,Clinton Spark,0BMCE8B0112XGP,,,Android,4.3.62
2025-11-19T04:24:20.182Z,109.5,14.153571135382922,121.26246219925946,2.2,11.5,1.9,17.085205,0.1,0.5,-0.3,1.9,0.0,1.3,-18.6,-0.2,-62.2,GPSAtti,AutoFly,None,true,Already,13,5,Spark,true,false,Standby,Smart,false,true,false,None,true,MonitorError,false,false,false,false,false,false,false,false,false,false,0,YawFollow,-52.1,0.0,-62.5,false,false,false,false,false,false,false,,,,1024,1024,1024,1024,83,11.386,0.0,0,0,3,false,3.766,3.816,3.804,0.05,0.053,0.0,0.0,0.0,14.15359954679567,121.26241599943363,14.885205,380.0,true,FixedHeight,false,false,false,false,,true,false,false,,40,,380.0,401,Android,4.3.62,Clinton Spark,0BMCE8B0112XGP,,,0C0AF8NB33038T,,,121.5,23.604368,11.5,1.9104973,2.0,2,0,Clinton Spark,0BMCE8B0112XGP,,,Android,4.3.62
2025-11-19T04:24:20.284Z,109.6,14.153571317447847,121.26246174711096,2.2,11.5,1.9,17.085205,0.3,0.5,-0.6,1.9,0.0,1.3,-19.9,-0.3,-62.1,GPSAtti,AutoFly,None,true,Already,13,5,Spark,true,false,Standby,Smart,false,true,false,None,true,MonitorError,false,false,false,false,false,false,false,false,false,false,0,YawFollow,-52.1,0.0,-62.5,false,false,false,false,false,false,false,,,,1024,1024,1024,1024,83,11.386,0.0,0,0,3,false,3.766,3.816,3.804,0.05,0.053,0.0,0.0,0.0,14.15359954679567,121.26241599943363,14.885205,380.0,true,FixedHeight,false,false,false,false,,true,false,false,,40,,380.0,401,Android,4.3.62,Clinton Spark,0BMCE8B0112XGP,,,0C0AF8NB33038T,,,121.5,23.604368,11.5,1.9104973,2.0,2,0,Clinton Spark,0BMCE8B0112XGP,,,Android,4.3.62
2025-11-19T04:24:20.386Z,109.7,14.153571652124029,121.26246101907554,2.2,11.5,1.9,17.085205,0.4,0.5,-0.8,1.9,0.0,1.3,-18.2,-0.2,-62.2,GPSAtti,AutoFly,None,true,Already,13,5,Spark,true,false,Standby,Smart,false,true,false,None,true,MonitorError,false,false,false,false,false,false,false,false,false,false,0,YawFollow,-52.1,0.0,-62.7,false,false,false,false,false,false,false,,,,1024,1024,1024,1024,83,11.386,0.0,0,0,3,false,3.766,3.816,3.804,0.05,0.053,0.0,0.0,0.0,14.15359954679567,121.26241599943363,14.885205,380.0,true,FixedHeight,false,false,false,false,,true,false,false,,40,,380.0,401,Android,4.3.62,Clinton Spark,0BMCE8B0112XGP,,,0C0AF8NB33038T,,,121.5,23.604368,11.5,1.9104973,2.0,2,0,Clinton Spark,0BMCE8B0112XGP,,,Android,4.3.62
2025-11-19T04:24:20.386Z,109.8,14.153572162142105,121.26245992476062,2.2,11.5,1.9,17.085205,0.5,0.5,-1.1,1.9,0.0,1.3,-15.5,-0.4,-62.3,GPSAtti,AutoFly,None,true,Already,13,5,Spark,true,false,Standby,Smart,false,true,false,None,true,MonitorError,false,false,false,false,false,false,false,false,false,false,0,YawFollow,-52.1,0.0,-62.7,false,false,false,false,false,false,false,,,,1024,1024,1007,1024,83,11.361,0.0,0,0,3,false,3.766,3.816,3.804,0.05,0.053,0.0,0.0,0.0,14.15359954679567,121.26241599943363,14.885205,380.0,true,FixedHeight,false,false,false,false,,true,false,false,,40,,380.0,401,Android,4.3.62,Clinton Spark,0BMCE8B0112XGP,,,0C0AF8NB33038T,,,121.5,23.604368,11.5,1.9104973,2.0,2,0,Clinton Spark,0BMCE8B0112XGP,,,Android,4.3.62
2025-11-19T04:24:20.487Z,109.9,14.153572803482788,121.26245859042068,2.2,11.5,1.9,17.085205,0.6,0.6,-1.3,1.9,0.0,1.3,-13.1,-0.3,-62.4,GPSAtti,AutoFly,None,true,Already,13,5,Spark,true,false,Standby,Smart,false,true,false,None,true,MonitorError,false,false,false,false,false,false,false,false,false,false,0,YawFollow,-52.1,0.0,-62.7,false,false,false,false,false,false,false,,,,1024,1024,511,1024,83,11.361,0.0,0,0,3,false,3.766,3.816,3.804,0.05,0.053,0.0,0.0,0.0,14.15359954679567,121.26241599943363,14.885205,380.0,true,FixedHeight,false,false,false,false,,true,false,false,,40,,380.0,401,Android,4.3.62,Clinton Spark,0BMCE8B0112XGP,,,0C0AF8NB33038T,,,121.5,23.604368,11.5,1.9104973,2.0,2,0,Clinton Spark,0BMCE8B0112XGP,,,Android,4.3.62
2025-11-19T04:24:20.794Z,110.0,14.15357351284195,121.26245705634858,2.2,11.5,1.9,17.085205,0.7,0.7,-1.4,1.9,0.0,1.3,-10.4,-0.5,-62.4,GPSAtti,AutoFly,None,true,Already,13,5,Spark,true,false,Standby,Smart,false,true,false,None,true,MonitorError,false,false,false,false,false,false,false,false,false,false,0,YawFollow,-52.1,0.0,-62.8,false,false,false,false,false,false,false,,,,1024,1024,365,1024,83,11.361,0.0,0,0,3,false,3.766,3.816,3.804,0.05,0.053,0.0,0.0,0.0,14.15359954679567,121.26241599943363,14.885205,380.0,true,FixedHeight,false,false,false,false,,true,false,false,,40,,380.0,401,Android,4.3.62,Clinton Spark,0BMCE8B0112XGP,,,0C0AF8NB33038T,,,121.5,23.604368,11.5,1.9104973,2.0,2,0,Clinton Spark,0BMCE8B0112XGP,,,Android,4.3.62
2025-11-19T04:24:20.895Z,110.1,14.15357425613707,121.26245547081602,2.2,11.5,1.9,17.085205,0.8,0.8,-1.5,1.9,0.0,1.3,-7.9,-0.8,-62.5,GPSAtti,AutoFly,None,true,Already,13,5,Spark,true,false,Standby,Smart,false,true,false,None,true,MonitorError,false,false,false,false,false,false,false,false,false,false,0,YawFollow,-52.1,0.0,-62.8,false,false,false,false,false,false,false,,,,1024,1024,398,1024,83,11.361,0.0,0,0,3,false,3.766,3.816,3.804,0.05,0.053,0.0,0.0,0.0,14.15359954679567,121.26241599943363,14.885205,380.0,true,FixedHeight,false,false,false,false,,true,false,false,,40,,380.0,401,Android,4.3.62,Clinton Spark,0BMCE8B0112XGP,,,0C0AF8NB33038T,,,121.5,23.604368,11.5,1.9104973,2.0,2,0,Clinton Spark,0BMCE8B0112XGP,,,Android,4.3.62
2025-11-19T04:24:20.997Z,110.2,14.153574912496893,121.26245378847211,2.2,11.5,1.9,17.085205,0.8,0.8,-1.6,1.9,0.0,1.3,-0.2,-0.9,-62.5,GPSAtti,AutoFly,None,true,Already,12,5,Spark,true,false,Standby,Smart,false,true,false,None,true,MonitorError,false,false,false,false,false,false,false,false,false,false,0,YawFollow,-52.1,0.0,-62.7,false,false,false,false,false,false,false,,,,1024,1024,415,1024,83,11.361,0.0,0,0,3,false,3.766,3.816,3.804,0.05,0.053,0.0,0.0,0.0,14.15359954679567,121.26241599943363,14.885205,380.0,true,FixedHeight,false,false,false,false,,true,false,false,,40,,380.0,401,Android,4.3.62,Clinton Spark,0BMCE8B0112XGP,,,0C0AF8NB33038T,,,121.5,23.604368,11.5,1.9104973,2.0,2,0,Clinton Spark,0BMCE8B0112XGP,,,Android,4.3.62
2025-11-19T04:24:21.200Z,110.3,14.153575511400327,121.26245216061692,2.1,11.5,1.9,16.985205,0.7,0.8,-1.5,1.9,0.0,1.3,11.1,-1.0,-62.7,GPSAtti,AutoFly,None,true,Already,12,5,Spark,true,false,Standby,Smart,false,true,false,None,true,MonitorError,false,false,false,false,false,false,false,false,false,false,0,YawFollow,-52.1,0.0,-62.7,false,false,false,false,false,false,false,,,,1024,1024,425,1024,83,11.361,0.0,0,0,3,false,3.766,3.816,3.804,0.05,0.053,0.0,0.0,0.0,14.15359954679567,121.26241599943363,14.885205,380.0,true,FixedHeight,false,false,false,false,,true,false,false,,40,,380.0,401,Android,4.3.62,Clinton Spark,0BMCE8B0112XGP,,,0C0AF8NB33038T,,,121.5,23.604368,11.5,1.9104973,2.0,2,0,Clinton Spark,0BMCE8B0112XGP,,,Android,4.3.62
2025-11-19T04:24:21.302Z,110.4,14.153576002881824,121.26245078719464,2.1,11.5,1.9,16.985205,0.6,0.8,-1.2,1.9,0.0,1.3,13.8,-0.5,-62.6,GPSAtti,AutoFly,None,true,Already,13,5,Spark,true,false,Standby,Smart,false,true,false,None,true,MonitorError,false,false,false,false,false,false,false,false,false,false,0,YawFollow,-52.1,0.0,-62.7,false,false,false,false,false,false,false,,,,1024,1024,454,1024,83,11.361,0.0,0,0,3,false,3.766,3.816,3.804,0.05,0.053,0.0,0.0,0.0,14.15359954679567,121.26241599943363,14.885205,380.0,true,FixedHeight,false,false,false,false,,true,false,false,,40,,380.0,401,Android,4.3.62,Clinton Spark,0BMCE8B0112XGP,,,0C0AF8NB33038T,,,121.5,23.604368,11.5,1.9104973,2.0,2,0,Clinton Spark,0BMCE8B0112XGP,,,Android,4.3.62
2025-11-19T04:24:21.404Z,110.5,14.153576443032323,121.26244972577746,2.1,11.5,1.9,16.985205,0.5,0.8,-1.0,1.9,0.0,1.3,14.3,-0.4,-62.6,GPSAtti,AutoFly,None,true,Already,13,5,Spark,true,false,Standby,Smart,false,true,false,None,true,MonitorError,false,false,false,false,false,false,false,false,false,false,0,YawFollow,-52.1,0.0,-62.6,false,false,false,false,false,false,false,,,,1024,1024,491,1024,83,11.361,0.0,0,0,3,false,3.766,3.816,3.804,0.05,0.053,0.0,0.0,0.0,14.15359954679567,121.26241599943363,14.885205,380.0,true,FixedHeight,false,false,false,false,,true,false,false,,40,,380.0,401,Android,4.3.62,Clinton Spark,0BMCE8B0112XGP,,,0C0AF8NB33038T,,,121.5,23.604368,11.5,1.9104973,2.0,2,0,Clinton Spark,0BMCE8B0112XGP,,,Android,4.3.62
2025-11-19T04:24:21.507Z,110.6,14.153576680438695,121.26244900297684,2.1,11.5,1.9,16.985205,0.4,0.8,-0.7,1.9,0.0,1.3,12.2,-0.5,-62.5,GPSAtti,AutoFly,None,true,Already,13,5,Spark,true,false,Standby,Smart,false,true,false,None,true,MonitorError,false,false,false,false,false,false,false,false,false,false,0,YawFollow,-52.1,0.0,-62.6,false,false,false,false,false,false,false,,,,1024,1024,497,1024,83,11.361,0.0,0,0,3,false,3.766,3.816,3.804,0.05,0.053,0.0,0.0,0.0,14.15359954679567,121.26241599943363,14.885205,380.0,true,FixedHeight,false,false,false,false,,true,false,false,,40,,380.0,401,Android,4.3.62,Clinton Spark,0BMCE8B0112XGP,,,0C0AF8NB33038T,,,121.5,23.604368,11.5,1.9104973,2.0,2,0,Clinton Spark,0BMCE8B0112XGP,,,Android,4.3.62
2025-11-19T04:24:21.507Z,110.7,14.153576824858066,121.26244846910747,2.1,11.5,1.9,16.985205,0.3,0.8,-0.6,1.9,0.0,1.3,8.9,-0.7,-62.4,GPSAtti,AutoFly,None,true,Already,13,5,Spark,true,false,Standby,Smart,false,true,false,None,true,MonitorError,false,false,false,false,false,false,false,false,false,false,0,YawFollow,-52.1,0.0,-62.6,false,false,false,false,false,false,false,,,,1024,1024,497,1024,83,11.361,0.0,0,0,3,false,3.766,3.816,3.804,0.05,0.053,0.0,0.0,0.0,14.15359954679567,121.26241599943363,14.885205,380.0,true,FixedHeight,false,false,false,false,,true,false,false,,40,,380.0,401,Android,4.3.62,Clinton Spark,0BMCE8B0112XGP,,,0C0AF8NB33038T,,,121.5,23.604368,11.5,1.9104973,2.0,2,0,Clinton Spark,0BMCE8B0112XGP,,,Android,4.3.62
2025-11-19T04:24:21.609Z,110.8,14.153576794356088,121.26244826365672,2.1,11.5,1.9,16.985205,0.2,0.8,-0.4,1.9,0.0,1.3,6.4,-0.7,-62.4,GPSAtti,AutoFly,None,true,Already,13,5,Spark,true,false,Standby,Smart,false,true,false,None,true,MonitorError,false,false,false,false,false,false,false,false,false,false,0,YawFollow,-52.1,0.0,-62.5,false,false,false,false,false,false,false,,,,1024,1024,523,1024,83,11.374,0.0,0,0,3,false,3.766,3.816,3.804,0.05,0.053,0.0,0.0,0.0,14.15359954679567,121.26241599943363,14.885205,380.0,true,FixedHeight,false,false,false,false,,true,false,false,,40,,380.0,401,Android,4.3.62,Clinton Spark,0BMCE8B0112XGP,,,0C0AF8NB33038T,,,121.5,23.604368,11.5,1.9104973,2.0,2,0,Clinton Spark,0BMCE8B0112XGP,,,Android,4.3.62
2025-11-19T04:24:21.609Z,110.9,14.15357672707326,121.26244817019389,2.0,11.5,1.9,16.885204,0.2,0.8,-0.3,1.9,0.2,1.3,4.9,-0.8,-62.5,GPSAtti,AutoFly,None,true,Already,13,5,Spark,true,false,Standby,Smart,false,true,false,None,true,MonitorError,false,false,false,false,false,false,false,false,false,false,0,YawFollow,-52.1,0.0,-62.6,false,false,false,false,false,false,false,,,,1024,1024,523,1024,83,11.374,0.0,0,0,3,false,3.766,3.816,3.804,0.05,0.053,0.0,0.0,0.0,14.15359954679567,121.26241599943363,14.885205,380.0,true,FixedHeight,false,false,false,false,,true,false,false,,40,,380.0,401,Android,4.3.62,Clinton Spark,0BMCE8B0112XGP,,,0C0AF8NB33038T,,,121.5,23.604368,11.5,1.9104973,2.0,2,0,Clinton Spark,0BMCE8B0112XGP,,,Android,4.3.62
2025-11-19T04:24:21.711Z,111.0,14.153576611294962,121.2624482083309,2.0,11.5,1.9,16.885204,0.1,0.8,-0.3,1.9,0.5,1.3,4.4,-1.0,-62.5,GPSAtti,AutoFly,None,true,Already,13,5,Spark,true,false,Standby,Smart,false,true,false,None,true,MonitorError,false,false,false,false,false,false,false,false,false,false,0,YawFollow,-52.1,0.0,-62.6,false,false,false,false,false,false,false,,,,1024,1024,516,1024,83,11.374,0.0,0,0,3,false,3.766,3.816,3.804,0.05,0.053,0.0,0.0,0.0,14.15359954679567,121.26241599943363,14.885205,380.0,true,FixedHeight,false,false,false,false,,true,false,false,,40,,380.0,401,Android,4.3.62,Clinton Spark,0BMCE8B0112XGP,,,0C0AF8NB33038T,,,121.5,23.604368,11.5,1.9104973,2.0,2,0,Clinton Spark,0BMCE8B0112XGP,,,Android,4.3.62
2025-11-19T04:24:21.813Z,111.1,14.153576536406895,121.26244819877124,2.0,11.5,1.8,16.885204,0.1,0.8,-0.2,1.9,0.6,1.3,3.7,-0.8,-62.3,GPSAtti,AutoFly,None,true,Already,13,5,Spark,true,false,Standby,Smart,false,true,false,None,true,MonitorError,false,false,false,false,false,false,false,false,false,false,0,YawFollow,-52.1,0.0,-62.6,false,false,false,false,false,false,false,,,,1024,1024,528,1024,83,11.374,0.0,0,0,3,false,3.766,3.816,3.804,0.05,0.053,0.0,0.0,0.0,14.15359954679567,121.26241599943363,14.885205,380.0,true,FixedHeight,false,false,false,false,,true,false,false,,40,,380.0,401,Android,4.3.62,Clinton Spark,0BMCE8B0112XGP,,,0C0AF8NB33038T,,,121.5,23.604368,11.5,1.9104973,2.0,2,0,Clinton Spark,0BMCE8B0112XGP,,,Android,4.3.62
2025-11-19T04:24:21.915Z,111.2,14.153576441187703,121.26244825401974,1.9,11.5,1.8,16.785206,0.1,0.8,-0.2,1.9,0.6,1.3,2.9,-0.5,-62.3,GPSAtti,AutoFly,None,true,Already,13,5,Spark,true,false,Standby,Smart,false,true,false,None,true,MonitorError,false,false,false,false,false,false,false,false,false,false,0,YawFollow,-52.1,0.0,-62.6,false,false,false,false,false,false,false,,,,1024,1024,548,1024,83,11.374,0.0,0,0,3,false,3.766,3.816,3.804,0.05,0.053,0.0,0.0,0.0,14.15359954679567,121.26241599943363,14.885205,380.0,true,FixedHeight,false,false,false,false,,true,false,false,,40,,380.0,401,Android,4.3.62,Clinton Spark,0BMCE8B0112XGP,,,0C0AF8NB33038T,,,121.5,23.604368,11.5,1.9104973,2.0,2,0,Clinton Spark,0BMCE8B0112XGP,,,Android,4.3.62
2025-11-19T04:24:22.017Z,111.3,14.153576364333288,121.26244827775542,1.9,11.5,1.7,16.785206,0.1,0.8,-0.1,1.9,0.6,1.3,2.1,-0.3,-62.2,GPSAtti,AutoFly,None,true,Already,13,5,Spark,true,false,Standby,Smart,false,true,false,None,true,MonitorError,false,false,false,false,false,false,false,false,false,false,0,YawFollow,-52.1,0.0,-62.6,false,false,false,false,false,false,false,,,,1024,1024,548,1024,83,11.374,0.0,0,0,3,false,3.766,3.816,3.804,0.05,0.053,0.0,0.0,0.0,14.15359954679567,121.26241599943363,14.885205,380.0,true,FixedHeight,false,false,false,false,,true,false,false,,40,,380.0,401,Android,4.3.62,Clinton Spark,0BMCE8B0112XGP,,,0C0AF8NB33038T,,,121.5,23.604368,11.5,1.9104973,2.0,2,0,Clinton Spark,0BMCE8B0112XGP,,,Android,4.3.62
2025-11-19T04:24:22.017Z,111.4,14.153576307021423,121.26244836439528,1.8,11.5,1.6,16.685205,0.0,0.8,-0.1,1.9,0.7,1.3,1.6,-0.4,-62.2,GPSAtti,AutoFly,None,true,Already,12,5,Spark,true,false,Standby,Smart,false,true,false,None,true,MonitorError,false,false,false,false,false,false,false,false,false,false,0,YawFollow,-52.1,0.0,-62.7,false,false,false,false,false,false,false,,,,1024,1024,571,1024,83,11.374,0.0,0,0,3,false,3.766,3.816,3.804,0.05,0.053,0.0,0.0,0.0,14.15359954679567,121.26241599943363,14.885205,380.0,true,FixedHeight,false,false,false,false,,true,false,false,,40,,380.0,401,Android,4.3.62,Clinton Spark,0BMCE8B0112XGP,,,0C0AF8NB33038T,,,121.5,23.604368,11.5,1.9104973,2.0,2,0,Clinton Spark,0BMCE8B0112XGP,,,Android,4.3.62
2025-11-19T04:24:22.119Z,111.5,14.153576255195786,121.26244845862234,1.7,11.5,1.5,16.585205,0.0,0.8,0.0,1.9,0.7,1.3,1.1,-0.4,-62.2,GPSAtti,AutoFly,None,true,Already,12,5,Spark,true,false,Standby,Smart,false,true,false,None,true,MonitorError,false,false,false,false,false,false,false,false,false,false,0,YawFollow,-52.1,0.0,-62.6,false,false,false,false,false,false,false,,,,1024,1024,590,1024,83,11.374,0.0,0,0,3,false,3.766,3.816,3.804,0.05,0.053,0.0,0.0,0.0,14.15359954679567,121.26241599943363,14.885205,380.0,true,FixedHeight,false,false,false,false,,true,false,false,,40,,380.0,401,Android,4.3.62,Clinton Spark,0BMCE8B0112XGP,,,0C0AF8NB33038T,,,121.5,23.604368,11.5,1.9104973,2.0,2,0,Clinton Spark,0BMCE8B0112XGP,,,Android,4.3.62
2025-11-19T04:24:22.221Z,111.6,14.153576248595295,121.26244859136187,1.7,11.5,1.4,16.585205,0.0,0.8,0.0,1.9,0.6,1.3,0.6,-0.5,-62.2,GPSAtti,AutoFly,None,true,Already,13,5,Spark,true,false,Standby,Smart,false,true,false,None,true,MonitorError,false,false,false,false,false,false,false,false,false,false,0,YawFollow,-52.1,0.0,-62.6,false,false,false,false,false,false,false,,,,1024,1024,609,1024,83,11.374,0.0,0,0,3,false,3.766,3.816,3.804,0.05,0.053,0.0,0.0,0.0,14.15359954679567,121.26241599943363,14.885205,380.0,true,FixedHeight,false,false,false,false,,true,false,false,,40,,380.0,401,Android,4.3.62,Clinton Spark,0BMCE8B0112XGP,,,0C0AF8NB33038T,,,121.5,23.604368,11.5,1.9104973,2.0,2,0,Clinton Spark,0BMCE8B0112XGP,,,Android,4.3.62
2025-11-19T04:24:22.323Z,111.7,14.153576240648489,121.26244872232114,1.6,11.5,1.3,16.485205,0.0,0.8,0.0,1.9,0.6,1.3,0.3,-0.4,-62.2,GPSAtti,AutoFly,None,true,Already,13,5,Spark,true,false,Standby,Smart,false,true,false,None,true,MonitorError,false,false,false,false,false,false,false,false,false,false,0,YawFollow,-52.1,0.0,-62.6,false,false,false,false,false,false,false,,,,1024,1024,718,1024,83,11.374,0.0,0,0,3,false,3.766,3.816,3.804,0.05,0.053,0.0,0.0,0.0,14.15359954679567,121.26241599943363,14.885205,380.0,true,FixedHeight,false,false,false,false,,true,false,false,,40,,380.0,401,Android,4.3.62,Clinton Spark,0BMCE8B0112XGP,,,0C0AF8NB33038T,,,121.5,23.604368,11.5,1.9104973,2.0,2,0,Clinton Spark,0BMCE8B0112XGP,,,Android,4.3.62
2025-11-19T04:24:22.426Z,111.8,14.153576299680806,121.26244885808894,1.6,11.5,1.2,16.485205,0.0,0.8,0.0,1.9,0.5,1.3,0.0,-0.7,-62.1,GPSAtti,AutoFly,None,true,Already,13,5,Spark,true,false,Standby,Smart,false,true,false,None,true,MonitorError,false,false,false,false,false,false,false,false,false,false,0,YawFollow,-52.1,0.0,-62.7,false,false,false,false,false,false,false,,,,1024,1024,718,1024,83,11.366,0.0,0,0,3,false,3.766,3.816,3.804,0.05,0.053,0.0,0.0,0.0,14.15359954679567,121.26241599943363,14.885205,380.0,true,FixedHeight,false,false,false,false,,true,false,false,,40,,380.0,401,Android,4.3.62,Clinton Spark,0BMCE8B0112XGP,,,0C0AF8NB33038T,,,121.5,23.604368,11.5,1.9104973,2.0,2,0,Clinton Spark,0BMCE8B0112XGP,,,Android,4.3.62
2025-11-19T04:24:22.529Z,111.9,14.15357634636626,121.2624489934724,1.5,11.5,1.1,16.385204,0.0,0.8,0.0,1.9,0.5,1.3,-0.6,-1.0,-62.1,GPSAtti,AutoFly,None,true,Already,13,5,Spark,true,false,Standby,Smart,false,true,false,None,true,MonitorError,false,false,false,false,false,false,false,false,false,false,0,YawFollow,-52.1,0.0,-62.7,false,false,false,false,false,false,false,,,,1024,1024,1002,1024,83,11.366,0.0,0,0,3,false,3.766,3.816,3.804,0.05,0.053,0.0,0.0,0.0,14.15359954679567,121.26241599943363,14.885205,380.0,true,FixedHeight,false,false,false,false,,true,false,false,,40,,380.0,401,Android,4.3.62,Clinton Spark,0BMCE8B0112XGP,,,0C0AF8NB33038T,,,121.5,23.604368,11.5,1.9104973,2.0,2,0,Clinton Spark,0BMCE8B0112XGP,,,Android,4.3.62
2025-11-19T04:24:22.630Z,112.0,14.153576428567263,121.26244910250944,1.5,11.5,1.0,16.385204,0.0,0.8,0.0,1.9,0.5,1.3,-0.8,-1.1,-62.0,GPSAtti,AutoFly,None,true,Already,14,5,Spark,true,false,Standby,Smart,false,true,false,None,true,MonitorError,false,false,false,false,false,false,false,false,false,false,0,YawFollow,-52.1,0.0,-62.7,false,false,false,false,false,false,false,,,,1024,1024,1024,1024,83,11.366,0.0,0,0,3,false,3.766,3.816,3.804,0.05,0.053,0.0,0.0,0.0,14.15359954679567,121.26241599943363,14.885205,380.0,true,FixedHeight,false,false,false,false,,true,false,false,,40,,380.0,401,Android,4.3.62,Clinton Spark,0BMCE8B0112XGP,,,0C0AF8NB33038T,,,121.5,23.604368,11.5,1.9104973,2.0,2,0,Clinton Spark,0BMCE8B0112XGP,,,Android,4.3.62
2025-11-19T04:24:22.834Z,112.1,14.153576481964349,121.26244919754268,1.4,11.5,0.9,16.285206,0.0,0.8,0.0,1.9,0.4,1.3,-0.9,-0.8,-62.1,GPSAtti,AutoFly,None,true,Already,14,5,Spark,true,false,Standby,Smart,false,true,false,None,true,MonitorError,false,false,false,false,false,false,false,false,false,false,0,YawFollow,-52.1,0.0,-62.7,false,false,false,false,false,false,false,,,,1024,1024,1024,792,83,11.366,0.0,0,0,3,false,3.766,3.816,3.804,0.05,0.053,0.0,0.0,0.0,14.15359954679567,121.26241599943363,14.885205,380.0,true,FixedHeight,false,false,false,false,,true,false,false,,40,,380.0,401,Android,4.3.62,Clinton Spark,0BMCE8B0112XGP,,,0C0AF8NB33038T,,,121.5,23.604368,11.5,1.9104973,2.0,2,0,Clinton Spark,0BMCE8B0112XGP,,,Android,4.3.62
2025-11-19T04:24:23.039Z,112.2,14.153576601168892,121.2624492375903,1.4,11.5,0.9,16.285206,0.0,0.8,0.0,1.9,0.4,1.3,-1.0,-0.9,-62.1,GPSAtti,AutoFly,None,true,Already,14,5,Spark,true,false,Standby,Smart,false,true,false,None,true,MonitorError,false,false,false,false,false,false,false,false,false,false,0,YawFollow,-52.1,0.0,-62.7,false,false,false,false,false,false,false,,,,1024,1024,1024,774,83,11.366,0.0,0,0,3,false,3.766,3.816,3.804,0.05,0.053,0.0,0.0,0.0,14.15359954679567,121.26241599943363,14.885205,380.0,true,FixedHeight,false,false,false,false,,true,false,false,,40,,380.0,401,Android,4.3.62,Clinton Spark,0BMCE8B0112XGP,,,0C0AF8NB33038T,,,121.5,23.604368,11.5,1.9104973,2.0,2,0,Clinton Spark,0BMCE8B0112XGP,,,Android,4.3.62
2025-11-19T04:24:23.143Z,112.3,14.153576721982745,121.26244925821157,1.3,11.5,0.8,16.185205,0.0,0.8,0.0,1.9,0.4,1.3,-0.9,-1.2,-62.2,GPSAtti,AutoFly,None,true,Already,14,5,Spark,true,false,Standby,Smart,false,true,false,None,true,MonitorError,false,false,false,false,false,false,false,false,false,false,0,YawFollow,-52.1,0.0,-62.8,false,false,false,false,false,false,false,,,,1024,1024,1024,1024,83,11.366,0.0,0,0,3,false,3.766,3.816,3.804,0.05,0.053,0.0,0.0,0.0,14.15359954679567,121.26241599943363,14.885205,380.0,true,FixedHeight,false,false,false,false,,true,false,false,,40,,380.0,401,Android,4.3.62,Clinton Spark,0BMCE8B0112XGP,,,0C0AF8NB33038T,,,121.5,23.604368,11.5,1.9104973,2.0,2,0,Clinton Spark,0BMCE8B0112XGP,,,Android,4.3.62
2025-11-19T04:24:23.245Z,112.4,14.153576866004773,121.26244919163639,1.3,11.5,0.7,16.185205,0.0,0.8,0.0,1.9,0.4,1.3,-0.8,-1.5,-62.2,GPSAtti,AutoFly,None,true,Already,14,5,Spark,true,false,Standby,Smart,false,true,false,None,true,MonitorError,false,false,false,false,false,false,false,false,false,false,0,YawFollow,-52.1,0.0,-62.8,false,false,false,false,false,false,false,,,,1024,1024,1024,1024,83,11.366,0.0,0,0,3,false,3.766,3.816,3.804,0.05,0.053,0.0,0.0,0.0,14.15359954679567,121.26241599943363,14.885205,380.0,true,FixedHeight,false,false,false,false,,true,false,false,,40,,380.0,401,Android,4.3.62,Clinton Spark,0BMCE8B0112XGP,,,0C0AF8NB33038T,,,121.5,23.604368,11.5,1.9104973,2.0,2,0,Clinton Spark,0BMCE8B0112XGP,,,Android,4.3.62
2025-11-19T04:24:23.358Z,112.5,14.1535769602241,121.26244912126428,1.2,11.5,0.7,16.085205,0.0,0.8,0.0,1.9,0.3,1.3,-0.7,-1.6,-62.2,GPSAtti,AutoFly,None,true,Already,14,5,Spark,true,false,Standby,Smart,false,true,false,None,true,MonitorError,false,false,false,false,false,false,false,false,false,false,0,YawFollow,-52.1,0.0,-62.8,false,false,false,false,false,false,false,,,,1024,1024,1024,1024,83,11.366,0.0,0,0,3,false,3.766,3.816,3.804,0.05,0.053,0.0,0.0,0.0,14.15359954679567,121.26241599943363,14.885205,380.0,true,FixedHeight,false,false,false,false,,true,false,false,,40,,380.0,401,Android,4.3.62,Clinton Spark,0BMCE8B0112XGP,,,0C0AF8NB33038T,,,121.5,23.604368,11.5,1.9104973,2.0,2,0,Clinton Spark,0BMCE8B0112XGP,,,Android,4.3.62
2025-11-19T04:24:23.358Z,112.6,14.153577057525665,121.26244898607295,1.2,11.5,0.6,16.085205,0.0,0.8,0.0,1.9,0.3,1.3,-1.0,-1.6,-62.1,GPSAtti,AutoFly,None,true,Already,14,5,Spark,true,false,Standby,Smart,false,true,false,None,true,MonitorError,false,false,false,false,false,false,false,false,false,false,0,YawFollow,-52.1,0.0,-62.8,false,false,false,false,false,false,false,,,,1024,812,1024,1024,83,11.366,0.0,0,0,3,false,3.766,3.816,3.804,0.05,0.053,0.0,0.0,0.0,14.15359954679567,121.26241599943363,14.885205,380.0,true,FixedHeight,false,false,false,false,,true,false,false,,40,,380.0,401,Android,4.3.62,Clinton Spark,0BMCE8B0112XGP,,,0C0AF8NB33038T,,,121.5,23.604368,11.5,1.9104973,2.0,2,0,Clinton Spark,0BMCE8B0112XGP,,,Android,4.3.62
2025-11-19T04:24:23.458Z,112.7,14.153577120597744,121.2624488779703,1.2,11.5,0.6,16.085205,0.0,0.8,0.0,1.9,0.3,1.3,-1.1,-1.8,-62.1,GPSAtti,AutoFly,None,true,Already,14,5,Spark,true,false,Standby,Smart,false,true,false,None,true,MonitorError,false,false,false,false,false,false,false,false,false,false,0,YawFollow,-52.1,0.0,-62.7,false,false,false,false,false,false,false,,,,1024,812,1024,1024,83,11.366,0.0,0,0,3,false,3.766,3.816,3.804,0.05,0.053,0.0,0.0,0.0,14.15359954679567,121.26241599943363,14.885205,380.0,true,FixedHeight,false,false,false,false,,true,false,false,,40,,380.0,401,Android,4.3.62,Clinton Spark,0BMCE8B0112XGP,,,0C0AF8NB33038T,,,121.5,23.604368,11.5,1.9104973,2.0,2,0,Clinton Spark,0BMCE8B0112XGP,,,Android,4.3.62
2025-11-19T04:24:23.560Z,112.8,14.153577201558686,121.26244876639316,1.1,11.5,0.6,15.985206,0.0,0.8,0.0,1.9,0.2,1.3,-0.8,-1.4,-62.1,GPSAtti,AutoFly,None,true,Already,12,5,Spark,true,false,Standby,Smart,false,true,false,None,true,MonitorError,false,false,false,false,false,false,false,false,false,false,0,YawFollow,-52.1,0.0,-62.7,false,false,false,false,false,false,false,,,,1024,850,1024,1024,82,11.371,0.0,0,0,3,false,3.766,3.816,3.804,0.05,0.053,0.0,0.0,0.0,14.15359954679567,121.26241599943363,14.885205,380.0,true,FixedHeight,false,false,false,false,,true,false,false,,40,,380.0,401,Android,4.3.62,Clinton Spark,0BMCE8B0112XGP,,,0C0AF8NB33038T,,,121.5,23.604368,11.5,1.9104973,2.0,2,0,Clinton Spark,0BMCE8B0112XGP,,,Android,4.3.62
2025-11-19T04:24:23.662Z,112.9,14.153577265089172,121.26244872178663,1.1,11.5,0.6,15.985206,0.0,0.8,0.0,1.9,0.1,1.3,-0.7,-1.0,-62.2,GPSAtti,AutoFly,None,true,Already,12,5,Spark,true,false,Standby,Smart,false,true,false,None,true,MonitorError,false,false,false,false,false,false,false,false,false,false,0,YawFollow,-52.1,0.0,-62.7,false,false,false,false,false,false,false,,,,1024,1024,1024,1024,82,11.371,0.0,0,0,3,false,3.766,3.816,3.804,0.05,0.053,0.0,0.0,0.0,14.15359954679567,121.26241599943363,14.885205,380.0,true,FixedHeight,false,false,false,false,,true,false,false,,40,,380.0,401,Android,4.3.62,Clinton Spark,0BMCE8B0112XGP,,,0C0AF8NB33038T,,,121.5,23.604368,11.5,1.9104973,2.0,2,0,Clinton Spark,0BMCE8B0112XGP,,,Android,4.3.62
2025-11-19T04:24:23.764Z,113.0,14.15357731821146,121.26244863695577,1.1,11.5,0.6,15.985206,0.0,0.8,0.0,1.9,0.0,1.3,-0.9,-1.0,-62.2,GPSAtti,AutoFly,None,true,Already,11,4,Spark,true,false,Standby,Smart,false,true,false,None,true,MonitorError,false,false,false,false,false,false,false,false,false,false,0,YawFollow,-52.1,0.0,-63.4,false,false,false,false,false,false,false,,,,1024,1024,937,966,82,11.371,0.0,0,0,3,false,3.766,3.816,3.804,0.05,0.053,0.0,0.0,0.0,14.15359954679567,121.26241599943363,14.885205,380.0,true,FixedHeight,false,false,false,false,,true,false,false,,40,,380.0,401,Android,4.3.62,Clinton Spark,0BMCE8B0112XGP,,,0C0AF8NB33038T,,,121.5,23.604368,11.5,1.9104973,2.0,2,0,Clinton Spark,0BMCE8B0112XGP,,,Android,4.3.62
2025-11-19T04:24:23.866Z,113.1,14.153577340535797,121.26244854825069,1.1,11.5,0.5,15.985206,0.0,0.8,0.0,1.9,0.0,1.3,-1.0,-0.9,-62.7,GPSAtti,AutoFly,None,true,Already,11,4,Spark,true,false,Standby,Smart,false,true,false,None,true,MonitorError,false,false,false,false,false,false,false,false,false,false,0,YawFollow,-52.1,0.0,-65.1,false,false,false,false,false,false,false,,,,1024,1024,784,904,82,11.371,0.0,0,0,3,false,3.766,3.816,3.804,0.05,0.053,0.0,0.0,0.0,14.15359954679567,121.26241599943363,14.885205,380.0,true,FixedHeight,false,false,false,false,,true,false,false,,40,,380.0,401,Android,4.3.62,Clinton Spark,0BMCE8B0112XGP,,,0C0AF8NB33038T,,,121.5,23.604368,11.5,1.9104973,2.0,2,0,Clinton Spark,0BMCE8B0112XGP,,,Android,4.3.62
2025-11-19T04:24:24.070Z,113.2,14.15357733001035,121.26244848572864,1.1,11.5,0.5,15.985206,0.0,0.8,0.0,1.9,0.0,1.3,-1.0,-1.0,-64.6,GPSAtti,AutoFly,None,true,Already,12,4,Spark,true,false,Standby,Smart,false,true,false,None,true,MonitorError,false,false,false,false,false,false,false,false,false,false,0,YawFollow,-52.1,0.0,-66.7,false,false,false,false,false,false,false,,,,1024,1024,784,904,82,11.371,0.0,0,0,3,false,3.766,3.816,3.804,0.05,0.053,0.0,0.0,0.0,14.15359954679567,121.26241599943363,14.885205,380.0,true,FixedHeight,false,false,false,false,,true,false,false,,40,,380.0,401,Android,4.3.62,Clinton Spark,0BMCE8B0112XGP,,,0C0AF8NB33038T,,,121.5,23.604368,11.5,1.9104973,2.0,2,0,Clinton Spark,0BMCE8B0112XGP,,,Android,4.3.62
2025-11-19T04:24:24.172Z,113.3,14.153577307501589,121.26244845563163,1.1,11.5,0.6,15.985206,0.0,0.8,0.0,1.9,0.0,1.3,-0.5,-0.7,-68.1,GPSAtti,AutoFly,None,true,Already,12,4,Spark,true,false,Standby,Smart,false,true,false,None,true,MonitorError,false,false,false,false,false,false,false,false,false,false,0,YawFollow,-52.1,0.0,-68.5,false,false,false,false,false,false,false,,,,1024,1024,999,861,82,11.371,0.0,0,0,3,false,3.766,3.816,3.804,0.05,0.053,0.0,0.0,0.0,14.15359954679567,121.26241599943363,14.885205,380.0,true,FixedHeight,false,false,false,false,,true,false,false,,40,,380.0,401,Android,4.3.62,Clinton Spark,0BMCE8B0112XGP,,,0C0AF8NB33038T,,,121.5,23.604368,11.5,1.9104973,2.0,2,0,Clinton Spark,0BMCE8B0112XGP,,,Android,4.3.62
2025-11-19T04:24:24.376Z,113.4,14.15357729574748,121.26244842468424,1.1,11.5,0.6,15.985206,0.0,0.8,0.0,1.9,0.0,1.3,-0.6,-0.8,-69.6,GPSAtti,AutoFly,None,true,Already,12,4,Spark,true,false,Standby,Smart,false,true,false,None,true,MonitorError,false,false,false,false,false,false,false,false,false,false,0,YawFollow,-52.1,0.0,-69.2,false,false,false,false,false,false,false,,,,1024,1024,1024,1024,82,11.371,0.0,0,0,3,false,3.766,3.816,3.804,0.05,0.053,0.0,0.0,0.0,14.15359954679567,121.26241599943363,14.885205,380.0,true,FixedHeight,false,false,false,false,,true,false,false,,40,,380.0,401,Android,4.3.62,Clinton Spark,0BMCE8B0112XGP,,,0C0AF8NB33038T,,,121.5,23.604368,11.5,1.9104973,2.0,2,0,Clinton Spark,0BMCE8B0112XGP,,,Android,4.3.62
2025-11-19T04:24:24.478Z,113.5,14.15357730993652,121.26244839349833,1.1,11.5,0.6,15.985206,0.0,0.8,0.0,1.9,0.0,1.3,-0.7,-1.0,-69.6,GPSAtti,AutoFly,None,true,Already,12,4,Spark,true,false,Standby,Smart,false,true,false,None,true,MonitorError,false,false,false,false,false,false,false,false,false,false,0,YawFollow,-52.1,0.0,-69.1,false,false,false,false,false,false,false,,,,1024,1024,610,1024,82,11.371,0.0,0,0,3,false,3.766,3.816,3.804,0.05,0.053,0.0,0.0,0.0,14.15359954679567,121.26241599943363,14.885205,380.0,true,FixedHeight,false,false,false,false,,true,false,false,,40,,380.0,401,Android,4.3.62,Clinton Spark,0BMCE8B0112XGP,,,0C0AF8NB33038T,,,121.5,23.604368,11.5,1.9104973,2.0,2,0,Clinton Spark,0BMCE8B0112XGP,,,Android,4.3.62
2025-11-19T04:24:24.478Z,113.6,14.153577329290984,121.26244836913092,1.1,11.5,0.6,15.985206,0.0,0.8,0.0,1.9,0.0,1.3,-0.5,-0.8,-69.6,GPSAtti,AutoFly,None,true,Already,12,4,Spark,true,false,Standby,Smart,false,true,false,None,true,MonitorError,false,false,false,false,false,false,false,false,false,false,0,YawFollow,-52.1,0.0,-69.1,false,false,false,false,false,false,false,,,,1024,1024,464,1024,82,11.371,0.0,0,0,3,false,3.766,3.816,3.804,0.05,0.053,0.0,0.0,0.0,14.15359954679567,121.26241599943363,14.885205,380.0,true,FixedHeight,false,false,false,false,,true,false,false,,40,,380.0,401,Android,4.3.62,Clinton Spark,0BMCE8B0112XGP,,,0C0AF8NB33038T,,,121.5,23.604368,11.5,1.9104973,2.0,2,0,Clinton Spark,0BMCE8B0112XGP,,,Android,4.3.62
2025-11-19T04:24:24.580Z,113.7,14.153577350316638,121.2624483548754,1.1,11.5,0.6,15.985206,0.0,0.8,0.0,1.9,0.0,1.3,-0.2,-0.6,-69.5,GPSAtti,AutoFly,None,true,Already,12,4,Spark,true,false,Standby,Smart,false,true,false,None,true,MonitorError,false,false,false,false,false,false,false,false,false,false,0,YawFollow,-52.1,0.0,-69.1,false,false,false,false,false,false,false,,,,1024,1024,464,1024,82,11.371,0.0,0,0,3,false,3.766,3.816,3.804,0.05,0.053,0.0,0.0,0.0,14.15359954679567,121.26241599943363,14.885205,380.0,true,FixedHeight,false,false,false,false,,true,false,false,,40,,380.0,401,Android,4.3.62,Clinton Spark,0BMCE8B0112XGP,,,0C0AF8NB33038T,,,121.5,23.604368,11.5,1.9104973,2.0,2,0,Clinton Spark,0BMCE8B0112XGP,,,Android,4.3.62
2025-11-19T04:24:24.683Z,113.8,14.15357734107807,121.26244836431576,1.1,11.5,0.6,15.985206,0.0,0.8,0.0,1.9,0.0,1.3,2.9,-0.6,-69.6,GPSAtti,AutoFly,None,true,Already,12,4,Spark,true,false,Standby,Smart,false,true,false,None,true,MonitorError,false,false,false,false,false,false,false,false,false,false,0,YawFollow,-52.1,0.0,-69.1,false,false,false,false,false,false,false,,,,1024,1024,423,1024,82,11.375,0.0,0,0,3,false,3.766,3.816,3.804,0.05,0.053,0.0,0.0,0.0,14.15359954679567,121.26241599943363,14.885205,380.0,true,FixedHeight,false,false,false,false,,true,false,false,,40,,380.0,401,Android,4.3.62,Clinton Spark,0BMCE8B0112XGP,,,0C0AF8NB33038T,,,121.5,23.604368,11.5,1.9104973,2.0,2,0,Clinton Spark,0BMCE8B0112XGP,,,Android,4.3.62
2025-11-19T04:24:24.683Z,113.9,14.15357730450688,121.26244841332664,1.1,11.5,0.6,15.985206,0.0,0.8,0.0,1.9,0.0,1.3,4.1,-0.5,-69.5,GPSAtti,AutoFly,None,true,Already,12,4,Spark,true,false,Standby,Smart,false,true,false,None,true,MonitorError,false,false,false,false,false,false,false,false,false,false,0,YawFollow,-52.1,0.0,-69.0,false,false,false,false,false,false,false,,,,1024,1024,471,1024,82,11.375,0.0,0,0,3,false,3.766,3.816,3.804,0.05,0.053,0.0,0.0,0.0,14.15359954679567,121.26241599943363,14.885205,380.0,true,FixedHeight,false,false,false,false,,true,false,false,,40,,380.0,401,Android,4.3.62,Clinton Spark,0BMCE8B0112XGP,,,0C0AF8NB33038T,,,121.5,23.604368,11.5,1.9104973,2.0,2,0,Clinton Spark,0BMCE8B0112XGP,,,Android,4.3.62
2025-11-19T04:24:24.784Z,114.0,14.153577238051303,121.26244856548809,1.1,11.5,0.7,15.985206,0.0,0.8,0.1,1.9,0.0,1.3,3.2,-0.6,-69.5,GPSAtti,AutoFly,None,true,Already,12,4,Spark,true,false,Standby,Smart,false,true,false,None,true,MonitorError,false,false,false,false,false,false,false,false,false,false,0,YawFollow,-52.1,0.0,-69.0,false,false,false,false,false,false,false,,,,1024,1024,479,1024,82,11.375,0.0,0,0,3,false,3.766,3.816,3.804,0.05,0.053,0.0,0.0,0.0,14.15359954679567,121.26241599943363,14.885205,380.0,true,FixedHeight,false,false,false,false,,true,false,false,,40,,380.0,401,Android,4.3.62,Clinton Spark,0BMCE8B0112XGP,,,0C0AF8NB33038T,,,121.5,23.604368,11.5,1.9104973,2.0,2,0,Clinton Spark,0BMCE8B0112XGP,,,Android,4.3.62
2025-11-19T04:24:24.886Z,114.1,14.153577165972708,121.26244877862767,1.1,11.5,0.7,15.985206,0.0,0.8,0.1,1.9,0.0,1.3,0.6,-0.9,-69.5,GPSAtti,AutoFly,None,true,Already,12,4,Spark,true,false,Standby,Smart,false,true,false,None,true,MonitorError,false,false,false,false,false,false,false,false,false,false,0,YawFollow,-52.1,0.0,-69.3,false,false,false,false,false,false,false,,,,1024,1024,486,1024,82,11.375,0.0,0,0,3,false,3.766,3.816,3.804,0.05,0.053,0.0,0.0,0.0,14.15359954679567,121.26241599943363,14.885205,380.0,true,FixedHeight,false,false,false,false,,true,false,false,,40,,380.0,401,Android,4.3.62,Clinton Spark,0BMCE8B0112XGP,,,0C0AF8NB33038T,,,121.5,23.604368,11.5,1.9104973,2.0,2,0,Clinton Spark,0BMCE8B0112XGP,,,Android,4.3.62
2025-11-19T04:24:24.886Z,114.2,14.15357708898883,121.26244903400595,1.1,11.5,0.7,15.985206,0.0,0.8,0.1,1.9,0.0,1.3,-1.6,-0.8,-69.5,GPSAtti,AutoFly,None,true,Already,12,4,Spark,true,false,Standby,Smart,false,true,false,None,true,MonitorError,false,false,false,false,false,false,false,false,false,false,0,YawFollow,-52.1,0.0,-69.8,false,false,false,false,false,false,false,,,,1024,1024,486,1024,82,11.375,0.0,0,0,3,false,3.766,3.816,3.804,0.05,0.053,0.0,0.0,0.0,14.15359954679567,121.26241599943363,14.885205,380.0,true,FixedHeight,false,false,false,false,,true,false,false,,40,,380.0,401,Android,4.3.62,Clinton Spark,0BMCE8B0112XGP,,,0C0AF8NB33038T,,,121.5,23.604368,11.5,1.9104973,2.0,2,0,Clinton Spark,0BMCE8B0112XGP,,,Android,4.3.62
2025-11-19T04:24:24.988Z,114.3,14.153577024078647,121.26244926040711,1.1,11.5,0.7,15.985206,0.0,0.8,0.1,1.9,0.0,1.3,-2.9,-0.7,-70.1,GPSAtti,AutoFly,None,true,Already,12,4,Spark,true,false,Standby,Smart,false,true,false,None,true,MonitorError,false,false,false,false,false,false,false,false,false,false,0,YawFollow,-52.1,0.0,-70.6,false,false,false,false,false,false,false,,,,1024,1024,486,1024,82,11.375,0.0,0,0,3,false,3.766,3.816,3.804,0.05,0.053,0.0,0.0,0.0,14.15359954679567,121.26241599943363,14.885205,380.0,true,FixedHeight,false,false,false,false,,true,false,false,,40,,380.0,401,Android,4.3.62,Clinton Spark,0BMCE8B0112XGP,,,0C0AF8NB33038T,,,121.5,23.604368,11.5,1.9104973,2.0,2,0,Clinton Spark,0BMCE8B0112XGP,,,Android,4.3.62
2025-11-19T04:24:24.988Z,114.4,14.153576952724302,121.26244942603778,1.1,11.5,0.7,15.985206,0.0,0.8,0.1,1.9,0.1,1.3,-2.9,-0.7,-71.1,GPSAtti,AutoFly,None,true,Already,13,4,Spark,true,false,Standby,Smart,false,true,false,None,true,MonitorError,false,false,false,false,false,false,false,false,false,false,0,YawFollow,-52.1,0.0,-71.2,false,false,false,false,false,false,false,,,,1024,1024,534,1024,82,11.375,0.0,0,0,3,false,3.766,3.816,3.804,0.05,0.053,0.0,0.0,0.0,14.15359954679567,121.26241599943363,14.885205,380.0,true,FixedHeight,false,false,false,false,,true,false,false,,40,,380.0,401,Android,4.3.62,Clinton Spark,0BMCE8B0112XGP,,,0C0AF8NB33038T,,,121.5,23.604368,11.5,1.9104973,2.0,2,0,Clinton Spark,0BMCE8B0112XGP,,,Android,4.3.62
2025-11-19T04:24:25.090Z,114.5,14.153576882824972,121.26244952377019,1.1,11.5,0.6,15.985206,0.0,0.8,0.0,1.9,0.1,1.3,-2.4,-0.5,-71.6,GPSAtti,AutoFly,None,true,Already,13,4,Spark,true,false,Standby,Smart,false,true,false,None,true,MonitorError,false,false,false,false,false,false,false,false,false,false,0,YawFollow,-52.1,0.0,-71.4,false,false,false,false,false,false,false,,,,1024,1024,534,1024,82,11.375,0.0,0,0,3,false,3.766,3.816,3.804,0.05,0.053,0.0,0.0,0.0,14.15359954679567,121.26241599943363,14.885205,380.0,true,FixedHeight,false,false,false,false,,true,false,false,,40,,380.0,401,Android,4.3.62,Clinton Spark,0BMCE8B0112XGP,,,0C0AF8NB33038T,,,121.5,23.604368,11.5,1.9104973,2.0,2,0,Clinton Spark,0BMCE8B0112XGP,,,Android,4.3.62
2025-11-19T04:24:25.294Z,114.6,14.153576840130834,121.26244952409267,1.0,11.5,0.6,15.885205,0.0,0.8,0.0,1.9,0.1,1.3,-1.9,0.0,-71.7,GPSAtti,AutoFly,None,true,Already,13,4,Spark,true,false,Standby,Smart,false,true,false,None,true,MonitorError,false,false,false,false,false,false,false,false,false,false,0,YawFollow,-52.1,0.0,-71.4,false,false,false,false,false,false,false,,,,1024,1024,580,1024,82,11.375,0.0,0,0,3,false,3.766,3.816,3.804,0.05,0.053,0.0,0.0,0.0,14.15359954679567,121.26241599943363,14.885205,380.0,true,FixedHeight,false,false,false,false,,true,false,false,,40,,380.0,401,Android,4.3.62,Clinton Spark,0BMCE8B0112XGP,,,0C0AF8NB33038T,,,121.5,23.604368,11.5,1.9104973,2.0,2,0,Clinton Spark,0BMCE8B0112XGP,,,Android,4.3.62
2025-11-19T04:24:25.294Z,114.7,14.153576831612444,121.26244948295172,1.0,11.5,0.6,15.885205,0.0,0.8,0.0,1.9,0.0,1.3,-1.7,0.0,-71.7,GPSAtti,AutoFly,None,true,Already,13,4,Spark,true,false,Standby,Smart,false,true,false,None,true,MonitorError,false,false,false,false,false,false,false,false,false,false,0,YawFollow,-52.1,0.0,-71.4,false,false,false,false,false,false,false,,,,1024,1024,536,1024,82,11.375,0.0,0,0,3,false,3.766,3.816,3.804,0.05,0.053,0.0,0.0,0.0,14.15359954679567,121.26241599943363,14.885205,380.0,true,FixedHeight,false,false,false,false,,true,false,false,,40,,380.0,401,Android,4.3.62,Clinton Spark,0BMCE8B0112XGP,,,0C0AF8NB33038T,,,121.5,23.604368,11.5,1.9104973,2.0,2,0,Clinton Spark,0BMCE8B0112XGP,,,Android,4.3.62
2025-11-19T04:24:25.397Z,114.8,14.153576818536038,121.26244942475888,1.0,11.5,0.6,15.885205,0.0,0.8,0.0,1.9,0.1,1.3,-1.4,-0.3,-71.7,GPSAtti,AutoFly,None,true,Already,13,4,Spark,true,false,Standby,Smart,false,true,false,None,true,MonitorError,false,false,false,false,false,false,false,false,false,false,0,YawFollow,-52.1,0.0,-71.4,false,false,false,false,false,false,false,,,,1024,1024,536,1024,82,11.378,0.0,0,0,3,false,3.766,3.816,3.804,0.05,0.053,0.0,0.0,0.0,14.15359954679567,121.26241599943363,14.885205,380.0,true,FixedHeight,false,false,false,false,,true,false,false,,40,,380.0,401,Android,4.3.62,Clinton Spark,0BMCE8B0112XGP,,,0C0AF8NB33038T,,,121.5,23.604368,11.5,1.9104973,2.0,2,0,Clinton Spark,0BMCE8B0112XGP,,,Android,4.3.62
2025-11-19T04:24:25.397Z,114.9,14.1535767966697,121.26244940058805,1.0,11.5,0.5,15.885205,0.0,0.8,0.0,1.9,0.2,1.3,-1.0,-0.2,-71.7,GPSAtti,AutoFly,None,true,Already,13,4,Spark,true,false,Standby,Smart,false,true,false,None,true,MonitorError,false,false,false,false,false,false,false,false,false,false,0,YawFollow,-52.1,0.0,-71.4,false,false,false,false,false,false,false,,,,1024,1024,533,1024,82,11.378,0.0,0,0,3,false,3.766,3.816,3.804,0.05,0.053,0.0,0.0,0.0,14.15359954679567,121.26241599943363,14.885205,380.0,true,FixedHeight,false,false,false,false,,true,false,false,,40,,380.0,401,Android,4.3.62,Clinton Spark,0BMCE8B0112XGP,,,0C0AF8NB33038T,,,121.5,23.604368,11.5,1.9104973,2.0,2,0,Clinton Spark,0BMCE8B0112XGP,,,Android,4.3.62
2025-11-19T04:24:25.500Z,115.0,14.153576787043967,121.26244934577248,1.0,11.5,0.5,15.885205,0.0,0.8,0.0,1.9,0.2,1.3,-0.5,0.0,-71.6,GPSAtti,AutoFly,None,true,Already,13,4,Spark,true,false,Standby,Smart,false,true,false,None,true,MonitorError,false,false,false,false,false,false,false,false,false,false,0,YawFollow,-52.1,0.0,-71.4,false,false,false,false,false,false,false,,,,1024,1024,533,1024,82,11.378,0.0,0,0,3,false,3.766,3.816,3.804,0.05,0.053,0.0,0.0,0.0,14.15359954679567,121.26241599943363,14.885205,380.0,true,FixedHeight,false,false,false,false,,true,false,false,,40,,380.0,401,Android,4.3.62,Clinton Spark,0BMCE8B0112XGP,,,0C0AF8NB33038T,,,121.5,23.604368,11.5,1.9104973,2.0,2,0,Clinton Spark,0BMCE8B0112XGP,,,Android,4.3.62
2025-11-19T04:24:25.602Z,115.1,14.15357680045624,121.26244930694193,1.0,11.5,0.5,15.885205,0.0,0.8,0.0,1.9,0.2,1.3,-0.5,-0.2,-71.7,GPSAtti,AutoFly,None,true,Already,13,4,Spark,true,false,Standby,Smart,false,true,false,None,true,MonitorError,false,false,false,false,false,false,false,false,false,false,0,YawFollow,-52.1,0.0,-71.3,false,false,false,false,false,false,false,,,,1024,1024,523,1024,82,11.378,0.0,0,0,3,false,3.766,3.816,3.804,0.05,0.053,0.0,0.0,0.0,14.15359954679567,121.26241599943363,14.885205,380.0,true,FixedHeight,false,false,false,false,,true,false,false,,40,,380.0,401,Android,4.3.62,Clinton Spark,0BMCE8B0112XGP,,,0C0AF8NB33038T,,,121.5,23.604368,11.5,1.9104973,2.0,2,0,Clinton Spark,0BMCE8B0112XGP,,,Android,4.3.62
2025-11-19T04:24:25.806Z,115.2,14.153576821154983,121.26244926541887,0.9,11.5,0.4,15.785205,0.0,0.8,0.0,1.9,0.1,1.3,-0.9,-0.5,-71.8,GPSAtti,AutoFly,None,true,Already,13,4,Spark,true,false,Standby,Smart,false,true,false,None,true,MonitorError,false,false,false,false,false,false,false,false,false,false,0,YawFollow,-52.1,0.0,-71.3,false,false,false,false,false,false,false,,,,1024,1024,524,1024,82,11.378,0.0,0,0,3,false,3.766,3.816,3.804,0.05,0.053,0.0,0.0,0.0,14.15359954679567,121.26241599943363,14.885205,380.0,true,FixedHeight,false,false,false,false,,true,false,false,,40,,380.0,401,Android,4.3.62,Clinton Spark,0BMCE8B0112XGP,,,0C0AF8NB33038T,,,121.5,23.604368,11.5,1.9104973,2.0,2,0,Clinton Spark,0BMCE8B0112XGP,,,Android,4.3.62
2025-11-19T04:24:25.806Z,115.3,14.153576839672427,121.26244923640859,0.9,11.5,0.4,15.785205,0.0,0.8,0.0,1.9,0.1,1.3,-0.7,-0.4,-71.9,GPSAtti,AutoFly,None,true,Already,13,4,Spark,true,false,Standby,Smart,false,true,false,None,true,MonitorError,false,false,false,false,false,false,false,false,false,false,0,YawFollow,-52.1,0.0,-71.3,false,false,false,false,false,false,false,,,,1024,1024,524,1024,82,11.378,0.0,0,0,3,false,3.766,3.816,3.804,0.05,0.053,0.0,0.0,0.0,14.15359954679567,121.26241599943363,14.885205,380.0,true,FixedHeight,false,false,false,false,,true,false,false,,40,,380.0,401,Android,4.3.62,Clinton Spark,0BMCE8B0112XGP,,,0C0AF8NB33038T,,,121.5,23.604368,11.5,1.9104973,2.0,2,0,Clinton Spark,0BMCE8B0112XGP,,,Android,4.3.62
2025-11-19T04:24:26.010Z,115.4,14.153576853424637,121.26244917544815,0.9,11.5,0.4,15.785205,0.0,0.8,0.0,1.9,0.1,1.3,-0.8,-0.6,-71.9,GPSAtti,AutoFly,None,true,Already,13,4,Spark,true,false,Standby,Smart,false,true,false,None,true,MonitorError,false,false,false,false,false,false,false,false,false,false,0,YawFollow,-52.1,0.0,-71.4,false,false,false,false,false,false,false,,,,1024,1024,586,978,82,11.378,0.0,0,0,3,false,3.766,3.816,3.804,0.05,0.053,0.0,0.0,0.0,14.15359954679567,121.26241599943363,14.885205,380.0,true,FixedHeight,false,false,false,false,,true,false,false,,40,,380.0,401,Android,4.3.62,Clinton Spark,0BMCE8B0112XGP,,,0C0AF8NB33038T,,,121.5,23.604368,11.5,1.9104973,2.0,2,0,Clinton Spark,0BMCE8B0112XGP,,,Android,4.3.62
2025-11-19T04:24:26.112Z,115.5,14.153576862346068,121.26244910863,0.9,11.5,0.4,15.785205,0.0,0.8,0.0,1.9,0.1,1.3,-0.8,-0.5,-71.8,GPSAtti,AutoFly,None,true,Already,13,4,Spark,true,false,Standby,Smart,false,true,false,None,true,MonitorError,false,false,false,false,false,false,false,false,false,false,0,YawFollow,-52.1,0.0,-71.4,false,false,false,false,false,false,false,,,,1024,1024,586,978,82,11.378,0.0,0,0,3,false,3.766,3.816,3.804,0.05,0.053,0.0,0.0,0.0,14.15359954679567,121.26241599943363,14.885205,380.0,true,FixedHeight,false,false,false,false,,true,false,false,,40,,380.0,401,Android,4.3.62,Clinton Spark,0BMCE8B0112XGP,,,0C0AF8NB33038T,,,121.5,23.604368,11.5,1.9104973,2.0,2,0,Clinton Spark,0BMCE8B0112XGP,,,Android,4.3.62
2025-11-19T04:24:26.112Z,115.6,14.153576816824543,121.26244904586939,0.9,11.5,0.4,15.785205,0.0,0.8,0.0,1.9,0.1,1.3,-0.6,-0.3,-71.9,GPSAtti,AutoFly,None,true,Already,13,4,Spark,true,false,Standby,Smart,false,true,false,None,true,MonitorError,false,false,false,false,false,false,false,false,false,false,0,YawFollow,-52.1,0.0,-71.4,false,false,false,false,false,false,false,,,,1024,1024,781,862,82,11.378,0.0,0,0,3,false,3.766,3.816,3.804,0.05,0.053,0.0,0.0,0.0,14.15359954679567,121.26241599943363,14.885205,380.0,true,FixedHeight,false,false,false,false,,true,false,false,,40,,380.0,401,Android,4.3.62,Clinton Spark,0BMCE8B0112XGP,,,0C0AF8NB33038T,,,121.5,23.604368,11.5,1.9104973,2.0,2,0,Clinton Spark,0BMCE8B0112XGP,,,Android,4.3.62
2025-11-19T04:24:26.219Z,115.7,14.153576755308036,121.2624489987205,0.9,11.5,0.4,15.785205,0.0,0.8,0.0,1.9,0.0,1.3,-0.4,-0.3,-71.8,GPSAtti,AutoFly,None,true,Already,13,4,Spark,true,false,Standby,Smart,false,true,false,None,true,MonitorError,false,false,false,false,false,false,false,false,false,false,0,YawFollow,-52.1,0.0,-71.4,false,false,false,false,false,false,false,,,,1024,1024,1024,1024,82,11.378,0.0,0,0,3,false,3.766,3.816,3.804,0.05,0.053,0.0,0.0,0.0,14.15359954679567,121.26241599943363,14.885205,380.0,true,FixedHeight,false,false,false,false,,true,false,false,,40,,380.0,401,Android,4.3.62,Clinton Spark,0BMCE8B0112XGP,,,0C0AF8NB33038T,,,121.5,23.604368,11.5,1.9104973,2.0,2,0,Clinton Spark,0BMCE8B0112XGP,,,Android,4.3.62
2025-11-19T04:24:26.320Z,115.8,14.153576666798442,121.26244897071082,0.9,11.5,0.4,15.785205,0.0,0.8,0.0,1.9,0.0,1.3,-0.5,-0.2,-71.7,GPSAtti,AutoFly,None,true,Already,13,4,Spark,true,false,Standby,Smart,false,true,false,None,true,MonitorError,false,false,false,false,false,false,false,false,false,false,0,YawFollow,-52.1,0.0,-71.4,false,false,false,false,false,false,false,,,,1024,961,1024,1024,82,11.397,0.0,0,0,3,false,3.766,3.816,3.804,0.05,0.053,0.0,0.0,0.0,14.15359954679567,121.26241599943363,14.885205,380.0,true,FixedHeight,false,false,false,false,,true,false,false,,40,,380.0,401,Android,4.3.62,Clinton Spark,0BMCE8B0112XGP,,,0C0AF8NB33038T,,,121.5,23.604368,11.5,1.9104973,2.0,2,0,Clinton Spark,0BMCE8B0112XGP,,,Android,4.3.62
2025-11-19T04:24:26.422Z,115.9,14.15357660079557,121.26244895313768,0.9,11.5,0.3,15.785205,0.0,0.8,0.0,1.9,0.0,1.3,-0.4,0.0,-71.8,GPSAtti,AutoFly,None,true,Already,13,4,Spark,true,false,Standby,Smart,false,true,false,None,true,MonitorError,false,false,false,false,false,false,false,false,false,false,0,YawFollow,-52.1,0.0,-71.3,false,false,false,false,false,false,false,,,,1024,831,1024,1024,82,11.397,0.0,0,0,3,false,3.766,3.816,3.804,0.05,0.053,0.0,0.0,0.0,14.15359954679567,121.26241599943363,14.885205,380.0,true,FixedHeight,false,false,false,false,,true,false,false,,40,,380.0,401,Android,4.3.62,Clinton Spark,0BMCE8B0112XGP,,,0C0AF8NB33038T,,,121.5,23.604368,11.5,1.9104973,2.0,2,0,Clinton Spark,0BMCE8B0112XGP,,,Android,4.3.62
2025-11-19T04:24:26.525Z,116.0,14.153576537628227,121.26244895436797,0.8,11.5,0.3,15.685205,0.0,0.8,0.0,1.9,0.0,1.3,-0.3,0.1,-71.7,GPSAtti,AutoFly,None,true,Already,14,4,Spark,true,false,Standby,Smart,false,true,false,None,true,MonitorError,false,false,false,false,false,false,false,false,false,false,0,YawFollow,-52.1,0.0,-71.3,false,false,false,false,false,false,false,,,,1024,786,1024,1024,82,11.397,0.0,0,0,3,false,3.766,3.816,3.804,0.05,0.053,0.0,0.0,0.0,14.15359954679567,121.26241599943363,14.885205,380.0,true,FixedHeight,false,false,false,false,,true,false,false,,40,,380.0,401,Android,4.3.62,Clinton Spark,0BMCE8B0112XGP,,,0C0AF8NB33038T,,,121.5,23.604368,11.5,1.9104973,2.0,2,0,Clinton Spark,0BMCE8B0112XGP,,,Android,4.3.62
2025-11-19T04:24:26.525Z,116.1,14.153576515501337,121.26244895616594,0.8,11.5,0.3,15.685205,0.0,0.8,0.0,1.9,0.0,1.3,-0.4,-0.1,-71.6,GPSAtti,AutoFly,None,true,Already,14,4,Spark,true,false,Standby,Smart,false,true,false,None,true,MonitorError,false,false,false,false,false,false,false,false,false,false,0,YawFollow,-52.1,0.0,-71.3,false,false,false,false,false,false,false,,,,1024,912,1024,1024,82,11.397,0.0,0,0,3,false,3.766,3.816,3.804,0.05,0.053,0.0,0.0,0.0,14.15359954679567,121.26241599943363,14.885205,380.0,true,FixedHeight,false,false,false,false,,true,false,false,,40,,380.0,401,Android,4.3.62,Clinton Spark,0BMCE8B0112XGP,,,0C0AF8NB33038T,,,121.5,23.604368,11.5,1.9104973,2.0,2,0,Clinton Spark,0BMCE8B0112XGP,,,Android,4.3.62
2025-11-19T04:24:26.729Z,116.2,14.153576485314057,121.26244896308165,0.8,11.5,0.3,15.685205,0.0,0.8,0.0,1.9,0.0,1.3,-0.6,-0.4,-71.6,GPSAtti,AutoFly,None,true,Already,14,4,Spark,true,false,Standby,Smart,false,true,false,None,true,MonitorError,false,false,false,false,false,false,false,false,false,false,0,YawFollow,-52.1,0.0,-71.4,false,false,false,false,false,false,false,,,,1024,912,1024,1024,82,11.397,0.0,0,0,3,false,3.766,3.816,3.804,0.05,0.053,0.0,0.0,0.0,14.15359954679567,121.26241599943363,14.885205,380.0,true,FixedHeight,false,false,false,false,,true,false,false,,40,,380.0,401,Android,4.3.62,Clinton Spark,0BMCE8B0112XGP,,,0C0AF8NB33038T,,,121.5,23.604368,11.5,1.9104973,2.0,2,0,Clinton Spark,0BMCE8B0112XGP,,,Android,4.3.62
2025-11-19T04:24:26.831Z,116.3,14.15357645789391,121.26244895882091,0.8,11.5,0.3,15.685205,0.0,0.8,0.0,1.9,0.0,1.3,-0.5,-0.5,-71.8,GPSAtti,AutoFly,None,true,Already,14,4,Spark,true,false,Standby,Smart,false,true,false,None,true,MonitorError,false,false,false,false,false,false,false,false,false,false,0,YawFollow,-52.1,0.0,-72.1,false,false,false,false,false,false,false,,,,1024,1024,1024,1024,82,11.397,0.0,0,0,3,false,3.766,3.816,3.804,0.05,0.053,0.0,0.0,0.0,14.15359954679567,121.26241599943363,14.885205,380.0,true,FixedHeight,false,false,false,false,,true,false,false,,40,,380.0,401,Android,4.3.62,Clinton Spark,0BMCE8B0112XGP,,,0C0AF8NB33038T,,,121.5,23.604368,11.5,1.9104973,2.0,2,0,Clinton Spark,0BMCE8B0112XGP,,,Android,4.3.62
2025-11-19T04:24:26.933Z,116.4,14.15357642446684,121.26244896495028,0.8,11.5,0.3,15.685205,0.0,0.8,0.0,1.9,0.0,1.3,-0.6,-0.3,-72.6,GPSAtti,AutoFly,None,true,Already,13,4,Spark,true,false,Standby,Smart,false,true,false,None,true,MonitorError,false,false,false,false,false,false,false,false,false,false,0,YawFollow,-52.1,0.0,-72.3,false,false,false,false,false,false,false,,,,1024,1024,860,1024,82,11.397,0.0,0,0,3,false,3.766,3.816,3.804,0.05,0.053,0.0,0.0,0.0,14.15359954679567,121.26241599943363,14.885205,380.0,true,FixedHeight,false,false,false,false,,true,false,false,,40,,380.0,401,Android,4.3.62,Clinton Spark,0BMCE8B0112XGP,,,0C0AF8NB33038T,,,121.5,23.604368,11.5,1.9104973,2.0,2,0,Clinton Spark,0BMCE8B0112XGP,,,Android,4.3.62
2025-11-19T04:24:27.035Z,116.5,14.153576407248895,121.2624489775426,0.8,11.5,0.3,15.685205,0.0,0.8,0.0,1.9,0.0,1.3,-0.5,-0.6,-72.8,GPSAtti,AutoFly,None,true,Already,13,4,Spark,true,false,Standby,Smart,false,true,false,None,true,MonitorError,false,false,false,false,false,false,false,false,false,false,0,YawFollow,-52.1,0.0,-72.6,false,false,false,false,false,false,false,,,,1024,1024,364,1022,82,11.397,0.0,0,0,3,false,3.766,3.816,3.804,0.05,0.053,0.0,0.0,0.0,14.15359954679567,121.26241599943363,14.885205,380.0,true,FixedHeight,false,false,false,false,,true,false,false,,40,,380.0,401,Android,4.3.62,Clinton Spark,0BMCE8B0112XGP,,,0C0AF8NB33038T,,,121.5,23.604368,11.5,1.9104973,2.0,2,0,Clinton Spark,0BMCE8B0112XGP,,,Android,4.3.62
2025-11-19T04:24:27.137Z,116.6,14.153576406395997,121.26244897595892,0.8,11.5,0.3,15.685205,0.0,0.8,0.0,1.9,0.0,1.3,0.4,-0.7,-72.9,GPSAtti,AutoFly,None,true,Already,13,4,Spark,true,false,Standby,Smart,false,true,false,None,true,MonitorError,false,false,false,false,false,false,false,false,false,false,0,YawFollow,-52.1,0.0,-72.6,false,false,false,false,false,false,false,,,,1024,1024,364,1000,82,11.397,0.0,0,0,3,false,3.766,3.816,3.804,0.05,0.053,0.0,0.0,0.0,14.15359954679567,121.26241599943363,14.885205,380.0,true,FixedHeight,false,false,false,false,,true,false,false,,40,,380.0,401,Android,4.3.62,Clinton Spark,0BMCE8B0112XGP,,,0C0AF8NB33038T,,,121.5,23.604368,11.5,1.9104973,2.0,2,0,Clinton Spark,0BMCE8B0112XGP,,,Android,4.3.62
2025-11-19T04:24:27.239Z,116.7,14.15357641687137,121.26244897294613,0.8,11.5,0.3,15.685205,0.0,0.8,0.0,1.9,0.0,1.3,2.1,-0.7,-72.9,GPSAtti,AutoFly,None,true,Already,13,4,Spark,true,false,Standby,Smart,false,true,false,None,true,MonitorError,false,false,false,false,false,false,false,false,false,false,0,YawFollow,-52.1,0.0,-72.6,false,false,false,false,false,false,false,,,,1024,1024,364,994,82,11.397,0.0,0,0,3,false,3.766,3.816,3.804,0.05,0.053,0.0,0.0,0.0,14.15359954679567,121.26241599943363,14.885205,380.0,true,FixedHeight,false,false,false,false,,true,false,false,,40,,380.0,401,Android,4.3.62,Clinton Spark,0BMCE8B0112XGP,,,0C0AF8NB33038T,,,121.5,23.604368,11.5,1.9104973,2.0,2,0,Clinton Spark,0BMCE8B0112XGP,,,Android,4.3.62
2025-11-19T04:24:27.349Z,116.8,14.153576395043707,121.26244902678985,0.8,11.5,0.3,15.685205,0.0,0.8,0.0,1.9,0.0,1.3,3.3,-0.7,-72.8,GPSAtti,AutoFly,None,true,Already,13,4,Spark,true,false,Standby,Smart,false,true,false,None,true,MonitorError,false,false,false,false,false,false,false,false,false,false,0,YawFollow,-52.1,0.0,-72.6,false,false,false,false,false,false,false,,,,1024,1024,364,995,82,11.373,0.0,0,0,3,false,3.766,3.816,3.804,0.05,0.053,0.0,0.0,0.0,14.15359954679567,121.26241599943363,14.885205,380.0,true,FixedHeight,false,false,false,false,,true,false,false,,40,,380.0,401,Android,4.3.62,Clinton Spark,0BMCE8B0112XGP,,,0C0AF8NB33038T,,,121.5,23.604368,11.5,1.9104973,2.0,2,0,Clinton Spark,0BMCE8B0112XGP,,,Android,4.3.62
2025-11-19T04:24:27.453Z,116.9,14.153576334737133,121.2624491567905,0.8,11.5,0.3,15.685205,0.0,0.8,0.1,1.9,0.0,1.3,2.0,-0.5,-72.8,GPSAtti,AutoFly,None,true,Already,13,4,Spark,true,false,Standby,Smart,false,true,false,None,true,MonitorError,false,false,false,false,false,false,false,false,false,false,0,YawFollow,-52.1,0.0,-72.6,false,false,false,false,false,false,false,,,,1024,1024,364,1007,82,11.373,0.0,0,0,3,false,3.766,3.816,3.804,0.05,0.053,0.0,0.0,0.0,14.15359954679567,121.26241599943363,14.885205,380.0,true,FixedHeight,false,false,false,false,,true,false,false,,40,,380.0,401,Android,4.3.62,Clinton Spark,0BMCE8B0112XGP,,,0C0AF8NB33038T,,,121.5,23.604368,11.5,1.9104973,2.0,2,0,Clinton Spark,0BMCE8B0112XGP,,,Android,4.3.62
2025-11-19T04:24:27.558Z,117.0,14.153576244382512,121.26244933679818,0.8,11.5,0.3,15.685205,0.0,0.8,0.1,1.9,0.0,1.3,0.3,-0.5,-72.7,GPSAtti,AutoFly,None,true,Already,13,4,Spark,true,false,Standby,Smart,false,true,false,None,true,MonitorError,false,false,false,false,false,false,false,false,false,false,0,YawFollow,-52.1,0.0,-72.5,false,false,false,false,false,false,false,,,,1024,1024,364,1024,82,11.373,0.0,0,0,3,false,3.766,3.816,3.804,0.05,0.053,0.0,0.0,0.0,14.15359954679567,121.26241599943363,14.885205,380.0,true,FixedHeight,false,false,false,false,,true,false,false,,40,,380.0,401,Android,4.3.62,Clinton Spark,0BMCE8B0112XGP,,,0C0AF8NB33038T,,,121.5,23.604368,11.5,1.9104973,2.0,2,0,Clinton Spark,0BMCE8B0112XGP,,,Android,4.3.62
2025-11-19T04:24:27.664Z,117.1,14.153576144626474,121.26244953351978,0.8,11.5,0.3,15.685205,0.0,0.8,0.1,1.9,0.0,1.3,-1.7,-0.3,-72.7,GPSAtti,AutoFly,None,true,Already,13,4,Spark,true,false,Standby,Smart,false,true,false,None,true,MonitorError,false,false,false,false,false,false,false,false,false,false,0,YawFollow,-52.1,0.0,-72.5,false,false,false,false,false,false,false,,,,1024,1024,364,1024,82,11.373,0.0,0,0,3,false,3.766,3.816,3.804,0.05,0.053,0.0,0.0,0.0,14.15359954679567,121.26241599943363,14.885205,380.0,true,FixedHeight,false,false,false,false,,true,false,false,,40,,380.0,401,Android,4.3.62,Clinton Spark,0BMCE8B0112XGP,,,0C0AF8NB33038T,,,121.5,23.604368,11.5,1.9104973,2.0,2,0,Clinton Spark,0BMCE8B0112XGP,,,Android,4.3.62
2025-11-19T04:24:27.764Z,117.2,14.153576029053362,121.26244972393532,0.8,11.5,0.3,15.685205,0.0,0.8,0.1,1.9,0.0,1.3,-2.7,-0.3,-72.8,GPSAtti,AutoFly,None,true,Already,12,4,Spark,true,false,Standby,Smart,false,true,false,None,true,MonitorError,false,false,false,false,false,false,false,false,false,false,0,YawFollow,-52.1,0.0,-72.5,false,false,false,false,false,false,false,,,,1024,1024,364,1024,82,11.373,0.0,0,0,3,false,3.766,3.816,3.804,0.05,0.053,0.0,0.0,0.0,14.15359954679567,121.26241599943363,14.885205,380.0,true,FixedHeight,false,false,false,false,,true,false,false,,40,,380.0,401,Android,4.3.62,Clinton Spark,0BMCE8B0112XGP,,,0C0AF8NB33038T,,,121.5,23.604368,11.5,1.9104973,2.0,2,0,Clinton Spark,0BMCE8B0112XGP,,,Android,4.3.62
2025-11-19T04:24:27.867Z,117.3,14.153575930043965,121.26244987842705,0.8,11.5,0.3,15.685205,0.0,0.8,0.0,1.9,0.0,1.3,-2.4,-0.4,-72.9,GPSAtti,AutoFly,None,true,Already,12,4,Spark,true,false,Standby,Smart,false,true,false,None,true,MonitorError,false,false,false,false,false,false,false,false,false,false,0,YawFollow,-52.1,0.0,-72.5,false,false,false,false,false,false,false,,,,1024,1024,364,1024,82,11.373,0.0,0,0,3,false,3.766,3.816,3.804,0.05,0.053,0.0,0.0,0.0,14.15359954679567,121.26241599943363,14.885205,380.0,true,FixedHeight,false,false,false,false,,true,false,false,,40,,380.0,401,Android,4.3.62,Clinton Spark,0BMCE8B0112XGP,,,0C0AF8NB33038T,,,121.5,23.604368,11.5,1.9104973,2.0,2,0,Clinton Spark,0BMCE8B0112XGP,,,Android,4.3.62
2025-11-19T04:24:27.969Z,117.4,14.153575848860333,121.26244995025252,0.8,11.5,0.3,15.685205,0.0,0.8,0.0,1.9,0.0,1.3,-1.8,-0.4,-73.1,GPSAtti,AutoFly,None,true,Already,12,4,Spark,true,false,Standby,Smart,false,true,false,None,true,MonitorError,false,false,false,false,false,false,false,false,false,false,0,YawFollow,-52.1,0.0,-72.4,false,false,false,false,false,false,false,,,,1024,1024,364,1024,82,11.373,0.0,0,0,3,false,3.766,3.816,3.804,0.05,0.053,0.0,0.0,0.0,14.15359954679567,121.26241599943363,14.885205,380.0,true,FixedHeight,false,false,false,false,,true,false,false,,40,,380.0,401,Android,4.3.62,Clinton Spark,0BMCE8B0112XGP,,,0C0AF8NB33038T,,,121.5,23.604368,11.5,1.9104973,2.0,2,0,Clinton Spark,0BMCE8B0112XGP,,,Android,4.3.62
2025-11-19T04:24:28.071Z,117.5,14.153575790462297,121.26244997367235,0.8,11.5,0.3,15.685205,0.0,0.8,0.0,1.9,0.0,1.3,-1.3,-0.1,-73.2,GPSAtti,AutoFly,None,true,Already,12,4,Spark,true,false,Standby,Smart,false,true,false,None,true,MonitorError,false,false,false,false,false,false,false,false,false,false,0,YawFollow,-52.1,0.0,-72.5,false,false,false,false,false,false,false,,,,1024,1024,364,1024,82,11.373,0.0,0,0,3,false,3.766,3.816,3.804,0.05,0.053,0.0,0.0,0.0,14.15359954679567,121.26241599943363,14.885205,380.0,true,FixedHeight,false,false,false,false,,true,false,false,,40,,380.0,401,Android,4.3.62,Clinton Spark,0BMCE8B0112XGP,,,0C0AF8NB33038T,,,121.5,23.604368,11.5,1.9104973,2.0,2,0,Clinton Spark,0BMCE8B0112XGP,,,Android,4.3.62
2025-11-19T04:24:28.275Z,117.6,14.15357574662784,121.26244995270208,0.8,11.5,0.3,15.685205,0.0,0.8,0.0,1.9,0.0,1.3,-1.0,0.0,-73.2,GPSAtti,AutoFly,None,true,Already,13,4,Spark,true,false,Standby,Smart,false,true,false,None,true,MonitorError,false,false,false,false,false,false,false,false,false,false,0,YawFollow,-52.1,0.0,-72.5,false,false,false,false,false,false,false,,,,1024,1024,364,1024,82,11.373,0.0,0,0,3,false,3.766,3.816,3.804,0.05,0.053,0.0,0.0,0.0,14.15359954679567,121.26241599943363,14.885205,380.0,true,FixedHeight,false,false,false,false,,true,false,false,,40,,380.0,401,Android,4.3.62,Clinton Spark,0BMCE8B0112XGP,,,0C0AF8NB33038T,,,121.5,23.604368,11.5,1.9104973,2.0,2,0,Clinton Spark,0BMCE8B0112XGP,,,Android,4.3.62
2025-11-19T04:24:28.275Z,117.7,14.153575714977404,121.26244994091154,0.8,11.5,0.3,15.685205,0.0,0.8,0.0,1.9,0.0,1.3,-1.1,-0.1,-73.2,GPSAtti,AutoFly,None,true,Already,13,4,Spark,true,false,Standby,Smart,false,true,false,None,true,MonitorError,false,false,false,false,false,false,false,false,false,false,0,YawFollow,-52.1,0.0,-72.5,false,false,false,false,false,false,false,,,,1024,1024,364,1024,82,11.373,0.0,0,0,3,false,3.766,3.816,3.804,0.05,0.053,0.0,0.0,0.0,14.15359954679567,121.26241599943363,14.885205,380.0,true,FixedHeight,false,false,false,false,,true,false,false,,40,,380.0,401,Android,4.3.62,Clinton Spark,0BMCE8B0112XGP,,,0C0AF8NB33038T,,,121.5,23.604368,11.5,1.9104973,2.0,2,0,Clinton Spark,0BMCE8B0112XGP,,,Android,4.3.62
2025-11-19T04:24:28.378Z,117.8,14.153575691340539,121.26244989200227,0.8,11.5,0.3,15.685205,0.0,0.8,0.0,1.9,0.0,1.3,-0.8,-0.1,-73.1,GPSAtti,AutoFly,None,true,Already,13,4,Spark,true,false,Standby,Smart,false,true,false,None,true,MonitorError,false,false,false,false,false,false,false,false,false,false,0,YawFollow,-52.1,0.0,-72.5,false,false,false,false,false,false,false,,,,1024,1024,364,1024,82,11.364,0.0,0,0,3,false,3.766,3.816,3.804,0.05,0.053,0.0,0.0,0.0,14.15359954679567,121.26241599943363,14.885205,380.0,true,FixedHeight,false,false,false,false,,true,false,false,,40,,380.0,401,Android,4.3.62,Clinton Spark,0BMCE8B0112XGP,,,0C0AF8NB33038T,,,121.5,23.604368,11.5,1.9104973,2.0,2,0,Clinton Spark,0BMCE8B0112XGP,,,Android,4.3.62
2025-11-19T04:24:28.378Z,117.9,14.153575662664862,121.26244986120287,0.8,11.5,0.3,15.685205,0.0,0.8,0.0,1.9,0.0,1.3,-0.6,-0.1,-73.1,GPSAtti,AutoFly,None,true,Already,13,4,Spark,true,false,Standby,Smart,false,true,false,None,true,MonitorError,false,false,false,false,false,false,false,false,false,false,0,YawFollow,-52.1,0.0,-72.5,false,false,false,false,false,false,false,,,,1024,1024,364,1024,82,11.364,0.0,0,0,3,false,3.766,3.816,3.804,0.05,0.053,0.0,0.0,0.0,14.15359954679567,121.26241599943363,14.885205,380.0,true,FixedHeight,false,false,false,false,,true,false,false,,40,,380.0,401,Android,4.3.62,Clinton Spark,0BMCE8B0112XGP,,,0C0AF8NB33038T,,,121.5,23.604368,11.5,1.9104973,2.0,2,0,Clinton Spark,0BMCE8B0112XGP,,,Android,4.3.62
2025-11-19T04:24:28.479Z,118.0,14.153575653130321,121.26244980482346,0.8,11.5,0.3,15.685205,0.0,0.8,0.0,1.9,0.0,1.3,-0.4,0.0,-73.1,GPSAtti,AutoFly,None,true,Already,12,4,Spark,true,false,Standby,Smart,false,true,false,None,true,MonitorError,false,false,false,false,false,false,false,false,false,false,0,YawFollow,-52.1,0.0,-72.4,false,false,false,false,false,false,false,,,,1024,1024,364,1024,82,11.364,0.0,0,0,3,false,3.766,3.816,3.804,0.05,0.053,0.0,0.0,0.0,14.15359954679567,121.26241599943363,14.885205,380.0,true,FixedHeight,false,false,false,false,,true,false,false,,40,,380.0,401,Android,4.3.62,Clinton Spark,0BMCE8B0112XGP,,,0C0AF8NB33038T,,,121.5,23.604368,11.5,1.9104973,2.0,2,0,Clinton Spark,0BMCE8B0112XGP,,,Android,4.3.62
2025-11-19T04:24:28.581Z,118.1,14.153575654946444,121.26244977860512,0.8,11.5,0.3,15.685205,0.0,0.8,0.0,1.9,0.0,1.3,-0.4,0.1,-73.2,GPSAtti,AutoFly,None,true,Already,12,4,Spark,true,false,Standby,Smart,false,true,false,None,true,MonitorError,false,false,false,false,false,false,false,false,false,false,0,YawFollow,-52.1,0.0,-72.5,false,false,false,false,false,false,false,,,,1024,1024,364,1024,82,11.364,0.0,0,0,3,false,3.766,3.816,3.804,0.05,0.053,0.0,0.0,0.0,14.15359954679567,121.26241599943363,14.885205,380.0,true,FixedHeight,false,false,false,false,,true,false,false,,40,,380.0,401,Android,4.3.62,Clinton Spark,0BMCE8B0112XGP,,,0C0AF8NB33038T,,,121.5,23.604368,11.5,1.9104973,2.0,2,0,Clinton Spark,0BMCE8B0112XGP,,,Android,4.3.62
2025-11-19T04:24:28.683Z,118.2,14.153575680700285,121.26244971962815,0.8,11.5,0.3,15.685205,0.0,0.8,0.0,1.9,0.0,1.3,-0.3,0.0,-73.3,GPSAtti,AutoFly,None,true,Already,12,5,Spark,true,false,Standby,Smart,false,true,false,None,true,MonitorError,false,false,false,false,false,false,false,false,false,false,0,YawFollow,-52.1,0.0,-72.5,false,false,false,false,false,false,false,,,,1024,1024,364,1024,82,11.364,0.0,0,0,3,false,3.766,3.816,3.804,0.05,0.053,0.0,0.0,0.0,14.15359954679567,121.26241599943363,14.885205,380.0,true,FixedHeight,false,false,false,false,,true,false,false,,40,,380.0,401,Android,4.3.62,Clinton Spark,0BMCE8B0112XGP,,,0C0AF8NB33038T,,,121.5,23.604368,11.5,1.9104973,2.0,2,0,Clinton Spark,0BMCE8B0112XGP,,,Android,4.3.62
2025-11-19T04:24:28.786Z,118.3,14.15357570424555,121.26244967488026,0.8,11.5,0.3,15.685205,0.0,0.8,0.0,1.9,0.0,1.3,-0.4,0.0,-73.3,GPSAtti,AutoFly,VertLowLimitLanding,true,Already,12,5,Spark,true,false,Standby,Smart,false,true,false,None,true,MonitorError,false,false,false,false,false,false,false,false,false,false,0,YawFollow,-47.5,0.0,-72.4,false,false,false,false,false,false,false,,,,1024,1024,364,1024,82,11.364,0.0,0,0,3,false,3.766,3.816,3.804,0.05,0.053,0.0,0.0,0.0,14.15359954679567,121.26241599943363,14.885205,380.0,true,FixedHeight,false,false,false,false,,true,false,false,,40,,380.0,401,Android,4.3.62,Clinton Spark,0BMCE8B0112XGP,,,0C0AF8NB33038T,,,121.5,23.604368,11.5,1.9104973,2.0,2,0,Clinton Spark,0BMCE8B0112XGP,,,Android,4.3.62
2025-11-19T04:24:29.096Z,118.4,14.15357574632658,121.26244959684806,0.8,11.5,0.3,15.685205,0.0,0.8,0.0,1.9,0.0,1.3,-0.2,-0.3,-73.3,ConfirmLanding,AutoFly,VertLowLimitLanding,true,Already,12,5,Spark,true,false,Standby,Smart,false,true,false,None,true,MonitorError,false,false,false,false,false,false,false,false,false,false,0,YawFollow,-42.8,0.0,-72.3,false,false,false,false,false,false,false,,,,1024,1024,364,1024,82,11.364,0.0,0,0,3,false,3.766,3.816,3.804,0.05,0.053,0.0,0.0,0.0,14.15359954679567,121.26241599943363,14.885205,380.0,true,FixedHeight,false,false,false,false,,true,false,false,,40,,380.0,401,Android,4.3.62,Clinton Spark,0BMCE8B0112XGP,,,0C0AF8NB33038T,Flight mode changed to ConfirmLanding.,,121.5,23.604368,11.5,1.9104973,2.0,2,0,Clinton Spark,0BMCE8B0112XGP,,,Android,4.3.62
2025-11-19T04:24:29.198Z,118.5,14.153575784746051,121.26244954338867,0.8,11.5,0.3,15.685205,0.0,0.8,0.0,1.9,0.0,1.3,-0.3,-0.6,-73.2,ConfirmLanding,AutoFly,VertLowLimitLanding,true,Already,12,5,Spark,true,false,Standby,Smart,false,true,false,None,true,MonitorError,false,false,false,false,false,false,false,false,false,false,0,YawFollow,-38.6,0.0,-72.2,false,false,false,false,false,false,false,,,,1024,1024,364,1024,82,11.364,0.0,0,0,3,false,3.766,3.816,3.804,0.05,0.053,0.0,0.0,0.0,14.15359954679567,121.26241599943363,14.885205,380.0,true,FixedHeight,false,false,false,false,,true,false,false,,40,,380.0,401,Android,4.3.62,Clinton Spark,0BMCE8B0112XGP,,,0C0AF8NB33038T,,,121.5,23.604368,11.5,1.9104973,2.0,2,0,Clinton Spark,0BMCE8B0112XGP,,,Android,4.3.62
2025-11-19T04:24:29.401Z,118.6,14.153575823545356,121.26244948152704,0.8,11.5,0.3,15.685205,0.0,0.8,0.0,1.9,0.1,1.3,-0.2,-0.8,-73.3,ConfirmLanding,AutoFly,VertLowLimitLanding,true,Already,13,5,Spark,true,false,Standby,Smart,false,true,false,None,true,MonitorError,false,false,false,false,false,false,false,false,false,false,0,YawFollow,-34.8,0.0,-72.2,false,false,false,false,false,false,false,,,,1024,1024,364,1024,82,11.364,0.0,0,0,3,false,3.766,3.816,3.804,0.05,0.053,0.0,0.0,0.0,14.15359954679567,121.26241599943363,14.885205,380.0,true,FixedHeight,false,false,false,false,,true,false,false,,40,,380.0,401,Android,4.3.62,Clinton Spark,0BMCE8B0112XGP,,,0C0AF8NB33038T,,,121.5,23.604368,11.5,1.9104973,2.0,2,0,Clinton Spark,0BMCE8B0112XGP,,,Android,4.3.62
2025-11-19T04:24:29.503Z,118.7,14.153575846250344,121.26244944721786,0.8,11.5,0.3,15.685205,0.0,0.8,0.0,1.9,0.1,1.3,-0.2,-0.6,-73.3,ConfirmLanding,AutoFly,VertLowLimitLanding,true,Already,13,5,Spark,true,false,Standby,Smart,false,true,false,None,true,MonitorError,false,false,false,false,false,false,false,false,false,false,0,YawFollow,-31.4,0.0,-72.2,false,false,false,false,false,false,false,,,,1024,1024,364,1024,82,11.364,0.0,0,0,3,false,3.766,3.816,3.804,0.05,0.053,0.0,0.0,0.0,14.15359954679567,121.26241599943363,14.885205,380.0,true,FixedHeight,false,false,false,false,,true,false,false,,40,,380.0,401,Android,4.3.62,Clinton Spark,0BMCE8B0112XGP,,,0C0AF8NB33038T,,,121.5,23.604368,11.5,1.9104973,2.0,2,0,Clinton Spark,0BMCE8B0112XGP,,,Android,4.3.62
2025-11-19T04:24:29.606Z,118.8,14.153575854625839,121.26244940829677,0.8,11.5,0.3,15.685205,0.0,0.8,0.0,1.9,0.2,1.3,-0.1,-0.4,-73.2,ConfirmLanding,AutoFly,VertLowLimitLanding,true,Already,13,5,Spark,true,false,Standby,Smart,false,true,false,None,true,MonitorError,false,false,false,false,false,false,false,false,false,false,0,YawFollow,-28.3,0.0,-72.2,false,false,false,false,false,false,false,,,,1024,1024,364,1024,82,11.386,0.0,0,0,3,false,3.766,3.816,3.804,0.05,0.053,0.0,0.0,0.0,14.15359954679567,121.26241599943363,14.885205,380.0,true,FixedHeight,false,false,false,false,,true,false,false,,40,,380.0,401,Android,4.3.62,Clinton Spark,0BMCE8B0112XGP,,,0C0AF8NB33038T,,,121.5,23.604368,11.5,1.9104973,2.0,2,0,Clinton Spark,0BMCE8B0112XGP,,,Android,4.3.62
2025-11-19T04:24:29.810Z,118.9,14.153575854464217,121.2624493880112,0.7,11.5,0.2,15.585205,0.0,0.8,0.0,1.9,0.2,1.3,-0.3,-0.5,-73.2,ConfirmLanding,AutoFly,VertLowLimitLanding,true,Already,13,5,Spark,true,false,Standby,Smart,false,true,false,None,true,MonitorError,false,false,false,false,false,false,false,false,false,false,0,YawFollow,-25.5,0.0,-72.2,false,false,false,false,false,false,false,,,,1024,1024,364,1024,82,11.386,0.0,0,0,3,false,3.766,3.816,3.804,0.05,0.053,0.0,0.0,0.0,14.15359954679567,121.26241599943363,14.885205,380.0,true,FixedHeight,false,false,false,false,,true,false,false,,40,,380.0,401,Android,4.3.62,Clinton Spark,0BMCE8B0112XGP,,,0C0AF8NB33038T,,,121.5,23.604368,11.5,1.9104973,2.0,2,0,Clinton Spark,0BMCE8B0112XGP,,,Android,4.3.62
2025-11-19T04:24:29.810Z,119.0,14.153575845063209,121.26244937236635,0.7,11.5,0.2,15.585205,0.0,0.8,0.0,1.9,0.2,1.3,-0.2,-0.5,-73.2,ConfirmLanding,AutoFly,VertLowLimitLanding,true,Already,13,5,Spark,true,false,Standby,Smart,false,true,false,None,true,MonitorError,false,false,false,false,false,false,false,false,false,false,0,YawFollow,-23.0,0.0,-72.1,false,false,false,false,false,false,false,,,,1024,1024,364,1024,82,11.386,0.0,0,0,3,false,3.766,3.816,3.804,0.05,0.053,0.0,0.0,0.0,14.15359954679567,121.26241599943363,14.885205,380.0,true,FixedHeight,false,false,false,false,,true,false,false,,40,,380.0,401,Android,4.3.62,Clinton Spark,0BMCE8B0112XGP,,,0C0AF8NB33038T,,,121.5,23.604368,11.5,1.9104973,2.0,2,0,Clinton Spark,0BMCE8B0112XGP,,,Android,4.3.62
2025-11-19T04:24:29.912Z,119.1,14.153575833528127,121.26244936529378,0.7,11.5,0.2,15.585205,0.0,0.8,0.0,1.9,0.2,1.3,-0.2,-0.6,-73.2,ConfirmLanding,AutoFly,VertLowLimitLanding,true,Already,13,5,Spark,true,false,Standby,Smart,false,true,false,None,true,MonitorError,false,false,false,false,false,false,false,false,false,false,0,YawFollow,-20.8,0.0,-72.1,false,false,false,false,false,false,false,,,,1024,1024,364,1024,82,11.386,0.0,0,0,3,false,3.766,3.816,3.804,0.05,0.053,0.0,0.0,0.0,14.15359954679567,121.26241599943363,14.885205,380.0,true,FixedHeight,false,false,false,false,,true,false,false,,40,,380.0,401,Android,4.3.62,Clinton Spark,0BMCE8B0112XGP,,,0C0AF8NB33038T,,,121.5,23.604368,11.5,1.9104973,2.0,2,0,Clinton Spark,0BMCE8B0112XGP,,,Android,4.3.62
2025-11-19T04:24:30.015Z,119.2,14.153575791009454,121.26244932028082,0.7,11.5,0.2,15.585205,0.0,0.8,0.0,1.9,0.2,1.3,-0.4,-0.6,-73.3,ConfirmLanding,AutoFly,VertLowLimitLanding,true,Already,13,5,Spark,true,false,Standby,Smart,false,true,false,None,true,MonitorError,false,false,false,false,false,false,false,false,false,false,0,YawFollow,-18.7,0.0,-72.1,false,false,false,false,false,false,false,,,,1024,1024,364,1024,82,11.386,0.0,0,0,3,false,3.766,3.816,3.804,0.05,0.053,0.0,0.0,0.0,14.15359954679567,121.26241599943363,14.885205,380.0,true,FixedHeight,false,false,false,false,,true,false,false,,40,,380.0,401,Android,4.3.62,Clinton Spark,0BMCE8B0112XGP,,,0C0AF8NB33038T,,,121.5,23.604368,11.5,1.9104973,2.0,2,0,Clinton Spark,0BMCE8B0112XGP,,,Android,4.3.62
2025-11-19T04:24:30.118Z,119.3,14.15357573277711,121.26244925682003,0.6,11.5,0.2,15.485206,0.0,0.8,0.0,1.9,0.2,1.3,-0.4,-0.5,-73.3,ConfirmLanding,AutoFly,VertLowLimitLanding,true,Already,13,5,Spark,true,false,Standby,Smart,false,true,false,None,true,MonitorError,false,false,false,false,false,false,false,false,false,false,0,YawFollow,-16.9,0.0,-72.0,false,false,false,false,false,false,false,,,,1024,1024,364,1024,82,11.386,0.0,0,0,3,false,3.766,3.816,3.804,0.05,0.053,0.0,0.0,0.0,14.15359954679567,121.26241599943363,14.885205,380.0,true,FixedHeight,false,false,false,false,,true,false,false,,40,,380.0,401,Android,4.3.62,Clinton Spark,0BMCE8B0112XGP,,,0C0AF8NB33038T,,,121.5,23.604368,11.5,1.9104973,2.0,2,0,Clinton Spark,0BMCE8B0112XGP,,,Android,4.3.62
2025-11-19T04:24:30.221Z,119.4,14.153575683406759,121.26244918984727,0.6,11.5,0.1,15.485206,0.0,0.8,0.0,1.9,0.2,1.3,-0.7,0.0,-73.4,ConfirmLanding,AutoFly,VertLowLimitLanding,true,Already,13,5,Spark,true,false,Standby,Smart,false,true,false,None,true,MonitorError,false,false,false,false,false,false,false,false,false,false,0,YawFollow,-15.2,0.0,-72.0,false,false,false,false,false,false,false,,,,1024,1024,364,1024,82,11.386,0.0,0,0,3,false,3.766,3.816,3.804,0.05,0.053,0.0,0.0,0.0,14.15359954679567,121.26241599943363,14.885205,380.0,true,FixedHeight,false,false,false,false,,true,false,false,,40,,380.0,401,Android,4.3.62,Clinton Spark,0BMCE8B0112XGP,,,0C0AF8NB33038T,,,121.5,23.604368,11.5,1.9104973,2.0,2,0,Clinton Spark,0BMCE8B0112XGP,,,Android,4.3.62
2025-11-19T04:24:30.323Z,119.5,14.153575655625504,121.2624491392063,0.6,11.5,0.1,15.485206,0.0,0.8,0.0,1.9,0.2,1.3,-0.5,0.1,-73.4,ConfirmLanding,AutoFly,VertLowLimitLanding,true,Already,13,5,Spark,true,false,Standby,Smart,false,true,false,None,true,MonitorError,false,false,false,false,false,false,false,false,false,false,0,YawFollow,-13.7,0.0,-72.0,false,false,false,false,false,false,false,,,,1024,1024,364,1024,82,11.386,0.0,0,0,3,false,3.766,3.816,3.804,0.05,0.053,0.0,0.0,0.0,14.15359954679567,121.26241599943363,14.885205,380.0,true,FixedHeight,false,false,false,false,,true,false,false,,40,,380.0,401,Android,4.3.62,Clinton Spark,0BMCE8B0112XGP,,,0C0AF8NB33038T,,,121.5,23.604368,11.5,1.9104973,2.0,2,0,Clinton Spark,0BMCE8B0112XGP,,,Android,4.3.62
2025-11-19T04:24:30.426Z,119.6,14.153575663291813,121.26244904948298,0.5,11.5,0.1,15.385205,0.0,0.8,0.0,1.9,0.2,1.3,-0.2,0.3,-73.4,ConfirmLanding,AutoFly,VertLowLimitLanding,true,Already,12,5,Spark,true,false,Standby,Smart,false,true,false,None,true,MonitorError,false,false,false,false,false,false,false,false,false,false,0,YawFollow,-12.4,0.0,-72.0,false,false,false,false,false,false,false,,,,1024,1024,364,1024,82,11.386,0.0,0,0,3,false,3.766,3.816,3.804,0.05,0.053,0.0,0.0,0.0,14.15359954679567,121.26241599943363,14.885205,380.0,true,FixedHeight,false,false,false,false,,true,false,false,,40,,380.0,401,Android,4.3.62,Clinton Spark,0BMCE8B0112XGP,,,0C0AF8NB33038T,,,121.5,23.604368,11.5,1.9104973,2.0,2,0,Clinton Spark,0BMCE8B0112XGP,,,Android,4.3.62
2025-11-19T04:24:30.528Z,119.7,14.153575684585753,121.26244895240436,0.5,11.5,0.1,15.385205,0.0,0.8,0.0,1.9,0.2,1.3,0.0,0.3,-73.3,ConfirmLanding,AutoFly,VertLowLimitLanding,true,Already,12,5,Spark,true,false,Standby,Smart,false,true,false,None,true,MonitorError,false,false,false,false,false,false,false,false,false,false,0,YawFollow,-11.2,0.0,-72.0,false,false,false,false,false,false,false,,,,1024,1024,364,1024,82,11.386,0.0,0,0,3,false,3.766,3.816,3.804,0.05,0.053,0.0,0.0,0.0,14.15359954679567,121.26241599943363,14.885205,380.0,true,FixedHeight,false,false,false,false,,true,false,false,,40,,380.0,401,Android,4.3.62,Clinton Spark,0BMCE8B0112XGP,,,0C0AF8NB33038T,,,121.5,23.604368,11.5,1.9104973,2.0,2,0,Clinton Spark,0BMCE8B0112XGP,,,Android,4.3.62
2025-11-19T04:24:30.528Z,119.8,14.15357572899912,121.26244883005717,0.5,11.5,0.1,15.385205,0.0,0.8,0.0,1.9,0.1,1.3,-0.3,0.4,-73.3,ConfirmLanding,AutoFly,VertLowLimitLanding,true,Already,12,5,Spark,true,false,Standby,Smart,false,true,false,None,true,MonitorError,false,false,false,false,false,false,false,false,false,false,0,YawFollow,-10.1,0.0,-72.1,false,false,false,false,false,false,false,,,,1024,1024,364,1024,82,11.392,0.0,0,0,3,false,3.766,3.816,3.804,0.05,0.053,0.0,0.0,0.0,14.15359954679567,121.26241599943363,14.885205,380.0,true,FixedHeight,false,false,false,false,,true,false,false,,40,,380.0,401,Android,4.3.62,Clinton Spark,0BMCE8B0112XGP,,,0C0AF8NB33038T,,,121.5,23.604368,11.5,1.9104973,2.0,2,0,Clinton Spark,0BMCE8B0112XGP,,,Android,4.3.62
2025-11-19T04:24:30.630Z,119.9,14.153575759814165,121.26244871748169,0.5,11.5,0.1,15.385205,0.0,0.8,0.0,1.9,0.1,1.3,-0.3,0.4,-73.3,ConfirmLanding,AutoFly,VertLowLimitLanding,true,Already,12,5,Spark,true,false,Standby,Smart,false,true,false,None,true,MonitorError,false,false,false,false,false,false,false,false,false,false,0,YawFollow,-9.1,0.0,-72.1,false,false,false,false,false,false,false,,,,1024,1024,364,1024,82,11.392,0.0,0,0,3,false,3.766,3.816,3.804,0.05,0.053,0.0,0.0,0.0,14.15359954679567,121.26241599943363,14.885205,380.0,true,FixedHeight,false,false,false,false,,true,false,false,,40,,380.0,401,Android,4.3.62,Clinton Spark,0BMCE8B0112XGP,,,0C0AF8NB33038T,,,121.5,23.604368,11.5,1.9104973,2.0,2,0,Clinton Spark,0BMCE8B0112XGP,,,Android,4.3.62
2025-11-19T04:24:30.835Z,120.0,14.153575760142298,121.26244862095747,0.5,11.5,0.1,15.385205,0.0,0.8,0.0,1.9,0.1,1.3,-0.1,0.4,-73.4,ConfirmLanding,AutoFly,VertLowLimitLanding,true,Already,11,4,Spark,true,false,Standby,Smart,false,true,false,None,true,MonitorError,false,false,false,false,false,false,false,false,false,false,0,YawFollow,-8.2,0.0,-72.1,false,false,false,false,false,false,false,,,,1024,1024,364,1024,82,11.392,0.0,0,0,3,false,3.766,3.816,3.804,0.05,0.053,0.0,0.0,0.0,14.15359954679567,121.26241599943363,14.885205,380.0,true,FixedHeight,false,false,false,false,,true,false,false,,40,,380.0,401,Android,4.3.62,Clinton Spark,0BMCE8B0112XGP,,,0C0AF8NB33038T,,,121.5,23.604368,11.5,1.9104973,2.0,2,0,Clinton Spark,0BMCE8B0112XGP,,,Android,4.3.62
2025-11-19T04:24:30.937Z,120.1,14.153575727820941,121.26244855440437,0.4,11.5,0.1,15.285205,0.0,0.8,0.0,1.9,0.2,1.3,-0.2,0.8,-73.4,ConfirmLanding,AutoFly,VertLowLimitLanding,true,Already,11,4,Spark,true,false,Standby,Smart,false,true,false,None,true,MonitorError,false,false,false,false,false,false,false,false,false,false,0,YawFollow,-7.4,0.0,-71.8,false,false,false,false,false,false,false,,,,1024,1024,364,1024,82,11.392,0.0,0,0,3,false,3.766,3.816,3.804,0.05,0.053,0.0,0.0,0.0,14.15359954679567,121.26241599943363,14.885205,380.0,true,FixedHeight,false,false,false,false,,true,false,false,,40,,380.0,401,Android,4.3.62,Clinton Spark,0BMCE8B0112XGP,,,0C0AF8NB33038T,,,121.5,23.604368,11.5,1.9104973,2.0,2,0,Clinton Spark,0BMCE8B0112XGP,,,Android,4.3.62
2025-11-19T04:24:31.038Z,120.2,14.153575677828117,121.2624485345584,0.4,11.5,0.1,15.285205,0.0,0.8,0.0,1.9,0.1,1.3,-1.8,1.2,-73.7,ConfirmLanding,AutoFly,VertLowLimitLanding,true,Already,10,4,Spark,true,false,Standby,Smart,false,true,false,None,true,MonitorError,false,false,false,false,false,false,false,false,false,false,0,YawFollow,-6.6,0.0,-71.7,false,false,false,false,false,false,false,,,,1024,1024,364,1024,82,11.392,0.0,0,0,3,false,3.766,3.816,3.804,0.05,0.053,0.0,0.0,0.0,14.15359954679567,121.26241599943363,14.885205,380.0,true,FixedHeight,false,false,false,false,,true,false,false,,40,,380.0,401,Android,4.3.62,Clinton Spark,0BMCE8B0112XGP,,,0C0AF8NB33038T,,,121.5,23.604368,11.5,1.9104973,2.0,2,0,Clinton Spark,0BMCE8B0112XGP,,,Android,4.3.62
2025-11-19T04:24:31.140Z,120.3,14.153575667818073,121.262448519638,0.4,11.5,0.0,15.285205,0.0,0.8,0.0,1.9,0.0,1.3,-1.6,1.3,-73.8,ConfirmLanding,AutoFly,VertLowLimitLanding,true,Already,10,4,Spark,true,false,Standby,Smart,false,true,false,None,true,MonitorError,false,false,false,false,false,false,false,false,false,false,0,YawFollow,-6.0,0.0,-72.3,false,false,false,false,false,false,false,,,,1024,1024,364,1024,82,11.392,0.0,0,0,3,false,3.766,3.816,3.804,0.05,0.053,0.0,0.0,0.0,14.15359954679567,121.26241599943363,14.885205,380.0,true,FixedHeight,false,false,false,false,,true,false,false,,40,,380.0,401,Android,4.3.62,Clinton Spark,0BMCE8B0112XGP,,,0C0AF8NB33038T,,,121.5,23.604368,11.5,1.9104973,2.0,2,0,Clinton Spark,0BMCE8B0112XGP,,,Android,4.3.62
2025-11-19T04:24:31.140Z,120.4,14.153575674059491,121.2624485506693,0.4,11.5,0.0,15.285205,0.0,0.8,0.0,1.9,0.0,1.3,-1.2,1.3,-73.5,ConfirmLanding,AutoFly,VertLowLimitLanding,true,Already,11,4,Spark,true,false,Standby,Smart,false,true,false,None,true,MonitorError,false,false,false,false,false,false,false,false,false,false,0,YawFollow,-5.3,0.0,-72.1,false,false,false,false,false,false,false,,,,1024,1024,364,1024,82,11.392,0.0,0,0,3,false,3.766,3.816,3.804,0.05,0.053,0.0,0.0,0.0,14.15359954679567,121.26241599943363,14.885205,380.0,true,FixedHeight,false,false,false,false,,true,false,false,,40,,380.0,401,Android,4.3.62,Clinton Spark,0BMCE8B0112XGP,,,0C0AF8NB33038T,,,121.5,23.604368,11.5,1.9104973,2.0,2,0,Clinton Spark,0BMCE8B0112XGP,,,Android,4.3.62
2025-11-19T04:24:31.245Z,120.5,14.153575701981199,121.26244856048962,0.4,11.5,0.0,15.285205,0.0,0.8,0.0,1.9,0.0,1.3,-0.9,1.2,-73.3,ConfirmLanding,AutoFly,VertLowLimitLanding,true,Already,11,4,Spark,true,false,Standby,Smart,false,true,false,None,true,MonitorError,false,false,false,false,false,false,false,false,false,false,0,YawFollow,-4.7,0.0,-72.1,false,false,false,false,false,false,false,,,,1024,1024,364,1024,82,11.392,0.0,0,0,3,false,3.766,3.816,3.804,0.05,0.053,0.0,0.0,0.0,14.15359954679567,121.26241599943363,14.885205,380.0,true,FixedHeight,false,false,false,false,,true,false,false,,40,,380.0,401,Android,4.3.62,Clinton Spark,0BMCE8B0112XGP,,,0C0AF8NB33038T,,,121.5,23.604368,11.5,1.9104973,2.0,2,0,Clinton Spark,0BMCE8B0112XGP,,,Android,4.3.62
2025-11-19T04:24:31.449Z,120.6,14.153575718678042,121.26244859563589,0.4,11.5,0.0,15.285205,0.0,0.8,0.0,1.9,0.0,1.3,-0.7,1.2,-73.3,ConfirmLanding,AutoFly,VertLowLimitLanding,true,Already,11,4,Spark,true,false,Standby,Smart,false,true,false,None,true,MonitorError,false,false,false,false,false,false,false,false,false,false,0,YawFollow,-4.0,0.0,-72.1,false,false,false,false,false,false,false,,,,1024,1024,364,1024,82,11.392,0.0,0,0,3,false,3.766,3.816,3.804,0.05,0.053,0.0,0.0,0.0,14.15359954679567,121.26241599943363,14.885205,380.0,true,FixedHeight,false,false,false,false,,true,false,false,,40,,380.0,401,Android,4.3.62,Clinton Spark,0BMCE8B0112XGP,,,0C0AF8NB33038T,,,121.5,23.604368,11.5,1.9104973,2.0,2,0,Clinton Spark,0BMCE8B0112XGP,,,Android,4.3.62
2025-11-19T04:24:31.551Z,120.7,14.153575738278809,121.26244860635957,0.4,11.5,0.0,15.285205,0.0,0.8,0.0,1.9,0.0,1.3,-0.4,1.2,-73.2,ConfirmLanding,AutoFly,VertLowLimitLanding,true,Already,11,4,Spark,true,false,Standby,Smart,false,true,false,None,true,MonitorError,false,false,false,false,false,false,false,false,false,false,0,YawFollow,-3.3,0.0,-72.2,false,false,false,false,false,false,false,,,,1024,1024,364,1024,82,11.392,0.0,0,0,3,false,3.766,3.816,3.804,0.05,0.053,0.0,0.0,0.0,14.15359954679567,121.26241599943363,14.885205,380.0,true,FixedHeight,false,false,false,false,,true,false,false,,40,,380.0,401,Android,4.3.62,Clinton Spark,0BMCE8B0112XGP,,,0C0AF8NB33038T,,,121.5,23.604368,11.5,1.9104973,2.0,2,0,Clinton Spark,0BMCE8B0112XGP,,,Android,4.3.62
2025-11-19T04:24:31.652Z,120.8,14.153575744087467,121.26244865773829,0.4,11.5,0.0,15.285205,0.0,0.8,0.0,1.9,0.0,1.3,-0.1,1.0,-73.2,ConfirmLanding,AutoFly,VertLowLimitLanding,true,Already,11,4,Spark,true,false,Standby,Smart,false,true,false,None,true,MonitorError,false,false,false,false,false,false,false,false,false,false,0,YawFollow,-2.7,0.0,-72.2,false,false,false,false,false,false,false,,,,1024,1024,364,1024,82,11.506,0.0,0,0,3,false,3.766,3.816,3.804,0.05,0.053,0.0,0.0,0.0,14.15359954679567,121.26241599943363,14.885205,380.0,true,FixedHeight,false,false,false,false,,true,false,false,,40,,380.0,401,Android,4.3.62,Clinton Spark,0BMCE8B0112XGP,,,0C0AF8NB33038T,,,121.5,23.604368,11.5,1.9104973,2.0,2,0,Clinton Spark,0BMCE8B0112XGP,,,Android,4.3.62
2025-11-19T04:24:31.652Z,120.9,14.153575754954481,121.26244869343898,0.4,11.5,0.0,15.285205,0.0,0.8,0.0,1.9,0.0,1.3,0.0,0.9,-73.2,ConfirmLanding,AutoFly,VertLowLimitLanding,true,Already,11,4,Spark,true,false,Standby,Smart,false,true,false,None,true,MonitorError,false,false,false,false,false,false,false,false,false,false,0,YawFollow,-2.0,0.0,-72.1,false,false,false,false,false,false,false,,,,1024,1024,364,1024,82,11.506,0.0,0,0,3,false,3.766,3.816,3.804,0.05,0.053,0.0,0.0,0.0,14.15359954679567,121.26241599943363,14.885205,380.0,true,FixedHeight,false,false,false,false,,true,false,false,,40,,380.0,401,Android,4.3.62,Clinton Spark,0BMCE8B0112XGP,,,0C0AF8NB33038T,,,121.5,23.604368,11.5,1.9104973,2.0,2,0,Clinton Spark,0BMCE8B0112XGP,,,Android,4.3.62
2025-11-19T04:24:31.652Z,121.0,14.153575749861524,121.26244874934352,0.4,11.5,0.0,15.285205,0.0,0.8,0.0,1.9,0.0,1.3,0.3,0.6,-73.2,ConfirmLanding,AutoFly,VertLowLimitLanding,true,Already,11,4,Spark,true,false,Standby,Smart,false,true,false,None,true,MonitorError,false,false,false,false,false,false,false,false,false,false,0,YawFollow,-1.3,0.0,-72.1,false,false,false,false,false,false,false,,,,1024,1024,364,1024,82,11.506,0.0,0,0,3,false,3.766,3.816,3.804,0.05,0.053,0.0,0.0,0.0,14.15359954679567,121.26241599943363,14.885205,380.0,true,FixedHeight,false,false,false,false,,true,false,false,,40,,380.0,401,Android,4.3.62,Clinton Spark,0BMCE8B0112XGP,,,0C0AF8NB33038T,,,121.5,23.604368,11.5,1.9104973,2.0,2,0,Clinton Spark,0BMCE8B0112XGP,,,Android,4.3.62
2025-11-19T04:24:31.754Z,121.1,14.153575752717813,121.26244877404001,0.4,11.5,0.0,15.285205,0.0,0.8,0.0,1.9,0.0,1.3,0.5,0.7,-73.2,ConfirmLanding,AutoFly,VertLowLimitLanding,true,Already,11,4,Spark,true,false,Standby,Smart,false,true,false,None,true,MonitorError,false,false,false,false,false,false,false,false,false,false,0,YawFollow,-0.7,0.0,-72.2,false,false,false,false,false,false,false,,,,1024,1024,364,1024,82,11.506,0.0,0,0,3,false,3.766,3.816,3.804,0.05,0.053,0.0,0.0,0.0,14.15359954679567,121.26241599943363,14.885205,380.0,true,FixedHeight,false,false,false,false,,true,false,false,,40,,380.0,401,Android,4.3.62,Clinton Spark,0BMCE8B0112XGP,,,0C0AF8NB33038T,,,121.5,23.604368,11.5,1.9104973,2.0,2,0,Clinton Spark,0BMCE8B0112XGP,,,Android,4.3.62
2025-11-19T04:24:31.754Z,121.2,14.153575763476537,121.26244883548196,0.4,11.5,0.0,15.285205,0.0,0.8,0.0,1.9,0.0,1.3,0.7,0.6,-73.2,ConfirmLanding,AutoFly,VertLowLimitLanding,true,Already,11,4,Spark,true,false,Standby,Smart,false,true,false,None,true,MonitorError,false,false,false,false,false,false,false,false,false,false,0,YawFollow,0.0,0.0,-72.2,false,false,false,false,false,false,false,,,,1024,1024,364,1024,82,11.506,0.0,0,0,3,false,3.766,3.816,3.804,0.05,0.053,0.0,0.0,0.0,14.15359954679567,121.26241599943363,14.885205,380.0,true,FixedHeight,false,false,false,false,,true,false,false,,40,,380.0,401,Android,4.3.62,Clinton Spark,0BMCE8B0112XGP,,,0C0AF8NB33038T,,,121.5,23.604368,11.5,1.9104973,2.0,2,0,Clinton Spark,0BMCE8B0112XGP,,,Android,4.3.62
2025-11-19T04:24:31.856Z,121.3,14.153575792112724,121.2624488818445,0.4,11.5,0.0,15.285205,0.0,0.8,0.0,1.9,0.0,1.3,0.6,0.4,-73.2,ConfirmLanding,AutoFly,VertLowLimitLanding,true,Already,11,4,Spark,true,false,Standby,Smart,false,true,false,None,true,MonitorError,false,false,false,false,false,false,false,false,false,false,0,YawFollow,0.0,0.0,-72.2,false,false,false,false,false,false,false,,,,1024,1024,364,1024,82,11.506,0.0,0,0,3,false,3.766,3.816,3.804,0.05,0.053,0.0,0.0,0.0,14.15359954679567,121.26241599943363,14.885205,380.0,true,FixedHeight,false,false,false,false,,true,false,false,,40,,380.0,401,Android,4.3.62,Clinton Spark,0BMCE8B0112XGP,,,0C0AF8NB33038T,,,121.5,23.604368,11.5,1.9104973,2.0,2,0,Clinton Spark,0BMCE8B0112XGP,,,Android,4.3.62
2025-11-19T04:24:31.959Z,121.4,14.153575811294573,121.26244893589363,0.4,11.5,0.0,15.285205,0.0,0.8,0.0,1.9,0.0,1.3,0.0,0.6,-73.1,ConfirmLanding,AutoFly,VertLowLimitLanding,true,Already,11,4,Spark,true,false,Standby,Smart,false,true,false,None,true,MonitorError,false,false,false,false,false,false,false,false,false,false,0,YawFollow,0.0,0.0,-72.2,false,false,false,false,false,false,false,,,,1024,1024,364,1024,82,11.506,0.0,0,0,3,false,3.766,3.816,3.804,0.05,0.053,0.0,0.0,0.0,14.15359954679567,121.26241599943363,14.885205,380.0,true,FixedHeight,false,false,false,false,,true,false,false,,40,,380.0,401,Android,4.3.62,Clinton Spark,0BMCE8B0112XGP,,,0C0AF8NB33038T,,,121.5,23.604368,11.5,1.9104973,2.0,2,0,Clinton Spark,0BMCE8B0112XGP,,,Android,4.3.62
2025-11-19T04:24:32.062Z,121.5,14.153575831665593,121.26244895687493,0.4,11.5,0.0,15.285205,0.0,0.8,0.0,1.9,0.0,1.3,-0.5,0.8,-73.1,ConfirmLanding,AutoFly,VertLowLimitLanding,true,Already,11,4,Spark,true,false,Standby,Smart,false,true,false,None,true,MonitorError,false,false,false,false,false,false,false,false,false,false,0,YawFollow,0.0,0.0,-72.3,false,false,false,false,false,false,false,,,,1024,1024,364,1024,82,11.506,0.0,0,0,3,false,3.766,3.816,3.804,0.05,0.053,0.0,0.0,0.0,14.15359954679567,121.26241599943363,14.885205,380.0,true,FixedHeight,false,false,false,false,,true,false,false,,40,,380.0,401,Android,4.3.62,Clinton Spark,0BMCE8B0112XGP,,,0C0AF8NB33038T,,,121.5,23.604368,11.5,1.9104973,2.0,2,0,Clinton Spark,0BMCE8B0112XGP,,,Android,4.3.62
